Frame,ObjectName,Position,RotationEuler,RotationQuat,RendererCenter,RendererSize,ColliderCenter,ColliderSize
1,Directional Light,"[0.000,3.000,0.000]","[50.000,330.000,0.000]","[0.408,-0.235,0.109,0.875]",[],[],[],[]
1,Canvas/Panel/Row - INFO,"[0.000,1440.000,0.000]","[0.000,0.000,0.000]","[0.000,0.000,0.000,1.000]",[],[],[],[]
1,Canvas/Panel/Row - Pedal/Text (TMP) - Title,"[0.000,1440.000,0.000]","[0.000,0.000,0.000]","[0.000,0.000,0.000,1.000]",[],[],[],[]
1,Level_Manager/FX_GRP,"[0.000,0.000,0.000]","[0.000,0.000,0.000]","[0.000,0.000,0.000,1.000]",[],[],[],[]
1,Canvas/Panel/Row - Sticky Throttle,"[0.000,1440.000,0.000]","[0.000,0.000,0.000]","[0.000,0.000,0.000,1.000]",[],[],[],[]
1,Canvas/Panel/Row - Pedal/Text (TMP) - Content,"[0.000,1440.000,0.000]","[0.000,0.000,0.000]","[0.000,0.000,0.000,1.000]",[],[],[],[]
1,Level_Manager/Audio_GRP,"[0.000,0.000,0.000]","[0.000,0.000,0.000]","[0.000,0.000,0.000,1.000]",[],[],[],[]
1,Canvas/Panel/Row - Raw Throttle,"[0.000,1440.000,0.000]","[0.000,0.000,0.000]","[0.000,0.000,0.000,1.000]",[],[],[],[]
1,Canvas/Panel/Row - Raw Throttle/Text (TMP) - Content,"[0.000,1440.000,0.000]","[0.000,0.000,0.000]","[0.000,0.000,0.000,1.000]",[],[],[],[]
1,Level_Manager/PostProcessing,"[0.000,0.000,0.000]","[0.000,0.000,0.000]","[0.000,0.000,0.000,1.000]",[],[],[],[]
1,Level_Manager/Lighting_GRP,"[0.000,0.000,0.000]","[0.000,0.000,0.000]","[0.000,0.000,0.000,1.000]",[],[],[],[]
1,Canvas/Panel/Row - Sticky Throttle/Text (TMP) - Title,"[0.000,1440.000,0.000]","[0.000,0.000,0.000]","[0.000,0.000,0.000,1.000]",[],[],[],[]
1,R22_Helicopter_V2/Graphics_Group,"[0.810,0.890,0.000]","[0.000,0.000,0.000]","[0.000,0.000,0.000,1.000]",[],[],[],[]
1,R22_Helicopter_V2/Audio Group,"[0.810,0.890,0.000]","[0.000,0.000,0.000]","[0.000,0.000,0.000,1.000]",[],[],[],[]
1,Canvas/Panel/Row - INFO/Text (TMP) - Content,"[0.000,1440.000,0.000]","[0.000,0.000,0.000]","[0.000,0.000,0.000,1.000]",[],[],[],[]
1,Level_Manager/Geo_GRP,"[0.000,0.000,0.000]","[0.000,0.000,0.000]","[0.000,0.000,0.000,1.000]",[],[],[],[]
1,Canvas,"[1720.000,720.000,0.000]","[0.000,0.000,0.000]","[0.000,0.000,0.000,1.000]",[],[],[],[]
1,Level_Manager,"[0.000,0.000,0.000]","[0.000,0.000,0.000]","[0.000,0.000,0.000,1.000]",[],[],[],[]
1,Canvas/Panel/Row - Cyclic/Text (TMP) - Content,"[0.000,1440.000,0.000]","[0.000,0.000,0.000]","[0.000,0.000,0.000,1.000]",[],[],[],[]
1,Canvas/Panel/Row - Cyclic,"[0.000,1440.000,0.000]","[0.000,0.000,0.000]","[0.000,0.000,0.000,1.000]",[],[],[],[]
1,Canvas/Panel/Row - Collective/Text (TMP) - Content,"[0.000,1440.000,0.000]","[0.000,0.000,0.000]","[0.000,0.000,0.000,1.000]",[],[],[],[]
1,HeliPad_001,"[1.550,0.000,-0.670]","[0.000,0.000,0.000]","[0.000,0.000,0.000,1.000]","[1.555,-0.012,-0.659]","[14.268,0.216,14.105]",[],[]
1,Canvas/Panel/Row - Cyclic/Text (TMP) - Title,"[0.000,1440.000,0.000]","[0.000,0.000,0.000]","[0.000,0.000,0.000,1.000]",[],[],[],[]
1,Canvas/Panel/Row - Sticky Collective/Text (TMP) - Content,"[0.000,1440.000,0.000]","[0.000,0.000,0.000]","[0.000,0.000,0.000,1.000]",[],[],[],[]
1,Canvas/Panel/Row - Pedal,"[0.000,1440.000,0.000]","[0.000,0.000,0.000]","[0.000,0.000,0.000,1.000]",[],[],[],[]
1,Main Camera,"[-9.661,14.895,-15.276]","[35.065,35.032,0.000]","[0.287,0.287,-0.091,0.909]",[],[],[],[]
1,Canvas/Panel/Row - Sticky Collective,"[0.000,1440.000,0.000]","[0.000,0.000,0.000]","[0.000,0.000,0.000,1.000]",[],[],[],[]
1,Canvas/Panel/Row - Sticky Collective/Text (TMP) - Title,"[0.000,1440.000,0.000]","[0.000,0.000,0.000]","[0.000,0.000,0.000,1.000]",[],[],[],[]
1,Plane,"[0.000,0.000,0.000]","[0.000,0.000,0.000]","[0.000,0.000,0.000,1.000]","[0.000,0.000,0.000]","[1000.000,0.000,1000.000]","[0.000,0.000,0.000]","[1000.000,0.000,1000.000]"
1,EventSystem,"[0.000,0.000,0.000]","[0.000,0.000,0.000]","[0.000,0.000,0.000,1.000]",[],[],[],[]
1,R22_Helicopter_V2/COG,"[0.810,1.668,-0.185]","[0.000,0.000,0.000]","[0.000,0.000,0.000,1.000]",[],[],[],[]
1,Canvas/Panel/Row - Raw Throttle/Text (TMP) - Title,"[0.000,1440.000,0.000]","[0.000,0.000,0.000]","[0.000,0.000,0.000,1.000]",[],[],[],[]
1,Canvas/Panel/Row - Sticky Throttle/Text (TMP) - Content,"[0.000,1440.000,0.000]","[0.000,0.000,0.000]","[0.000,0.000,0.000,1.000]",[],[],[],[]
1,R22_Helicopter_V2/Collider Group,"[0.810,0.890,0.000]","[0.000,0.000,0.000]","[0.000,0.000,0.000,1.000]",[],[],[],[]
1,Canvas/Panel/Row - INFO/Text (TMP) - Title,"[0.000,1440.000,0.000]","[0.000,0.000,0.000]","[0.000,0.000,0.000,1.000]",[],[],[],[]
1,Canvas/Panel,"[0.000,1440.000,0.000]","[0.000,0.000,0.000]","[0.000,0.000,0.000,1.000]",[],[],[],[]
1,Canvas/Panel/Row - Collective/Text (TMP) - Title,"[0.000,1440.000,0.000]","[0.000,0.000,0.000]","[0.000,0.000,0.000,1.000]",[],[],[],[]
1,Canvas/Panel/Row - Collective,"[0.000,1440.000,0.000]","[0.000,0.000,0.000]","[0.000,0.000,0.000,1.000]",[],[],[],[]
1,R22_Helicopter_V2/Rotors_Group/Back Rotor - Mast,"[0.743,2.062,-2.237]","[0.000,0.000,0.000]","[0.000,0.000,0.000,1.000]",[],[],[],[]
1,R22_Helicopter_V2/Rotors_Group/Main Rotor - Mast,"[0.809,3.024,-0.297]","[0.000,0.000,0.000]","[0.000,0.000,0.000,1.000]",[],[],[],[]
1,R22_Helicopter_V2/Graphics_Group/R22_Body_Gruop/R22_Body_RDoor_Geo/R22_Body_RDoorGlass_Geo,"[0.810,0.890,0.000]","[0.000,0.000,0.000]","[0.000,0.000,0.000,1.000]","[1.320,1.998,0.002]","[0.171,0.436,0.554]",[],[]
1,R22_Helicopter_V2/Graphics_Group/R22_Body_Gruop/R22_Body_RDoor_Geo,"[1.413,1.796,0.312]","[0.000,0.000,0.000]","[0.000,0.000,0.000,1.000]","[1.306,1.823,0.055]","[0.220,0.856,0.731]",[],[]
1,R22_Helicopter_V2/Graphics_Group/R22_Cockpit_Gruop/R22_Cockpit_Chairs_Geo,"[0.803,1.187,0.336]","[0.000,0.000,0.000]","[0.000,0.000,0.000,1.000]","[0.803,1.634,0.336]","[0.991,0.905,1.188]",[],[]
1,R22_Helicopter_V2/Graphics_Group/R22_Body_Gruop/R22_Body_Windshield_Geo,"[0.810,0.890,0.000]","[0.000,0.000,0.000]","[0.000,0.000,0.000,1.000]","[0.803,1.913,0.572]","[1.223,0.926,0.842]",[],[]
1,R22_Helicopter_V2/Graphics_Group/R22_Body_Gruop,"[0.803,1.976,-0.693]","[0.000,0.000,0.000]","[0.000,0.000,0.000,1.000]",[],[],[],[]
1,R22_Helicopter_V2/Graphics_Group/R22_Body_Gruop/R22_Body_Geo,"[0.810,0.890,0.000]","[0.000,0.000,0.000]","[0.000,0.000,0.000,1.000]","[0.803,1.976,-0.693]","[1.239,1.769,3.377]",[],[]
1,R22_Helicopter_V2/Graphics_Group/R22_Body_Gruop/R22_Body_LDoor_Geo/R22_Body_LDoorGlass_Geo,"[0.810,0.890,0.000]","[0.000,0.000,0.000]","[0.000,0.000,0.000,1.000]","[0.286,1.998,0.002]","[0.171,0.436,0.554]",[],[]
1,R22_Helicopter_V2/Graphics_Group/R22_Body_Gruop/R22_Body_LDoor_Geo,"[0.180,1.812,0.306]","[0.000,0.000,0.000]","[0.000,0.000,0.000,1.000]","[0.301,1.823,0.055]","[0.220,0.856,0.731]",[],[]
1,R22_Helicopter_V2/Graphics_Group/R22_Cockpit_Gruop/R22_Cockpit_LLever02_Geo,"[0.529,1.218,0.659]","[0.000,0.000,0.000]","[0.000,0.000,0.000,1.000]","[0.502,1.261,0.647]","[0.108,0.108,0.042]",[],[]
1,R22_Helicopter_V2/Graphics_Group/R22_Cockpit_Gruop/R22_Cockpit_LLever01_Geo,"[0.647,1.218,0.659]","[0.000,0.000,0.000]","[0.000,0.000,0.000,1.000]","[0.621,1.254,0.685]","[0.108,0.094,0.072]",[],[]
1,R22_Helicopter_V2/Graphics_Group/R22_Cockpit_Gruop/R22_Cockpit_Needle02_Geo,"[0.948,1.689,0.782]","[0.000,0.000,0.000]","[0.000,0.000,0.000,1.000]","[0.948,1.704,0.784]","[0.004,0.024,0.004]",[],[]
1,R22_Helicopter_V2/Graphics_Group/R22_Cockpit_Gruop/R22_Cockpit_Needle01_Geo,"[0.661,1.689,0.782]","[0.000,0.000,0.000]","[0.000,0.000,0.000,1.000]","[0.661,1.704,0.784]","[0.004,0.024,0.004]",[],[]
1,R22_Helicopter_V2/Graphics_Group/R22_Cockpit_Gruop/R22_Cockpit_Handle01_Geo,"[0.803,1.763,0.382]","[0.000,0.000,0.000]","[0.000,0.000,0.000,1.000]","[0.803,1.818,0.382]","[0.672,0.176,0.118]",[],[]
1,R22_Helicopter_V2/Graphics_Group/R22_Cockpit_Gruop,"[0.803,1.634,0.336]","[0.000,0.000,0.000]","[0.000,0.000,0.000,1.000]",[],[],[],[]
1,R22_Helicopter_V2/Graphics_Group/R22_Body_Gruop/R22_Body_LDoor_Geo/R22_Cockpit_LDoor_Geo,"[0.268,1.616,0.107]","[0.000,0.000,0.000]","[0.000,0.000,0.000,1.000]","[0.268,1.616,0.107]","[0.129,0.397,0.556]",[],[]
1,R22_Helicopter_V2/Graphics_Group/R22_Cockpit_Gruop/R22_Cockpit_Hanlde02_Geo,"[0.803,1.350,0.390]","[0.000,0.000,0.000]","[0.000,0.000,0.000,1.000]","[0.803,1.559,0.390]","[0.124,0.415,0.117]",[],[]
1,R22_Helicopter_V2/Graphics_Group/R22_Cockpit_Gruop/R22_Cockpit_RLever01_Geo,"[0.958,1.217,0.660]","[0.000,0.000,0.000]","[0.000,0.000,0.000,1.000]","[0.985,1.254,0.685]","[0.108,0.093,0.072]",[],[]
1,R22_Helicopter_V2/Graphics_Group/R22_Body_Gruop/R22_Body_RDoor_Geo/R22_Cockpit_RDoor_Geo,"[1.339,1.617,0.107]","[0.000,0.000,0.000]","[0.000,0.000,0.000,1.000]","[1.339,1.617,0.107]","[0.129,0.397,0.556]",[],[]
1,R22_Helicopter_V2,"[0.810,0.890,0.000]","[0.000,0.000,0.000]","[0.000,0.000,0.000,1.000]",[],[],[],[]
1,R22_Helicopter_V2/Graphics_Group/R22_Cockpit_Gruop/R22_Cockpit_RLever02_Geo,"[1.077,1.218,0.658]","[0.000,0.000,0.000]","[0.000,0.000,0.000,1.000]","[1.104,1.261,0.647]","[0.108,0.108,0.041]",[],[]
1,R22_Helicopter_V2/Graphics_Group/R22_Cockpit_Gruop/R22_Cockpit_Needle04_Geo,"[0.746,1.524,0.722]","[0.000,0.000,0.000]","[0.000,0.000,0.000,1.000]","[0.746,1.525,0.732]","[0.002,0.002,0.015]",[],[]
1,R22_Helicopter_V2/Graphics_Group/R22_Cockpit_Gruop/R22_Cockpit_Needle03_Geo,"[0.708,1.596,0.769]","[0.000,0.000,0.000]","[0.000,0.000,0.000,1.000]","[0.708,1.611,0.771]","[0.004,0.024,0.004]",[],[]
1,R22_Helicopter_V2/Graphics_Group/R22_Cockpit_Gruop/R22_Cockpit_PannelButtons_Geo,"[0.806,1.586,0.643]","[0.000,0.000,0.000]","[0.000,0.000,0.000,1.000]","[0.806,1.586,0.643]","[0.179,0.378,0.313]",[],[]
1,R22_Helicopter_V2/Graphics_Group/R22_Cockpit_Gruop/R22_Cockpit_Needle05_Geo,"[0.746,1.518,0.655]","[0.000,0.000,0.000]","[0.000,0.000,0.000,1.000]","[0.746,1.518,0.665]","[0.002,0.002,0.015]",[],[]
1,R22_Helicopter_V2/Rotors_Group/Main Rotor - Mast/R22_Mechanical_RBlade_Geo,"[0.933,3.162,-0.299]","[0.000,0.000,0.000]","[0.000,0.000,0.000,1.000]","[1.931,3.169,-0.258]","[2.030,0.289,0.275]",[],[]
1,R22_Helicopter_V2/Graphics_Group/R22_Mechanical_Group/R22_Mechanical_Motor_Geo,"[0.803,0.882,0.244]","[0.000,0.000,0.000]","[0.000,0.000,0.000,1.000]","[0.803,1.489,0.027]","[1.550,1.206,2.056]",[],[]
1,R22_Helicopter_V2/Rotors_Group/Back Rotor - Mast/R22_Mechanical_TailMast_Geo,"[0.743,2.062,-2.237]","[0.000,0.000,0.000]","[0.000,0.000,0.000,1.000]","[0.644,2.063,-2.237]","[0.240,0.089,0.070]",[],[]
1,R22_Helicopter_V2/Rotors_Group/Back Rotor - Mast/R22_Mechanical_RTailBlade_Geo,"[0.542,2.084,-2.236]","[0.000,0.000,0.000]","[0.000,0.000,0.000,1.000]","[0.542,2.200,-2.254]","[0.012,0.263,0.074]",[],[]
1,R22_Helicopter_V2/Rotors_Group/Main Rotor - Mast/R22_Mechanical_LBlade_Geo,"[0.684,3.162,-0.294]","[0.000,0.000,0.000]","[0.000,0.000,0.000,1.000]","[-0.314,3.167,-0.336]","[2.031,0.284,0.275]",[],[]
1,R22_Helicopter_V2/Graphics_Group/R22_Mechanical_Group,"[0.810,2.075,-0.618]","[0.000,0.000,0.000]","[0.000,0.000,0.000,1.000]",[],[],[],[]
1,R22_Helicopter_V2/Rotors_Group/Main Rotor - Mast/R22_Mechanical_Mast_Geo,"[0.809,3.024,-0.297]","[0.000,0.000,0.000]","[0.000,0.000,0.000,1.000]","[0.809,3.024,-0.297]","[0.372,0.481,0.235]",[],[]
1,R22_Helicopter_V2/Rotors_Group/Back Rotor - Mast/R22_Mechanical_LTailBlade_Geo,"[0.542,2.033,-2.236]","[0.000,0.000,0.000]","[0.000,0.000,0.000,1.000]","[0.542,1.924,-2.220]","[0.012,0.263,0.074]",[],[]
1,R22_Helicopter_V2/Graphics_Group/R_22_Blendshapes,"[0.810,0.890,0.000]","[0.000,0.000,0.000]","[0.000,0.000,0.000,1.000]",[],[],[],[]
1,R22_Helicopter_V2/Collider Group/Tail_COL,"[0.810,2.004,-1.535]","[3.681,0.000,0.000]","[0.032,0.000,0.000,0.999]",[],[],"[0.810,2.004,-1.535]","[0.300,0.390,1.697]"
1,R22_Helicopter_V2/Rotors_Group/Back Rotor - Mast/Tail Rotor - Double-side blur quad,"[0.537,2.062,-2.237]","[0.000,270.000,0.000]","[0.000,-0.707,0.000,0.707]","[0.537,2.062,-2.237]","[0.000,0.600,0.600]",[],[]
1,R22_Helicopter_V2/Collider Group/L_Skid_COL,"[0.068,0.923,0.000]","[0.000,0.000,0.000]","[0.000,0.000,0.000,1.000]",[],[],"[0.068,0.923,0.190]","[0.100,0.100,1.742]"
1,R22_Helicopter_V2/Collider Group/Fuselage_COL,"[0.810,1.675,0.000]","[0.000,0.000,0.000]","[0.000,0.000,0.000,1.000]",[],[],"[0.810,1.675,0.000]","[1.380,1.380,2.200]"
1,R22_Helicopter_V2/Engines/Main Engine,"[0.810,0.890,0.000]","[0.000,0.000,0.000]","[0.000,0.000,0.000,1.000]",[],[],[],[]
1,R22_Helicopter_V2/Collider Group/Mast_COL,"[0.810,2.620,-0.290]","[353.243,0.000,0.000]","[-0.059,0.000,0.000,0.998]",[],[],"[0.810,2.620,-0.290]","[0.700,0.928,0.727]"
1,R22_Helicopter_V2/Camera LookAt Target,"[0.810,2.470,0.000]","[0.000,0.000,0.000]","[0.000,0.000,0.000,1.000]",[],[],[],[]
1,R22_Helicopter_V2/Rotors_Group/Main Rotor - Mast/Main Rotor -  Blur Quad,"[0.809,3.153,-0.297]","[90.000,0.000,0.000]","[0.707,0.000,0.000,0.707]","[0.809,3.153,-0.297]","[4.300,0.000,4.300]",[],[]
1,R22_Helicopter_V2/Rotors_Group,"[0.810,0.890,0.000]","[0.000,0.000,0.000]","[0.000,0.000,0.000,1.000]",[],[],[],[]
1,R22_Helicopter_V2/Rotors_Group/Main Rotor - Mast/Main Rotor -  Double-side blur quad,"[0.809,3.153,-0.297]","[270.000,0.000,0.000]","[-0.707,0.000,0.000,0.707]","[0.809,3.153,-0.297]","[4.300,0.000,4.300]",[],[]
1,R22_Helicopter_V2/Rotors_Group/Back Rotor - Mast/Tail Rotor - Blur quad,"[0.537,2.062,-2.237]","[0.000,90.000,0.000]","[0.000,0.707,0.000,0.707]","[0.537,2.062,-2.237]","[0.000,0.600,0.600]",[],[]
1,R22_Helicopter_V2/Engines,"[0.810,0.890,0.000]","[0.000,0.000,0.000]","[0.000,0.000,0.000,1.000]",[],[],[],[]
1,R22_Helicopter_V2/Collider Group/R_Skid_COL,"[1.541,0.923,0.000]","[0.000,0.000,0.000]","[0.000,0.000,0.000,1.000]",[],[],"[1.541,0.923,0.190]","[0.100,0.100,1.742]"
2,Directional Light,"[0.000,3.000,0.000]","[50.000,330.000,0.000]","[0.408,-0.235,0.109,0.875]",[],[],[],[]
2,Canvas/Panel/Row - INFO,"[0.000,1440.000,0.000]","[0.000,0.000,0.000]","[0.000,0.000,0.000,1.000]",[],[],[],[]
2,Canvas/Panel/Row - Pedal/Text (TMP) - Title,"[0.000,1440.000,0.000]","[0.000,0.000,0.000]","[0.000,0.000,0.000,1.000]",[],[],[],[]
2,Level_Manager/FX_GRP,"[0.000,0.000,0.000]","[0.000,0.000,0.000]","[0.000,0.000,0.000,1.000]",[],[],[],[]
2,Canvas/Panel/Row - Sticky Throttle,"[0.000,1440.000,0.000]","[0.000,0.000,0.000]","[0.000,0.000,0.000,1.000]",[],[],[],[]
2,Canvas/Panel/Row - Pedal/Text (TMP) - Content,"[0.000,1440.000,0.000]","[0.000,0.000,0.000]","[0.000,0.000,0.000,1.000]",[],[],[],[]
2,Level_Manager/Audio_GRP,"[0.000,0.000,0.000]","[0.000,0.000,0.000]","[0.000,0.000,0.000,1.000]",[],[],[],[]
2,Canvas/Panel/Row - Raw Throttle,"[0.000,1440.000,0.000]","[0.000,0.000,0.000]","[0.000,0.000,0.000,1.000]",[],[],[],[]
2,Canvas/Panel/Row - Raw Throttle/Text (TMP) - Content,"[0.000,1440.000,0.000]","[0.000,0.000,0.000]","[0.000,0.000,0.000,1.000]",[],[],[],[]
2,Level_Manager/PostProcessing,"[0.000,0.000,0.000]","[0.000,0.000,0.000]","[0.000,0.000,0.000,1.000]",[],[],[],[]
2,Level_Manager/Lighting_GRP,"[0.000,0.000,0.000]","[0.000,0.000,0.000]","[0.000,0.000,0.000,1.000]",[],[],[],[]
2,Canvas/Panel/Row - Sticky Throttle/Text (TMP) - Title,"[0.000,1440.000,0.000]","[0.000,0.000,0.000]","[0.000,0.000,0.000,1.000]",[],[],[],[]
2,R22_Helicopter_V2/Graphics_Group,"[0.810,0.886,0.000]","[0.000,0.000,0.000]","[0.000,0.000,0.000,1.000]",[],[],[],[]
2,R22_Helicopter_V2/Audio Group,"[0.810,0.886,0.000]","[0.000,0.000,0.000]","[0.000,0.000,0.000,1.000]",[],[],[],[]
2,Canvas/Panel/Row - INFO/Text (TMP) - Content,"[0.000,1440.000,0.000]","[0.000,0.000,0.000]","[0.000,0.000,0.000,1.000]",[],[],[],[]
2,Level_Manager/Geo_GRP,"[0.000,0.000,0.000]","[0.000,0.000,0.000]","[0.000,0.000,0.000,1.000]",[],[],[],[]
2,Canvas,"[1720.000,720.000,0.000]","[0.000,0.000,0.000]","[0.000,0.000,0.000,1.000]",[],[],[],[]
2,Level_Manager,"[0.000,0.000,0.000]","[0.000,0.000,0.000]","[0.000,0.000,0.000,1.000]",[],[],[],[]
2,Canvas/Panel/Row - Cyclic/Text (TMP) - Content,"[0.000,1440.000,0.000]","[0.000,0.000,0.000]","[0.000,0.000,0.000,1.000]",[],[],[],[]
2,Canvas/Panel/Row - Cyclic,"[0.000,1440.000,0.000]","[0.000,0.000,0.000]","[0.000,0.000,0.000,1.000]",[],[],[],[]
2,Canvas/Panel/Row - Collective/Text (TMP) - Content,"[0.000,1440.000,0.000]","[0.000,0.000,0.000]","[0.000,0.000,0.000,1.000]",[],[],[],[]
2,HeliPad_001,"[1.550,0.000,-0.670]","[0.000,0.000,0.000]","[0.000,0.000,0.000,1.000]","[1.555,-0.012,-0.659]","[14.268,0.216,14.105]",[],[]
2,Canvas/Panel/Row - Cyclic/Text (TMP) - Title,"[0.000,1440.000,0.000]","[0.000,0.000,0.000]","[0.000,0.000,0.000,1.000]",[],[],[],[]
2,Canvas/Panel/Row - Sticky Collective/Text (TMP) - Content,"[0.000,1440.000,0.000]","[0.000,0.000,0.000]","[0.000,0.000,0.000,1.000]",[],[],[],[]
2,Canvas/Panel/Row - Pedal,"[0.000,1440.000,0.000]","[0.000,0.000,0.000]","[0.000,0.000,0.000,1.000]",[],[],[],[]
2,Main Camera,"[-9.577,14.824,-15.218]","[33.840,34.315,0.000]","[0.278,0.282,-0.086,0.914]",[],[],[],[]
2,Canvas/Panel/Row - Sticky Collective,"[0.000,1440.000,0.000]","[0.000,0.000,0.000]","[0.000,0.000,0.000,1.000]",[],[],[],[]
2,Canvas/Panel/Row - Sticky Collective/Text (TMP) - Title,"[0.000,1440.000,0.000]","[0.000,0.000,0.000]","[0.000,0.000,0.000,1.000]",[],[],[],[]
2,Plane,"[0.000,0.000,0.000]","[0.000,0.000,0.000]","[0.000,0.000,0.000,1.000]","[0.000,0.000,0.000]","[1000.000,0.000,1000.000]","[0.000,0.000,0.000]","[1000.000,0.000,1000.000]"
2,EventSystem,"[0.000,0.000,0.000]","[0.000,0.000,0.000]","[0.000,0.000,0.000,1.000]",[],[],[],[]
2,R22_Helicopter_V2/COG,"[0.810,1.664,-0.185]","[0.000,0.000,0.000]","[0.000,0.000,0.000,1.000]",[],[],[],[]
2,Canvas/Panel/Row - Raw Throttle/Text (TMP) - Title,"[0.000,1440.000,0.000]","[0.000,0.000,0.000]","[0.000,0.000,0.000,1.000]",[],[],[],[]
2,Canvas/Panel/Row - Sticky Throttle/Text (TMP) - Content,"[0.000,1440.000,0.000]","[0.000,0.000,0.000]","[0.000,0.000,0.000,1.000]",[],[],[],[]
2,R22_Helicopter_V2/Collider Group,"[0.810,0.886,0.000]","[0.000,0.000,0.000]","[0.000,0.000,0.000,1.000]",[],[],[],[]
2,Canvas/Panel/Row - INFO/Text (TMP) - Title,"[0.000,1440.000,0.000]","[0.000,0.000,0.000]","[0.000,0.000,0.000,1.000]",[],[],[],[]
2,Canvas/Panel,"[0.000,1440.000,0.000]","[0.000,0.000,0.000]","[0.000,0.000,0.000,1.000]",[],[],[],[]
2,Canvas/Panel/Row - Collective/Text (TMP) - Title,"[0.000,1440.000,0.000]","[0.000,0.000,0.000]","[0.000,0.000,0.000,1.000]",[],[],[],[]
2,Canvas/Panel/Row - Collective,"[0.000,1440.000,0.000]","[0.000,0.000,0.000]","[0.000,0.000,0.000,1.000]",[],[],[],[]
2,R22_Helicopter_V2/Rotors_Group/Back Rotor - Mast,"[0.743,2.058,-2.237]","[0.000,0.000,0.000]","[0.000,0.000,0.000,1.000]",[],[],[],[]
2,R22_Helicopter_V2/Rotors_Group/Main Rotor - Mast,"[0.809,3.021,-0.297]","[0.000,0.000,0.000]","[0.000,0.000,0.000,1.000]",[],[],[],[]
2,R22_Helicopter_V2/Graphics_Group/R22_Body_Gruop/R22_Body_RDoor_Geo/R22_Body_RDoorGlass_Geo,"[0.810,0.886,0.000]","[0.000,0.000,0.000]","[0.000,0.000,0.000,1.000]","[1.320,1.994,0.002]","[0.171,0.436,0.554]",[],[]
2,R22_Helicopter_V2/Graphics_Group/R22_Body_Gruop/R22_Body_RDoor_Geo,"[1.413,1.792,0.312]","[0.000,0.000,0.000]","[0.000,0.000,0.000,1.000]","[1.306,1.820,0.055]","[0.220,0.856,0.731]",[],[]
2,R22_Helicopter_V2/Graphics_Group/R22_Cockpit_Gruop/R22_Cockpit_Chairs_Geo,"[0.803,1.183,0.336]","[0.000,0.000,0.000]","[0.000,0.000,0.000,1.000]","[0.803,1.631,0.336]","[0.991,0.905,1.188]",[],[]
2,R22_Helicopter_V2/Graphics_Group/R22_Body_Gruop/R22_Body_Windshield_Geo,"[0.810,0.886,0.000]","[0.000,0.000,0.000]","[0.000,0.000,0.000,1.000]","[0.803,1.909,0.572]","[1.223,0.926,0.842]",[],[]
2,R22_Helicopter_V2/Graphics_Group/R22_Body_Gruop,"[0.803,1.972,-0.693]","[0.000,0.000,0.000]","[0.000,0.000,0.000,1.000]",[],[],[],[]
2,R22_Helicopter_V2/Graphics_Group/R22_Body_Gruop/R22_Body_Geo,"[0.810,0.886,0.000]","[0.000,0.000,0.000]","[0.000,0.000,0.000,1.000]","[0.803,1.972,-0.693]","[1.239,1.769,3.377]",[],[]
2,R22_Helicopter_V2/Graphics_Group/R22_Body_Gruop/R22_Body_LDoor_Geo/R22_Body_LDoorGlass_Geo,"[0.810,0.886,0.000]","[0.000,0.000,0.000]","[0.000,0.000,0.000,1.000]","[0.286,1.994,0.002]","[0.171,0.436,0.554]",[],[]
2,R22_Helicopter_V2/Graphics_Group/R22_Body_Gruop/R22_Body_LDoor_Geo,"[0.180,1.808,0.306]","[0.000,0.000,0.000]","[0.000,0.000,0.000,1.000]","[0.301,1.820,0.055]","[0.220,0.856,0.731]",[],[]
2,R22_Helicopter_V2/Graphics_Group/R22_Cockpit_Gruop/R22_Cockpit_LLever02_Geo,"[0.529,1.214,0.659]","[0.000,0.000,0.000]","[0.000,0.000,0.000,1.000]","[0.502,1.257,0.647]","[0.108,0.108,0.042]",[],[]
2,R22_Helicopter_V2/Graphics_Group/R22_Cockpit_Gruop/R22_Cockpit_LLever01_Geo,"[0.647,1.214,0.659]","[0.000,0.000,0.000]","[0.000,0.000,0.000,1.000]","[0.621,1.250,0.685]","[0.108,0.094,0.072]",[],[]
2,R22_Helicopter_V2/Graphics_Group/R22_Cockpit_Gruop/R22_Cockpit_Needle02_Geo,"[0.948,1.685,0.782]","[0.000,0.000,0.000]","[0.000,0.000,0.000,1.000]","[0.948,1.701,0.784]","[0.004,0.024,0.004]",[],[]
2,R22_Helicopter_V2/Graphics_Group/R22_Cockpit_Gruop/R22_Cockpit_Needle01_Geo,"[0.661,1.685,0.782]","[0.000,0.000,0.000]","[0.000,0.000,0.000,1.000]","[0.661,1.700,0.784]","[0.004,0.024,0.004]",[],[]
2,R22_Helicopter_V2/Graphics_Group/R22_Cockpit_Gruop/R22_Cockpit_Handle01_Geo,"[0.803,1.759,0.382]","[0.000,0.000,0.000]","[0.000,0.000,0.000,1.000]","[0.803,1.814,0.382]","[0.672,0.176,0.118]",[],[]
2,R22_Helicopter_V2/Graphics_Group/R22_Cockpit_Gruop,"[0.803,1.631,0.336]","[0.000,0.000,0.000]","[0.000,0.000,0.000,1.000]",[],[],[],[]
2,R22_Helicopter_V2/Graphics_Group/R22_Body_Gruop/R22_Body_LDoor_Geo/R22_Cockpit_LDoor_Geo,"[0.268,1.613,0.107]","[0.000,0.000,0.000]","[0.000,0.000,0.000,1.000]","[0.268,1.613,0.107]","[0.129,0.397,0.556]",[],[]
2,R22_Helicopter_V2/Graphics_Group/R22_Cockpit_Gruop/R22_Cockpit_Hanlde02_Geo,"[0.803,1.346,0.390]","[0.000,0.000,0.000]","[0.000,0.000,0.000,1.000]","[0.803,1.556,0.390]","[0.124,0.415,0.117]",[],[]
2,R22_Helicopter_V2/Graphics_Group/R22_Cockpit_Gruop/R22_Cockpit_RLever01_Geo,"[0.958,1.213,0.660]","[0.000,0.000,0.000]","[0.000,0.000,0.000,1.000]","[0.985,1.250,0.685]","[0.108,0.093,0.072]",[],[]
2,R22_Helicopter_V2/Graphics_Group/R22_Body_Gruop/R22_Body_RDoor_Geo/R22_Cockpit_RDoor_Geo,"[1.339,1.613,0.107]","[0.000,0.000,0.000]","[0.000,0.000,0.000,1.000]","[1.339,1.613,0.107]","[0.129,0.397,0.556]",[],[]
2,R22_Helicopter_V2,"[0.810,0.886,0.000]","[0.000,0.000,0.000]","[0.000,0.000,0.000,1.000]",[],[],[],[]
2,R22_Helicopter_V2/Graphics_Group/R22_Cockpit_Gruop/R22_Cockpit_RLever02_Geo,"[1.077,1.214,0.658]","[0.000,0.000,0.000]","[0.000,0.000,0.000,1.000]","[1.104,1.257,0.647]","[0.108,0.108,0.041]",[],[]
2,R22_Helicopter_V2/Graphics_Group/R22_Cockpit_Gruop/R22_Cockpit_Needle04_Geo,"[0.746,1.520,0.722]","[0.000,0.000,0.000]","[0.000,0.000,0.000,1.000]","[0.746,1.521,0.732]","[0.002,0.002,0.015]",[],[]
2,R22_Helicopter_V2/Graphics_Group/R22_Cockpit_Gruop/R22_Cockpit_Needle03_Geo,"[0.708,1.592,0.769]","[0.000,0.000,0.000]","[0.000,0.000,0.000,1.000]","[0.708,1.608,0.771]","[0.004,0.024,0.004]",[],[]
2,R22_Helicopter_V2/Graphics_Group/R22_Cockpit_Gruop/R22_Cockpit_PannelButtons_Geo,"[0.806,1.582,0.643]","[0.000,0.000,0.000]","[0.000,0.000,0.000,1.000]","[0.806,1.582,0.643]","[0.179,0.378,0.313]",[],[]
2,R22_Helicopter_V2/Graphics_Group/R22_Cockpit_Gruop/R22_Cockpit_Needle05_Geo,"[0.746,1.514,0.655]","[0.000,0.000,0.000]","[0.000,0.000,0.000,1.000]","[0.746,1.515,0.665]","[0.002,0.002,0.015]",[],[]
2,R22_Helicopter_V2/Rotors_Group/Main Rotor - Mast/R22_Mechanical_RBlade_Geo,"[0.933,3.158,-0.299]","[0.000,0.000,0.000]","[0.000,0.000,0.000,1.000]","[1.931,3.165,-0.258]","[2.030,0.289,0.275]",[],[]
2,R22_Helicopter_V2/Graphics_Group/R22_Mechanical_Group/R22_Mechanical_Motor_Geo,"[0.803,0.878,0.244]","[0.000,0.000,0.000]","[0.000,0.000,0.000,1.000]","[0.803,1.485,0.027]","[1.550,1.206,2.056]",[],[]
2,R22_Helicopter_V2/Rotors_Group/Back Rotor - Mast/R22_Mechanical_TailMast_Geo,"[0.743,2.058,-2.237]","[0.000,0.000,0.000]","[0.000,0.000,0.000,1.000]","[0.644,2.059,-2.237]","[0.240,0.089,0.070]",[],[]
2,R22_Helicopter_V2/Rotors_Group/Back Rotor - Mast/R22_Mechanical_RTailBlade_Geo,"[0.542,2.081,-2.236]","[0.000,0.000,0.000]","[0.000,0.000,0.000,1.000]","[0.542,2.196,-2.254]","[0.012,0.263,0.074]",[],[]
2,R22_Helicopter_V2/Rotors_Group/Main Rotor - Mast/R22_Mechanical_LBlade_Geo,"[0.684,3.158,-0.294]","[0.000,0.000,0.000]","[0.000,0.000,0.000,1.000]","[-0.314,3.163,-0.336]","[2.031,0.284,0.275]",[],[]
2,R22_Helicopter_V2/Graphics_Group/R22_Mechanical_Group,"[0.810,2.072,-0.618]","[0.000,0.000,0.000]","[0.000,0.000,0.000,1.000]",[],[],[],[]
2,R22_Helicopter_V2/Rotors_Group/Main Rotor - Mast/R22_Mechanical_Mast_Geo,"[0.809,3.021,-0.297]","[0.000,0.000,0.000]","[0.000,0.000,0.000,1.000]","[0.809,3.021,-0.297]","[0.372,0.481,0.235]",[],[]
2,R22_Helicopter_V2/Rotors_Group/Back Rotor - Mast/R22_Mechanical_LTailBlade_Geo,"[0.542,2.029,-2.236]","[0.000,0.000,0.000]","[0.000,0.000,0.000,1.000]","[0.542,1.920,-2.220]","[0.012,0.263,0.074]",[],[]
2,R22_Helicopter_V2/Graphics_Group/R_22_Blendshapes,"[0.810,0.886,0.000]","[0.000,0.000,0.000]","[0.000,0.000,0.000,1.000]",[],[],[],[]
2,R22_Helicopter_V2/Collider Group/Tail_COL,"[0.810,2.000,-1.535]","[3.681,0.000,0.000]","[0.032,0.000,0.000,0.999]",[],[],"[0.810,2.000,-1.535]","[0.300,0.390,1.697]"
2,R22_Helicopter_V2/Rotors_Group/Back Rotor - Mast/Tail Rotor - Double-side blur quad,"[0.537,2.058,-2.237]","[0.000,270.000,0.000]","[0.000,-0.707,0.000,0.707]","[0.537,2.058,-2.237]","[0.000,0.600,0.600]",[],[]
2,R22_Helicopter_V2/Collider Group/L_Skid_COL,"[0.068,0.919,0.000]","[0.000,0.000,0.000]","[0.000,0.000,0.000,1.000]",[],[],"[0.068,0.919,0.190]","[0.100,0.100,1.742]"
2,R22_Helicopter_V2/Collider Group/Fuselage_COL,"[0.810,1.671,0.000]","[0.000,0.000,0.000]","[0.000,0.000,0.000,1.000]",[],[],"[0.810,1.671,0.000]","[1.380,1.380,2.200]"
2,R22_Helicopter_V2/Engines/Main Engine,"[0.810,0.886,0.000]","[0.000,0.000,0.000]","[0.000,0.000,0.000,1.000]",[],[],[],[]
2,R22_Helicopter_V2/Collider Group/Mast_COL,"[0.810,2.616,-0.290]","[353.243,0.000,0.000]","[-0.059,0.000,0.000,0.998]",[],[],"[0.810,2.616,-0.290]","[0.700,0.928,0.727]"
2,R22_Helicopter_V2/Camera LookAt Target,"[0.810,2.466,0.000]","[0.000,0.000,0.000]","[0.000,0.000,0.000,1.000]",[],[],[],[]
2,R22_Helicopter_V2/Rotors_Group/Main Rotor - Mast/Main Rotor -  Blur Quad,"[0.809,3.150,-0.297]","[90.000,0.000,0.000]","[0.707,0.000,0.000,0.707]","[0.809,3.150,-0.297]","[4.300,0.000,4.300]",[],[]
2,R22_Helicopter_V2/Rotors_Group,"[0.810,0.886,0.000]","[0.000,0.000,0.000]","[0.000,0.000,0.000,1.000]",[],[],[],[]
2,R22_Helicopter_V2/Rotors_Group/Main Rotor - Mast/Main Rotor -  Double-side blur quad,"[0.809,3.150,-0.297]","[270.000,0.000,0.000]","[-0.707,0.000,0.000,0.707]","[0.809,3.150,-0.297]","[4.300,0.000,4.300]",[],[]
2,R22_Helicopter_V2/Rotors_Group/Back Rotor - Mast/Tail Rotor - Blur quad,"[0.537,2.058,-2.237]","[0.000,90.000,0.000]","[0.000,0.707,0.000,0.707]","[0.537,2.058,-2.237]","[0.000,0.600,0.600]",[],[]
2,R22_Helicopter_V2/Engines,"[0.810,0.886,0.000]","[0.000,0.000,0.000]","[0.000,0.000,0.000,1.000]",[],[],[],[]
2,R22_Helicopter_V2/Collider Group/R_Skid_COL,"[1.541,0.919,0.000]","[0.000,0.000,0.000]","[0.000,0.000,0.000,1.000]",[],[],"[1.541,0.919,0.190]","[0.100,0.100,1.742]"
3,Directional Light,"[0.000,3.000,0.000]","[50.000,330.000,0.000]","[0.408,-0.235,0.109,0.875]",[],[],[],[]
3,Canvas/Panel/Row - INFO,"[275.667,933.267,0.000]","[0.000,0.000,0.000]","[0.000,0.000,0.000,1.000]",[],[],[],[]
3,Canvas/Panel/Row - Pedal/Text (TMP) - Title,"[148.563,1073.333,0.000]","[0.000,0.000,0.000]","[0.000,0.000,0.000,1.000]",[],[],[],[]
3,Level_Manager/FX_GRP,"[0.000,0.000,0.000]","[0.000,0.000,0.000]","[0.000,0.000,0.000,1.000]",[],[],[],[]
3,Canvas/Panel/Row - Sticky Throttle,"[275.667,1340.000,0.000]","[0.000,0.000,0.000]","[0.000,0.000,0.000,1.000]",[],[],[],[]
3,Canvas/Panel/Row - Pedal/Text (TMP) - Content,"[424.230,1073.333,0.000]","[0.000,0.000,0.000]","[0.000,0.000,0.000,1.000]",[],[],[],[]
3,Level_Manager/Audio_GRP,"[0.000,0.000,0.000]","[0.000,0.000,0.000]","[0.000,0.000,0.000,1.000]",[],[],[],[]
3,Canvas/Panel/Row - Raw Throttle,"[275.667,1406.667,0.000]","[0.000,0.000,0.000]","[0.000,0.000,0.000,1.000]",[],[],[],[]
3,Canvas/Panel/Row - Raw Throttle/Text (TMP) - Content,"[424.230,1406.667,0.000]","[0.000,0.000,0.000]","[0.000,0.000,0.000,1.000]",[],[],[],[]
3,Level_Manager/PostProcessing,"[0.000,0.000,0.000]","[0.000,0.000,0.000]","[0.000,0.000,0.000,1.000]",[],[],[],[]
3,Level_Manager/Lighting_GRP,"[0.000,0.000,0.000]","[0.000,0.000,0.000]","[0.000,0.000,0.000,1.000]",[],[],[],[]
3,Canvas/Panel/Row - Sticky Throttle/Text (TMP) - Title,"[148.563,1340.000,0.000]","[0.000,0.000,0.000]","[0.000,0.000,0.000,1.000]",[],[],[],[]
3,R22_Helicopter_V2/Graphics_Group,"[0.810,0.017,0.000]","[0.000,0.000,0.000]","[0.000,0.000,0.000,1.000]",[],[],[],[]
3,R22_Helicopter_V2/Audio Group,"[0.810,0.017,0.000]","[0.000,0.000,0.000]","[0.000,0.000,0.000,1.000]",[],[],[],[]
3,Canvas/Panel/Row - INFO/Text (TMP) - Content,"[275.667,899.933,0.000]","[0.000,0.000,0.000]","[0.000,0.000,0.000,1.000]",[],[],[],[]
3,Level_Manager/Geo_GRP,"[0.000,0.000,0.000]","[0.000,0.000,0.000]","[0.000,0.000,0.000,1.000]",[],[],[],[]
3,Canvas,"[1720.000,720.000,0.000]","[0.000,0.000,0.000]","[0.000,0.000,0.000,1.000]",[],[],[],[]
3,Level_Manager,"[0.000,0.000,0.000]","[0.000,0.000,0.000]","[0.000,0.000,0.000,1.000]",[],[],[],[]
3,Canvas/Panel/Row - Cyclic/Text (TMP) - Content,"[424.230,1140.000,0.000]","[0.000,0.000,0.000]","[0.000,0.000,0.000,1.000]",[],[],[],[]
3,Canvas/Panel/Row - Cyclic,"[275.667,1140.000,0.000]","[0.000,0.000,0.000]","[0.000,0.000,0.000,1.000]",[],[],[],[]
3,Canvas/Panel/Row - Collective/Text (TMP) - Content,"[424.230,1273.333,0.000]","[0.000,0.000,0.000]","[0.000,0.000,0.000,1.000]",[],[],[],[]
3,HeliPad_001,"[1.550,0.000,-0.670]","[0.000,0.000,0.000]","[0.000,0.000,0.000,1.000]","[1.555,-0.012,-0.659]","[14.268,0.216,14.105]",[],[]
3,Canvas/Panel/Row - Cyclic/Text (TMP) - Title,"[148.563,1140.000,0.000]","[0.000,0.000,0.000]","[0.000,0.000,0.000,1.000]",[],[],[],[]
3,Canvas/Panel/Row - Sticky Collective/Text (TMP) - Content,"[424.230,1206.667,0.000]","[0.000,0.000,0.000]","[0.000,0.000,0.000,1.000]",[],[],[],[]
3,Canvas/Panel/Row - Pedal,"[275.667,1073.333,0.000]","[0.000,0.000,0.000]","[0.000,0.000,0.000,1.000]",[],[],[],[]
3,Main Camera,"[0.718,5.144,-8.064]","[23.741,0.652,0.000]","[0.206,0.006,-0.001,0.979]",[],[],[],[]
3,Canvas/Panel/Row - Sticky Collective,"[275.667,1206.667,0.000]","[0.000,0.000,0.000]","[0.000,0.000,0.000,1.000]",[],[],[],[]
3,Canvas/Panel/Row - Sticky Collective/Text (TMP) - Title,"[148.563,1206.667,0.000]","[0.000,0.000,0.000]","[0.000,0.000,0.000,1.000]",[],[],[],[]
3,Plane,"[0.000,0.000,0.000]","[0.000,0.000,0.000]","[0.000,0.000,0.000,1.000]","[0.000,0.000,0.000]","[1000.000,0.000,1000.000]","[0.000,0.000,0.000]","[1000.000,0.000,1000.000]"
3,EventSystem,"[0.000,0.000,0.000]","[0.000,0.000,0.000]","[0.000,0.000,0.000,1.000]",[],[],[],[]
3,R22_Helicopter_V2/COG,"[0.810,0.795,-0.185]","[0.000,0.000,0.000]","[0.000,0.000,0.000,1.000]",[],[],[],[]
3,Canvas/Panel/Row - Raw Throttle/Text (TMP) - Title,"[148.563,1406.667,0.000]","[0.000,0.000,0.000]","[0.000,0.000,0.000,1.000]",[],[],[],[]
3,Canvas/Panel/Row - Sticky Throttle/Text (TMP) - Content,"[424.230,1340.000,0.000]","[0.000,0.000,0.000]","[0.000,0.000,0.000,1.000]",[],[],[],[]
3,R22_Helicopter_V2/Collider Group,"[0.810,0.017,0.000]","[0.000,0.000,0.000]","[0.000,0.000,0.000,1.000]",[],[],[],[]
3,Canvas/Panel/Row - INFO/Text (TMP) - Title,"[275.667,1006.667,0.000]","[0.000,0.000,0.000]","[0.000,0.000,0.000,1.000]",[],[],[],[]
3,Canvas/Panel,"[0.000,1440.000,0.000]","[0.000,0.000,0.000]","[0.000,0.000,0.000,1.000]",[],[],[],[]
3,Canvas/Panel/Row - Collective/Text (TMP) - Title,"[148.563,1273.333,0.000]","[0.000,0.000,0.000]","[0.000,0.000,0.000,1.000]",[],[],[],[]
3,Canvas/Panel/Row - Collective,"[275.667,1273.333,0.000]","[0.000,0.000,0.000]","[0.000,0.000,0.000,1.000]",[],[],[],[]
3,R22_Helicopter_V2/Rotors_Group/Back Rotor - Mast,"[0.743,1.189,-2.237]","[0.000,0.000,0.000]","[0.000,0.000,0.000,1.000]",[],[],[],[]
3,R22_Helicopter_V2/Rotors_Group/Main Rotor - Mast,"[0.809,2.151,-0.297]","[0.000,0.000,0.000]","[0.000,0.000,0.000,1.000]",[],[],[],[]
3,R22_Helicopter_V2/Graphics_Group/R22_Body_Gruop/R22_Body_RDoor_Geo/R22_Body_RDoorGlass_Geo,"[0.810,0.017,0.000]","[0.000,0.000,0.000]","[0.000,0.000,0.000,1.000]","[1.320,1.125,0.002]","[0.171,0.436,0.554]",[],[]
3,R22_Helicopter_V2/Graphics_Group/R22_Body_Gruop/R22_Body_RDoor_Geo,"[1.413,0.923,0.312]","[0.000,0.000,0.000]","[0.000,0.000,0.000,1.000]","[1.306,0.950,0.055]","[0.220,0.856,0.731]",[],[]
3,R22_Helicopter_V2/Graphics_Group/R22_Cockpit_Gruop/R22_Cockpit_Chairs_Geo,"[0.803,0.314,0.336]","[0.000,0.000,0.000]","[0.000,0.000,0.000,1.000]","[0.803,0.761,0.336]","[0.991,0.905,1.188]",[],[]
3,R22_Helicopter_V2/Graphics_Group/R22_Body_Gruop/R22_Body_Windshield_Geo,"[0.810,0.017,0.000]","[0.000,0.000,0.000]","[0.000,0.000,0.000,1.000]","[0.803,1.040,0.572]","[1.223,0.926,0.842]",[],[]
3,R22_Helicopter_V2/Graphics_Group/R22_Body_Gruop,"[0.803,1.103,-0.693]","[0.000,0.000,0.000]","[0.000,0.000,0.000,1.000]",[],[],[],[]
3,R22_Helicopter_V2/Graphics_Group/R22_Body_Gruop/R22_Body_Geo,"[0.810,0.017,0.000]","[0.000,0.000,0.000]","[0.000,0.000,0.000,1.000]","[0.803,1.103,-0.693]","[1.239,1.769,3.377]",[],[]
3,R22_Helicopter_V2/Graphics_Group/R22_Body_Gruop/R22_Body_LDoor_Geo/R22_Body_LDoorGlass_Geo,"[0.810,0.017,0.000]","[0.000,0.000,0.000]","[0.000,0.000,0.000,1.000]","[0.286,1.125,0.002]","[0.171,0.436,0.554]",[],[]
3,R22_Helicopter_V2/Graphics_Group/R22_Body_Gruop/R22_Body_LDoor_Geo,"[0.180,0.939,0.306]","[0.000,0.000,0.000]","[0.000,0.000,0.000,1.000]","[0.301,0.950,0.055]","[0.220,0.856,0.731]",[],[]
3,R22_Helicopter_V2/Graphics_Group/R22_Cockpit_Gruop/R22_Cockpit_LLever02_Geo,"[0.529,0.345,0.659]","[0.000,0.000,0.000]","[0.000,0.000,0.000,1.000]","[0.502,0.388,0.647]","[0.108,0.108,0.042]",[],[]
3,R22_Helicopter_V2/Graphics_Group/R22_Cockpit_Gruop/R22_Cockpit_LLever01_Geo,"[0.647,0.345,0.659]","[0.000,0.000,0.000]","[0.000,0.000,0.000,1.000]","[0.621,0.381,0.685]","[0.108,0.094,0.072]",[],[]
3,R22_Helicopter_V2/Graphics_Group/R22_Cockpit_Gruop/R22_Cockpit_Needle02_Geo,"[0.948,0.816,0.782]","[0.000,0.000,0.000]","[0.000,0.000,0.000,1.000]","[0.948,0.831,0.784]","[0.004,0.024,0.004]",[],[]
3,R22_Helicopter_V2/Graphics_Group/R22_Cockpit_Gruop/R22_Cockpit_Needle01_Geo,"[0.661,0.816,0.782]","[0.000,0.000,0.000]","[0.000,0.000,0.000,1.000]","[0.661,0.831,0.784]","[0.004,0.024,0.004]",[],[]
3,R22_Helicopter_V2/Graphics_Group/R22_Cockpit_Gruop/R22_Cockpit_Handle01_Geo,"[0.803,0.890,0.382]","[0.000,0.000,0.000]","[0.000,0.000,0.000,1.000]","[0.803,0.945,0.382]","[0.672,0.176,0.118]",[],[]
3,R22_Helicopter_V2/Graphics_Group/R22_Cockpit_Gruop,"[0.803,0.761,0.336]","[0.000,0.000,0.000]","[0.000,0.000,0.000,1.000]",[],[],[],[]
3,R22_Helicopter_V2/Graphics_Group/R22_Body_Gruop/R22_Body_LDoor_Geo/R22_Cockpit_LDoor_Geo,"[0.268,0.743,0.107]","[0.000,0.000,0.000]","[0.000,0.000,0.000,1.000]","[0.268,0.743,0.107]","[0.129,0.397,0.556]",[],[]
3,R22_Helicopter_V2/Graphics_Group/R22_Cockpit_Gruop/R22_Cockpit_Hanlde02_Geo,"[0.803,0.477,0.390]","[0.000,0.000,0.000]","[0.000,0.000,0.000,1.000]","[0.803,0.686,0.390]","[0.124,0.415,0.117]",[],[]
3,R22_Helicopter_V2/Graphics_Group/R22_Cockpit_Gruop/R22_Cockpit_RLever01_Geo,"[0.958,0.344,0.660]","[0.000,0.000,0.000]","[0.000,0.000,0.000,1.000]","[0.985,0.381,0.685]","[0.108,0.093,0.072]",[],[]
3,R22_Helicopter_V2/Graphics_Group/R22_Body_Gruop/R22_Body_RDoor_Geo/R22_Cockpit_RDoor_Geo,"[1.339,0.744,0.107]","[0.000,0.000,0.000]","[0.000,0.000,0.000,1.000]","[1.339,0.744,0.107]","[0.129,0.397,0.556]",[],[]
3,R22_Helicopter_V2,"[0.810,0.017,0.000]","[0.000,0.000,0.000]","[0.000,0.000,0.000,1.000]",[],[],[],[]
3,R22_Helicopter_V2/Graphics_Group/R22_Cockpit_Gruop/R22_Cockpit_RLever02_Geo,"[1.077,0.345,0.658]","[0.000,0.000,0.000]","[0.000,0.000,0.000,1.000]","[1.104,0.388,0.647]","[0.108,0.108,0.041]",[],[]
3,R22_Helicopter_V2/Graphics_Group/R22_Cockpit_Gruop/R22_Cockpit_Needle04_Geo,"[0.746,0.651,0.722]","[0.000,0.000,0.000]","[0.000,0.000,0.000,1.000]","[0.746,0.652,0.732]","[0.002,0.002,0.015]",[],[]
3,R22_Helicopter_V2/Graphics_Group/R22_Cockpit_Gruop/R22_Cockpit_Needle03_Geo,"[0.708,0.723,0.769]","[0.000,0.000,0.000]","[0.000,0.000,0.000,1.000]","[0.708,0.738,0.771]","[0.004,0.024,0.004]",[],[]
3,R22_Helicopter_V2/Graphics_Group/R22_Cockpit_Gruop/R22_Cockpit_PannelButtons_Geo,"[0.806,0.713,0.643]","[0.000,0.000,0.000]","[0.000,0.000,0.000,1.000]","[0.806,0.713,0.643]","[0.179,0.378,0.313]",[],[]
3,R22_Helicopter_V2/Graphics_Group/R22_Cockpit_Gruop/R22_Cockpit_Needle05_Geo,"[0.746,0.645,0.655]","[0.000,0.000,0.000]","[0.000,0.000,0.000,1.000]","[0.746,0.645,0.665]","[0.002,0.002,0.015]",[],[]
3,R22_Helicopter_V2/Rotors_Group/Main Rotor - Mast/R22_Mechanical_RBlade_Geo,"[0.933,2.289,-0.299]","[0.000,0.000,0.000]","[0.000,0.000,0.000,1.000]","[1.931,2.296,-0.258]","[2.030,0.289,0.275]",[],[]
3,R22_Helicopter_V2/Graphics_Group/R22_Mechanical_Group/R22_Mechanical_Motor_Geo,"[0.803,0.009,0.244]","[0.000,0.000,0.000]","[0.000,0.000,0.000,1.000]","[0.803,0.616,0.027]","[1.550,1.206,2.056]",[],[]
3,R22_Helicopter_V2/Rotors_Group/Back Rotor - Mast/R22_Mechanical_TailMast_Geo,"[0.743,1.189,-2.237]","[0.000,0.000,0.000]","[0.000,0.000,0.000,1.000]","[0.644,1.190,-2.237]","[0.240,0.089,0.070]",[],[]
3,R22_Helicopter_V2/Rotors_Group/Back Rotor - Mast/R22_Mechanical_RTailBlade_Geo,"[0.542,1.211,-2.236]","[0.000,0.000,0.000]","[0.000,0.000,0.000,1.000]","[0.542,1.327,-2.254]","[0.012,0.263,0.074]",[],[]
3,R22_Helicopter_V2/Rotors_Group/Main Rotor - Mast/R22_Mechanical_LBlade_Geo,"[0.684,2.289,-0.294]","[0.000,0.000,0.000]","[0.000,0.000,0.000,1.000]","[-0.314,2.294,-0.336]","[2.031,0.284,0.275]",[],[]
3,R22_Helicopter_V2/Graphics_Group/R22_Mechanical_Group,"[0.810,1.202,-0.618]","[0.000,0.000,0.000]","[0.000,0.000,0.000,1.000]",[],[],[],[]
3,R22_Helicopter_V2/Rotors_Group/Main Rotor - Mast/R22_Mechanical_Mast_Geo,"[0.809,2.151,-0.297]","[0.000,0.000,0.000]","[0.000,0.000,0.000,1.000]","[0.809,2.151,-0.297]","[0.372,0.481,0.235]",[],[]
3,R22_Helicopter_V2/Rotors_Group/Back Rotor - Mast/R22_Mechanical_LTailBlade_Geo,"[0.542,1.160,-2.236]","[0.000,0.000,0.000]","[0.000,0.000,0.000,1.000]","[0.542,1.051,-2.220]","[0.012,0.263,0.074]",[],[]
3,R22_Helicopter_V2/Graphics_Group/R_22_Blendshapes,"[0.810,0.017,0.000]","[0.000,0.000,0.000]","[0.000,0.000,0.000,1.000]",[],[],[],[]
3,R22_Helicopter_V2/Collider Group/Tail_COL,"[0.810,1.131,-1.535]","[3.681,0.000,0.000]","[0.032,0.000,0.000,0.999]",[],[],"[0.810,1.131,-1.535]","[0.300,0.390,1.697]"
3,R22_Helicopter_V2/Rotors_Group/Back Rotor - Mast/Tail Rotor - Double-side blur quad,"[0.537,1.189,-2.237]","[0.000,270.000,0.000]","[0.000,-0.707,0.000,0.707]","[0.537,1.189,-2.237]","[0.000,0.600,0.600]",[],[]
3,R22_Helicopter_V2/Collider Group/L_Skid_COL,"[0.068,0.050,0.000]","[0.000,0.000,0.000]","[0.000,0.000,0.000,1.000]",[],[],"[0.068,0.050,0.190]","[0.100,0.100,1.742]"
3,R22_Helicopter_V2/Collider Group/Fuselage_COL,"[0.810,0.802,0.000]","[0.000,0.000,0.000]","[0.000,0.000,0.000,1.000]",[],[],"[0.810,0.802,0.000]","[1.380,1.380,2.200]"
3,R22_Helicopter_V2/Engines/Main Engine,"[0.810,0.017,0.000]","[0.000,0.000,0.000]","[0.000,0.000,0.000,1.000]",[],[],[],[]
3,R22_Helicopter_V2/Collider Group/Mast_COL,"[0.810,1.747,-0.290]","[353.243,0.000,0.000]","[-0.059,0.000,0.000,0.998]",[],[],"[0.810,1.747,-0.290]","[0.700,0.928,0.727]"
3,R22_Helicopter_V2/Camera LookAt Target,"[0.810,1.597,0.000]","[0.000,0.000,0.000]","[0.000,0.000,0.000,1.000]",[],[],[],[]
3,R22_Helicopter_V2/Rotors_Group/Main Rotor - Mast/Main Rotor -  Blur Quad,"[0.809,2.280,-0.297]","[90.000,0.000,0.000]","[0.707,0.000,0.000,0.707]","[0.809,2.280,-0.297]","[4.300,0.000,4.300]",[],[]
3,R22_Helicopter_V2/Rotors_Group,"[0.810,0.017,0.000]","[0.000,0.000,0.000]","[0.000,0.000,0.000,1.000]",[],[],[],[]
3,R22_Helicopter_V2/Rotors_Group/Main Rotor - Mast/Main Rotor -  Double-side blur quad,"[0.809,2.280,-0.297]","[270.000,0.000,0.000]","[-0.707,0.000,0.000,0.707]","[0.809,2.280,-0.297]","[4.300,0.000,4.300]",[],[]
3,R22_Helicopter_V2/Rotors_Group/Back Rotor - Mast/Tail Rotor - Blur quad,"[0.537,1.189,-2.237]","[0.000,90.000,0.000]","[0.000,0.707,0.000,0.707]","[0.537,1.189,-2.237]","[0.000,0.600,0.600]",[],[]
3,R22_Helicopter_V2/Engines,"[0.810,0.017,0.000]","[0.000,0.000,0.000]","[0.000,0.000,0.000,1.000]",[],[],[],[]
3,R22_Helicopter_V2/Collider Group/R_Skid_COL,"[1.541,0.050,0.000]","[0.000,0.000,0.000]","[0.000,0.000,0.000,1.000]",[],[],"[1.541,0.050,0.190]","[0.100,0.100,1.742]"
4,Directional Light,"[0.000,3.000,0.000]","[50.000,330.000,0.000]","[0.408,-0.235,0.109,0.875]",[],[],[],[]
4,Canvas/Panel/Row - INFO,"[275.667,933.267,0.000]","[0.000,0.000,0.000]","[0.000,0.000,0.000,1.000]",[],[],[],[]
4,Canvas/Panel/Row - Pedal/Text (TMP) - Title,"[148.563,1073.333,0.000]","[0.000,0.000,0.000]","[0.000,0.000,0.000,1.000]",[],[],[],[]
4,Level_Manager/FX_GRP,"[0.000,0.000,0.000]","[0.000,0.000,0.000]","[0.000,0.000,0.000,1.000]",[],[],[],[]
4,Canvas/Panel/Row - Sticky Throttle,"[275.667,1340.000,0.000]","[0.000,0.000,0.000]","[0.000,0.000,0.000,1.000]",[],[],[],[]
4,Canvas/Panel/Row - Pedal/Text (TMP) - Content,"[424.230,1073.333,0.000]","[0.000,0.000,0.000]","[0.000,0.000,0.000,1.000]",[],[],[],[]
4,Level_Manager/Audio_GRP,"[0.000,0.000,0.000]","[0.000,0.000,0.000]","[0.000,0.000,0.000,1.000]",[],[],[],[]
4,Canvas/Panel/Row - Raw Throttle,"[275.667,1406.667,0.000]","[0.000,0.000,0.000]","[0.000,0.000,0.000,1.000]",[],[],[],[]
4,Canvas/Panel/Row - Raw Throttle/Text (TMP) - Content,"[424.230,1406.667,0.000]","[0.000,0.000,0.000]","[0.000,0.000,0.000,1.000]",[],[],[],[]
4,Level_Manager/PostProcessing,"[0.000,0.000,0.000]","[0.000,0.000,0.000]","[0.000,0.000,0.000,1.000]",[],[],[],[]
4,Level_Manager/Lighting_GRP,"[0.000,0.000,0.000]","[0.000,0.000,0.000]","[0.000,0.000,0.000,1.000]",[],[],[],[]
4,Canvas/Panel/Row - Sticky Throttle/Text (TMP) - Title,"[148.563,1340.000,0.000]","[0.000,0.000,0.000]","[0.000,0.000,0.000,1.000]",[],[],[],[]
4,R22_Helicopter_V2/Graphics_Group,"[0.810,0.017,0.000]","[0.000,0.000,0.000]","[0.000,0.000,0.000,1.000]",[],[],[],[]
4,R22_Helicopter_V2/Audio Group,"[0.810,0.017,0.000]","[0.000,0.000,0.000]","[0.000,0.000,0.000,1.000]",[],[],[],[]
4,Canvas/Panel/Row - INFO/Text (TMP) - Content,"[275.667,899.933,0.000]","[0.000,0.000,0.000]","[0.000,0.000,0.000,1.000]",[],[],[],[]
4,Level_Manager/Geo_GRP,"[0.000,0.000,0.000]","[0.000,0.000,0.000]","[0.000,0.000,0.000,1.000]",[],[],[],[]
4,Canvas,"[1720.000,720.000,0.000]","[0.000,0.000,0.000]","[0.000,0.000,0.000,1.000]",[],[],[],[]
4,Level_Manager,"[0.000,0.000,0.000]","[0.000,0.000,0.000]","[0.000,0.000,0.000,1.000]",[],[],[],[]
4,Canvas/Panel/Row - Cyclic/Text (TMP) - Content,"[424.230,1140.000,0.000]","[0.000,0.000,0.000]","[0.000,0.000,0.000,1.000]",[],[],[],[]
4,Canvas/Panel/Row - Cyclic,"[275.667,1140.000,0.000]","[0.000,0.000,0.000]","[0.000,0.000,0.000,1.000]",[],[],[],[]
4,Canvas/Panel/Row - Collective/Text (TMP) - Content,"[424.230,1273.333,0.000]","[0.000,0.000,0.000]","[0.000,0.000,0.000,1.000]",[],[],[],[]
4,HeliPad_001,"[1.550,0.000,-0.670]","[0.000,0.000,0.000]","[0.000,0.000,0.000,1.000]","[1.555,-0.012,-0.659]","[14.268,0.216,14.105]",[],[]
4,Canvas/Panel/Row - Cyclic/Text (TMP) - Title,"[148.563,1140.000,0.000]","[0.000,0.000,0.000]","[0.000,0.000,0.000,1.000]",[],[],[],[]
4,Canvas/Panel/Row - Sticky Collective/Text (TMP) - Content,"[424.230,1206.667,0.000]","[0.000,0.000,0.000]","[0.000,0.000,0.000,1.000]",[],[],[],[]
4,Canvas/Panel/Row - Pedal,"[275.667,1073.333,0.000]","[0.000,0.000,0.000]","[0.000,0.000,0.000,1.000]",[],[],[],[]
4,Main Camera,"[0.810,5.017,-8.000]","[23.148,0.002,0.000]","[0.201,0.000,0.000,0.980]",[],[],[],[]
4,Canvas/Panel/Row - Sticky Collective,"[275.667,1206.667,0.000]","[0.000,0.000,0.000]","[0.000,0.000,0.000,1.000]",[],[],[],[]
4,Canvas/Panel/Row - Sticky Collective/Text (TMP) - Title,"[148.563,1206.667,0.000]","[0.000,0.000,0.000]","[0.000,0.000,0.000,1.000]",[],[],[],[]
4,Plane,"[0.000,0.000,0.000]","[0.000,0.000,0.000]","[0.000,0.000,0.000,1.000]","[0.000,0.000,0.000]","[1000.000,0.000,1000.000]","[0.000,0.000,0.000]","[1000.000,0.000,1000.000]"
4,EventSystem,"[0.000,0.000,0.000]","[0.000,0.000,0.000]","[0.000,0.000,0.000,1.000]",[],[],[],[]
4,R22_Helicopter_V2/COG,"[0.810,0.795,-0.185]","[0.000,0.000,0.000]","[0.000,0.000,0.000,1.000]",[],[],[],[]
4,Canvas/Panel/Row - Raw Throttle/Text (TMP) - Title,"[148.563,1406.667,0.000]","[0.000,0.000,0.000]","[0.000,0.000,0.000,1.000]",[],[],[],[]
4,Canvas/Panel/Row - Sticky Throttle/Text (TMP) - Content,"[424.230,1340.000,0.000]","[0.000,0.000,0.000]","[0.000,0.000,0.000,1.000]",[],[],[],[]
4,R22_Helicopter_V2/Collider Group,"[0.810,0.017,0.000]","[0.000,0.000,0.000]","[0.000,0.000,0.000,1.000]",[],[],[],[]
4,Canvas/Panel/Row - INFO/Text (TMP) - Title,"[275.667,1006.667,0.000]","[0.000,0.000,0.000]","[0.000,0.000,0.000,1.000]",[],[],[],[]
4,Canvas/Panel,"[0.000,1440.000,0.000]","[0.000,0.000,0.000]","[0.000,0.000,0.000,1.000]",[],[],[],[]
4,Canvas/Panel/Row - Collective/Text (TMP) - Title,"[148.563,1273.333,0.000]","[0.000,0.000,0.000]","[0.000,0.000,0.000,1.000]",[],[],[],[]
4,Canvas/Panel/Row - Collective,"[275.667,1273.333,0.000]","[0.000,0.000,0.000]","[0.000,0.000,0.000,1.000]",[],[],[],[]
4,R22_Helicopter_V2/Rotors_Group/Back Rotor - Mast,"[0.743,1.189,-2.237]","[0.000,0.000,0.000]","[0.000,0.000,0.000,1.000]",[],[],[],[]
4,R22_Helicopter_V2/Rotors_Group/Main Rotor - Mast,"[0.809,2.151,-0.297]","[0.000,0.000,0.000]","[0.000,0.000,0.000,1.000]",[],[],[],[]
4,R22_Helicopter_V2/Graphics_Group/R22_Body_Gruop/R22_Body_RDoor_Geo/R22_Body_RDoorGlass_Geo,"[0.810,0.017,0.000]","[0.000,0.000,0.000]","[0.000,0.000,0.000,1.000]","[1.320,1.125,0.002]","[0.171,0.436,0.554]",[],[]
4,R22_Helicopter_V2/Graphics_Group/R22_Body_Gruop/R22_Body_RDoor_Geo,"[1.413,0.923,0.312]","[0.000,0.000,0.000]","[0.000,0.000,0.000,1.000]","[1.306,0.950,0.055]","[0.220,0.856,0.731]",[],[]
4,R22_Helicopter_V2/Graphics_Group/R22_Cockpit_Gruop/R22_Cockpit_Chairs_Geo,"[0.803,0.314,0.336]","[0.000,0.000,0.000]","[0.000,0.000,0.000,1.000]","[0.803,0.761,0.336]","[0.991,0.905,1.188]",[],[]
4,R22_Helicopter_V2/Graphics_Group/R22_Body_Gruop/R22_Body_Windshield_Geo,"[0.810,0.017,0.000]","[0.000,0.000,0.000]","[0.000,0.000,0.000,1.000]","[0.803,1.040,0.572]","[1.223,0.926,0.842]",[],[]
4,R22_Helicopter_V2/Graphics_Group/R22_Body_Gruop,"[0.803,1.103,-0.693]","[0.000,0.000,0.000]","[0.000,0.000,0.000,1.000]",[],[],[],[]
4,R22_Helicopter_V2/Graphics_Group/R22_Body_Gruop/R22_Body_Geo,"[0.810,0.017,0.000]","[0.000,0.000,0.000]","[0.000,0.000,0.000,1.000]","[0.803,1.103,-0.693]","[1.239,1.769,3.377]",[],[]
4,R22_Helicopter_V2/Graphics_Group/R22_Body_Gruop/R22_Body_LDoor_Geo/R22_Body_LDoorGlass_Geo,"[0.810,0.017,0.000]","[0.000,0.000,0.000]","[0.000,0.000,0.000,1.000]","[0.286,1.125,0.002]","[0.171,0.436,0.554]",[],[]
4,R22_Helicopter_V2/Graphics_Group/R22_Body_Gruop/R22_Body_LDoor_Geo,"[0.180,0.939,0.306]","[0.000,0.000,0.000]","[0.000,0.000,0.000,1.000]","[0.301,0.950,0.055]","[0.220,0.856,0.731]",[],[]
4,R22_Helicopter_V2/Graphics_Group/R22_Cockpit_Gruop/R22_Cockpit_LLever02_Geo,"[0.529,0.345,0.659]","[0.000,0.000,0.000]","[0.000,0.000,0.000,1.000]","[0.502,0.388,0.647]","[0.108,0.108,0.042]",[],[]
4,R22_Helicopter_V2/Graphics_Group/R22_Cockpit_Gruop/R22_Cockpit_LLever01_Geo,"[0.647,0.345,0.659]","[0.000,0.000,0.000]","[0.000,0.000,0.000,1.000]","[0.621,0.381,0.685]","[0.108,0.094,0.072]",[],[]
4,R22_Helicopter_V2/Graphics_Group/R22_Cockpit_Gruop/R22_Cockpit_Needle02_Geo,"[0.948,0.816,0.782]","[0.000,0.000,0.000]","[0.000,0.000,0.000,1.000]","[0.948,0.831,0.784]","[0.004,0.024,0.004]",[],[]
4,R22_Helicopter_V2/Graphics_Group/R22_Cockpit_Gruop/R22_Cockpit_Needle01_Geo,"[0.661,0.816,0.782]","[0.000,0.000,0.000]","[0.000,0.000,0.000,1.000]","[0.661,0.831,0.784]","[0.004,0.024,0.004]",[],[]
4,R22_Helicopter_V2/Graphics_Group/R22_Cockpit_Gruop/R22_Cockpit_Handle01_Geo,"[0.803,0.890,0.382]","[0.000,0.000,0.000]","[0.000,0.000,0.000,1.000]","[0.803,0.945,0.382]","[0.672,0.176,0.118]",[],[]
4,R22_Helicopter_V2/Graphics_Group/R22_Cockpit_Gruop,"[0.803,0.761,0.336]","[0.000,0.000,0.000]","[0.000,0.000,0.000,1.000]",[],[],[],[]
4,R22_Helicopter_V2/Graphics_Group/R22_Body_Gruop/R22_Body_LDoor_Geo/R22_Cockpit_LDoor_Geo,"[0.268,0.743,0.107]","[0.000,0.000,0.000]","[0.000,0.000,0.000,1.000]","[0.268,0.743,0.107]","[0.129,0.397,0.556]",[],[]
4,R22_Helicopter_V2/Graphics_Group/R22_Cockpit_Gruop/R22_Cockpit_Hanlde02_Geo,"[0.803,0.477,0.390]","[0.000,0.000,0.000]","[0.000,0.000,0.000,1.000]","[0.803,0.686,0.390]","[0.124,0.415,0.117]",[],[]
4,R22_Helicopter_V2/Graphics_Group/R22_Cockpit_Gruop/R22_Cockpit_RLever01_Geo,"[0.958,0.344,0.660]","[0.000,0.000,0.000]","[0.000,0.000,0.000,1.000]","[0.985,0.381,0.685]","[0.108,0.093,0.072]",[],[]
4,R22_Helicopter_V2/Graphics_Group/R22_Body_Gruop/R22_Body_RDoor_Geo/R22_Cockpit_RDoor_Geo,"[1.339,0.744,0.107]","[0.000,0.000,0.000]","[0.000,0.000,0.000,1.000]","[1.339,0.744,0.107]","[0.129,0.397,0.556]",[],[]
4,R22_Helicopter_V2,"[0.810,0.017,0.000]","[0.000,0.000,0.000]","[0.000,0.000,0.000,1.000]",[],[],[],[]
4,R22_Helicopter_V2/Graphics_Group/R22_Cockpit_Gruop/R22_Cockpit_RLever02_Geo,"[1.077,0.345,0.658]","[0.000,0.000,0.000]","[0.000,0.000,0.000,1.000]","[1.104,0.388,0.647]","[0.108,0.108,0.041]",[],[]
4,R22_Helicopter_V2/Graphics_Group/R22_Cockpit_Gruop/R22_Cockpit_Needle04_Geo,"[0.746,0.651,0.722]","[0.000,0.000,0.000]","[0.000,0.000,0.000,1.000]","[0.746,0.652,0.732]","[0.002,0.002,0.015]",[],[]
4,R22_Helicopter_V2/Graphics_Group/R22_Cockpit_Gruop/R22_Cockpit_Needle03_Geo,"[0.708,0.723,0.769]","[0.000,0.000,0.000]","[0.000,0.000,0.000,1.000]","[0.708,0.738,0.771]","[0.004,0.024,0.004]",[],[]
4,R22_Helicopter_V2/Graphics_Group/R22_Cockpit_Gruop/R22_Cockpit_PannelButtons_Geo,"[0.806,0.713,0.643]","[0.000,0.000,0.000]","[0.000,0.000,0.000,1.000]","[0.806,0.713,0.643]","[0.179,0.378,0.313]",[],[]
4,R22_Helicopter_V2/Graphics_Group/R22_Cockpit_Gruop/R22_Cockpit_Needle05_Geo,"[0.746,0.645,0.655]","[0.000,0.000,0.000]","[0.000,0.000,0.000,1.000]","[0.746,0.645,0.665]","[0.002,0.002,0.015]",[],[]
4,R22_Helicopter_V2/Rotors_Group/Main Rotor - Mast/R22_Mechanical_RBlade_Geo,"[0.933,2.289,-0.299]","[0.000,0.000,0.000]","[0.000,0.000,0.000,1.000]","[1.931,2.296,-0.258]","[2.030,0.289,0.275]",[],[]
4,R22_Helicopter_V2/Graphics_Group/R22_Mechanical_Group/R22_Mechanical_Motor_Geo,"[0.803,0.009,0.244]","[0.000,0.000,0.000]","[0.000,0.000,0.000,1.000]","[0.803,0.616,0.027]","[1.550,1.206,2.056]",[],[]
4,R22_Helicopter_V2/Rotors_Group/Back Rotor - Mast/R22_Mechanical_TailMast_Geo,"[0.743,1.189,-2.237]","[0.000,0.000,0.000]","[0.000,0.000,0.000,1.000]","[0.644,1.190,-2.237]","[0.240,0.089,0.070]",[],[]
4,R22_Helicopter_V2/Rotors_Group/Back Rotor - Mast/R22_Mechanical_RTailBlade_Geo,"[0.542,1.211,-2.236]","[0.000,0.000,0.000]","[0.000,0.000,0.000,1.000]","[0.542,1.327,-2.254]","[0.012,0.263,0.074]",[],[]
4,R22_Helicopter_V2/Rotors_Group/Main Rotor - Mast/R22_Mechanical_LBlade_Geo,"[0.684,2.289,-0.294]","[0.000,0.000,0.000]","[0.000,0.000,0.000,1.000]","[-0.314,2.294,-0.336]","[2.031,0.284,0.275]",[],[]
4,R22_Helicopter_V2/Graphics_Group/R22_Mechanical_Group,"[0.810,1.202,-0.618]","[0.000,0.000,0.000]","[0.000,0.000,0.000,1.000]",[],[],[],[]
4,R22_Helicopter_V2/Rotors_Group/Main Rotor - Mast/R22_Mechanical_Mast_Geo,"[0.809,2.151,-0.297]","[0.000,0.000,0.000]","[0.000,0.000,0.000,1.000]","[0.809,2.151,-0.297]","[0.372,0.481,0.235]",[],[]
4,R22_Helicopter_V2/Rotors_Group/Back Rotor - Mast/R22_Mechanical_LTailBlade_Geo,"[0.542,1.160,-2.236]","[0.000,0.000,0.000]","[0.000,0.000,0.000,1.000]","[0.542,1.051,-2.220]","[0.012,0.263,0.074]",[],[]
4,R22_Helicopter_V2/Graphics_Group/R_22_Blendshapes,"[0.810,0.017,0.000]","[0.000,0.000,0.000]","[0.000,0.000,0.000,1.000]",[],[],[],[]
4,R22_Helicopter_V2/Collider Group/Tail_COL,"[0.810,1.131,-1.535]","[3.681,0.000,0.000]","[0.032,0.000,0.000,0.999]",[],[],"[0.810,1.131,-1.535]","[0.300,0.390,1.697]"
4,R22_Helicopter_V2/Rotors_Group/Back Rotor - Mast/Tail Rotor - Double-side blur quad,"[0.537,1.189,-2.237]","[0.000,270.000,0.000]","[0.000,-0.707,0.000,0.707]","[0.537,1.189,-2.237]","[0.000,0.600,0.600]",[],[]
4,R22_Helicopter_V2/Collider Group/L_Skid_COL,"[0.068,0.050,0.000]","[0.000,0.000,0.000]","[0.000,0.000,0.000,1.000]",[],[],"[0.068,0.050,0.190]","[0.100,0.100,1.742]"
4,R22_Helicopter_V2/Collider Group/Fuselage_COL,"[0.810,0.802,0.000]","[0.000,0.000,0.000]","[0.000,0.000,0.000,1.000]",[],[],"[0.810,0.802,0.000]","[1.380,1.380,2.200]"
4,R22_Helicopter_V2/Engines/Main Engine,"[0.810,0.017,0.000]","[0.000,0.000,0.000]","[0.000,0.000,0.000,1.000]",[],[],[],[]
4,R22_Helicopter_V2/Collider Group/Mast_COL,"[0.810,1.747,-0.290]","[353.243,0.000,0.000]","[-0.059,0.000,0.000,0.998]",[],[],"[0.810,1.747,-0.290]","[0.700,0.928,0.727]"
4,R22_Helicopter_V2/Camera LookAt Target,"[0.810,1.597,0.000]","[0.000,0.000,0.000]","[0.000,0.000,0.000,1.000]",[],[],[],[]
4,R22_Helicopter_V2/Rotors_Group/Main Rotor - Mast/Main Rotor -  Blur Quad,"[0.809,2.280,-0.297]","[90.000,0.000,0.000]","[0.707,0.000,0.000,0.707]","[0.809,2.280,-0.297]","[4.300,0.000,4.300]",[],[]
4,R22_Helicopter_V2/Rotors_Group,"[0.810,0.017,0.000]","[0.000,0.000,0.000]","[0.000,0.000,0.000,1.000]",[],[],[],[]
4,R22_Helicopter_V2/Rotors_Group/Main Rotor - Mast/Main Rotor -  Double-side blur quad,"[0.809,2.280,-0.297]","[270.000,0.000,0.000]","[-0.707,0.000,0.000,0.707]","[0.809,2.280,-0.297]","[4.300,0.000,4.300]",[],[]
4,R22_Helicopter_V2/Rotors_Group/Back Rotor - Mast/Tail Rotor - Blur quad,"[0.537,1.189,-2.237]","[0.000,90.000,0.000]","[0.000,0.707,0.000,0.707]","[0.537,1.189,-2.237]","[0.000,0.600,0.600]",[],[]
4,R22_Helicopter_V2/Engines,"[0.810,0.017,0.000]","[0.000,0.000,0.000]","[0.000,0.000,0.000,1.000]",[],[],[],[]
4,R22_Helicopter_V2/Collider Group/R_Skid_COL,"[1.541,0.050,0.000]","[0.000,0.000,0.000]","[0.000,0.000,0.000,1.000]",[],[],"[1.541,0.050,0.190]","[0.100,0.100,1.742]"
5,Directional Light,"[0.000,3.000,0.000]","[50.000,330.000,0.000]","[0.408,-0.235,0.109,0.875]",[],[],[],[]
5,Canvas/Panel/Row - INFO,"[275.667,933.267,0.000]","[0.000,0.000,0.000]","[0.000,0.000,0.000,1.000]",[],[],[],[]
5,Canvas/Panel/Row - Pedal/Text (TMP) - Title,"[148.563,1073.333,0.000]","[0.000,0.000,0.000]","[0.000,0.000,0.000,1.000]",[],[],[],[]
5,Level_Manager/FX_GRP,"[0.000,0.000,0.000]","[0.000,0.000,0.000]","[0.000,0.000,0.000,1.000]",[],[],[],[]
5,Canvas/Panel/Row - Sticky Throttle,"[275.667,1340.000,0.000]","[0.000,0.000,0.000]","[0.000,0.000,0.000,1.000]",[],[],[],[]
5,Canvas/Panel/Row - Pedal/Text (TMP) - Content,"[424.230,1073.333,0.000]","[0.000,0.000,0.000]","[0.000,0.000,0.000,1.000]",[],[],[],[]
5,Level_Manager/Audio_GRP,"[0.000,0.000,0.000]","[0.000,0.000,0.000]","[0.000,0.000,0.000,1.000]",[],[],[],[]
5,Canvas/Panel/Row - Raw Throttle,"[275.667,1406.667,0.000]","[0.000,0.000,0.000]","[0.000,0.000,0.000,1.000]",[],[],[],[]
5,Canvas/Panel/Row - Raw Throttle/Text (TMP) - Content,"[424.230,1406.667,0.000]","[0.000,0.000,0.000]","[0.000,0.000,0.000,1.000]",[],[],[],[]
5,Level_Manager/PostProcessing,"[0.000,0.000,0.000]","[0.000,0.000,0.000]","[0.000,0.000,0.000,1.000]",[],[],[],[]
5,Level_Manager/Lighting_GRP,"[0.000,0.000,0.000]","[0.000,0.000,0.000]","[0.000,0.000,0.000,1.000]",[],[],[],[]
5,Canvas/Panel/Row - Sticky Throttle/Text (TMP) - Title,"[148.563,1340.000,0.000]","[0.000,0.000,0.000]","[0.000,0.000,0.000,1.000]",[],[],[],[]
5,R22_Helicopter_V2/Graphics_Group,"[0.810,0.017,0.000]","[0.000,0.000,0.000]","[0.000,0.000,0.000,1.000]",[],[],[],[]
5,R22_Helicopter_V2/Audio Group,"[0.810,0.017,0.000]","[0.000,0.000,0.000]","[0.000,0.000,0.000,1.000]",[],[],[],[]
5,Canvas/Panel/Row - INFO/Text (TMP) - Content,"[275.667,899.933,0.000]","[0.000,0.000,0.000]","[0.000,0.000,0.000,1.000]",[],[],[],[]
5,Level_Manager/Geo_GRP,"[0.000,0.000,0.000]","[0.000,0.000,0.000]","[0.000,0.000,0.000,1.000]",[],[],[],[]
5,Canvas,"[1720.000,720.000,0.000]","[0.000,0.000,0.000]","[0.000,0.000,0.000,1.000]",[],[],[],[]
5,Level_Manager,"[0.000,0.000,0.000]","[0.000,0.000,0.000]","[0.000,0.000,0.000,1.000]",[],[],[],[]
5,Canvas/Panel/Row - Cyclic/Text (TMP) - Content,"[424.230,1140.000,0.000]","[0.000,0.000,0.000]","[0.000,0.000,0.000,1.000]",[],[],[],[]
5,Canvas/Panel/Row - Cyclic,"[275.667,1140.000,0.000]","[0.000,0.000,0.000]","[0.000,0.000,0.000,1.000]",[],[],[],[]
5,Canvas/Panel/Row - Collective/Text (TMP) - Content,"[424.230,1273.333,0.000]","[0.000,0.000,0.000]","[0.000,0.000,0.000,1.000]",[],[],[],[]
5,HeliPad_001,"[1.550,0.000,-0.670]","[0.000,0.000,0.000]","[0.000,0.000,0.000,1.000]","[1.555,-0.012,-0.659]","[14.268,0.216,14.105]",[],[]
5,Canvas/Panel/Row - Cyclic/Text (TMP) - Title,"[148.563,1140.000,0.000]","[0.000,0.000,0.000]","[0.000,0.000,0.000,1.000]",[],[],[],[]
5,Canvas/Panel/Row - Sticky Collective/Text (TMP) - Content,"[424.230,1206.667,0.000]","[0.000,0.000,0.000]","[0.000,0.000,0.000,1.000]",[],[],[],[]
5,Canvas/Panel/Row - Pedal,"[275.667,1073.333,0.000]","[0.000,0.000,0.000]","[0.000,0.000,0.000,1.000]",[],[],[],[]
5,Main Camera,"[0.810,5.017,-8.000]","[23.147,0.000,0.000]","[0.201,0.000,0.000,0.980]",[],[],[],[]
5,Canvas/Panel/Row - Sticky Collective,"[275.667,1206.667,0.000]","[0.000,0.000,0.000]","[0.000,0.000,0.000,1.000]",[],[],[],[]
5,Canvas/Panel/Row - Sticky Collective/Text (TMP) - Title,"[148.563,1206.667,0.000]","[0.000,0.000,0.000]","[0.000,0.000,0.000,1.000]",[],[],[],[]
5,Plane,"[0.000,0.000,0.000]","[0.000,0.000,0.000]","[0.000,0.000,0.000,1.000]","[0.000,0.000,0.000]","[1000.000,0.000,1000.000]","[0.000,0.000,0.000]","[1000.000,0.000,1000.000]"
5,EventSystem,"[0.000,0.000,0.000]","[0.000,0.000,0.000]","[0.000,0.000,0.000,1.000]",[],[],[],[]
5,R22_Helicopter_V2/COG,"[0.810,0.795,-0.185]","[0.000,0.000,0.000]","[0.000,0.000,0.000,1.000]",[],[],[],[]
5,Canvas/Panel/Row - Raw Throttle/Text (TMP) - Title,"[148.563,1406.667,0.000]","[0.000,0.000,0.000]","[0.000,0.000,0.000,1.000]",[],[],[],[]
5,Canvas/Panel/Row - Sticky Throttle/Text (TMP) - Content,"[424.230,1340.000,0.000]","[0.000,0.000,0.000]","[0.000,0.000,0.000,1.000]",[],[],[],[]
5,R22_Helicopter_V2/Collider Group,"[0.810,0.017,0.000]","[0.000,0.000,0.000]","[0.000,0.000,0.000,1.000]",[],[],[],[]
5,Canvas/Panel/Row - INFO/Text (TMP) - Title,"[275.667,1006.667,0.000]","[0.000,0.000,0.000]","[0.000,0.000,0.000,1.000]",[],[],[],[]
5,Canvas/Panel,"[0.000,1440.000,0.000]","[0.000,0.000,0.000]","[0.000,0.000,0.000,1.000]",[],[],[],[]
5,Canvas/Panel/Row - Collective/Text (TMP) - Title,"[148.563,1273.333,0.000]","[0.000,0.000,0.000]","[0.000,0.000,0.000,1.000]",[],[],[],[]
5,Canvas/Panel/Row - Collective,"[275.667,1273.333,0.000]","[0.000,0.000,0.000]","[0.000,0.000,0.000,1.000]",[],[],[],[]
5,R22_Helicopter_V2/Rotors_Group/Back Rotor - Mast,"[0.743,1.189,-2.237]","[0.000,0.000,0.000]","[0.000,0.000,0.000,1.000]",[],[],[],[]
5,R22_Helicopter_V2/Rotors_Group/Main Rotor - Mast,"[0.809,2.151,-0.297]","[0.000,0.000,0.000]","[0.000,0.000,0.000,1.000]",[],[],[],[]
5,R22_Helicopter_V2/Graphics_Group/R22_Body_Gruop/R22_Body_RDoor_Geo/R22_Body_RDoorGlass_Geo,"[0.810,0.017,0.000]","[0.000,0.000,0.000]","[0.000,0.000,0.000,1.000]","[1.320,1.125,0.002]","[0.171,0.436,0.554]",[],[]
5,R22_Helicopter_V2/Graphics_Group/R22_Body_Gruop/R22_Body_RDoor_Geo,"[1.413,0.923,0.312]","[0.000,0.000,0.000]","[0.000,0.000,0.000,1.000]","[1.306,0.950,0.055]","[0.220,0.856,0.731]",[],[]
5,R22_Helicopter_V2/Graphics_Group/R22_Cockpit_Gruop/R22_Cockpit_Chairs_Geo,"[0.803,0.314,0.336]","[0.000,0.000,0.000]","[0.000,0.000,0.000,1.000]","[0.803,0.761,0.336]","[0.991,0.905,1.188]",[],[]
5,R22_Helicopter_V2/Graphics_Group/R22_Body_Gruop/R22_Body_Windshield_Geo,"[0.810,0.017,0.000]","[0.000,0.000,0.000]","[0.000,0.000,0.000,1.000]","[0.803,1.040,0.572]","[1.223,0.926,0.842]",[],[]
5,R22_Helicopter_V2/Graphics_Group/R22_Body_Gruop,"[0.803,1.103,-0.693]","[0.000,0.000,0.000]","[0.000,0.000,0.000,1.000]",[],[],[],[]
5,R22_Helicopter_V2/Graphics_Group/R22_Body_Gruop/R22_Body_Geo,"[0.810,0.017,0.000]","[0.000,0.000,0.000]","[0.000,0.000,0.000,1.000]","[0.803,1.103,-0.693]","[1.239,1.769,3.377]",[],[]
5,R22_Helicopter_V2/Graphics_Group/R22_Body_Gruop/R22_Body_LDoor_Geo/R22_Body_LDoorGlass_Geo,"[0.810,0.017,0.000]","[0.000,0.000,0.000]","[0.000,0.000,0.000,1.000]","[0.286,1.125,0.002]","[0.171,0.436,0.554]",[],[]
5,R22_Helicopter_V2/Graphics_Group/R22_Body_Gruop/R22_Body_LDoor_Geo,"[0.180,0.939,0.306]","[0.000,0.000,0.000]","[0.000,0.000,0.000,1.000]","[0.301,0.950,0.055]","[0.220,0.856,0.731]",[],[]
5,R22_Helicopter_V2/Graphics_Group/R22_Cockpit_Gruop/R22_Cockpit_LLever02_Geo,"[0.529,0.345,0.659]","[0.000,0.000,0.000]","[0.000,0.000,0.000,1.000]","[0.502,0.388,0.647]","[0.108,0.108,0.042]",[],[]
5,R22_Helicopter_V2/Graphics_Group/R22_Cockpit_Gruop/R22_Cockpit_LLever01_Geo,"[0.647,0.345,0.659]","[0.000,0.000,0.000]","[0.000,0.000,0.000,1.000]","[0.621,0.381,0.685]","[0.108,0.094,0.072]",[],[]
5,R22_Helicopter_V2/Graphics_Group/R22_Cockpit_Gruop/R22_Cockpit_Needle02_Geo,"[0.948,0.816,0.782]","[0.000,0.000,0.000]","[0.000,0.000,0.000,1.000]","[0.948,0.831,0.784]","[0.004,0.024,0.004]",[],[]
5,R22_Helicopter_V2/Graphics_Group/R22_Cockpit_Gruop/R22_Cockpit_Needle01_Geo,"[0.661,0.816,0.782]","[0.000,0.000,0.000]","[0.000,0.000,0.000,1.000]","[0.661,0.831,0.784]","[0.004,0.024,0.004]",[],[]
5,R22_Helicopter_V2/Graphics_Group/R22_Cockpit_Gruop/R22_Cockpit_Handle01_Geo,"[0.803,0.890,0.382]","[0.000,0.000,0.000]","[0.000,0.000,0.000,1.000]","[0.803,0.945,0.382]","[0.672,0.176,0.118]",[],[]
5,R22_Helicopter_V2/Graphics_Group/R22_Cockpit_Gruop,"[0.803,0.761,0.336]","[0.000,0.000,0.000]","[0.000,0.000,0.000,1.000]",[],[],[],[]
5,R22_Helicopter_V2/Graphics_Group/R22_Body_Gruop/R22_Body_LDoor_Geo/R22_Cockpit_LDoor_Geo,"[0.268,0.743,0.107]","[0.000,0.000,0.000]","[0.000,0.000,0.000,1.000]","[0.268,0.743,0.107]","[0.129,0.397,0.556]",[],[]
5,R22_Helicopter_V2/Graphics_Group/R22_Cockpit_Gruop/R22_Cockpit_Hanlde02_Geo,"[0.803,0.477,0.390]","[0.000,0.000,0.000]","[0.000,0.000,0.000,1.000]","[0.803,0.686,0.390]","[0.124,0.415,0.117]",[],[]
5,R22_Helicopter_V2/Graphics_Group/R22_Cockpit_Gruop/R22_Cockpit_RLever01_Geo,"[0.958,0.344,0.660]","[0.000,0.000,0.000]","[0.000,0.000,0.000,1.000]","[0.985,0.381,0.685]","[0.108,0.093,0.072]",[],[]
5,R22_Helicopter_V2/Graphics_Group/R22_Body_Gruop/R22_Body_RDoor_Geo/R22_Cockpit_RDoor_Geo,"[1.339,0.744,0.107]","[0.000,0.000,0.000]","[0.000,0.000,0.000,1.000]","[1.339,0.744,0.107]","[0.129,0.397,0.556]",[],[]
5,R22_Helicopter_V2,"[0.810,0.017,0.000]","[0.000,0.000,0.000]","[0.000,0.000,0.000,1.000]",[],[],[],[]
5,R22_Helicopter_V2/Graphics_Group/R22_Cockpit_Gruop/R22_Cockpit_RLever02_Geo,"[1.077,0.345,0.658]","[0.000,0.000,0.000]","[0.000,0.000,0.000,1.000]","[1.104,0.388,0.647]","[0.108,0.108,0.041]",[],[]
5,R22_Helicopter_V2/Graphics_Group/R22_Cockpit_Gruop/R22_Cockpit_Needle04_Geo,"[0.746,0.651,0.722]","[0.000,0.000,0.000]","[0.000,0.000,0.000,1.000]","[0.746,0.652,0.732]","[0.002,0.002,0.015]",[],[]
5,R22_Helicopter_V2/Graphics_Group/R22_Cockpit_Gruop/R22_Cockpit_Needle03_Geo,"[0.708,0.723,0.769]","[0.000,0.000,0.000]","[0.000,0.000,0.000,1.000]","[0.708,0.738,0.771]","[0.004,0.024,0.004]",[],[]
5,R22_Helicopter_V2/Graphics_Group/R22_Cockpit_Gruop/R22_Cockpit_PannelButtons_Geo,"[0.806,0.713,0.643]","[0.000,0.000,0.000]","[0.000,0.000,0.000,1.000]","[0.806,0.713,0.643]","[0.179,0.378,0.313]",[],[]
5,R22_Helicopter_V2/Graphics_Group/R22_Cockpit_Gruop/R22_Cockpit_Needle05_Geo,"[0.746,0.645,0.655]","[0.000,0.000,0.000]","[0.000,0.000,0.000,1.000]","[0.746,0.645,0.665]","[0.002,0.002,0.015]",[],[]
5,R22_Helicopter_V2/Rotors_Group/Main Rotor - Mast/R22_Mechanical_RBlade_Geo,"[0.933,2.289,-0.299]","[0.000,0.000,0.000]","[0.000,0.000,0.000,1.000]","[1.931,2.296,-0.258]","[2.030,0.289,0.275]",[],[]
5,R22_Helicopter_V2/Graphics_Group/R22_Mechanical_Group/R22_Mechanical_Motor_Geo,"[0.803,0.009,0.244]","[0.000,0.000,0.000]","[0.000,0.000,0.000,1.000]","[0.803,0.616,0.027]","[1.550,1.206,2.056]",[],[]
5,R22_Helicopter_V2/Rotors_Group/Back Rotor - Mast/R22_Mechanical_TailMast_Geo,"[0.743,1.189,-2.237]","[0.000,0.000,0.000]","[0.000,0.000,0.000,1.000]","[0.644,1.190,-2.237]","[0.240,0.089,0.070]",[],[]
5,R22_Helicopter_V2/Rotors_Group/Back Rotor - Mast/R22_Mechanical_RTailBlade_Geo,"[0.542,1.211,-2.236]","[0.000,0.000,0.000]","[0.000,0.000,0.000,1.000]","[0.542,1.327,-2.254]","[0.012,0.263,0.074]",[],[]
5,R22_Helicopter_V2/Rotors_Group/Main Rotor - Mast/R22_Mechanical_LBlade_Geo,"[0.684,2.289,-0.294]","[0.000,0.000,0.000]","[0.000,0.000,0.000,1.000]","[-0.314,2.294,-0.336]","[2.031,0.284,0.275]",[],[]
5,R22_Helicopter_V2/Graphics_Group/R22_Mechanical_Group,"[0.810,1.202,-0.618]","[0.000,0.000,0.000]","[0.000,0.000,0.000,1.000]",[],[],[],[]
5,R22_Helicopter_V2/Rotors_Group/Main Rotor - Mast/R22_Mechanical_Mast_Geo,"[0.809,2.151,-0.297]","[0.000,0.000,0.000]","[0.000,0.000,0.000,1.000]","[0.809,2.151,-0.297]","[0.372,0.481,0.235]",[],[]
5,R22_Helicopter_V2/Rotors_Group/Back Rotor - Mast/R22_Mechanical_LTailBlade_Geo,"[0.542,1.160,-2.236]","[0.000,0.000,0.000]","[0.000,0.000,0.000,1.000]","[0.542,1.051,-2.220]","[0.012,0.263,0.074]",[],[]
5,R22_Helicopter_V2/Graphics_Group/R_22_Blendshapes,"[0.810,0.017,0.000]","[0.000,0.000,0.000]","[0.000,0.000,0.000,1.000]",[],[],[],[]
5,R22_Helicopter_V2/Collider Group/Tail_COL,"[0.810,1.131,-1.535]","[3.681,0.000,0.000]","[0.032,0.000,0.000,0.999]",[],[],"[0.810,1.131,-1.535]","[0.300,0.390,1.697]"
5,R22_Helicopter_V2/Rotors_Group/Back Rotor - Mast/Tail Rotor - Double-side blur quad,"[0.537,1.189,-2.237]","[0.000,270.000,0.000]","[0.000,-0.707,0.000,0.707]","[0.537,1.189,-2.237]","[0.000,0.600,0.600]",[],[]
5,R22_Helicopter_V2/Collider Group/L_Skid_COL,"[0.068,0.050,0.000]","[0.000,0.000,0.000]","[0.000,0.000,0.000,1.000]",[],[],"[0.068,0.050,0.190]","[0.100,0.100,1.742]"
5,R22_Helicopter_V2/Collider Group/Fuselage_COL,"[0.810,0.802,0.000]","[0.000,0.000,0.000]","[0.000,0.000,0.000,1.000]",[],[],"[0.810,0.802,0.000]","[1.380,1.380,2.200]"
5,R22_Helicopter_V2/Engines/Main Engine,"[0.810,0.017,0.000]","[0.000,0.000,0.000]","[0.000,0.000,0.000,1.000]",[],[],[],[]
5,R22_Helicopter_V2/Collider Group/Mast_COL,"[0.810,1.747,-0.290]","[353.243,0.000,0.000]","[-0.059,0.000,0.000,0.998]",[],[],"[0.810,1.747,-0.290]","[0.700,0.928,0.727]"
5,R22_Helicopter_V2/Camera LookAt Target,"[0.810,1.597,0.000]","[0.000,0.000,0.000]","[0.000,0.000,0.000,1.000]",[],[],[],[]
5,R22_Helicopter_V2/Rotors_Group/Main Rotor - Mast/Main Rotor -  Blur Quad,"[0.809,2.280,-0.297]","[90.000,0.000,0.000]","[0.707,0.000,0.000,0.707]","[0.809,2.280,-0.297]","[4.300,0.000,4.300]",[],[]
5,R22_Helicopter_V2/Rotors_Group,"[0.810,0.017,0.000]","[0.000,0.000,0.000]","[0.000,0.000,0.000,1.000]",[],[],[],[]
5,R22_Helicopter_V2/Rotors_Group/Main Rotor - Mast/Main Rotor -  Double-side blur quad,"[0.809,2.280,-0.297]","[270.000,0.000,0.000]","[-0.707,0.000,0.000,0.707]","[0.809,2.280,-0.297]","[4.300,0.000,4.300]",[],[]
5,R22_Helicopter_V2/Rotors_Group/Back Rotor - Mast/Tail Rotor - Blur quad,"[0.537,1.189,-2.237]","[0.000,90.000,0.000]","[0.000,0.707,0.000,0.707]","[0.537,1.189,-2.237]","[0.000,0.600,0.600]",[],[]
5,R22_Helicopter_V2/Engines,"[0.810,0.017,0.000]","[0.000,0.000,0.000]","[0.000,0.000,0.000,1.000]",[],[],[],[]
5,R22_Helicopter_V2/Collider Group/R_Skid_COL,"[1.541,0.050,0.000]","[0.000,0.000,0.000]","[0.000,0.000,0.000,1.000]",[],[],"[1.541,0.050,0.190]","[0.100,0.100,1.742]"
6,Directional Light,"[0.000,3.000,0.000]","[50.000,330.000,0.000]","[0.408,-0.235,0.109,0.875]",[],[],[],[]
6,Canvas/Panel/Row - INFO,"[275.667,933.267,0.000]","[0.000,0.000,0.000]","[0.000,0.000,0.000,1.000]",[],[],[],[]
6,Canvas/Panel/Row - Pedal/Text (TMP) - Title,"[148.563,1073.333,0.000]","[0.000,0.000,0.000]","[0.000,0.000,0.000,1.000]",[],[],[],[]
6,Level_Manager/FX_GRP,"[0.000,0.000,0.000]","[0.000,0.000,0.000]","[0.000,0.000,0.000,1.000]",[],[],[],[]
6,Canvas/Panel/Row - Sticky Throttle,"[275.667,1340.000,0.000]","[0.000,0.000,0.000]","[0.000,0.000,0.000,1.000]",[],[],[],[]
6,Canvas/Panel/Row - Pedal/Text (TMP) - Content,"[424.230,1073.333,0.000]","[0.000,0.000,0.000]","[0.000,0.000,0.000,1.000]",[],[],[],[]
6,Level_Manager/Audio_GRP,"[0.000,0.000,0.000]","[0.000,0.000,0.000]","[0.000,0.000,0.000,1.000]",[],[],[],[]
6,Canvas/Panel/Row - Raw Throttle,"[275.667,1406.667,0.000]","[0.000,0.000,0.000]","[0.000,0.000,0.000,1.000]",[],[],[],[]
6,Canvas/Panel/Row - Raw Throttle/Text (TMP) - Content,"[424.230,1406.667,0.000]","[0.000,0.000,0.000]","[0.000,0.000,0.000,1.000]",[],[],[],[]
6,Level_Manager/PostProcessing,"[0.000,0.000,0.000]","[0.000,0.000,0.000]","[0.000,0.000,0.000,1.000]",[],[],[],[]
6,Level_Manager/Lighting_GRP,"[0.000,0.000,0.000]","[0.000,0.000,0.000]","[0.000,0.000,0.000,1.000]",[],[],[],[]
6,Canvas/Panel/Row - Sticky Throttle/Text (TMP) - Title,"[148.563,1340.000,0.000]","[0.000,0.000,0.000]","[0.000,0.000,0.000,1.000]",[],[],[],[]
6,R22_Helicopter_V2/Graphics_Group,"[0.810,0.017,0.000]","[0.000,0.000,0.000]","[0.000,0.000,0.000,1.000]",[],[],[],[]
6,R22_Helicopter_V2/Audio Group,"[0.810,0.017,0.000]","[0.000,0.000,0.000]","[0.000,0.000,0.000,1.000]",[],[],[],[]
6,Canvas/Panel/Row - INFO/Text (TMP) - Content,"[275.667,899.933,0.000]","[0.000,0.000,0.000]","[0.000,0.000,0.000,1.000]",[],[],[],[]
6,Level_Manager/Geo_GRP,"[0.000,0.000,0.000]","[0.000,0.000,0.000]","[0.000,0.000,0.000,1.000]",[],[],[],[]
6,Canvas,"[1720.000,720.000,0.000]","[0.000,0.000,0.000]","[0.000,0.000,0.000,1.000]",[],[],[],[]
6,Level_Manager,"[0.000,0.000,0.000]","[0.000,0.000,0.000]","[0.000,0.000,0.000,1.000]",[],[],[],[]
6,Canvas/Panel/Row - Cyclic/Text (TMP) - Content,"[424.230,1140.000,0.000]","[0.000,0.000,0.000]","[0.000,0.000,0.000,1.000]",[],[],[],[]
6,Canvas/Panel/Row - Cyclic,"[275.667,1140.000,0.000]","[0.000,0.000,0.000]","[0.000,0.000,0.000,1.000]",[],[],[],[]
6,Canvas/Panel/Row - Collective/Text (TMP) - Content,"[424.230,1273.333,0.000]","[0.000,0.000,0.000]","[0.000,0.000,0.000,1.000]",[],[],[],[]
6,HeliPad_001,"[1.550,0.000,-0.670]","[0.000,0.000,0.000]","[0.000,0.000,0.000,1.000]","[1.555,-0.012,-0.659]","[14.268,0.216,14.105]",[],[]
6,Canvas/Panel/Row - Cyclic/Text (TMP) - Title,"[148.563,1140.000,0.000]","[0.000,0.000,0.000]","[0.000,0.000,0.000,1.000]",[],[],[],[]
6,Canvas/Panel/Row - Sticky Collective/Text (TMP) - Content,"[424.230,1206.667,0.000]","[0.000,0.000,0.000]","[0.000,0.000,0.000,1.000]",[],[],[],[]
6,Canvas/Panel/Row - Pedal,"[275.667,1073.333,0.000]","[0.000,0.000,0.000]","[0.000,0.000,0.000,1.000]",[],[],[],[]
6,Main Camera,"[0.810,5.017,-8.000]","[23.147,0.000,0.000]","[0.201,0.000,0.000,0.980]",[],[],[],[]
6,Canvas/Panel/Row - Sticky Collective,"[275.667,1206.667,0.000]","[0.000,0.000,0.000]","[0.000,0.000,0.000,1.000]",[],[],[],[]
6,Canvas/Panel/Row - Sticky Collective/Text (TMP) - Title,"[148.563,1206.667,0.000]","[0.000,0.000,0.000]","[0.000,0.000,0.000,1.000]",[],[],[],[]
6,Plane,"[0.000,0.000,0.000]","[0.000,0.000,0.000]","[0.000,0.000,0.000,1.000]","[0.000,0.000,0.000]","[1000.000,0.000,1000.000]","[0.000,0.000,0.000]","[1000.000,0.000,1000.000]"
6,EventSystem,"[0.000,0.000,0.000]","[0.000,0.000,0.000]","[0.000,0.000,0.000,1.000]",[],[],[],[]
6,R22_Helicopter_V2/COG,"[0.810,0.795,-0.185]","[0.000,0.000,0.000]","[0.000,0.000,0.000,1.000]",[],[],[],[]
6,Canvas/Panel/Row - Raw Throttle/Text (TMP) - Title,"[148.563,1406.667,0.000]","[0.000,0.000,0.000]","[0.000,0.000,0.000,1.000]",[],[],[],[]
6,Canvas/Panel/Row - Sticky Throttle/Text (TMP) - Content,"[424.230,1340.000,0.000]","[0.000,0.000,0.000]","[0.000,0.000,0.000,1.000]",[],[],[],[]
6,R22_Helicopter_V2/Collider Group,"[0.810,0.017,0.000]","[0.000,0.000,0.000]","[0.000,0.000,0.000,1.000]",[],[],[],[]
6,Canvas/Panel/Row - INFO/Text (TMP) - Title,"[275.667,1006.667,0.000]","[0.000,0.000,0.000]","[0.000,0.000,0.000,1.000]",[],[],[],[]
6,Canvas/Panel,"[0.000,1440.000,0.000]","[0.000,0.000,0.000]","[0.000,0.000,0.000,1.000]",[],[],[],[]
6,Canvas/Panel/Row - Collective/Text (TMP) - Title,"[148.563,1273.333,0.000]","[0.000,0.000,0.000]","[0.000,0.000,0.000,1.000]",[],[],[],[]
6,Canvas/Panel/Row - Collective,"[275.667,1273.333,0.000]","[0.000,0.000,0.000]","[0.000,0.000,0.000,1.000]",[],[],[],[]
6,R22_Helicopter_V2/Rotors_Group/Back Rotor - Mast,"[0.743,1.189,-2.237]","[0.000,0.000,0.000]","[0.000,0.000,0.000,1.000]",[],[],[],[]
6,R22_Helicopter_V2/Rotors_Group/Main Rotor - Mast,"[0.809,2.151,-0.297]","[0.000,0.000,0.000]","[0.000,0.000,0.000,1.000]",[],[],[],[]
6,R22_Helicopter_V2/Graphics_Group/R22_Body_Gruop/R22_Body_RDoor_Geo/R22_Body_RDoorGlass_Geo,"[0.810,0.017,0.000]","[0.000,0.000,0.000]","[0.000,0.000,0.000,1.000]","[1.320,1.125,0.002]","[0.171,0.436,0.554]",[],[]
6,R22_Helicopter_V2/Graphics_Group/R22_Body_Gruop/R22_Body_RDoor_Geo,"[1.413,0.923,0.312]","[0.000,0.000,0.000]","[0.000,0.000,0.000,1.000]","[1.306,0.950,0.055]","[0.220,0.856,0.731]",[],[]
6,R22_Helicopter_V2/Graphics_Group/R22_Cockpit_Gruop/R22_Cockpit_Chairs_Geo,"[0.803,0.314,0.336]","[0.000,0.000,0.000]","[0.000,0.000,0.000,1.000]","[0.803,0.761,0.336]","[0.991,0.905,1.188]",[],[]
6,R22_Helicopter_V2/Graphics_Group/R22_Body_Gruop/R22_Body_Windshield_Geo,"[0.810,0.017,0.000]","[0.000,0.000,0.000]","[0.000,0.000,0.000,1.000]","[0.803,1.040,0.572]","[1.223,0.926,0.842]",[],[]
6,R22_Helicopter_V2/Graphics_Group/R22_Body_Gruop,"[0.803,1.103,-0.693]","[0.000,0.000,0.000]","[0.000,0.000,0.000,1.000]",[],[],[],[]
6,R22_Helicopter_V2/Graphics_Group/R22_Body_Gruop/R22_Body_Geo,"[0.810,0.017,0.000]","[0.000,0.000,0.000]","[0.000,0.000,0.000,1.000]","[0.803,1.103,-0.693]","[1.239,1.769,3.377]",[],[]
6,R22_Helicopter_V2/Graphics_Group/R22_Body_Gruop/R22_Body_LDoor_Geo/R22_Body_LDoorGlass_Geo,"[0.810,0.017,0.000]","[0.000,0.000,0.000]","[0.000,0.000,0.000,1.000]","[0.286,1.125,0.002]","[0.171,0.436,0.554]",[],[]
6,R22_Helicopter_V2/Graphics_Group/R22_Body_Gruop/R22_Body_LDoor_Geo,"[0.180,0.939,0.306]","[0.000,0.000,0.000]","[0.000,0.000,0.000,1.000]","[0.301,0.950,0.055]","[0.220,0.856,0.731]",[],[]
6,R22_Helicopter_V2/Graphics_Group/R22_Cockpit_Gruop/R22_Cockpit_LLever02_Geo,"[0.529,0.345,0.659]","[0.000,0.000,0.000]","[0.000,0.000,0.000,1.000]","[0.502,0.388,0.647]","[0.108,0.108,0.042]",[],[]
6,R22_Helicopter_V2/Graphics_Group/R22_Cockpit_Gruop/R22_Cockpit_LLever01_Geo,"[0.647,0.345,0.659]","[0.000,0.000,0.000]","[0.000,0.000,0.000,1.000]","[0.621,0.381,0.685]","[0.108,0.094,0.072]",[],[]
6,R22_Helicopter_V2/Graphics_Group/R22_Cockpit_Gruop/R22_Cockpit_Needle02_Geo,"[0.948,0.816,0.782]","[0.000,0.000,0.000]","[0.000,0.000,0.000,1.000]","[0.948,0.831,0.784]","[0.004,0.024,0.004]",[],[]
6,R22_Helicopter_V2/Graphics_Group/R22_Cockpit_Gruop/R22_Cockpit_Needle01_Geo,"[0.661,0.816,0.782]","[0.000,0.000,0.000]","[0.000,0.000,0.000,1.000]","[0.661,0.831,0.784]","[0.004,0.024,0.004]",[],[]
6,R22_Helicopter_V2/Graphics_Group/R22_Cockpit_Gruop/R22_Cockpit_Handle01_Geo,"[0.803,0.890,0.382]","[0.000,0.000,0.000]","[0.000,0.000,0.000,1.000]","[0.803,0.945,0.382]","[0.672,0.176,0.118]",[],[]
6,R22_Helicopter_V2/Graphics_Group/R22_Cockpit_Gruop,"[0.803,0.761,0.336]","[0.000,0.000,0.000]","[0.000,0.000,0.000,1.000]",[],[],[],[]
6,R22_Helicopter_V2/Graphics_Group/R22_Body_Gruop/R22_Body_LDoor_Geo/R22_Cockpit_LDoor_Geo,"[0.268,0.743,0.107]","[0.000,0.000,0.000]","[0.000,0.000,0.000,1.000]","[0.268,0.743,0.107]","[0.129,0.397,0.556]",[],[]
6,R22_Helicopter_V2/Graphics_Group/R22_Cockpit_Gruop/R22_Cockpit_Hanlde02_Geo,"[0.803,0.477,0.390]","[0.000,0.000,0.000]","[0.000,0.000,0.000,1.000]","[0.803,0.686,0.390]","[0.124,0.415,0.117]",[],[]
6,R22_Helicopter_V2/Graphics_Group/R22_Cockpit_Gruop/R22_Cockpit_RLever01_Geo,"[0.958,0.344,0.660]","[0.000,0.000,0.000]","[0.000,0.000,0.000,1.000]","[0.985,0.381,0.685]","[0.108,0.093,0.072]",[],[]
6,R22_Helicopter_V2/Graphics_Group/R22_Body_Gruop/R22_Body_RDoor_Geo/R22_Cockpit_RDoor_Geo,"[1.339,0.744,0.107]","[0.000,0.000,0.000]","[0.000,0.000,0.000,1.000]","[1.339,0.744,0.107]","[0.129,0.397,0.556]",[],[]
6,R22_Helicopter_V2,"[0.810,0.017,0.000]","[0.000,0.000,0.000]","[0.000,0.000,0.000,1.000]",[],[],[],[]
6,R22_Helicopter_V2/Graphics_Group/R22_Cockpit_Gruop/R22_Cockpit_RLever02_Geo,"[1.077,0.345,0.658]","[0.000,0.000,0.000]","[0.000,0.000,0.000,1.000]","[1.104,0.388,0.647]","[0.108,0.108,0.041]",[],[]
6,R22_Helicopter_V2/Graphics_Group/R22_Cockpit_Gruop/R22_Cockpit_Needle04_Geo,"[0.746,0.651,0.722]","[0.000,0.000,0.000]","[0.000,0.000,0.000,1.000]","[0.746,0.652,0.732]","[0.002,0.002,0.015]",[],[]
6,R22_Helicopter_V2/Graphics_Group/R22_Cockpit_Gruop/R22_Cockpit_Needle03_Geo,"[0.708,0.723,0.769]","[0.000,0.000,0.000]","[0.000,0.000,0.000,1.000]","[0.708,0.738,0.771]","[0.004,0.024,0.004]",[],[]
6,R22_Helicopter_V2/Graphics_Group/R22_Cockpit_Gruop/R22_Cockpit_PannelButtons_Geo,"[0.806,0.713,0.643]","[0.000,0.000,0.000]","[0.000,0.000,0.000,1.000]","[0.806,0.713,0.643]","[0.179,0.378,0.313]",[],[]
6,R22_Helicopter_V2/Graphics_Group/R22_Cockpit_Gruop/R22_Cockpit_Needle05_Geo,"[0.746,0.645,0.655]","[0.000,0.000,0.000]","[0.000,0.000,0.000,1.000]","[0.746,0.645,0.665]","[0.002,0.002,0.015]",[],[]
6,R22_Helicopter_V2/Rotors_Group/Main Rotor - Mast/R22_Mechanical_RBlade_Geo,"[0.933,2.289,-0.299]","[0.000,0.000,0.000]","[0.000,0.000,0.000,1.000]","[1.931,2.296,-0.258]","[2.030,0.289,0.275]",[],[]
6,R22_Helicopter_V2/Graphics_Group/R22_Mechanical_Group/R22_Mechanical_Motor_Geo,"[0.803,0.009,0.244]","[0.000,0.000,0.000]","[0.000,0.000,0.000,1.000]","[0.803,0.616,0.027]","[1.550,1.206,2.056]",[],[]
6,R22_Helicopter_V2/Rotors_Group/Back Rotor - Mast/R22_Mechanical_TailMast_Geo,"[0.743,1.189,-2.237]","[0.000,0.000,0.000]","[0.000,0.000,0.000,1.000]","[0.644,1.190,-2.237]","[0.240,0.089,0.070]",[],[]
6,R22_Helicopter_V2/Rotors_Group/Back Rotor - Mast/R22_Mechanical_RTailBlade_Geo,"[0.542,1.211,-2.236]","[0.000,0.000,0.000]","[0.000,0.000,0.000,1.000]","[0.542,1.327,-2.254]","[0.012,0.263,0.074]",[],[]
6,R22_Helicopter_V2/Rotors_Group/Main Rotor - Mast/R22_Mechanical_LBlade_Geo,"[0.684,2.289,-0.294]","[0.000,0.000,0.000]","[0.000,0.000,0.000,1.000]","[-0.314,2.294,-0.336]","[2.031,0.284,0.275]",[],[]
6,R22_Helicopter_V2/Graphics_Group/R22_Mechanical_Group,"[0.810,1.202,-0.618]","[0.000,0.000,0.000]","[0.000,0.000,0.000,1.000]",[],[],[],[]
6,R22_Helicopter_V2/Rotors_Group/Main Rotor - Mast/R22_Mechanical_Mast_Geo,"[0.809,2.151,-0.297]","[0.000,0.000,0.000]","[0.000,0.000,0.000,1.000]","[0.809,2.151,-0.297]","[0.372,0.481,0.235]",[],[]
6,R22_Helicopter_V2/Rotors_Group/Back Rotor - Mast/R22_Mechanical_LTailBlade_Geo,"[0.542,1.160,-2.236]","[0.000,0.000,0.000]","[0.000,0.000,0.000,1.000]","[0.542,1.051,-2.220]","[0.012,0.263,0.074]",[],[]
6,R22_Helicopter_V2/Graphics_Group/R_22_Blendshapes,"[0.810,0.017,0.000]","[0.000,0.000,0.000]","[0.000,0.000,0.000,1.000]",[],[],[],[]
6,R22_Helicopter_V2/Collider Group/Tail_COL,"[0.810,1.131,-1.535]","[3.681,0.000,0.000]","[0.032,0.000,0.000,0.999]",[],[],"[0.810,1.131,-1.535]","[0.300,0.390,1.697]"
6,R22_Helicopter_V2/Rotors_Group/Back Rotor - Mast/Tail Rotor - Double-side blur quad,"[0.537,1.189,-2.237]","[0.000,270.000,0.000]","[0.000,-0.707,0.000,0.707]","[0.537,1.189,-2.237]","[0.000,0.600,0.600]",[],[]
6,R22_Helicopter_V2/Collider Group/L_Skid_COL,"[0.068,0.050,0.000]","[0.000,0.000,0.000]","[0.000,0.000,0.000,1.000]",[],[],"[0.068,0.050,0.190]","[0.100,0.100,1.742]"
6,R22_Helicopter_V2/Collider Group/Fuselage_COL,"[0.810,0.802,0.000]","[0.000,0.000,0.000]","[0.000,0.000,0.000,1.000]",[],[],"[0.810,0.802,0.000]","[1.380,1.380,2.200]"
6,R22_Helicopter_V2/Engines/Main Engine,"[0.810,0.017,0.000]","[0.000,0.000,0.000]","[0.000,0.000,0.000,1.000]",[],[],[],[]
6,R22_Helicopter_V2/Collider Group/Mast_COL,"[0.810,1.747,-0.290]","[353.243,0.000,0.000]","[-0.059,0.000,0.000,0.998]",[],[],"[0.810,1.747,-0.290]","[0.700,0.928,0.727]"
6,R22_Helicopter_V2/Camera LookAt Target,"[0.810,1.597,0.000]","[0.000,0.000,0.000]","[0.000,0.000,0.000,1.000]",[],[],[],[]
6,R22_Helicopter_V2/Rotors_Group/Main Rotor - Mast/Main Rotor -  Blur Quad,"[0.809,2.280,-0.297]","[90.000,0.000,0.000]","[0.707,0.000,0.000,0.707]","[0.809,2.280,-0.297]","[4.300,0.000,4.300]",[],[]
6,R22_Helicopter_V2/Rotors_Group,"[0.810,0.017,0.000]","[0.000,0.000,0.000]","[0.000,0.000,0.000,1.000]",[],[],[],[]
6,R22_Helicopter_V2/Rotors_Group/Main Rotor - Mast/Main Rotor -  Double-side blur quad,"[0.809,2.280,-0.297]","[270.000,0.000,0.000]","[-0.707,0.000,0.000,0.707]","[0.809,2.280,-0.297]","[4.300,0.000,4.300]",[],[]
6,R22_Helicopter_V2/Rotors_Group/Back Rotor - Mast/Tail Rotor - Blur quad,"[0.537,1.189,-2.237]","[0.000,90.000,0.000]","[0.000,0.707,0.000,0.707]","[0.537,1.189,-2.237]","[0.000,0.600,0.600]",[],[]
6,R22_Helicopter_V2/Engines,"[0.810,0.017,0.000]","[0.000,0.000,0.000]","[0.000,0.000,0.000,1.000]",[],[],[],[]
6,R22_Helicopter_V2/Collider Group/R_Skid_COL,"[1.541,0.050,0.000]","[0.000,0.000,0.000]","[0.000,0.000,0.000,1.000]",[],[],"[1.541,0.050,0.190]","[0.100,0.100,1.742]"
7,Directional Light,"[0.000,3.000,0.000]","[50.000,330.000,0.000]","[0.408,-0.235,0.109,0.875]",[],[],[],[]
7,Canvas/Panel/Row - INFO,"[275.667,933.267,0.000]","[0.000,0.000,0.000]","[0.000,0.000,0.000,1.000]",[],[],[],[]
7,Canvas/Panel/Row - Pedal/Text (TMP) - Title,"[148.563,1073.333,0.000]","[0.000,0.000,0.000]","[0.000,0.000,0.000,1.000]",[],[],[],[]
7,Level_Manager/FX_GRP,"[0.000,0.000,0.000]","[0.000,0.000,0.000]","[0.000,0.000,0.000,1.000]",[],[],[],[]
7,Canvas/Panel/Row - Sticky Throttle,"[275.667,1340.000,0.000]","[0.000,0.000,0.000]","[0.000,0.000,0.000,1.000]",[],[],[],[]
7,Canvas/Panel/Row - Pedal/Text (TMP) - Content,"[424.230,1073.333,0.000]","[0.000,0.000,0.000]","[0.000,0.000,0.000,1.000]",[],[],[],[]
7,Level_Manager/Audio_GRP,"[0.000,0.000,0.000]","[0.000,0.000,0.000]","[0.000,0.000,0.000,1.000]",[],[],[],[]
7,Canvas/Panel/Row - Raw Throttle,"[275.667,1406.667,0.000]","[0.000,0.000,0.000]","[0.000,0.000,0.000,1.000]",[],[],[],[]
7,Canvas/Panel/Row - Raw Throttle/Text (TMP) - Content,"[424.230,1406.667,0.000]","[0.000,0.000,0.000]","[0.000,0.000,0.000,1.000]",[],[],[],[]
7,Level_Manager/PostProcessing,"[0.000,0.000,0.000]","[0.000,0.000,0.000]","[0.000,0.000,0.000,1.000]",[],[],[],[]
7,Level_Manager/Lighting_GRP,"[0.000,0.000,0.000]","[0.000,0.000,0.000]","[0.000,0.000,0.000,1.000]",[],[],[],[]
7,Canvas/Panel/Row - Sticky Throttle/Text (TMP) - Title,"[148.563,1340.000,0.000]","[0.000,0.000,0.000]","[0.000,0.000,0.000,1.000]",[],[],[],[]
7,R22_Helicopter_V2/Graphics_Group,"[0.810,0.017,0.000]","[0.000,0.000,0.000]","[0.000,0.000,0.000,1.000]",[],[],[],[]
7,R22_Helicopter_V2/Audio Group,"[0.810,0.017,0.000]","[0.000,0.000,0.000]","[0.000,0.000,0.000,1.000]",[],[],[],[]
7,Canvas/Panel/Row - INFO/Text (TMP) - Content,"[275.667,899.933,0.000]","[0.000,0.000,0.000]","[0.000,0.000,0.000,1.000]",[],[],[],[]
7,Level_Manager/Geo_GRP,"[0.000,0.000,0.000]","[0.000,0.000,0.000]","[0.000,0.000,0.000,1.000]",[],[],[],[]
7,Canvas,"[1720.000,720.000,0.000]","[0.000,0.000,0.000]","[0.000,0.000,0.000,1.000]",[],[],[],[]
7,Level_Manager,"[0.000,0.000,0.000]","[0.000,0.000,0.000]","[0.000,0.000,0.000,1.000]",[],[],[],[]
7,Canvas/Panel/Row - Cyclic/Text (TMP) - Content,"[424.230,1140.000,0.000]","[0.000,0.000,0.000]","[0.000,0.000,0.000,1.000]",[],[],[],[]
7,Canvas/Panel/Row - Cyclic,"[275.667,1140.000,0.000]","[0.000,0.000,0.000]","[0.000,0.000,0.000,1.000]",[],[],[],[]
7,Canvas/Panel/Row - Collective/Text (TMP) - Content,"[424.230,1273.333,0.000]","[0.000,0.000,0.000]","[0.000,0.000,0.000,1.000]",[],[],[],[]
7,HeliPad_001,"[1.550,0.000,-0.670]","[0.000,0.000,0.000]","[0.000,0.000,0.000,1.000]","[1.555,-0.012,-0.659]","[14.268,0.216,14.105]",[],[]
7,Canvas/Panel/Row - Cyclic/Text (TMP) - Title,"[148.563,1140.000,0.000]","[0.000,0.000,0.000]","[0.000,0.000,0.000,1.000]",[],[],[],[]
7,Canvas/Panel/Row - Sticky Collective/Text (TMP) - Content,"[424.230,1206.667,0.000]","[0.000,0.000,0.000]","[0.000,0.000,0.000,1.000]",[],[],[],[]
7,Canvas/Panel/Row - Pedal,"[275.667,1073.333,0.000]","[0.000,0.000,0.000]","[0.000,0.000,0.000,1.000]",[],[],[],[]
7,Main Camera,"[0.810,5.017,-8.000]","[23.147,0.000,0.000]","[0.201,0.000,0.000,0.980]",[],[],[],[]
7,Canvas/Panel/Row - Sticky Collective,"[275.667,1206.667,0.000]","[0.000,0.000,0.000]","[0.000,0.000,0.000,1.000]",[],[],[],[]
7,Canvas/Panel/Row - Sticky Collective/Text (TMP) - Title,"[148.563,1206.667,0.000]","[0.000,0.000,0.000]","[0.000,0.000,0.000,1.000]",[],[],[],[]
7,Plane,"[0.000,0.000,0.000]","[0.000,0.000,0.000]","[0.000,0.000,0.000,1.000]","[0.000,0.000,0.000]","[1000.000,0.000,1000.000]","[0.000,0.000,0.000]","[1000.000,0.000,1000.000]"
7,EventSystem,"[0.000,0.000,0.000]","[0.000,0.000,0.000]","[0.000,0.000,0.000,1.000]",[],[],[],[]
7,R22_Helicopter_V2/COG,"[0.810,0.795,-0.185]","[0.000,0.000,0.000]","[0.000,0.000,0.000,1.000]",[],[],[],[]
7,Canvas/Panel/Row - Raw Throttle/Text (TMP) - Title,"[148.563,1406.667,0.000]","[0.000,0.000,0.000]","[0.000,0.000,0.000,1.000]",[],[],[],[]
7,Canvas/Panel/Row - Sticky Throttle/Text (TMP) - Content,"[424.230,1340.000,0.000]","[0.000,0.000,0.000]","[0.000,0.000,0.000,1.000]",[],[],[],[]
7,R22_Helicopter_V2/Collider Group,"[0.810,0.017,0.000]","[0.000,0.000,0.000]","[0.000,0.000,0.000,1.000]",[],[],[],[]
7,Canvas/Panel/Row - INFO/Text (TMP) - Title,"[275.667,1006.667,0.000]","[0.000,0.000,0.000]","[0.000,0.000,0.000,1.000]",[],[],[],[]
7,Canvas/Panel,"[0.000,1440.000,0.000]","[0.000,0.000,0.000]","[0.000,0.000,0.000,1.000]",[],[],[],[]
7,Canvas/Panel/Row - Collective/Text (TMP) - Title,"[148.563,1273.333,0.000]","[0.000,0.000,0.000]","[0.000,0.000,0.000,1.000]",[],[],[],[]
7,Canvas/Panel/Row - Collective,"[275.667,1273.333,0.000]","[0.000,0.000,0.000]","[0.000,0.000,0.000,1.000]",[],[],[],[]
7,R22_Helicopter_V2/Rotors_Group/Back Rotor - Mast,"[0.743,1.189,-2.237]","[0.000,0.000,0.000]","[0.000,0.000,0.000,1.000]",[],[],[],[]
7,R22_Helicopter_V2/Rotors_Group/Main Rotor - Mast,"[0.809,2.151,-0.297]","[0.000,0.000,0.000]","[0.000,0.000,0.000,1.000]",[],[],[],[]
7,R22_Helicopter_V2/Graphics_Group/R22_Body_Gruop/R22_Body_RDoor_Geo/R22_Body_RDoorGlass_Geo,"[0.810,0.017,0.000]","[0.000,0.000,0.000]","[0.000,0.000,0.000,1.000]","[1.320,1.125,0.002]","[0.171,0.436,0.554]",[],[]
7,R22_Helicopter_V2/Graphics_Group/R22_Body_Gruop/R22_Body_RDoor_Geo,"[1.413,0.923,0.312]","[0.000,0.000,0.000]","[0.000,0.000,0.000,1.000]","[1.306,0.950,0.055]","[0.220,0.856,0.731]",[],[]
7,R22_Helicopter_V2/Graphics_Group/R22_Cockpit_Gruop/R22_Cockpit_Chairs_Geo,"[0.803,0.314,0.336]","[0.000,0.000,0.000]","[0.000,0.000,0.000,1.000]","[0.803,0.761,0.336]","[0.991,0.905,1.188]",[],[]
7,R22_Helicopter_V2/Graphics_Group/R22_Body_Gruop/R22_Body_Windshield_Geo,"[0.810,0.017,0.000]","[0.000,0.000,0.000]","[0.000,0.000,0.000,1.000]","[0.803,1.040,0.572]","[1.223,0.926,0.842]",[],[]
7,R22_Helicopter_V2/Graphics_Group/R22_Body_Gruop,"[0.803,1.103,-0.693]","[0.000,0.000,0.000]","[0.000,0.000,0.000,1.000]",[],[],[],[]
7,R22_Helicopter_V2/Graphics_Group/R22_Body_Gruop/R22_Body_Geo,"[0.810,0.017,0.000]","[0.000,0.000,0.000]","[0.000,0.000,0.000,1.000]","[0.803,1.103,-0.693]","[1.239,1.769,3.377]",[],[]
7,R22_Helicopter_V2/Graphics_Group/R22_Body_Gruop/R22_Body_LDoor_Geo/R22_Body_LDoorGlass_Geo,"[0.810,0.017,0.000]","[0.000,0.000,0.000]","[0.000,0.000,0.000,1.000]","[0.286,1.125,0.002]","[0.171,0.436,0.554]",[],[]
7,R22_Helicopter_V2/Graphics_Group/R22_Body_Gruop/R22_Body_LDoor_Geo,"[0.180,0.939,0.306]","[0.000,0.000,0.000]","[0.000,0.000,0.000,1.000]","[0.301,0.950,0.055]","[0.220,0.856,0.731]",[],[]
7,R22_Helicopter_V2/Graphics_Group/R22_Cockpit_Gruop/R22_Cockpit_LLever02_Geo,"[0.529,0.345,0.659]","[0.000,0.000,0.000]","[0.000,0.000,0.000,1.000]","[0.502,0.388,0.647]","[0.108,0.108,0.042]",[],[]
7,R22_Helicopter_V2/Graphics_Group/R22_Cockpit_Gruop/R22_Cockpit_LLever01_Geo,"[0.647,0.345,0.659]","[0.000,0.000,0.000]","[0.000,0.000,0.000,1.000]","[0.621,0.381,0.685]","[0.108,0.094,0.072]",[],[]
7,R22_Helicopter_V2/Graphics_Group/R22_Cockpit_Gruop/R22_Cockpit_Needle02_Geo,"[0.948,0.816,0.782]","[0.000,0.000,0.000]","[0.000,0.000,0.000,1.000]","[0.948,0.831,0.784]","[0.004,0.024,0.004]",[],[]
7,R22_Helicopter_V2/Graphics_Group/R22_Cockpit_Gruop/R22_Cockpit_Needle01_Geo,"[0.661,0.816,0.782]","[0.000,0.000,0.000]","[0.000,0.000,0.000,1.000]","[0.661,0.831,0.784]","[0.004,0.024,0.004]",[],[]
7,R22_Helicopter_V2/Graphics_Group/R22_Cockpit_Gruop/R22_Cockpit_Handle01_Geo,"[0.803,0.890,0.382]","[0.000,0.000,0.000]","[0.000,0.000,0.000,1.000]","[0.803,0.945,0.382]","[0.672,0.176,0.118]",[],[]
7,R22_Helicopter_V2/Graphics_Group/R22_Cockpit_Gruop,"[0.803,0.761,0.336]","[0.000,0.000,0.000]","[0.000,0.000,0.000,1.000]",[],[],[],[]
7,R22_Helicopter_V2/Graphics_Group/R22_Body_Gruop/R22_Body_LDoor_Geo/R22_Cockpit_LDoor_Geo,"[0.268,0.743,0.107]","[0.000,0.000,0.000]","[0.000,0.000,0.000,1.000]","[0.268,0.743,0.107]","[0.129,0.397,0.556]",[],[]
7,R22_Helicopter_V2/Graphics_Group/R22_Cockpit_Gruop/R22_Cockpit_Hanlde02_Geo,"[0.803,0.477,0.390]","[0.000,0.000,0.000]","[0.000,0.000,0.000,1.000]","[0.803,0.686,0.390]","[0.124,0.415,0.117]",[],[]
7,R22_Helicopter_V2/Graphics_Group/R22_Cockpit_Gruop/R22_Cockpit_RLever01_Geo,"[0.958,0.344,0.660]","[0.000,0.000,0.000]","[0.000,0.000,0.000,1.000]","[0.985,0.381,0.685]","[0.108,0.093,0.072]",[],[]
7,R22_Helicopter_V2/Graphics_Group/R22_Body_Gruop/R22_Body_RDoor_Geo/R22_Cockpit_RDoor_Geo,"[1.339,0.744,0.107]","[0.000,0.000,0.000]","[0.000,0.000,0.000,1.000]","[1.339,0.744,0.107]","[0.129,0.397,0.556]",[],[]
7,R22_Helicopter_V2,"[0.810,0.017,0.000]","[0.000,0.000,0.000]","[0.000,0.000,0.000,1.000]",[],[],[],[]
7,R22_Helicopter_V2/Graphics_Group/R22_Cockpit_Gruop/R22_Cockpit_RLever02_Geo,"[1.077,0.345,0.658]","[0.000,0.000,0.000]","[0.000,0.000,0.000,1.000]","[1.104,0.388,0.647]","[0.108,0.108,0.041]",[],[]
7,R22_Helicopter_V2/Graphics_Group/R22_Cockpit_Gruop/R22_Cockpit_Needle04_Geo,"[0.746,0.651,0.722]","[0.000,0.000,0.000]","[0.000,0.000,0.000,1.000]","[0.746,0.652,0.732]","[0.002,0.002,0.015]",[],[]
7,R22_Helicopter_V2/Graphics_Group/R22_Cockpit_Gruop/R22_Cockpit_Needle03_Geo,"[0.708,0.723,0.769]","[0.000,0.000,0.000]","[0.000,0.000,0.000,1.000]","[0.708,0.738,0.771]","[0.004,0.024,0.004]",[],[]
7,R22_Helicopter_V2/Graphics_Group/R22_Cockpit_Gruop/R22_Cockpit_PannelButtons_Geo,"[0.806,0.713,0.643]","[0.000,0.000,0.000]","[0.000,0.000,0.000,1.000]","[0.806,0.713,0.643]","[0.179,0.378,0.313]",[],[]
7,R22_Helicopter_V2/Graphics_Group/R22_Cockpit_Gruop/R22_Cockpit_Needle05_Geo,"[0.746,0.645,0.655]","[0.000,0.000,0.000]","[0.000,0.000,0.000,1.000]","[0.746,0.645,0.665]","[0.002,0.002,0.015]",[],[]
7,R22_Helicopter_V2/Rotors_Group/Main Rotor - Mast/R22_Mechanical_RBlade_Geo,"[0.933,2.289,-0.299]","[0.000,0.000,0.000]","[0.000,0.000,0.000,1.000]","[1.931,2.296,-0.258]","[2.030,0.289,0.275]",[],[]
7,R22_Helicopter_V2/Graphics_Group/R22_Mechanical_Group/R22_Mechanical_Motor_Geo,"[0.803,0.009,0.244]","[0.000,0.000,0.000]","[0.000,0.000,0.000,1.000]","[0.803,0.616,0.027]","[1.550,1.206,2.056]",[],[]
7,R22_Helicopter_V2/Rotors_Group/Back Rotor - Mast/R22_Mechanical_TailMast_Geo,"[0.743,1.189,-2.237]","[0.000,0.000,0.000]","[0.000,0.000,0.000,1.000]","[0.644,1.190,-2.237]","[0.240,0.089,0.070]",[],[]
7,R22_Helicopter_V2/Rotors_Group/Back Rotor - Mast/R22_Mechanical_RTailBlade_Geo,"[0.542,1.211,-2.236]","[0.000,0.000,0.000]","[0.000,0.000,0.000,1.000]","[0.542,1.327,-2.254]","[0.012,0.263,0.074]",[],[]
7,R22_Helicopter_V2/Rotors_Group/Main Rotor - Mast/R22_Mechanical_LBlade_Geo,"[0.684,2.289,-0.294]","[0.000,0.000,0.000]","[0.000,0.000,0.000,1.000]","[-0.314,2.294,-0.336]","[2.031,0.284,0.275]",[],[]
7,R22_Helicopter_V2/Graphics_Group/R22_Mechanical_Group,"[0.810,1.202,-0.618]","[0.000,0.000,0.000]","[0.000,0.000,0.000,1.000]",[],[],[],[]
7,R22_Helicopter_V2/Rotors_Group/Main Rotor - Mast/R22_Mechanical_Mast_Geo,"[0.809,2.151,-0.297]","[0.000,0.000,0.000]","[0.000,0.000,0.000,1.000]","[0.809,2.151,-0.297]","[0.372,0.481,0.235]",[],[]
7,R22_Helicopter_V2/Rotors_Group/Back Rotor - Mast/R22_Mechanical_LTailBlade_Geo,"[0.542,1.160,-2.236]","[0.000,0.000,0.000]","[0.000,0.000,0.000,1.000]","[0.542,1.051,-2.220]","[0.012,0.263,0.074]",[],[]
7,R22_Helicopter_V2/Graphics_Group/R_22_Blendshapes,"[0.810,0.017,0.000]","[0.000,0.000,0.000]","[0.000,0.000,0.000,1.000]",[],[],[],[]
7,R22_Helicopter_V2/Collider Group/Tail_COL,"[0.810,1.131,-1.535]","[3.681,0.000,0.000]","[0.032,0.000,0.000,0.999]",[],[],"[0.810,1.131,-1.535]","[0.300,0.390,1.697]"
7,R22_Helicopter_V2/Rotors_Group/Back Rotor - Mast/Tail Rotor - Double-side blur quad,"[0.537,1.189,-2.237]","[0.000,270.000,0.000]","[0.000,-0.707,0.000,0.707]","[0.537,1.189,-2.237]","[0.000,0.600,0.600]",[],[]
7,R22_Helicopter_V2/Collider Group/L_Skid_COL,"[0.068,0.050,0.000]","[0.000,0.000,0.000]","[0.000,0.000,0.000,1.000]",[],[],"[0.068,0.050,0.190]","[0.100,0.100,1.742]"
7,R22_Helicopter_V2/Collider Group/Fuselage_COL,"[0.810,0.802,0.000]","[0.000,0.000,0.000]","[0.000,0.000,0.000,1.000]",[],[],"[0.810,0.802,0.000]","[1.380,1.380,2.200]"
7,R22_Helicopter_V2/Engines/Main Engine,"[0.810,0.017,0.000]","[0.000,0.000,0.000]","[0.000,0.000,0.000,1.000]",[],[],[],[]
7,R22_Helicopter_V2/Collider Group/Mast_COL,"[0.810,1.747,-0.290]","[353.243,0.000,0.000]","[-0.059,0.000,0.000,0.998]",[],[],"[0.810,1.747,-0.290]","[0.700,0.928,0.727]"
7,R22_Helicopter_V2/Camera LookAt Target,"[0.810,1.597,0.000]","[0.000,0.000,0.000]","[0.000,0.000,0.000,1.000]",[],[],[],[]
7,R22_Helicopter_V2/Rotors_Group/Main Rotor - Mast/Main Rotor -  Blur Quad,"[0.809,2.280,-0.297]","[90.000,0.000,0.000]","[0.707,0.000,0.000,0.707]","[0.809,2.280,-0.297]","[4.300,0.000,4.300]",[],[]
7,R22_Helicopter_V2/Rotors_Group,"[0.810,0.017,0.000]","[0.000,0.000,0.000]","[0.000,0.000,0.000,1.000]",[],[],[],[]
7,R22_Helicopter_V2/Rotors_Group/Main Rotor - Mast/Main Rotor -  Double-side blur quad,"[0.809,2.280,-0.297]","[270.000,0.000,0.000]","[-0.707,0.000,0.000,0.707]","[0.809,2.280,-0.297]","[4.300,0.000,4.300]",[],[]
7,R22_Helicopter_V2/Rotors_Group/Back Rotor - Mast/Tail Rotor - Blur quad,"[0.537,1.189,-2.237]","[0.000,90.000,0.000]","[0.000,0.707,0.000,0.707]","[0.537,1.189,-2.237]","[0.000,0.600,0.600]",[],[]
7,R22_Helicopter_V2/Engines,"[0.810,0.017,0.000]","[0.000,0.000,0.000]","[0.000,0.000,0.000,1.000]",[],[],[],[]
7,R22_Helicopter_V2/Collider Group/R_Skid_COL,"[1.541,0.050,0.000]","[0.000,0.000,0.000]","[0.000,0.000,0.000,1.000]",[],[],"[1.541,0.050,0.190]","[0.100,0.100,1.742]"
8,Directional Light,"[0.000,3.000,0.000]","[50.000,330.000,0.000]","[0.408,-0.235,0.109,0.875]",[],[],[],[]
8,Canvas/Panel/Row - INFO,"[275.667,933.267,0.000]","[0.000,0.000,0.000]","[0.000,0.000,0.000,1.000]",[],[],[],[]
8,Canvas/Panel/Row - Pedal/Text (TMP) - Title,"[148.563,1073.333,0.000]","[0.000,0.000,0.000]","[0.000,0.000,0.000,1.000]",[],[],[],[]
8,Level_Manager/FX_GRP,"[0.000,0.000,0.000]","[0.000,0.000,0.000]","[0.000,0.000,0.000,1.000]",[],[],[],[]
8,Canvas/Panel/Row - Sticky Throttle,"[275.667,1340.000,0.000]","[0.000,0.000,0.000]","[0.000,0.000,0.000,1.000]",[],[],[],[]
8,Canvas/Panel/Row - Pedal/Text (TMP) - Content,"[424.230,1073.333,0.000]","[0.000,0.000,0.000]","[0.000,0.000,0.000,1.000]",[],[],[],[]
8,Level_Manager/Audio_GRP,"[0.000,0.000,0.000]","[0.000,0.000,0.000]","[0.000,0.000,0.000,1.000]",[],[],[],[]
8,Canvas/Panel/Row - Raw Throttle,"[275.667,1406.667,0.000]","[0.000,0.000,0.000]","[0.000,0.000,0.000,1.000]",[],[],[],[]
8,Canvas/Panel/Row - Raw Throttle/Text (TMP) - Content,"[424.230,1406.667,0.000]","[0.000,0.000,0.000]","[0.000,0.000,0.000,1.000]",[],[],[],[]
8,Level_Manager/PostProcessing,"[0.000,0.000,0.000]","[0.000,0.000,0.000]","[0.000,0.000,0.000,1.000]",[],[],[],[]
8,Level_Manager/Lighting_GRP,"[0.000,0.000,0.000]","[0.000,0.000,0.000]","[0.000,0.000,0.000,1.000]",[],[],[],[]
8,Canvas/Panel/Row - Sticky Throttle/Text (TMP) - Title,"[148.563,1340.000,0.000]","[0.000,0.000,0.000]","[0.000,0.000,0.000,1.000]",[],[],[],[]
8,R22_Helicopter_V2/Graphics_Group,"[0.810,0.017,0.000]","[0.000,0.000,0.000]","[0.000,0.000,0.000,1.000]",[],[],[],[]
8,R22_Helicopter_V2/Audio Group,"[0.810,0.017,0.000]","[0.000,0.000,0.000]","[0.000,0.000,0.000,1.000]",[],[],[],[]
8,Canvas/Panel/Row - INFO/Text (TMP) - Content,"[275.667,899.933,0.000]","[0.000,0.000,0.000]","[0.000,0.000,0.000,1.000]",[],[],[],[]
8,Level_Manager/Geo_GRP,"[0.000,0.000,0.000]","[0.000,0.000,0.000]","[0.000,0.000,0.000,1.000]",[],[],[],[]
8,Canvas,"[1720.000,720.000,0.000]","[0.000,0.000,0.000]","[0.000,0.000,0.000,1.000]",[],[],[],[]
8,Level_Manager,"[0.000,0.000,0.000]","[0.000,0.000,0.000]","[0.000,0.000,0.000,1.000]",[],[],[],[]
8,Canvas/Panel/Row - Cyclic/Text (TMP) - Content,"[424.230,1140.000,0.000]","[0.000,0.000,0.000]","[0.000,0.000,0.000,1.000]",[],[],[],[]
8,Canvas/Panel/Row - Cyclic,"[275.667,1140.000,0.000]","[0.000,0.000,0.000]","[0.000,0.000,0.000,1.000]",[],[],[],[]
8,Canvas/Panel/Row - Collective/Text (TMP) - Content,"[424.230,1273.333,0.000]","[0.000,0.000,0.000]","[0.000,0.000,0.000,1.000]",[],[],[],[]
8,HeliPad_001,"[1.550,0.000,-0.670]","[0.000,0.000,0.000]","[0.000,0.000,0.000,1.000]","[1.555,-0.012,-0.659]","[14.268,0.216,14.105]",[],[]
8,Canvas/Panel/Row - Cyclic/Text (TMP) - Title,"[148.563,1140.000,0.000]","[0.000,0.000,0.000]","[0.000,0.000,0.000,1.000]",[],[],[],[]
8,Canvas/Panel/Row - Sticky Collective/Text (TMP) - Content,"[424.230,1206.667,0.000]","[0.000,0.000,0.000]","[0.000,0.000,0.000,1.000]",[],[],[],[]
8,Canvas/Panel/Row - Pedal,"[275.667,1073.333,0.000]","[0.000,0.000,0.000]","[0.000,0.000,0.000,1.000]",[],[],[],[]
8,Main Camera,"[0.810,5.017,-8.000]","[23.147,0.000,0.000]","[0.201,0.000,0.000,0.980]",[],[],[],[]
8,Canvas/Panel/Row - Sticky Collective,"[275.667,1206.667,0.000]","[0.000,0.000,0.000]","[0.000,0.000,0.000,1.000]",[],[],[],[]
8,Canvas/Panel/Row - Sticky Collective/Text (TMP) - Title,"[148.563,1206.667,0.000]","[0.000,0.000,0.000]","[0.000,0.000,0.000,1.000]",[],[],[],[]
8,Plane,"[0.000,0.000,0.000]","[0.000,0.000,0.000]","[0.000,0.000,0.000,1.000]","[0.000,0.000,0.000]","[1000.000,0.000,1000.000]","[0.000,0.000,0.000]","[1000.000,0.000,1000.000]"
8,EventSystem,"[0.000,0.000,0.000]","[0.000,0.000,0.000]","[0.000,0.000,0.000,1.000]",[],[],[],[]
8,R22_Helicopter_V2/COG,"[0.810,0.795,-0.185]","[0.000,0.000,0.000]","[0.000,0.000,0.000,1.000]",[],[],[],[]
8,Canvas/Panel/Row - Raw Throttle/Text (TMP) - Title,"[148.563,1406.667,0.000]","[0.000,0.000,0.000]","[0.000,0.000,0.000,1.000]",[],[],[],[]
8,Canvas/Panel/Row - Sticky Throttle/Text (TMP) - Content,"[424.230,1340.000,0.000]","[0.000,0.000,0.000]","[0.000,0.000,0.000,1.000]",[],[],[],[]
8,R22_Helicopter_V2/Collider Group,"[0.810,0.017,0.000]","[0.000,0.000,0.000]","[0.000,0.000,0.000,1.000]",[],[],[],[]
8,Canvas/Panel/Row - INFO/Text (TMP) - Title,"[275.667,1006.667,0.000]","[0.000,0.000,0.000]","[0.000,0.000,0.000,1.000]",[],[],[],[]
8,Canvas/Panel,"[0.000,1440.000,0.000]","[0.000,0.000,0.000]","[0.000,0.000,0.000,1.000]",[],[],[],[]
8,Canvas/Panel/Row - Collective/Text (TMP) - Title,"[148.563,1273.333,0.000]","[0.000,0.000,0.000]","[0.000,0.000,0.000,1.000]",[],[],[],[]
8,Canvas/Panel/Row - Collective,"[275.667,1273.333,0.000]","[0.000,0.000,0.000]","[0.000,0.000,0.000,1.000]",[],[],[],[]
8,R22_Helicopter_V2/Rotors_Group/Back Rotor - Mast,"[0.743,1.189,-2.237]","[0.000,0.000,0.000]","[0.000,0.000,0.000,1.000]",[],[],[],[]
8,R22_Helicopter_V2/Rotors_Group/Main Rotor - Mast,"[0.809,2.151,-0.297]","[0.000,0.000,0.000]","[0.000,0.000,0.000,1.000]",[],[],[],[]
8,R22_Helicopter_V2/Graphics_Group/R22_Body_Gruop/R22_Body_RDoor_Geo/R22_Body_RDoorGlass_Geo,"[0.810,0.017,0.000]","[0.000,0.000,0.000]","[0.000,0.000,0.000,1.000]","[1.320,1.125,0.002]","[0.171,0.436,0.554]",[],[]
8,R22_Helicopter_V2/Graphics_Group/R22_Body_Gruop/R22_Body_RDoor_Geo,"[1.413,0.923,0.312]","[0.000,0.000,0.000]","[0.000,0.000,0.000,1.000]","[1.306,0.950,0.055]","[0.220,0.856,0.731]",[],[]
8,R22_Helicopter_V2/Graphics_Group/R22_Cockpit_Gruop/R22_Cockpit_Chairs_Geo,"[0.803,0.314,0.336]","[0.000,0.000,0.000]","[0.000,0.000,0.000,1.000]","[0.803,0.761,0.336]","[0.991,0.905,1.188]",[],[]
8,R22_Helicopter_V2/Graphics_Group/R22_Body_Gruop/R22_Body_Windshield_Geo,"[0.810,0.017,0.000]","[0.000,0.000,0.000]","[0.000,0.000,0.000,1.000]","[0.803,1.040,0.572]","[1.223,0.926,0.842]",[],[]
8,R22_Helicopter_V2/Graphics_Group/R22_Body_Gruop,"[0.803,1.103,-0.693]","[0.000,0.000,0.000]","[0.000,0.000,0.000,1.000]",[],[],[],[]
8,R22_Helicopter_V2/Graphics_Group/R22_Body_Gruop/R22_Body_Geo,"[0.810,0.017,0.000]","[0.000,0.000,0.000]","[0.000,0.000,0.000,1.000]","[0.803,1.103,-0.693]","[1.239,1.769,3.377]",[],[]
8,R22_Helicopter_V2/Graphics_Group/R22_Body_Gruop/R22_Body_LDoor_Geo/R22_Body_LDoorGlass_Geo,"[0.810,0.017,0.000]","[0.000,0.000,0.000]","[0.000,0.000,0.000,1.000]","[0.286,1.125,0.002]","[0.171,0.436,0.554]",[],[]
8,R22_Helicopter_V2/Graphics_Group/R22_Body_Gruop/R22_Body_LDoor_Geo,"[0.180,0.939,0.306]","[0.000,0.000,0.000]","[0.000,0.000,0.000,1.000]","[0.301,0.950,0.055]","[0.220,0.856,0.731]",[],[]
8,R22_Helicopter_V2/Graphics_Group/R22_Cockpit_Gruop/R22_Cockpit_LLever02_Geo,"[0.529,0.345,0.659]","[0.000,0.000,0.000]","[0.000,0.000,0.000,1.000]","[0.502,0.388,0.647]","[0.108,0.108,0.042]",[],[]
8,R22_Helicopter_V2/Graphics_Group/R22_Cockpit_Gruop/R22_Cockpit_LLever01_Geo,"[0.647,0.345,0.659]","[0.000,0.000,0.000]","[0.000,0.000,0.000,1.000]","[0.621,0.381,0.685]","[0.108,0.094,0.072]",[],[]
8,R22_Helicopter_V2/Graphics_Group/R22_Cockpit_Gruop/R22_Cockpit_Needle02_Geo,"[0.948,0.816,0.782]","[0.000,0.000,0.000]","[0.000,0.000,0.000,1.000]","[0.948,0.831,0.784]","[0.004,0.024,0.004]",[],[]
8,R22_Helicopter_V2/Graphics_Group/R22_Cockpit_Gruop/R22_Cockpit_Needle01_Geo,"[0.661,0.816,0.782]","[0.000,0.000,0.000]","[0.000,0.000,0.000,1.000]","[0.661,0.831,0.784]","[0.004,0.024,0.004]",[],[]
8,R22_Helicopter_V2/Graphics_Group/R22_Cockpit_Gruop/R22_Cockpit_Handle01_Geo,"[0.803,0.890,0.382]","[0.000,0.000,0.000]","[0.000,0.000,0.000,1.000]","[0.803,0.945,0.382]","[0.672,0.176,0.118]",[],[]
8,R22_Helicopter_V2/Graphics_Group/R22_Cockpit_Gruop,"[0.803,0.761,0.336]","[0.000,0.000,0.000]","[0.000,0.000,0.000,1.000]",[],[],[],[]
8,R22_Helicopter_V2/Graphics_Group/R22_Body_Gruop/R22_Body_LDoor_Geo/R22_Cockpit_LDoor_Geo,"[0.268,0.743,0.107]","[0.000,0.000,0.000]","[0.000,0.000,0.000,1.000]","[0.268,0.743,0.107]","[0.129,0.397,0.556]",[],[]
8,R22_Helicopter_V2/Graphics_Group/R22_Cockpit_Gruop/R22_Cockpit_Hanlde02_Geo,"[0.803,0.477,0.390]","[0.000,0.000,0.000]","[0.000,0.000,0.000,1.000]","[0.803,0.686,0.390]","[0.124,0.415,0.117]",[],[]
8,R22_Helicopter_V2/Graphics_Group/R22_Cockpit_Gruop/R22_Cockpit_RLever01_Geo,"[0.958,0.344,0.660]","[0.000,0.000,0.000]","[0.000,0.000,0.000,1.000]","[0.985,0.381,0.685]","[0.108,0.093,0.072]",[],[]
8,R22_Helicopter_V2/Graphics_Group/R22_Body_Gruop/R22_Body_RDoor_Geo/R22_Cockpit_RDoor_Geo,"[1.339,0.744,0.107]","[0.000,0.000,0.000]","[0.000,0.000,0.000,1.000]","[1.339,0.744,0.107]","[0.129,0.397,0.556]",[],[]
8,R22_Helicopter_V2,"[0.810,0.017,0.000]","[0.000,0.000,0.000]","[0.000,0.000,0.000,1.000]",[],[],[],[]
8,R22_Helicopter_V2/Graphics_Group/R22_Cockpit_Gruop/R22_Cockpit_RLever02_Geo,"[1.077,0.345,0.658]","[0.000,0.000,0.000]","[0.000,0.000,0.000,1.000]","[1.104,0.388,0.647]","[0.108,0.108,0.041]",[],[]
8,R22_Helicopter_V2/Graphics_Group/R22_Cockpit_Gruop/R22_Cockpit_Needle04_Geo,"[0.746,0.651,0.722]","[0.000,0.000,0.000]","[0.000,0.000,0.000,1.000]","[0.746,0.652,0.732]","[0.002,0.002,0.015]",[],[]
8,R22_Helicopter_V2/Graphics_Group/R22_Cockpit_Gruop/R22_Cockpit_Needle03_Geo,"[0.708,0.723,0.769]","[0.000,0.000,0.000]","[0.000,0.000,0.000,1.000]","[0.708,0.738,0.771]","[0.004,0.024,0.004]",[],[]
8,R22_Helicopter_V2/Graphics_Group/R22_Cockpit_Gruop/R22_Cockpit_PannelButtons_Geo,"[0.806,0.713,0.643]","[0.000,0.000,0.000]","[0.000,0.000,0.000,1.000]","[0.806,0.713,0.643]","[0.179,0.378,0.313]",[],[]
8,R22_Helicopter_V2/Graphics_Group/R22_Cockpit_Gruop/R22_Cockpit_Needle05_Geo,"[0.746,0.645,0.655]","[0.000,0.000,0.000]","[0.000,0.000,0.000,1.000]","[0.746,0.645,0.665]","[0.002,0.002,0.015]",[],[]
8,R22_Helicopter_V2/Rotors_Group/Main Rotor - Mast/R22_Mechanical_RBlade_Geo,"[0.933,2.289,-0.299]","[0.000,0.000,0.000]","[0.000,0.000,0.000,1.000]","[1.931,2.296,-0.258]","[2.030,0.289,0.275]",[],[]
8,R22_Helicopter_V2/Graphics_Group/R22_Mechanical_Group/R22_Mechanical_Motor_Geo,"[0.803,0.009,0.244]","[0.000,0.000,0.000]","[0.000,0.000,0.000,1.000]","[0.803,0.616,0.027]","[1.550,1.206,2.056]",[],[]
8,R22_Helicopter_V2/Rotors_Group/Back Rotor - Mast/R22_Mechanical_TailMast_Geo,"[0.743,1.189,-2.237]","[0.000,0.000,0.000]","[0.000,0.000,0.000,1.000]","[0.644,1.190,-2.237]","[0.240,0.089,0.070]",[],[]
8,R22_Helicopter_V2/Rotors_Group/Back Rotor - Mast/R22_Mechanical_RTailBlade_Geo,"[0.542,1.211,-2.236]","[0.000,0.000,0.000]","[0.000,0.000,0.000,1.000]","[0.542,1.327,-2.254]","[0.012,0.263,0.074]",[],[]
8,R22_Helicopter_V2/Rotors_Group/Main Rotor - Mast/R22_Mechanical_LBlade_Geo,"[0.684,2.289,-0.294]","[0.000,0.000,0.000]","[0.000,0.000,0.000,1.000]","[-0.314,2.294,-0.336]","[2.031,0.284,0.275]",[],[]
8,R22_Helicopter_V2/Graphics_Group/R22_Mechanical_Group,"[0.810,1.202,-0.618]","[0.000,0.000,0.000]","[0.000,0.000,0.000,1.000]",[],[],[],[]
8,R22_Helicopter_V2/Rotors_Group/Main Rotor - Mast/R22_Mechanical_Mast_Geo,"[0.809,2.151,-0.297]","[0.000,0.000,0.000]","[0.000,0.000,0.000,1.000]","[0.809,2.151,-0.297]","[0.372,0.481,0.235]",[],[]
8,R22_Helicopter_V2/Rotors_Group/Back Rotor - Mast/R22_Mechanical_LTailBlade_Geo,"[0.542,1.160,-2.236]","[0.000,0.000,0.000]","[0.000,0.000,0.000,1.000]","[0.542,1.051,-2.220]","[0.012,0.263,0.074]",[],[]
8,R22_Helicopter_V2/Graphics_Group/R_22_Blendshapes,"[0.810,0.017,0.000]","[0.000,0.000,0.000]","[0.000,0.000,0.000,1.000]",[],[],[],[]
8,R22_Helicopter_V2/Collider Group/Tail_COL,"[0.810,1.131,-1.535]","[3.681,0.000,0.000]","[0.032,0.000,0.000,0.999]",[],[],"[0.810,1.131,-1.535]","[0.300,0.390,1.697]"
8,R22_Helicopter_V2/Rotors_Group/Back Rotor - Mast/Tail Rotor - Double-side blur quad,"[0.537,1.189,-2.237]","[0.000,270.000,0.000]","[0.000,-0.707,0.000,0.707]","[0.537,1.189,-2.237]","[0.000,0.600,0.600]",[],[]
8,R22_Helicopter_V2/Collider Group/L_Skid_COL,"[0.068,0.050,0.000]","[0.000,0.000,0.000]","[0.000,0.000,0.000,1.000]",[],[],"[0.068,0.050,0.190]","[0.100,0.100,1.742]"
8,R22_Helicopter_V2/Collider Group/Fuselage_COL,"[0.810,0.802,0.000]","[0.000,0.000,0.000]","[0.000,0.000,0.000,1.000]",[],[],"[0.810,0.802,0.000]","[1.380,1.380,2.200]"
8,R22_Helicopter_V2/Engines/Main Engine,"[0.810,0.017,0.000]","[0.000,0.000,0.000]","[0.000,0.000,0.000,1.000]",[],[],[],[]
8,R22_Helicopter_V2/Collider Group/Mast_COL,"[0.810,1.747,-0.290]","[353.243,0.000,0.000]","[-0.059,0.000,0.000,0.998]",[],[],"[0.810,1.747,-0.290]","[0.700,0.928,0.727]"
8,R22_Helicopter_V2/Camera LookAt Target,"[0.810,1.597,0.000]","[0.000,0.000,0.000]","[0.000,0.000,0.000,1.000]",[],[],[],[]
8,R22_Helicopter_V2/Rotors_Group/Main Rotor - Mast/Main Rotor -  Blur Quad,"[0.809,2.280,-0.297]","[90.000,0.000,0.000]","[0.707,0.000,0.000,0.707]","[0.809,2.280,-0.297]","[4.300,0.000,4.300]",[],[]
8,R22_Helicopter_V2/Rotors_Group,"[0.810,0.017,0.000]","[0.000,0.000,0.000]","[0.000,0.000,0.000,1.000]",[],[],[],[]
8,R22_Helicopter_V2/Rotors_Group/Main Rotor - Mast/Main Rotor -  Double-side blur quad,"[0.809,2.280,-0.297]","[270.000,0.000,0.000]","[-0.707,0.000,0.000,0.707]","[0.809,2.280,-0.297]","[4.300,0.000,4.300]",[],[]
8,R22_Helicopter_V2/Rotors_Group/Back Rotor - Mast/Tail Rotor - Blur quad,"[0.537,1.189,-2.237]","[0.000,90.000,0.000]","[0.000,0.707,0.000,0.707]","[0.537,1.189,-2.237]","[0.000,0.600,0.600]",[],[]
8,R22_Helicopter_V2/Engines,"[0.810,0.017,0.000]","[0.000,0.000,0.000]","[0.000,0.000,0.000,1.000]",[],[],[],[]
8,R22_Helicopter_V2/Collider Group/R_Skid_COL,"[1.541,0.050,0.000]","[0.000,0.000,0.000]","[0.000,0.000,0.000,1.000]",[],[],"[1.541,0.050,0.190]","[0.100,0.100,1.742]"
9,Directional Light,"[0.000,3.000,0.000]","[50.000,330.000,0.000]","[0.408,-0.235,0.109,0.875]",[],[],[],[]
9,Canvas/Panel/Row - INFO,"[275.667,933.267,0.000]","[0.000,0.000,0.000]","[0.000,0.000,0.000,1.000]",[],[],[],[]
9,Canvas/Panel/Row - Pedal/Text (TMP) - Title,"[148.563,1073.333,0.000]","[0.000,0.000,0.000]","[0.000,0.000,0.000,1.000]",[],[],[],[]
9,Level_Manager/FX_GRP,"[0.000,0.000,0.000]","[0.000,0.000,0.000]","[0.000,0.000,0.000,1.000]",[],[],[],[]
9,Canvas/Panel/Row - Sticky Throttle,"[275.667,1340.000,0.000]","[0.000,0.000,0.000]","[0.000,0.000,0.000,1.000]",[],[],[],[]
9,Canvas/Panel/Row - Pedal/Text (TMP) - Content,"[424.230,1073.333,0.000]","[0.000,0.000,0.000]","[0.000,0.000,0.000,1.000]",[],[],[],[]
9,Level_Manager/Audio_GRP,"[0.000,0.000,0.000]","[0.000,0.000,0.000]","[0.000,0.000,0.000,1.000]",[],[],[],[]
9,Canvas/Panel/Row - Raw Throttle,"[275.667,1406.667,0.000]","[0.000,0.000,0.000]","[0.000,0.000,0.000,1.000]",[],[],[],[]
9,Canvas/Panel/Row - Raw Throttle/Text (TMP) - Content,"[424.230,1406.667,0.000]","[0.000,0.000,0.000]","[0.000,0.000,0.000,1.000]",[],[],[],[]
9,Level_Manager/PostProcessing,"[0.000,0.000,0.000]","[0.000,0.000,0.000]","[0.000,0.000,0.000,1.000]",[],[],[],[]
9,Level_Manager/Lighting_GRP,"[0.000,0.000,0.000]","[0.000,0.000,0.000]","[0.000,0.000,0.000,1.000]",[],[],[],[]
9,Canvas/Panel/Row - Sticky Throttle/Text (TMP) - Title,"[148.563,1340.000,0.000]","[0.000,0.000,0.000]","[0.000,0.000,0.000,1.000]",[],[],[],[]
9,R22_Helicopter_V2/Graphics_Group,"[0.810,0.017,0.000]","[0.000,0.000,0.000]","[0.000,0.000,0.000,1.000]",[],[],[],[]
9,R22_Helicopter_V2/Audio Group,"[0.810,0.017,0.000]","[0.000,0.000,0.000]","[0.000,0.000,0.000,1.000]",[],[],[],[]
9,Canvas/Panel/Row - INFO/Text (TMP) - Content,"[275.667,899.933,0.000]","[0.000,0.000,0.000]","[0.000,0.000,0.000,1.000]",[],[],[],[]
9,Level_Manager/Geo_GRP,"[0.000,0.000,0.000]","[0.000,0.000,0.000]","[0.000,0.000,0.000,1.000]",[],[],[],[]
9,Canvas,"[1720.000,720.000,0.000]","[0.000,0.000,0.000]","[0.000,0.000,0.000,1.000]",[],[],[],[]
9,Level_Manager,"[0.000,0.000,0.000]","[0.000,0.000,0.000]","[0.000,0.000,0.000,1.000]",[],[],[],[]
9,Canvas/Panel/Row - Cyclic/Text (TMP) - Content,"[424.230,1140.000,0.000]","[0.000,0.000,0.000]","[0.000,0.000,0.000,1.000]",[],[],[],[]
9,Canvas/Panel/Row - Cyclic,"[275.667,1140.000,0.000]","[0.000,0.000,0.000]","[0.000,0.000,0.000,1.000]",[],[],[],[]
9,Canvas/Panel/Row - Collective/Text (TMP) - Content,"[424.230,1273.333,0.000]","[0.000,0.000,0.000]","[0.000,0.000,0.000,1.000]",[],[],[],[]
9,HeliPad_001,"[1.550,0.000,-0.670]","[0.000,0.000,0.000]","[0.000,0.000,0.000,1.000]","[1.555,-0.012,-0.659]","[14.268,0.216,14.105]",[],[]
9,Canvas/Panel/Row - Cyclic/Text (TMP) - Title,"[148.563,1140.000,0.000]","[0.000,0.000,0.000]","[0.000,0.000,0.000,1.000]",[],[],[],[]
9,Canvas/Panel/Row - Sticky Collective/Text (TMP) - Content,"[424.230,1206.667,0.000]","[0.000,0.000,0.000]","[0.000,0.000,0.000,1.000]",[],[],[],[]
9,Canvas/Panel/Row - Pedal,"[275.667,1073.333,0.000]","[0.000,0.000,0.000]","[0.000,0.000,0.000,1.000]",[],[],[],[]
9,Main Camera,"[0.810,5.017,-8.000]","[23.147,0.000,0.000]","[0.201,0.000,0.000,0.980]",[],[],[],[]
9,Canvas/Panel/Row - Sticky Collective,"[275.667,1206.667,0.000]","[0.000,0.000,0.000]","[0.000,0.000,0.000,1.000]",[],[],[],[]
9,Canvas/Panel/Row - Sticky Collective/Text (TMP) - Title,"[148.563,1206.667,0.000]","[0.000,0.000,0.000]","[0.000,0.000,0.000,1.000]",[],[],[],[]
9,Plane,"[0.000,0.000,0.000]","[0.000,0.000,0.000]","[0.000,0.000,0.000,1.000]","[0.000,0.000,0.000]","[1000.000,0.000,1000.000]","[0.000,0.000,0.000]","[1000.000,0.000,1000.000]"
9,EventSystem,"[0.000,0.000,0.000]","[0.000,0.000,0.000]","[0.000,0.000,0.000,1.000]",[],[],[],[]
9,R22_Helicopter_V2/COG,"[0.810,0.795,-0.185]","[0.000,0.000,0.000]","[0.000,0.000,0.000,1.000]",[],[],[],[]
9,Canvas/Panel/Row - Raw Throttle/Text (TMP) - Title,"[148.563,1406.667,0.000]","[0.000,0.000,0.000]","[0.000,0.000,0.000,1.000]",[],[],[],[]
9,Canvas/Panel/Row - Sticky Throttle/Text (TMP) - Content,"[424.230,1340.000,0.000]","[0.000,0.000,0.000]","[0.000,0.000,0.000,1.000]",[],[],[],[]
9,R22_Helicopter_V2/Collider Group,"[0.810,0.017,0.000]","[0.000,0.000,0.000]","[0.000,0.000,0.000,1.000]",[],[],[],[]
9,Canvas/Panel/Row - INFO/Text (TMP) - Title,"[275.667,1006.667,0.000]","[0.000,0.000,0.000]","[0.000,0.000,0.000,1.000]",[],[],[],[]
9,Canvas/Panel,"[0.000,1440.000,0.000]","[0.000,0.000,0.000]","[0.000,0.000,0.000,1.000]",[],[],[],[]
9,Canvas/Panel/Row - Collective/Text (TMP) - Title,"[148.563,1273.333,0.000]","[0.000,0.000,0.000]","[0.000,0.000,0.000,1.000]",[],[],[],[]
9,Canvas/Panel/Row - Collective,"[275.667,1273.333,0.000]","[0.000,0.000,0.000]","[0.000,0.000,0.000,1.000]",[],[],[],[]
9,R22_Helicopter_V2/Rotors_Group/Back Rotor - Mast,"[0.743,1.189,-2.237]","[0.000,0.000,0.000]","[0.000,0.000,0.000,1.000]",[],[],[],[]
9,R22_Helicopter_V2/Rotors_Group/Main Rotor - Mast,"[0.809,2.151,-0.297]","[0.000,0.000,0.000]","[0.000,0.000,0.000,1.000]",[],[],[],[]
9,R22_Helicopter_V2/Graphics_Group/R22_Body_Gruop/R22_Body_RDoor_Geo/R22_Body_RDoorGlass_Geo,"[0.810,0.017,0.000]","[0.000,0.000,0.000]","[0.000,0.000,0.000,1.000]","[1.320,1.125,0.002]","[0.171,0.436,0.554]",[],[]
9,R22_Helicopter_V2/Graphics_Group/R22_Body_Gruop/R22_Body_RDoor_Geo,"[1.413,0.923,0.312]","[0.000,0.000,0.000]","[0.000,0.000,0.000,1.000]","[1.306,0.950,0.055]","[0.220,0.856,0.731]",[],[]
9,R22_Helicopter_V2/Graphics_Group/R22_Cockpit_Gruop/R22_Cockpit_Chairs_Geo,"[0.803,0.314,0.336]","[0.000,0.000,0.000]","[0.000,0.000,0.000,1.000]","[0.803,0.761,0.336]","[0.991,0.905,1.188]",[],[]
9,R22_Helicopter_V2/Graphics_Group/R22_Body_Gruop/R22_Body_Windshield_Geo,"[0.810,0.017,0.000]","[0.000,0.000,0.000]","[0.000,0.000,0.000,1.000]","[0.803,1.040,0.572]","[1.223,0.926,0.842]",[],[]
9,R22_Helicopter_V2/Graphics_Group/R22_Body_Gruop,"[0.803,1.103,-0.693]","[0.000,0.000,0.000]","[0.000,0.000,0.000,1.000]",[],[],[],[]
9,R22_Helicopter_V2/Graphics_Group/R22_Body_Gruop/R22_Body_Geo,"[0.810,0.017,0.000]","[0.000,0.000,0.000]","[0.000,0.000,0.000,1.000]","[0.803,1.103,-0.693]","[1.239,1.769,3.377]",[],[]
9,R22_Helicopter_V2/Graphics_Group/R22_Body_Gruop/R22_Body_LDoor_Geo/R22_Body_LDoorGlass_Geo,"[0.810,0.017,0.000]","[0.000,0.000,0.000]","[0.000,0.000,0.000,1.000]","[0.286,1.125,0.002]","[0.171,0.436,0.554]",[],[]
9,R22_Helicopter_V2/Graphics_Group/R22_Body_Gruop/R22_Body_LDoor_Geo,"[0.180,0.939,0.306]","[0.000,0.000,0.000]","[0.000,0.000,0.000,1.000]","[0.301,0.950,0.055]","[0.220,0.856,0.731]",[],[]
9,R22_Helicopter_V2/Graphics_Group/R22_Cockpit_Gruop/R22_Cockpit_LLever02_Geo,"[0.529,0.345,0.659]","[0.000,0.000,0.000]","[0.000,0.000,0.000,1.000]","[0.502,0.388,0.647]","[0.108,0.108,0.042]",[],[]
9,R22_Helicopter_V2/Graphics_Group/R22_Cockpit_Gruop/R22_Cockpit_LLever01_Geo,"[0.647,0.345,0.659]","[0.000,0.000,0.000]","[0.000,0.000,0.000,1.000]","[0.621,0.381,0.685]","[0.108,0.094,0.072]",[],[]
9,R22_Helicopter_V2/Graphics_Group/R22_Cockpit_Gruop/R22_Cockpit_Needle02_Geo,"[0.948,0.816,0.782]","[0.000,0.000,0.000]","[0.000,0.000,0.000,1.000]","[0.948,0.831,0.784]","[0.004,0.024,0.004]",[],[]
9,R22_Helicopter_V2/Graphics_Group/R22_Cockpit_Gruop/R22_Cockpit_Needle01_Geo,"[0.661,0.816,0.782]","[0.000,0.000,0.000]","[0.000,0.000,0.000,1.000]","[0.661,0.831,0.784]","[0.004,0.024,0.004]",[],[]
9,R22_Helicopter_V2/Graphics_Group/R22_Cockpit_Gruop/R22_Cockpit_Handle01_Geo,"[0.803,0.890,0.382]","[0.000,0.000,0.000]","[0.000,0.000,0.000,1.000]","[0.803,0.945,0.382]","[0.672,0.176,0.118]",[],[]
9,R22_Helicopter_V2/Graphics_Group/R22_Cockpit_Gruop,"[0.803,0.761,0.336]","[0.000,0.000,0.000]","[0.000,0.000,0.000,1.000]",[],[],[],[]
9,R22_Helicopter_V2/Graphics_Group/R22_Body_Gruop/R22_Body_LDoor_Geo/R22_Cockpit_LDoor_Geo,"[0.268,0.743,0.107]","[0.000,0.000,0.000]","[0.000,0.000,0.000,1.000]","[0.268,0.743,0.107]","[0.129,0.397,0.556]",[],[]
9,R22_Helicopter_V2/Graphics_Group/R22_Cockpit_Gruop/R22_Cockpit_Hanlde02_Geo,"[0.803,0.477,0.390]","[0.000,0.000,0.000]","[0.000,0.000,0.000,1.000]","[0.803,0.686,0.390]","[0.124,0.415,0.117]",[],[]
9,R22_Helicopter_V2/Graphics_Group/R22_Cockpit_Gruop/R22_Cockpit_RLever01_Geo,"[0.958,0.344,0.660]","[0.000,0.000,0.000]","[0.000,0.000,0.000,1.000]","[0.985,0.381,0.685]","[0.108,0.093,0.072]",[],[]
9,R22_Helicopter_V2/Graphics_Group/R22_Body_Gruop/R22_Body_RDoor_Geo/R22_Cockpit_RDoor_Geo,"[1.339,0.744,0.107]","[0.000,0.000,0.000]","[0.000,0.000,0.000,1.000]","[1.339,0.744,0.107]","[0.129,0.397,0.556]",[],[]
9,R22_Helicopter_V2,"[0.810,0.017,0.000]","[0.000,0.000,0.000]","[0.000,0.000,0.000,1.000]",[],[],[],[]
9,R22_Helicopter_V2/Graphics_Group/R22_Cockpit_Gruop/R22_Cockpit_RLever02_Geo,"[1.077,0.345,0.658]","[0.000,0.000,0.000]","[0.000,0.000,0.000,1.000]","[1.104,0.388,0.647]","[0.108,0.108,0.041]",[],[]
9,R22_Helicopter_V2/Graphics_Group/R22_Cockpit_Gruop/R22_Cockpit_Needle04_Geo,"[0.746,0.651,0.722]","[0.000,0.000,0.000]","[0.000,0.000,0.000,1.000]","[0.746,0.652,0.732]","[0.002,0.002,0.015]",[],[]
9,R22_Helicopter_V2/Graphics_Group/R22_Cockpit_Gruop/R22_Cockpit_Needle03_Geo,"[0.708,0.723,0.769]","[0.000,0.000,0.000]","[0.000,0.000,0.000,1.000]","[0.708,0.738,0.771]","[0.004,0.024,0.004]",[],[]
9,R22_Helicopter_V2/Graphics_Group/R22_Cockpit_Gruop/R22_Cockpit_PannelButtons_Geo,"[0.806,0.713,0.643]","[0.000,0.000,0.000]","[0.000,0.000,0.000,1.000]","[0.806,0.713,0.643]","[0.179,0.378,0.313]",[],[]
9,R22_Helicopter_V2/Graphics_Group/R22_Cockpit_Gruop/R22_Cockpit_Needle05_Geo,"[0.746,0.645,0.655]","[0.000,0.000,0.000]","[0.000,0.000,0.000,1.000]","[0.746,0.645,0.665]","[0.002,0.002,0.015]",[],[]
9,R22_Helicopter_V2/Rotors_Group/Main Rotor - Mast/R22_Mechanical_RBlade_Geo,"[0.933,2.289,-0.299]","[0.000,0.000,0.000]","[0.000,0.000,0.000,1.000]","[1.931,2.296,-0.258]","[2.030,0.289,0.275]",[],[]
9,R22_Helicopter_V2/Graphics_Group/R22_Mechanical_Group/R22_Mechanical_Motor_Geo,"[0.803,0.009,0.244]","[0.000,0.000,0.000]","[0.000,0.000,0.000,1.000]","[0.803,0.616,0.027]","[1.550,1.206,2.056]",[],[]
9,R22_Helicopter_V2/Rotors_Group/Back Rotor - Mast/R22_Mechanical_TailMast_Geo,"[0.743,1.189,-2.237]","[0.000,0.000,0.000]","[0.000,0.000,0.000,1.000]","[0.644,1.190,-2.237]","[0.240,0.089,0.070]",[],[]
9,R22_Helicopter_V2/Rotors_Group/Back Rotor - Mast/R22_Mechanical_RTailBlade_Geo,"[0.542,1.211,-2.236]","[0.000,0.000,0.000]","[0.000,0.000,0.000,1.000]","[0.542,1.327,-2.254]","[0.012,0.263,0.074]",[],[]
9,R22_Helicopter_V2/Rotors_Group/Main Rotor - Mast/R22_Mechanical_LBlade_Geo,"[0.684,2.289,-0.294]","[0.000,0.000,0.000]","[0.000,0.000,0.000,1.000]","[-0.314,2.294,-0.336]","[2.031,0.284,0.275]",[],[]
9,R22_Helicopter_V2/Graphics_Group/R22_Mechanical_Group,"[0.810,1.202,-0.618]","[0.000,0.000,0.000]","[0.000,0.000,0.000,1.000]",[],[],[],[]
9,R22_Helicopter_V2/Rotors_Group/Main Rotor - Mast/R22_Mechanical_Mast_Geo,"[0.809,2.151,-0.297]","[0.000,0.000,0.000]","[0.000,0.000,0.000,1.000]","[0.809,2.151,-0.297]","[0.372,0.481,0.235]",[],[]
9,R22_Helicopter_V2/Rotors_Group/Back Rotor - Mast/R22_Mechanical_LTailBlade_Geo,"[0.542,1.160,-2.236]","[0.000,0.000,0.000]","[0.000,0.000,0.000,1.000]","[0.542,1.051,-2.220]","[0.012,0.263,0.074]",[],[]
9,R22_Helicopter_V2/Graphics_Group/R_22_Blendshapes,"[0.810,0.017,0.000]","[0.000,0.000,0.000]","[0.000,0.000,0.000,1.000]",[],[],[],[]
9,R22_Helicopter_V2/Collider Group/Tail_COL,"[0.810,1.131,-1.535]","[3.681,0.000,0.000]","[0.032,0.000,0.000,0.999]",[],[],"[0.810,1.131,-1.535]","[0.300,0.390,1.697]"
9,R22_Helicopter_V2/Rotors_Group/Back Rotor - Mast/Tail Rotor - Double-side blur quad,"[0.537,1.189,-2.237]","[0.000,270.000,0.000]","[0.000,-0.707,0.000,0.707]","[0.537,1.189,-2.237]","[0.000,0.600,0.600]",[],[]
9,R22_Helicopter_V2/Collider Group/L_Skid_COL,"[0.068,0.050,0.000]","[0.000,0.000,0.000]","[0.000,0.000,0.000,1.000]",[],[],"[0.068,0.050,0.190]","[0.100,0.100,1.742]"
9,R22_Helicopter_V2/Collider Group/Fuselage_COL,"[0.810,0.802,0.000]","[0.000,0.000,0.000]","[0.000,0.000,0.000,1.000]",[],[],"[0.810,0.802,0.000]","[1.380,1.380,2.200]"
9,R22_Helicopter_V2/Engines/Main Engine,"[0.810,0.017,0.000]","[0.000,0.000,0.000]","[0.000,0.000,0.000,1.000]",[],[],[],[]
9,R22_Helicopter_V2/Collider Group/Mast_COL,"[0.810,1.747,-0.290]","[353.243,0.000,0.000]","[-0.059,0.000,0.000,0.998]",[],[],"[0.810,1.747,-0.290]","[0.700,0.928,0.727]"
9,R22_Helicopter_V2/Camera LookAt Target,"[0.810,1.597,0.000]","[0.000,0.000,0.000]","[0.000,0.000,0.000,1.000]",[],[],[],[]
9,R22_Helicopter_V2/Rotors_Group/Main Rotor - Mast/Main Rotor -  Blur Quad,"[0.809,2.280,-0.297]","[90.000,0.000,0.000]","[0.707,0.000,0.000,0.707]","[0.809,2.280,-0.297]","[4.300,0.000,4.300]",[],[]
9,R22_Helicopter_V2/Rotors_Group,"[0.810,0.017,0.000]","[0.000,0.000,0.000]","[0.000,0.000,0.000,1.000]",[],[],[],[]
9,R22_Helicopter_V2/Rotors_Group/Main Rotor - Mast/Main Rotor -  Double-side blur quad,"[0.809,2.280,-0.297]","[270.000,0.000,0.000]","[-0.707,0.000,0.000,0.707]","[0.809,2.280,-0.297]","[4.300,0.000,4.300]",[],[]
9,R22_Helicopter_V2/Rotors_Group/Back Rotor - Mast/Tail Rotor - Blur quad,"[0.537,1.189,-2.237]","[0.000,90.000,0.000]","[0.000,0.707,0.000,0.707]","[0.537,1.189,-2.237]","[0.000,0.600,0.600]",[],[]
9,R22_Helicopter_V2/Engines,"[0.810,0.017,0.000]","[0.000,0.000,0.000]","[0.000,0.000,0.000,1.000]",[],[],[],[]
9,R22_Helicopter_V2/Collider Group/R_Skid_COL,"[1.541,0.050,0.000]","[0.000,0.000,0.000]","[0.000,0.000,0.000,1.000]",[],[],"[1.541,0.050,0.190]","[0.100,0.100,1.742]"
10,Directional Light,"[0.000,3.000,0.000]","[50.000,330.000,0.000]","[0.408,-0.235,0.109,0.875]",[],[],[],[]
10,Canvas/Panel/Row - INFO,"[275.667,933.267,0.000]","[0.000,0.000,0.000]","[0.000,0.000,0.000,1.000]",[],[],[],[]
10,Canvas/Panel/Row - Pedal/Text (TMP) - Title,"[148.563,1073.333,0.000]","[0.000,0.000,0.000]","[0.000,0.000,0.000,1.000]",[],[],[],[]
10,Level_Manager/FX_GRP,"[0.000,0.000,0.000]","[0.000,0.000,0.000]","[0.000,0.000,0.000,1.000]",[],[],[],[]
10,Canvas/Panel/Row - Sticky Throttle,"[275.667,1340.000,0.000]","[0.000,0.000,0.000]","[0.000,0.000,0.000,1.000]",[],[],[],[]
10,Canvas/Panel/Row - Pedal/Text (TMP) - Content,"[424.230,1073.333,0.000]","[0.000,0.000,0.000]","[0.000,0.000,0.000,1.000]",[],[],[],[]
10,Level_Manager/Audio_GRP,"[0.000,0.000,0.000]","[0.000,0.000,0.000]","[0.000,0.000,0.000,1.000]",[],[],[],[]
10,Canvas/Panel/Row - Raw Throttle,"[275.667,1406.667,0.000]","[0.000,0.000,0.000]","[0.000,0.000,0.000,1.000]",[],[],[],[]
10,Canvas/Panel/Row - Raw Throttle/Text (TMP) - Content,"[424.230,1406.667,0.000]","[0.000,0.000,0.000]","[0.000,0.000,0.000,1.000]",[],[],[],[]
10,Level_Manager/PostProcessing,"[0.000,0.000,0.000]","[0.000,0.000,0.000]","[0.000,0.000,0.000,1.000]",[],[],[],[]
10,Level_Manager/Lighting_GRP,"[0.000,0.000,0.000]","[0.000,0.000,0.000]","[0.000,0.000,0.000,1.000]",[],[],[],[]
10,Canvas/Panel/Row - Sticky Throttle/Text (TMP) - Title,"[148.563,1340.000,0.000]","[0.000,0.000,0.000]","[0.000,0.000,0.000,1.000]",[],[],[],[]
10,R22_Helicopter_V2/Graphics_Group,"[0.810,0.017,0.000]","[0.000,0.000,0.000]","[0.000,0.000,0.000,1.000]",[],[],[],[]
10,R22_Helicopter_V2/Audio Group,"[0.810,0.017,0.000]","[0.000,0.000,0.000]","[0.000,0.000,0.000,1.000]",[],[],[],[]
10,Canvas/Panel/Row - INFO/Text (TMP) - Content,"[275.667,899.933,0.000]","[0.000,0.000,0.000]","[0.000,0.000,0.000,1.000]",[],[],[],[]
10,Level_Manager/Geo_GRP,"[0.000,0.000,0.000]","[0.000,0.000,0.000]","[0.000,0.000,0.000,1.000]",[],[],[],[]
10,Canvas,"[1720.000,720.000,0.000]","[0.000,0.000,0.000]","[0.000,0.000,0.000,1.000]",[],[],[],[]
10,Level_Manager,"[0.000,0.000,0.000]","[0.000,0.000,0.000]","[0.000,0.000,0.000,1.000]",[],[],[],[]
10,Canvas/Panel/Row - Cyclic/Text (TMP) - Content,"[424.230,1140.000,0.000]","[0.000,0.000,0.000]","[0.000,0.000,0.000,1.000]",[],[],[],[]
10,Canvas/Panel/Row - Cyclic,"[275.667,1140.000,0.000]","[0.000,0.000,0.000]","[0.000,0.000,0.000,1.000]",[],[],[],[]
10,Canvas/Panel/Row - Collective/Text (TMP) - Content,"[424.230,1273.333,0.000]","[0.000,0.000,0.000]","[0.000,0.000,0.000,1.000]",[],[],[],[]
10,HeliPad_001,"[1.550,0.000,-0.670]","[0.000,0.000,0.000]","[0.000,0.000,0.000,1.000]","[1.555,-0.012,-0.659]","[14.268,0.216,14.105]",[],[]
10,Canvas/Panel/Row - Cyclic/Text (TMP) - Title,"[148.563,1140.000,0.000]","[0.000,0.000,0.000]","[0.000,0.000,0.000,1.000]",[],[],[],[]
10,Canvas/Panel/Row - Sticky Collective/Text (TMP) - Content,"[424.230,1206.667,0.000]","[0.000,0.000,0.000]","[0.000,0.000,0.000,1.000]",[],[],[],[]
10,Canvas/Panel/Row - Pedal,"[275.667,1073.333,0.000]","[0.000,0.000,0.000]","[0.000,0.000,0.000,1.000]",[],[],[],[]
10,Main Camera,"[0.810,5.017,-8.000]","[23.147,0.000,0.000]","[0.201,0.000,0.000,0.980]",[],[],[],[]
10,Canvas/Panel/Row - Sticky Collective,"[275.667,1206.667,0.000]","[0.000,0.000,0.000]","[0.000,0.000,0.000,1.000]",[],[],[],[]
10,Canvas/Panel/Row - Sticky Collective/Text (TMP) - Title,"[148.563,1206.667,0.000]","[0.000,0.000,0.000]","[0.000,0.000,0.000,1.000]",[],[],[],[]
10,Plane,"[0.000,0.000,0.000]","[0.000,0.000,0.000]","[0.000,0.000,0.000,1.000]","[0.000,0.000,0.000]","[1000.000,0.000,1000.000]","[0.000,0.000,0.000]","[1000.000,0.000,1000.000]"
10,EventSystem,"[0.000,0.000,0.000]","[0.000,0.000,0.000]","[0.000,0.000,0.000,1.000]",[],[],[],[]
10,R22_Helicopter_V2/COG,"[0.810,0.795,-0.185]","[0.000,0.000,0.000]","[0.000,0.000,0.000,1.000]",[],[],[],[]
10,Canvas/Panel/Row - Raw Throttle/Text (TMP) - Title,"[148.563,1406.667,0.000]","[0.000,0.000,0.000]","[0.000,0.000,0.000,1.000]",[],[],[],[]
10,Canvas/Panel/Row - Sticky Throttle/Text (TMP) - Content,"[424.230,1340.000,0.000]","[0.000,0.000,0.000]","[0.000,0.000,0.000,1.000]",[],[],[],[]
10,R22_Helicopter_V2/Collider Group,"[0.810,0.017,0.000]","[0.000,0.000,0.000]","[0.000,0.000,0.000,1.000]",[],[],[],[]
10,Canvas/Panel/Row - INFO/Text (TMP) - Title,"[275.667,1006.667,0.000]","[0.000,0.000,0.000]","[0.000,0.000,0.000,1.000]",[],[],[],[]
10,Canvas/Panel,"[0.000,1440.000,0.000]","[0.000,0.000,0.000]","[0.000,0.000,0.000,1.000]",[],[],[],[]
10,Canvas/Panel/Row - Collective/Text (TMP) - Title,"[148.563,1273.333,0.000]","[0.000,0.000,0.000]","[0.000,0.000,0.000,1.000]",[],[],[],[]
10,Canvas/Panel/Row - Collective,"[275.667,1273.333,0.000]","[0.000,0.000,0.000]","[0.000,0.000,0.000,1.000]",[],[],[],[]
10,R22_Helicopter_V2/Rotors_Group/Back Rotor - Mast,"[0.743,1.189,-2.237]","[0.000,0.000,0.000]","[0.000,0.000,0.000,1.000]",[],[],[],[]
10,R22_Helicopter_V2/Rotors_Group/Main Rotor - Mast,"[0.809,2.151,-0.297]","[0.000,0.000,0.000]","[0.000,0.000,0.000,1.000]",[],[],[],[]
10,R22_Helicopter_V2/Graphics_Group/R22_Body_Gruop/R22_Body_RDoor_Geo/R22_Body_RDoorGlass_Geo,"[0.810,0.017,0.000]","[0.000,0.000,0.000]","[0.000,0.000,0.000,1.000]","[1.320,1.125,0.002]","[0.171,0.436,0.554]",[],[]
10,R22_Helicopter_V2/Graphics_Group/R22_Body_Gruop/R22_Body_RDoor_Geo,"[1.413,0.923,0.312]","[0.000,0.000,0.000]","[0.000,0.000,0.000,1.000]","[1.306,0.950,0.055]","[0.220,0.856,0.731]",[],[]
10,R22_Helicopter_V2/Graphics_Group/R22_Cockpit_Gruop/R22_Cockpit_Chairs_Geo,"[0.803,0.314,0.336]","[0.000,0.000,0.000]","[0.000,0.000,0.000,1.000]","[0.803,0.761,0.336]","[0.991,0.905,1.188]",[],[]
10,R22_Helicopter_V2/Graphics_Group/R22_Body_Gruop/R22_Body_Windshield_Geo,"[0.810,0.017,0.000]","[0.000,0.000,0.000]","[0.000,0.000,0.000,1.000]","[0.803,1.040,0.572]","[1.223,0.926,0.842]",[],[]
10,R22_Helicopter_V2/Graphics_Group/R22_Body_Gruop,"[0.803,1.103,-0.693]","[0.000,0.000,0.000]","[0.000,0.000,0.000,1.000]",[],[],[],[]
10,R22_Helicopter_V2/Graphics_Group/R22_Body_Gruop/R22_Body_Geo,"[0.810,0.017,0.000]","[0.000,0.000,0.000]","[0.000,0.000,0.000,1.000]","[0.803,1.103,-0.693]","[1.239,1.769,3.377]",[],[]
10,R22_Helicopter_V2/Graphics_Group/R22_Body_Gruop/R22_Body_LDoor_Geo/R22_Body_LDoorGlass_Geo,"[0.810,0.017,0.000]","[0.000,0.000,0.000]","[0.000,0.000,0.000,1.000]","[0.286,1.125,0.002]","[0.171,0.436,0.554]",[],[]
10,R22_Helicopter_V2/Graphics_Group/R22_Body_Gruop/R22_Body_LDoor_Geo,"[0.180,0.939,0.306]","[0.000,0.000,0.000]","[0.000,0.000,0.000,1.000]","[0.301,0.950,0.055]","[0.220,0.856,0.731]",[],[]
10,R22_Helicopter_V2/Graphics_Group/R22_Cockpit_Gruop/R22_Cockpit_LLever02_Geo,"[0.529,0.345,0.659]","[0.000,0.000,0.000]","[0.000,0.000,0.000,1.000]","[0.502,0.388,0.647]","[0.108,0.108,0.042]",[],[]
10,R22_Helicopter_V2/Graphics_Group/R22_Cockpit_Gruop/R22_Cockpit_LLever01_Geo,"[0.647,0.345,0.659]","[0.000,0.000,0.000]","[0.000,0.000,0.000,1.000]","[0.621,0.381,0.685]","[0.108,0.094,0.072]",[],[]
10,R22_Helicopter_V2/Graphics_Group/R22_Cockpit_Gruop/R22_Cockpit_Needle02_Geo,"[0.948,0.816,0.782]","[0.000,0.000,0.000]","[0.000,0.000,0.000,1.000]","[0.948,0.831,0.784]","[0.004,0.024,0.004]",[],[]
10,R22_Helicopter_V2/Graphics_Group/R22_Cockpit_Gruop/R22_Cockpit_Needle01_Geo,"[0.661,0.816,0.782]","[0.000,0.000,0.000]","[0.000,0.000,0.000,1.000]","[0.661,0.831,0.784]","[0.004,0.024,0.004]",[],[]
10,R22_Helicopter_V2/Graphics_Group/R22_Cockpit_Gruop/R22_Cockpit_Handle01_Geo,"[0.803,0.890,0.382]","[0.000,0.000,0.000]","[0.000,0.000,0.000,1.000]","[0.803,0.945,0.382]","[0.672,0.176,0.118]",[],[]
10,R22_Helicopter_V2/Graphics_Group/R22_Cockpit_Gruop,"[0.803,0.761,0.336]","[0.000,0.000,0.000]","[0.000,0.000,0.000,1.000]",[],[],[],[]
10,R22_Helicopter_V2/Graphics_Group/R22_Body_Gruop/R22_Body_LDoor_Geo/R22_Cockpit_LDoor_Geo,"[0.268,0.743,0.107]","[0.000,0.000,0.000]","[0.000,0.000,0.000,1.000]","[0.268,0.743,0.107]","[0.129,0.397,0.556]",[],[]
10,R22_Helicopter_V2/Graphics_Group/R22_Cockpit_Gruop/R22_Cockpit_Hanlde02_Geo,"[0.803,0.477,0.390]","[0.000,0.000,0.000]","[0.000,0.000,0.000,1.000]","[0.803,0.686,0.390]","[0.124,0.415,0.117]",[],[]
10,R22_Helicopter_V2/Graphics_Group/R22_Cockpit_Gruop/R22_Cockpit_RLever01_Geo,"[0.958,0.344,0.660]","[0.000,0.000,0.000]","[0.000,0.000,0.000,1.000]","[0.985,0.381,0.685]","[0.108,0.093,0.072]",[],[]
10,R22_Helicopter_V2/Graphics_Group/R22_Body_Gruop/R22_Body_RDoor_Geo/R22_Cockpit_RDoor_Geo,"[1.339,0.744,0.107]","[0.000,0.000,0.000]","[0.000,0.000,0.000,1.000]","[1.339,0.744,0.107]","[0.129,0.397,0.556]",[],[]
10,R22_Helicopter_V2,"[0.810,0.017,0.000]","[0.000,0.000,0.000]","[0.000,0.000,0.000,1.000]",[],[],[],[]
10,R22_Helicopter_V2/Graphics_Group/R22_Cockpit_Gruop/R22_Cockpit_RLever02_Geo,"[1.077,0.345,0.658]","[0.000,0.000,0.000]","[0.000,0.000,0.000,1.000]","[1.104,0.388,0.647]","[0.108,0.108,0.041]",[],[]
10,R22_Helicopter_V2/Graphics_Group/R22_Cockpit_Gruop/R22_Cockpit_Needle04_Geo,"[0.746,0.651,0.722]","[0.000,0.000,0.000]","[0.000,0.000,0.000,1.000]","[0.746,0.652,0.732]","[0.002,0.002,0.015]",[],[]
10,R22_Helicopter_V2/Graphics_Group/R22_Cockpit_Gruop/R22_Cockpit_Needle03_Geo,"[0.708,0.723,0.769]","[0.000,0.000,0.000]","[0.000,0.000,0.000,1.000]","[0.708,0.738,0.771]","[0.004,0.024,0.004]",[],[]
10,R22_Helicopter_V2/Graphics_Group/R22_Cockpit_Gruop/R22_Cockpit_PannelButtons_Geo,"[0.806,0.713,0.643]","[0.000,0.000,0.000]","[0.000,0.000,0.000,1.000]","[0.806,0.713,0.643]","[0.179,0.378,0.313]",[],[]
10,R22_Helicopter_V2/Graphics_Group/R22_Cockpit_Gruop/R22_Cockpit_Needle05_Geo,"[0.746,0.645,0.655]","[0.000,0.000,0.000]","[0.000,0.000,0.000,1.000]","[0.746,0.645,0.665]","[0.002,0.002,0.015]",[],[]
10,R22_Helicopter_V2/Rotors_Group/Main Rotor - Mast/R22_Mechanical_RBlade_Geo,"[0.933,2.289,-0.299]","[0.000,0.000,0.000]","[0.000,0.000,0.000,1.000]","[1.931,2.296,-0.258]","[2.030,0.289,0.275]",[],[]
10,R22_Helicopter_V2/Graphics_Group/R22_Mechanical_Group/R22_Mechanical_Motor_Geo,"[0.803,0.009,0.244]","[0.000,0.000,0.000]","[0.000,0.000,0.000,1.000]","[0.803,0.616,0.027]","[1.550,1.206,2.056]",[],[]
10,R22_Helicopter_V2/Rotors_Group/Back Rotor - Mast/R22_Mechanical_TailMast_Geo,"[0.743,1.189,-2.237]","[0.000,0.000,0.000]","[0.000,0.000,0.000,1.000]","[0.644,1.190,-2.237]","[0.240,0.089,0.070]",[],[]
10,R22_Helicopter_V2/Rotors_Group/Back Rotor - Mast/R22_Mechanical_RTailBlade_Geo,"[0.542,1.211,-2.236]","[0.000,0.000,0.000]","[0.000,0.000,0.000,1.000]","[0.542,1.327,-2.254]","[0.012,0.263,0.074]",[],[]
10,R22_Helicopter_V2/Rotors_Group/Main Rotor - Mast/R22_Mechanical_LBlade_Geo,"[0.684,2.289,-0.294]","[0.000,0.000,0.000]","[0.000,0.000,0.000,1.000]","[-0.314,2.294,-0.336]","[2.031,0.284,0.275]",[],[]
10,R22_Helicopter_V2/Graphics_Group/R22_Mechanical_Group,"[0.810,1.202,-0.618]","[0.000,0.000,0.000]","[0.000,0.000,0.000,1.000]",[],[],[],[]
10,R22_Helicopter_V2/Rotors_Group/Main Rotor - Mast/R22_Mechanical_Mast_Geo,"[0.809,2.151,-0.297]","[0.000,0.000,0.000]","[0.000,0.000,0.000,1.000]","[0.809,2.151,-0.297]","[0.372,0.481,0.235]",[],[]
10,R22_Helicopter_V2/Rotors_Group/Back Rotor - Mast/R22_Mechanical_LTailBlade_Geo,"[0.542,1.160,-2.236]","[0.000,0.000,0.000]","[0.000,0.000,0.000,1.000]","[0.542,1.051,-2.220]","[0.012,0.263,0.074]",[],[]
10,R22_Helicopter_V2/Graphics_Group/R_22_Blendshapes,"[0.810,0.017,0.000]","[0.000,0.000,0.000]","[0.000,0.000,0.000,1.000]",[],[],[],[]
10,R22_Helicopter_V2/Collider Group/Tail_COL,"[0.810,1.131,-1.535]","[3.681,0.000,0.000]","[0.032,0.000,0.000,0.999]",[],[],"[0.810,1.131,-1.535]","[0.300,0.390,1.697]"
10,R22_Helicopter_V2/Rotors_Group/Back Rotor - Mast/Tail Rotor - Double-side blur quad,"[0.537,1.189,-2.237]","[0.000,270.000,0.000]","[0.000,-0.707,0.000,0.707]","[0.537,1.189,-2.237]","[0.000,0.600,0.600]",[],[]
10,R22_Helicopter_V2/Collider Group/L_Skid_COL,"[0.068,0.050,0.000]","[0.000,0.000,0.000]","[0.000,0.000,0.000,1.000]",[],[],"[0.068,0.050,0.190]","[0.100,0.100,1.742]"
10,R22_Helicopter_V2/Collider Group/Fuselage_COL,"[0.810,0.802,0.000]","[0.000,0.000,0.000]","[0.000,0.000,0.000,1.000]",[],[],"[0.810,0.802,0.000]","[1.380,1.380,2.200]"
10,R22_Helicopter_V2/Engines/Main Engine,"[0.810,0.017,0.000]","[0.000,0.000,0.000]","[0.000,0.000,0.000,1.000]",[],[],[],[]
10,R22_Helicopter_V2/Collider Group/Mast_COL,"[0.810,1.747,-0.290]","[353.243,0.000,0.000]","[-0.059,0.000,0.000,0.998]",[],[],"[0.810,1.747,-0.290]","[0.700,0.928,0.727]"
10,R22_Helicopter_V2/Camera LookAt Target,"[0.810,1.597,0.000]","[0.000,0.000,0.000]","[0.000,0.000,0.000,1.000]",[],[],[],[]
10,R22_Helicopter_V2/Rotors_Group/Main Rotor - Mast/Main Rotor -  Blur Quad,"[0.809,2.280,-0.297]","[90.000,0.000,0.000]","[0.707,0.000,0.000,0.707]","[0.809,2.280,-0.297]","[4.300,0.000,4.300]",[],[]
10,R22_Helicopter_V2/Rotors_Group,"[0.810,0.017,0.000]","[0.000,0.000,0.000]","[0.000,0.000,0.000,1.000]",[],[],[],[]
10,R22_Helicopter_V2/Rotors_Group/Main Rotor - Mast/Main Rotor -  Double-side blur quad,"[0.809,2.280,-0.297]","[270.000,0.000,0.000]","[-0.707,0.000,0.000,0.707]","[0.809,2.280,-0.297]","[4.300,0.000,4.300]",[],[]
10,R22_Helicopter_V2/Rotors_Group/Back Rotor - Mast/Tail Rotor - Blur quad,"[0.537,1.189,-2.237]","[0.000,90.000,0.000]","[0.000,0.707,0.000,0.707]","[0.537,1.189,-2.237]","[0.000,0.600,0.600]",[],[]
10,R22_Helicopter_V2/Engines,"[0.810,0.017,0.000]","[0.000,0.000,0.000]","[0.000,0.000,0.000,1.000]",[],[],[],[]
10,R22_Helicopter_V2/Collider Group/R_Skid_COL,"[1.541,0.050,0.000]","[0.000,0.000,0.000]","[0.000,0.000,0.000,1.000]",[],[],"[1.541,0.050,0.190]","[0.100,0.100,1.742]"
11,Directional Light,"[0.000,3.000,0.000]","[50.000,330.000,0.000]","[0.408,-0.235,0.109,0.875]",[],[],[],[]
11,Canvas/Panel/Row - INFO,"[275.667,933.267,0.000]","[0.000,0.000,0.000]","[0.000,0.000,0.000,1.000]",[],[],[],[]
11,Canvas/Panel/Row - Pedal/Text (TMP) - Title,"[148.563,1073.333,0.000]","[0.000,0.000,0.000]","[0.000,0.000,0.000,1.000]",[],[],[],[]
11,Level_Manager/FX_GRP,"[0.000,0.000,0.000]","[0.000,0.000,0.000]","[0.000,0.000,0.000,1.000]",[],[],[],[]
11,Canvas/Panel/Row - Sticky Throttle,"[275.667,1340.000,0.000]","[0.000,0.000,0.000]","[0.000,0.000,0.000,1.000]",[],[],[],[]
11,Canvas/Panel/Row - Pedal/Text (TMP) - Content,"[424.230,1073.333,0.000]","[0.000,0.000,0.000]","[0.000,0.000,0.000,1.000]",[],[],[],[]
11,Level_Manager/Audio_GRP,"[0.000,0.000,0.000]","[0.000,0.000,0.000]","[0.000,0.000,0.000,1.000]",[],[],[],[]
11,Canvas/Panel/Row - Raw Throttle,"[275.667,1406.667,0.000]","[0.000,0.000,0.000]","[0.000,0.000,0.000,1.000]",[],[],[],[]
11,Canvas/Panel/Row - Raw Throttle/Text (TMP) - Content,"[424.230,1406.667,0.000]","[0.000,0.000,0.000]","[0.000,0.000,0.000,1.000]",[],[],[],[]
11,Level_Manager/PostProcessing,"[0.000,0.000,0.000]","[0.000,0.000,0.000]","[0.000,0.000,0.000,1.000]",[],[],[],[]
11,Level_Manager/Lighting_GRP,"[0.000,0.000,0.000]","[0.000,0.000,0.000]","[0.000,0.000,0.000,1.000]",[],[],[],[]
11,Canvas/Panel/Row - Sticky Throttle/Text (TMP) - Title,"[148.563,1340.000,0.000]","[0.000,0.000,0.000]","[0.000,0.000,0.000,1.000]",[],[],[],[]
11,R22_Helicopter_V2/Graphics_Group,"[0.810,0.017,0.000]","[0.000,0.000,0.000]","[0.000,0.000,0.000,1.000]",[],[],[],[]
11,R22_Helicopter_V2/Audio Group,"[0.810,0.017,0.000]","[0.000,0.000,0.000]","[0.000,0.000,0.000,1.000]",[],[],[],[]
11,Canvas/Panel/Row - INFO/Text (TMP) - Content,"[275.667,899.933,0.000]","[0.000,0.000,0.000]","[0.000,0.000,0.000,1.000]",[],[],[],[]
11,Level_Manager/Geo_GRP,"[0.000,0.000,0.000]","[0.000,0.000,0.000]","[0.000,0.000,0.000,1.000]",[],[],[],[]
11,Canvas,"[1720.000,720.000,0.000]","[0.000,0.000,0.000]","[0.000,0.000,0.000,1.000]",[],[],[],[]
11,Level_Manager,"[0.000,0.000,0.000]","[0.000,0.000,0.000]","[0.000,0.000,0.000,1.000]",[],[],[],[]
11,Canvas/Panel/Row - Cyclic/Text (TMP) - Content,"[424.230,1140.000,0.000]","[0.000,0.000,0.000]","[0.000,0.000,0.000,1.000]",[],[],[],[]
11,Canvas/Panel/Row - Cyclic,"[275.667,1140.000,0.000]","[0.000,0.000,0.000]","[0.000,0.000,0.000,1.000]",[],[],[],[]
11,Canvas/Panel/Row - Collective/Text (TMP) - Content,"[424.230,1273.333,0.000]","[0.000,0.000,0.000]","[0.000,0.000,0.000,1.000]",[],[],[],[]
11,HeliPad_001,"[1.550,0.000,-0.670]","[0.000,0.000,0.000]","[0.000,0.000,0.000,1.000]","[1.555,-0.012,-0.659]","[14.268,0.216,14.105]",[],[]
11,Canvas/Panel/Row - Cyclic/Text (TMP) - Title,"[148.563,1140.000,0.000]","[0.000,0.000,0.000]","[0.000,0.000,0.000,1.000]",[],[],[],[]
11,Canvas/Panel/Row - Sticky Collective/Text (TMP) - Content,"[424.230,1206.667,0.000]","[0.000,0.000,0.000]","[0.000,0.000,0.000,1.000]",[],[],[],[]
11,Canvas/Panel/Row - Pedal,"[275.667,1073.333,0.000]","[0.000,0.000,0.000]","[0.000,0.000,0.000,1.000]",[],[],[],[]
11,Main Camera,"[0.810,5.017,-8.000]","[23.147,0.000,0.000]","[0.201,0.000,0.000,0.980]",[],[],[],[]
11,Canvas/Panel/Row - Sticky Collective,"[275.667,1206.667,0.000]","[0.000,0.000,0.000]","[0.000,0.000,0.000,1.000]",[],[],[],[]
11,Canvas/Panel/Row - Sticky Collective/Text (TMP) - Title,"[148.563,1206.667,0.000]","[0.000,0.000,0.000]","[0.000,0.000,0.000,1.000]",[],[],[],[]
11,Plane,"[0.000,0.000,0.000]","[0.000,0.000,0.000]","[0.000,0.000,0.000,1.000]","[0.000,0.000,0.000]","[1000.000,0.000,1000.000]","[0.000,0.000,0.000]","[1000.000,0.000,1000.000]"
11,EventSystem,"[0.000,0.000,0.000]","[0.000,0.000,0.000]","[0.000,0.000,0.000,1.000]",[],[],[],[]
11,R22_Helicopter_V2/COG,"[0.810,0.795,-0.185]","[0.000,0.000,0.000]","[0.000,0.000,0.000,1.000]",[],[],[],[]
11,Canvas/Panel/Row - Raw Throttle/Text (TMP) - Title,"[148.563,1406.667,0.000]","[0.000,0.000,0.000]","[0.000,0.000,0.000,1.000]",[],[],[],[]
11,Canvas/Panel/Row - Sticky Throttle/Text (TMP) - Content,"[424.230,1340.000,0.000]","[0.000,0.000,0.000]","[0.000,0.000,0.000,1.000]",[],[],[],[]
11,R22_Helicopter_V2/Collider Group,"[0.810,0.017,0.000]","[0.000,0.000,0.000]","[0.000,0.000,0.000,1.000]",[],[],[],[]
11,Canvas/Panel/Row - INFO/Text (TMP) - Title,"[275.667,1006.667,0.000]","[0.000,0.000,0.000]","[0.000,0.000,0.000,1.000]",[],[],[],[]
11,Canvas/Panel,"[0.000,1440.000,0.000]","[0.000,0.000,0.000]","[0.000,0.000,0.000,1.000]",[],[],[],[]
11,Canvas/Panel/Row - Collective/Text (TMP) - Title,"[148.563,1273.333,0.000]","[0.000,0.000,0.000]","[0.000,0.000,0.000,1.000]",[],[],[],[]
11,Canvas/Panel/Row - Collective,"[275.667,1273.333,0.000]","[0.000,0.000,0.000]","[0.000,0.000,0.000,1.000]",[],[],[],[]
11,R22_Helicopter_V2/Rotors_Group/Back Rotor - Mast,"[0.743,1.189,-2.237]","[0.000,0.000,0.000]","[0.000,0.000,0.000,1.000]",[],[],[],[]
11,R22_Helicopter_V2/Rotors_Group/Main Rotor - Mast,"[0.809,2.151,-0.297]","[0.000,0.000,0.000]","[0.000,0.000,0.000,1.000]",[],[],[],[]
11,R22_Helicopter_V2/Graphics_Group/R22_Body_Gruop/R22_Body_RDoor_Geo/R22_Body_RDoorGlass_Geo,"[0.810,0.017,0.000]","[0.000,0.000,0.000]","[0.000,0.000,0.000,1.000]","[1.320,1.125,0.002]","[0.171,0.436,0.554]",[],[]
11,R22_Helicopter_V2/Graphics_Group/R22_Body_Gruop/R22_Body_RDoor_Geo,"[1.413,0.923,0.312]","[0.000,0.000,0.000]","[0.000,0.000,0.000,1.000]","[1.306,0.950,0.055]","[0.220,0.856,0.731]",[],[]
11,R22_Helicopter_V2/Graphics_Group/R22_Cockpit_Gruop/R22_Cockpit_Chairs_Geo,"[0.803,0.314,0.336]","[0.000,0.000,0.000]","[0.000,0.000,0.000,1.000]","[0.803,0.761,0.336]","[0.991,0.905,1.188]",[],[]
11,R22_Helicopter_V2/Graphics_Group/R22_Body_Gruop/R22_Body_Windshield_Geo,"[0.810,0.017,0.000]","[0.000,0.000,0.000]","[0.000,0.000,0.000,1.000]","[0.803,1.040,0.572]","[1.223,0.926,0.842]",[],[]
11,R22_Helicopter_V2/Graphics_Group/R22_Body_Gruop,"[0.803,1.103,-0.693]","[0.000,0.000,0.000]","[0.000,0.000,0.000,1.000]",[],[],[],[]
11,R22_Helicopter_V2/Graphics_Group/R22_Body_Gruop/R22_Body_Geo,"[0.810,0.017,0.000]","[0.000,0.000,0.000]","[0.000,0.000,0.000,1.000]","[0.803,1.103,-0.693]","[1.239,1.769,3.377]",[],[]
11,R22_Helicopter_V2/Graphics_Group/R22_Body_Gruop/R22_Body_LDoor_Geo/R22_Body_LDoorGlass_Geo,"[0.810,0.017,0.000]","[0.000,0.000,0.000]","[0.000,0.000,0.000,1.000]","[0.286,1.125,0.002]","[0.171,0.436,0.554]",[],[]
11,R22_Helicopter_V2/Graphics_Group/R22_Body_Gruop/R22_Body_LDoor_Geo,"[0.180,0.939,0.306]","[0.000,0.000,0.000]","[0.000,0.000,0.000,1.000]","[0.301,0.950,0.055]","[0.220,0.856,0.731]",[],[]
11,R22_Helicopter_V2/Graphics_Group/R22_Cockpit_Gruop/R22_Cockpit_LLever02_Geo,"[0.529,0.345,0.659]","[0.000,0.000,0.000]","[0.000,0.000,0.000,1.000]","[0.502,0.388,0.647]","[0.108,0.108,0.042]",[],[]
11,R22_Helicopter_V2/Graphics_Group/R22_Cockpit_Gruop/R22_Cockpit_LLever01_Geo,"[0.647,0.345,0.659]","[0.000,0.000,0.000]","[0.000,0.000,0.000,1.000]","[0.621,0.381,0.685]","[0.108,0.094,0.072]",[],[]
11,R22_Helicopter_V2/Graphics_Group/R22_Cockpit_Gruop/R22_Cockpit_Needle02_Geo,"[0.948,0.816,0.782]","[0.000,0.000,0.000]","[0.000,0.000,0.000,1.000]","[0.948,0.831,0.784]","[0.004,0.024,0.004]",[],[]
11,R22_Helicopter_V2/Graphics_Group/R22_Cockpit_Gruop/R22_Cockpit_Needle01_Geo,"[0.661,0.816,0.782]","[0.000,0.000,0.000]","[0.000,0.000,0.000,1.000]","[0.661,0.831,0.784]","[0.004,0.024,0.004]",[],[]
11,R22_Helicopter_V2/Graphics_Group/R22_Cockpit_Gruop/R22_Cockpit_Handle01_Geo,"[0.803,0.890,0.382]","[0.000,0.000,0.000]","[0.000,0.000,0.000,1.000]","[0.803,0.945,0.382]","[0.672,0.176,0.118]",[],[]
11,R22_Helicopter_V2/Graphics_Group/R22_Cockpit_Gruop,"[0.803,0.761,0.336]","[0.000,0.000,0.000]","[0.000,0.000,0.000,1.000]",[],[],[],[]
11,R22_Helicopter_V2/Graphics_Group/R22_Body_Gruop/R22_Body_LDoor_Geo/R22_Cockpit_LDoor_Geo,"[0.268,0.743,0.107]","[0.000,0.000,0.000]","[0.000,0.000,0.000,1.000]","[0.268,0.743,0.107]","[0.129,0.397,0.556]",[],[]
11,R22_Helicopter_V2/Graphics_Group/R22_Cockpit_Gruop/R22_Cockpit_Hanlde02_Geo,"[0.803,0.477,0.390]","[0.000,0.000,0.000]","[0.000,0.000,0.000,1.000]","[0.803,0.686,0.390]","[0.124,0.415,0.117]",[],[]
11,R22_Helicopter_V2/Graphics_Group/R22_Cockpit_Gruop/R22_Cockpit_RLever01_Geo,"[0.958,0.344,0.660]","[0.000,0.000,0.000]","[0.000,0.000,0.000,1.000]","[0.985,0.381,0.685]","[0.108,0.093,0.072]",[],[]
11,R22_Helicopter_V2/Graphics_Group/R22_Body_Gruop/R22_Body_RDoor_Geo/R22_Cockpit_RDoor_Geo,"[1.339,0.744,0.107]","[0.000,0.000,0.000]","[0.000,0.000,0.000,1.000]","[1.339,0.744,0.107]","[0.129,0.397,0.556]",[],[]
11,R22_Helicopter_V2,"[0.810,0.017,0.000]","[0.000,0.000,0.000]","[0.000,0.000,0.000,1.000]",[],[],[],[]
11,R22_Helicopter_V2/Graphics_Group/R22_Cockpit_Gruop/R22_Cockpit_RLever02_Geo,"[1.077,0.345,0.658]","[0.000,0.000,0.000]","[0.000,0.000,0.000,1.000]","[1.104,0.388,0.647]","[0.108,0.108,0.041]",[],[]
11,R22_Helicopter_V2/Graphics_Group/R22_Cockpit_Gruop/R22_Cockpit_Needle04_Geo,"[0.746,0.651,0.722]","[0.000,0.000,0.000]","[0.000,0.000,0.000,1.000]","[0.746,0.652,0.732]","[0.002,0.002,0.015]",[],[]
11,R22_Helicopter_V2/Graphics_Group/R22_Cockpit_Gruop/R22_Cockpit_Needle03_Geo,"[0.708,0.723,0.769]","[0.000,0.000,0.000]","[0.000,0.000,0.000,1.000]","[0.708,0.738,0.771]","[0.004,0.024,0.004]",[],[]
11,R22_Helicopter_V2/Graphics_Group/R22_Cockpit_Gruop/R22_Cockpit_PannelButtons_Geo,"[0.806,0.713,0.643]","[0.000,0.000,0.000]","[0.000,0.000,0.000,1.000]","[0.806,0.713,0.643]","[0.179,0.378,0.313]",[],[]
11,R22_Helicopter_V2/Graphics_Group/R22_Cockpit_Gruop/R22_Cockpit_Needle05_Geo,"[0.746,0.645,0.655]","[0.000,0.000,0.000]","[0.000,0.000,0.000,1.000]","[0.746,0.645,0.665]","[0.002,0.002,0.015]",[],[]
11,R22_Helicopter_V2/Rotors_Group/Main Rotor - Mast/R22_Mechanical_RBlade_Geo,"[0.933,2.289,-0.299]","[0.000,0.000,0.000]","[0.000,0.000,0.000,1.000]","[1.931,2.296,-0.258]","[2.030,0.289,0.275]",[],[]
11,R22_Helicopter_V2/Graphics_Group/R22_Mechanical_Group/R22_Mechanical_Motor_Geo,"[0.803,0.009,0.244]","[0.000,0.000,0.000]","[0.000,0.000,0.000,1.000]","[0.803,0.616,0.027]","[1.550,1.206,2.056]",[],[]
11,R22_Helicopter_V2/Rotors_Group/Back Rotor - Mast/R22_Mechanical_TailMast_Geo,"[0.743,1.189,-2.237]","[0.000,0.000,0.000]","[0.000,0.000,0.000,1.000]","[0.644,1.190,-2.237]","[0.240,0.089,0.070]",[],[]
11,R22_Helicopter_V2/Rotors_Group/Back Rotor - Mast/R22_Mechanical_RTailBlade_Geo,"[0.542,1.211,-2.236]","[0.000,0.000,0.000]","[0.000,0.000,0.000,1.000]","[0.542,1.327,-2.254]","[0.012,0.263,0.074]",[],[]
11,R22_Helicopter_V2/Rotors_Group/Main Rotor - Mast/R22_Mechanical_LBlade_Geo,"[0.684,2.289,-0.294]","[0.000,0.000,0.000]","[0.000,0.000,0.000,1.000]","[-0.314,2.294,-0.336]","[2.031,0.284,0.275]",[],[]
11,R22_Helicopter_V2/Graphics_Group/R22_Mechanical_Group,"[0.810,1.202,-0.618]","[0.000,0.000,0.000]","[0.000,0.000,0.000,1.000]",[],[],[],[]
11,R22_Helicopter_V2/Rotors_Group/Main Rotor - Mast/R22_Mechanical_Mast_Geo,"[0.809,2.151,-0.297]","[0.000,0.000,0.000]","[0.000,0.000,0.000,1.000]","[0.809,2.151,-0.297]","[0.372,0.481,0.235]",[],[]
11,R22_Helicopter_V2/Rotors_Group/Back Rotor - Mast/R22_Mechanical_LTailBlade_Geo,"[0.542,1.160,-2.236]","[0.000,0.000,0.000]","[0.000,0.000,0.000,1.000]","[0.542,1.051,-2.220]","[0.012,0.263,0.074]",[],[]
11,R22_Helicopter_V2/Graphics_Group/R_22_Blendshapes,"[0.810,0.017,0.000]","[0.000,0.000,0.000]","[0.000,0.000,0.000,1.000]",[],[],[],[]
11,R22_Helicopter_V2/Collider Group/Tail_COL,"[0.810,1.131,-1.535]","[3.681,0.000,0.000]","[0.032,0.000,0.000,0.999]",[],[],"[0.810,1.131,-1.535]","[0.300,0.390,1.697]"
11,R22_Helicopter_V2/Rotors_Group/Back Rotor - Mast/Tail Rotor - Double-side blur quad,"[0.537,1.189,-2.237]","[0.000,270.000,0.000]","[0.000,-0.707,0.000,0.707]","[0.537,1.189,-2.237]","[0.000,0.600,0.600]",[],[]
11,R22_Helicopter_V2/Collider Group/L_Skid_COL,"[0.068,0.050,0.000]","[0.000,0.000,0.000]","[0.000,0.000,0.000,1.000]",[],[],"[0.068,0.050,0.190]","[0.100,0.100,1.742]"
11,R22_Helicopter_V2/Collider Group/Fuselage_COL,"[0.810,0.802,0.000]","[0.000,0.000,0.000]","[0.000,0.000,0.000,1.000]",[],[],"[0.810,0.802,0.000]","[1.380,1.380,2.200]"
11,R22_Helicopter_V2/Engines/Main Engine,"[0.810,0.017,0.000]","[0.000,0.000,0.000]","[0.000,0.000,0.000,1.000]",[],[],[],[]
11,R22_Helicopter_V2/Collider Group/Mast_COL,"[0.810,1.747,-0.290]","[353.243,0.000,0.000]","[-0.059,0.000,0.000,0.998]",[],[],"[0.810,1.747,-0.290]","[0.700,0.928,0.727]"
11,R22_Helicopter_V2/Camera LookAt Target,"[0.810,1.597,0.000]","[0.000,0.000,0.000]","[0.000,0.000,0.000,1.000]",[],[],[],[]
11,R22_Helicopter_V2/Rotors_Group/Main Rotor - Mast/Main Rotor -  Blur Quad,"[0.809,2.280,-0.297]","[90.000,0.000,0.000]","[0.707,0.000,0.000,0.707]","[0.809,2.280,-0.297]","[4.300,0.000,4.300]",[],[]
11,R22_Helicopter_V2/Rotors_Group,"[0.810,0.017,0.000]","[0.000,0.000,0.000]","[0.000,0.000,0.000,1.000]",[],[],[],[]
11,R22_Helicopter_V2/Rotors_Group/Main Rotor - Mast/Main Rotor -  Double-side blur quad,"[0.809,2.280,-0.297]","[270.000,0.000,0.000]","[-0.707,0.000,0.000,0.707]","[0.809,2.280,-0.297]","[4.300,0.000,4.300]",[],[]
11,R22_Helicopter_V2/Rotors_Group/Back Rotor - Mast/Tail Rotor - Blur quad,"[0.537,1.189,-2.237]","[0.000,90.000,0.000]","[0.000,0.707,0.000,0.707]","[0.537,1.189,-2.237]","[0.000,0.600,0.600]",[],[]
11,R22_Helicopter_V2/Engines,"[0.810,0.017,0.000]","[0.000,0.000,0.000]","[0.000,0.000,0.000,1.000]",[],[],[],[]
11,R22_Helicopter_V2/Collider Group/R_Skid_COL,"[1.541,0.050,0.000]","[0.000,0.000,0.000]","[0.000,0.000,0.000,1.000]",[],[],"[1.541,0.050,0.190]","[0.100,0.100,1.742]"
12,Directional Light,"[0.000,3.000,0.000]","[50.000,330.000,0.000]","[0.408,-0.235,0.109,0.875]",[],[],[],[]
12,Canvas/Panel/Row - INFO,"[275.667,933.267,0.000]","[0.000,0.000,0.000]","[0.000,0.000,0.000,1.000]",[],[],[],[]
12,Canvas/Panel/Row - Pedal/Text (TMP) - Title,"[148.563,1073.333,0.000]","[0.000,0.000,0.000]","[0.000,0.000,0.000,1.000]",[],[],[],[]
12,Level_Manager/FX_GRP,"[0.000,0.000,0.000]","[0.000,0.000,0.000]","[0.000,0.000,0.000,1.000]",[],[],[],[]
12,Canvas/Panel/Row - Sticky Throttle,"[275.667,1340.000,0.000]","[0.000,0.000,0.000]","[0.000,0.000,0.000,1.000]",[],[],[],[]
12,Canvas/Panel/Row - Pedal/Text (TMP) - Content,"[424.230,1073.333,0.000]","[0.000,0.000,0.000]","[0.000,0.000,0.000,1.000]",[],[],[],[]
12,Level_Manager/Audio_GRP,"[0.000,0.000,0.000]","[0.000,0.000,0.000]","[0.000,0.000,0.000,1.000]",[],[],[],[]
12,Canvas/Panel/Row - Raw Throttle,"[275.667,1406.667,0.000]","[0.000,0.000,0.000]","[0.000,0.000,0.000,1.000]",[],[],[],[]
12,Canvas/Panel/Row - Raw Throttle/Text (TMP) - Content,"[424.230,1406.667,0.000]","[0.000,0.000,0.000]","[0.000,0.000,0.000,1.000]",[],[],[],[]
12,Level_Manager/PostProcessing,"[0.000,0.000,0.000]","[0.000,0.000,0.000]","[0.000,0.000,0.000,1.000]",[],[],[],[]
12,Level_Manager/Lighting_GRP,"[0.000,0.000,0.000]","[0.000,0.000,0.000]","[0.000,0.000,0.000,1.000]",[],[],[],[]
12,Canvas/Panel/Row - Sticky Throttle/Text (TMP) - Title,"[148.563,1340.000,0.000]","[0.000,0.000,0.000]","[0.000,0.000,0.000,1.000]",[],[],[],[]
12,R22_Helicopter_V2/Graphics_Group,"[0.810,0.017,0.000]","[0.000,0.000,0.000]","[0.000,0.000,0.000,1.000]",[],[],[],[]
12,R22_Helicopter_V2/Audio Group,"[0.810,0.017,0.000]","[0.000,0.000,0.000]","[0.000,0.000,0.000,1.000]",[],[],[],[]
12,Canvas/Panel/Row - INFO/Text (TMP) - Content,"[275.667,899.933,0.000]","[0.000,0.000,0.000]","[0.000,0.000,0.000,1.000]",[],[],[],[]
12,Level_Manager/Geo_GRP,"[0.000,0.000,0.000]","[0.000,0.000,0.000]","[0.000,0.000,0.000,1.000]",[],[],[],[]
12,Canvas,"[1720.000,720.000,0.000]","[0.000,0.000,0.000]","[0.000,0.000,0.000,1.000]",[],[],[],[]
12,Level_Manager,"[0.000,0.000,0.000]","[0.000,0.000,0.000]","[0.000,0.000,0.000,1.000]",[],[],[],[]
12,Canvas/Panel/Row - Cyclic/Text (TMP) - Content,"[424.230,1140.000,0.000]","[0.000,0.000,0.000]","[0.000,0.000,0.000,1.000]",[],[],[],[]
12,Canvas/Panel/Row - Cyclic,"[275.667,1140.000,0.000]","[0.000,0.000,0.000]","[0.000,0.000,0.000,1.000]",[],[],[],[]
12,Canvas/Panel/Row - Collective/Text (TMP) - Content,"[424.230,1273.333,0.000]","[0.000,0.000,0.000]","[0.000,0.000,0.000,1.000]",[],[],[],[]
12,HeliPad_001,"[1.550,0.000,-0.670]","[0.000,0.000,0.000]","[0.000,0.000,0.000,1.000]","[1.555,-0.012,-0.659]","[14.268,0.216,14.105]",[],[]
12,Canvas/Panel/Row - Cyclic/Text (TMP) - Title,"[148.563,1140.000,0.000]","[0.000,0.000,0.000]","[0.000,0.000,0.000,1.000]",[],[],[],[]
12,Canvas/Panel/Row - Sticky Collective/Text (TMP) - Content,"[424.230,1206.667,0.000]","[0.000,0.000,0.000]","[0.000,0.000,0.000,1.000]",[],[],[],[]
12,Canvas/Panel/Row - Pedal,"[275.667,1073.333,0.000]","[0.000,0.000,0.000]","[0.000,0.000,0.000,1.000]",[],[],[],[]
12,Main Camera,"[0.810,5.017,-8.000]","[23.147,0.000,0.000]","[0.201,0.000,0.000,0.980]",[],[],[],[]
12,Canvas/Panel/Row - Sticky Collective,"[275.667,1206.667,0.000]","[0.000,0.000,0.000]","[0.000,0.000,0.000,1.000]",[],[],[],[]
12,Canvas/Panel/Row - Sticky Collective/Text (TMP) - Title,"[148.563,1206.667,0.000]","[0.000,0.000,0.000]","[0.000,0.000,0.000,1.000]",[],[],[],[]
12,Plane,"[0.000,0.000,0.000]","[0.000,0.000,0.000]","[0.000,0.000,0.000,1.000]","[0.000,0.000,0.000]","[1000.000,0.000,1000.000]","[0.000,0.000,0.000]","[1000.000,0.000,1000.000]"
12,EventSystem,"[0.000,0.000,0.000]","[0.000,0.000,0.000]","[0.000,0.000,0.000,1.000]",[],[],[],[]
12,R22_Helicopter_V2/COG,"[0.810,0.795,-0.185]","[0.000,0.000,0.000]","[0.000,0.000,0.000,1.000]",[],[],[],[]
12,Canvas/Panel/Row - Raw Throttle/Text (TMP) - Title,"[148.563,1406.667,0.000]","[0.000,0.000,0.000]","[0.000,0.000,0.000,1.000]",[],[],[],[]
12,Canvas/Panel/Row - Sticky Throttle/Text (TMP) - Content,"[424.230,1340.000,0.000]","[0.000,0.000,0.000]","[0.000,0.000,0.000,1.000]",[],[],[],[]
12,R22_Helicopter_V2/Collider Group,"[0.810,0.017,0.000]","[0.000,0.000,0.000]","[0.000,0.000,0.000,1.000]",[],[],[],[]
12,Canvas/Panel/Row - INFO/Text (TMP) - Title,"[275.667,1006.667,0.000]","[0.000,0.000,0.000]","[0.000,0.000,0.000,1.000]",[],[],[],[]
12,Canvas/Panel,"[0.000,1440.000,0.000]","[0.000,0.000,0.000]","[0.000,0.000,0.000,1.000]",[],[],[],[]
12,Canvas/Panel/Row - Collective/Text (TMP) - Title,"[148.563,1273.333,0.000]","[0.000,0.000,0.000]","[0.000,0.000,0.000,1.000]",[],[],[],[]
12,Canvas/Panel/Row - Collective,"[275.667,1273.333,0.000]","[0.000,0.000,0.000]","[0.000,0.000,0.000,1.000]",[],[],[],[]
12,R22_Helicopter_V2/Rotors_Group/Back Rotor - Mast,"[0.743,1.189,-2.237]","[0.000,0.000,0.000]","[0.000,0.000,0.000,1.000]",[],[],[],[]
12,R22_Helicopter_V2/Rotors_Group/Main Rotor - Mast,"[0.809,2.151,-0.297]","[0.000,0.000,0.000]","[0.000,0.000,0.000,1.000]",[],[],[],[]
12,R22_Helicopter_V2/Graphics_Group/R22_Body_Gruop/R22_Body_RDoor_Geo/R22_Body_RDoorGlass_Geo,"[0.810,0.017,0.000]","[0.000,0.000,0.000]","[0.000,0.000,0.000,1.000]","[1.320,1.125,0.002]","[0.171,0.436,0.554]",[],[]
12,R22_Helicopter_V2/Graphics_Group/R22_Body_Gruop/R22_Body_RDoor_Geo,"[1.413,0.923,0.312]","[0.000,0.000,0.000]","[0.000,0.000,0.000,1.000]","[1.306,0.950,0.055]","[0.220,0.856,0.731]",[],[]
12,R22_Helicopter_V2/Graphics_Group/R22_Cockpit_Gruop/R22_Cockpit_Chairs_Geo,"[0.803,0.314,0.336]","[0.000,0.000,0.000]","[0.000,0.000,0.000,1.000]","[0.803,0.761,0.336]","[0.991,0.905,1.188]",[],[]
12,R22_Helicopter_V2/Graphics_Group/R22_Body_Gruop/R22_Body_Windshield_Geo,"[0.810,0.017,0.000]","[0.000,0.000,0.000]","[0.000,0.000,0.000,1.000]","[0.803,1.040,0.572]","[1.223,0.926,0.842]",[],[]
12,R22_Helicopter_V2/Graphics_Group/R22_Body_Gruop,"[0.803,1.103,-0.693]","[0.000,0.000,0.000]","[0.000,0.000,0.000,1.000]",[],[],[],[]
12,R22_Helicopter_V2/Graphics_Group/R22_Body_Gruop/R22_Body_Geo,"[0.810,0.017,0.000]","[0.000,0.000,0.000]","[0.000,0.000,0.000,1.000]","[0.803,1.103,-0.693]","[1.239,1.769,3.377]",[],[]
12,R22_Helicopter_V2/Graphics_Group/R22_Body_Gruop/R22_Body_LDoor_Geo/R22_Body_LDoorGlass_Geo,"[0.810,0.017,0.000]","[0.000,0.000,0.000]","[0.000,0.000,0.000,1.000]","[0.286,1.125,0.002]","[0.171,0.436,0.554]",[],[]
12,R22_Helicopter_V2/Graphics_Group/R22_Body_Gruop/R22_Body_LDoor_Geo,"[0.180,0.939,0.306]","[0.000,0.000,0.000]","[0.000,0.000,0.000,1.000]","[0.301,0.950,0.055]","[0.220,0.856,0.731]",[],[]
12,R22_Helicopter_V2/Graphics_Group/R22_Cockpit_Gruop/R22_Cockpit_LLever02_Geo,"[0.529,0.345,0.659]","[0.000,0.000,0.000]","[0.000,0.000,0.000,1.000]","[0.502,0.388,0.647]","[0.108,0.108,0.042]",[],[]
12,R22_Helicopter_V2/Graphics_Group/R22_Cockpit_Gruop/R22_Cockpit_LLever01_Geo,"[0.647,0.345,0.659]","[0.000,0.000,0.000]","[0.000,0.000,0.000,1.000]","[0.621,0.381,0.685]","[0.108,0.094,0.072]",[],[]
12,R22_Helicopter_V2/Graphics_Group/R22_Cockpit_Gruop/R22_Cockpit_Needle02_Geo,"[0.948,0.816,0.782]","[0.000,0.000,0.000]","[0.000,0.000,0.000,1.000]","[0.948,0.831,0.784]","[0.004,0.024,0.004]",[],[]
12,R22_Helicopter_V2/Graphics_Group/R22_Cockpit_Gruop/R22_Cockpit_Needle01_Geo,"[0.661,0.816,0.782]","[0.000,0.000,0.000]","[0.000,0.000,0.000,1.000]","[0.661,0.831,0.784]","[0.004,0.024,0.004]",[],[]
12,R22_Helicopter_V2/Graphics_Group/R22_Cockpit_Gruop/R22_Cockpit_Handle01_Geo,"[0.803,0.890,0.382]","[0.000,0.000,0.000]","[0.000,0.000,0.000,1.000]","[0.803,0.945,0.382]","[0.672,0.176,0.118]",[],[]
12,R22_Helicopter_V2/Graphics_Group/R22_Cockpit_Gruop,"[0.803,0.761,0.336]","[0.000,0.000,0.000]","[0.000,0.000,0.000,1.000]",[],[],[],[]
12,R22_Helicopter_V2/Graphics_Group/R22_Body_Gruop/R22_Body_LDoor_Geo/R22_Cockpit_LDoor_Geo,"[0.268,0.743,0.107]","[0.000,0.000,0.000]","[0.000,0.000,0.000,1.000]","[0.268,0.743,0.107]","[0.129,0.397,0.556]",[],[]
12,R22_Helicopter_V2/Graphics_Group/R22_Cockpit_Gruop/R22_Cockpit_Hanlde02_Geo,"[0.803,0.477,0.390]","[0.000,0.000,0.000]","[0.000,0.000,0.000,1.000]","[0.803,0.686,0.390]","[0.124,0.415,0.117]",[],[]
12,R22_Helicopter_V2/Graphics_Group/R22_Cockpit_Gruop/R22_Cockpit_RLever01_Geo,"[0.958,0.344,0.660]","[0.000,0.000,0.000]","[0.000,0.000,0.000,1.000]","[0.985,0.381,0.685]","[0.108,0.093,0.072]",[],[]
12,R22_Helicopter_V2/Graphics_Group/R22_Body_Gruop/R22_Body_RDoor_Geo/R22_Cockpit_RDoor_Geo,"[1.339,0.744,0.107]","[0.000,0.000,0.000]","[0.000,0.000,0.000,1.000]","[1.339,0.744,0.107]","[0.129,0.397,0.556]",[],[]
12,R22_Helicopter_V2,"[0.810,0.017,0.000]","[0.000,0.000,0.000]","[0.000,0.000,0.000,1.000]",[],[],[],[]
12,R22_Helicopter_V2/Graphics_Group/R22_Cockpit_Gruop/R22_Cockpit_RLever02_Geo,"[1.077,0.345,0.658]","[0.000,0.000,0.000]","[0.000,0.000,0.000,1.000]","[1.104,0.388,0.647]","[0.108,0.108,0.041]",[],[]
12,R22_Helicopter_V2/Graphics_Group/R22_Cockpit_Gruop/R22_Cockpit_Needle04_Geo,"[0.746,0.651,0.722]","[0.000,0.000,0.000]","[0.000,0.000,0.000,1.000]","[0.746,0.652,0.732]","[0.002,0.002,0.015]",[],[]
12,R22_Helicopter_V2/Graphics_Group/R22_Cockpit_Gruop/R22_Cockpit_Needle03_Geo,"[0.708,0.723,0.769]","[0.000,0.000,0.000]","[0.000,0.000,0.000,1.000]","[0.708,0.738,0.771]","[0.004,0.024,0.004]",[],[]
12,R22_Helicopter_V2/Graphics_Group/R22_Cockpit_Gruop/R22_Cockpit_PannelButtons_Geo,"[0.806,0.713,0.643]","[0.000,0.000,0.000]","[0.000,0.000,0.000,1.000]","[0.806,0.713,0.643]","[0.179,0.378,0.313]",[],[]
12,R22_Helicopter_V2/Graphics_Group/R22_Cockpit_Gruop/R22_Cockpit_Needle05_Geo,"[0.746,0.645,0.655]","[0.000,0.000,0.000]","[0.000,0.000,0.000,1.000]","[0.746,0.645,0.665]","[0.002,0.002,0.015]",[],[]
12,R22_Helicopter_V2/Rotors_Group/Main Rotor - Mast/R22_Mechanical_RBlade_Geo,"[0.933,2.289,-0.299]","[0.000,0.000,0.000]","[0.000,0.000,0.000,1.000]","[1.931,2.296,-0.258]","[2.030,0.289,0.275]",[],[]
12,R22_Helicopter_V2/Graphics_Group/R22_Mechanical_Group/R22_Mechanical_Motor_Geo,"[0.803,0.009,0.244]","[0.000,0.000,0.000]","[0.000,0.000,0.000,1.000]","[0.803,0.616,0.027]","[1.550,1.206,2.056]",[],[]
12,R22_Helicopter_V2/Rotors_Group/Back Rotor - Mast/R22_Mechanical_TailMast_Geo,"[0.743,1.189,-2.237]","[0.000,0.000,0.000]","[0.000,0.000,0.000,1.000]","[0.644,1.190,-2.237]","[0.240,0.089,0.070]",[],[]
12,R22_Helicopter_V2/Rotors_Group/Back Rotor - Mast/R22_Mechanical_RTailBlade_Geo,"[0.542,1.211,-2.236]","[0.000,0.000,0.000]","[0.000,0.000,0.000,1.000]","[0.542,1.327,-2.254]","[0.012,0.263,0.074]",[],[]
12,R22_Helicopter_V2/Rotors_Group/Main Rotor - Mast/R22_Mechanical_LBlade_Geo,"[0.684,2.289,-0.294]","[0.000,0.000,0.000]","[0.000,0.000,0.000,1.000]","[-0.314,2.294,-0.336]","[2.031,0.284,0.275]",[],[]
12,R22_Helicopter_V2/Graphics_Group/R22_Mechanical_Group,"[0.810,1.202,-0.618]","[0.000,0.000,0.000]","[0.000,0.000,0.000,1.000]",[],[],[],[]
12,R22_Helicopter_V2/Rotors_Group/Main Rotor - Mast/R22_Mechanical_Mast_Geo,"[0.809,2.151,-0.297]","[0.000,0.000,0.000]","[0.000,0.000,0.000,1.000]","[0.809,2.151,-0.297]","[0.372,0.481,0.235]",[],[]
12,R22_Helicopter_V2/Rotors_Group/Back Rotor - Mast/R22_Mechanical_LTailBlade_Geo,"[0.542,1.160,-2.236]","[0.000,0.000,0.000]","[0.000,0.000,0.000,1.000]","[0.542,1.051,-2.220]","[0.012,0.263,0.074]",[],[]
12,R22_Helicopter_V2/Graphics_Group/R_22_Blendshapes,"[0.810,0.017,0.000]","[0.000,0.000,0.000]","[0.000,0.000,0.000,1.000]",[],[],[],[]
12,R22_Helicopter_V2/Collider Group/Tail_COL,"[0.810,1.131,-1.535]","[3.681,0.000,0.000]","[0.032,0.000,0.000,0.999]",[],[],"[0.810,1.131,-1.535]","[0.300,0.390,1.697]"
12,R22_Helicopter_V2/Rotors_Group/Back Rotor - Mast/Tail Rotor - Double-side blur quad,"[0.537,1.189,-2.237]","[0.000,270.000,0.000]","[0.000,-0.707,0.000,0.707]","[0.537,1.189,-2.237]","[0.000,0.600,0.600]",[],[]
12,R22_Helicopter_V2/Collider Group/L_Skid_COL,"[0.068,0.050,0.000]","[0.000,0.000,0.000]","[0.000,0.000,0.000,1.000]",[],[],"[0.068,0.050,0.190]","[0.100,0.100,1.742]"
12,R22_Helicopter_V2/Collider Group/Fuselage_COL,"[0.810,0.802,0.000]","[0.000,0.000,0.000]","[0.000,0.000,0.000,1.000]",[],[],"[0.810,0.802,0.000]","[1.380,1.380,2.200]"
12,R22_Helicopter_V2/Engines/Main Engine,"[0.810,0.017,0.000]","[0.000,0.000,0.000]","[0.000,0.000,0.000,1.000]",[],[],[],[]
12,R22_Helicopter_V2/Collider Group/Mast_COL,"[0.810,1.747,-0.290]","[353.243,0.000,0.000]","[-0.059,0.000,0.000,0.998]",[],[],"[0.810,1.747,-0.290]","[0.700,0.928,0.727]"
12,R22_Helicopter_V2/Camera LookAt Target,"[0.810,1.597,0.000]","[0.000,0.000,0.000]","[0.000,0.000,0.000,1.000]",[],[],[],[]
12,R22_Helicopter_V2/Rotors_Group/Main Rotor - Mast/Main Rotor -  Blur Quad,"[0.809,2.280,-0.297]","[90.000,0.000,0.000]","[0.707,0.000,0.000,0.707]","[0.809,2.280,-0.297]","[4.300,0.000,4.300]",[],[]
12,R22_Helicopter_V2/Rotors_Group,"[0.810,0.017,0.000]","[0.000,0.000,0.000]","[0.000,0.000,0.000,1.000]",[],[],[],[]
12,R22_Helicopter_V2/Rotors_Group/Main Rotor - Mast/Main Rotor -  Double-side blur quad,"[0.809,2.280,-0.297]","[270.000,0.000,0.000]","[-0.707,0.000,0.000,0.707]","[0.809,2.280,-0.297]","[4.300,0.000,4.300]",[],[]
12,R22_Helicopter_V2/Rotors_Group/Back Rotor - Mast/Tail Rotor - Blur quad,"[0.537,1.189,-2.237]","[0.000,90.000,0.000]","[0.000,0.707,0.000,0.707]","[0.537,1.189,-2.237]","[0.000,0.600,0.600]",[],[]
12,R22_Helicopter_V2/Engines,"[0.810,0.017,0.000]","[0.000,0.000,0.000]","[0.000,0.000,0.000,1.000]",[],[],[],[]
12,R22_Helicopter_V2/Collider Group/R_Skid_COL,"[1.541,0.050,0.000]","[0.000,0.000,0.000]","[0.000,0.000,0.000,1.000]",[],[],"[1.541,0.050,0.190]","[0.100,0.100,1.742]"
13,Directional Light,"[0.000,3.000,0.000]","[50.000,330.000,0.000]","[0.408,-0.235,0.109,0.875]",[],[],[],[]
13,Canvas/Panel/Row - INFO,"[275.667,933.267,0.000]","[0.000,0.000,0.000]","[0.000,0.000,0.000,1.000]",[],[],[],[]
13,Canvas/Panel/Row - Pedal/Text (TMP) - Title,"[148.563,1073.333,0.000]","[0.000,0.000,0.000]","[0.000,0.000,0.000,1.000]",[],[],[],[]
13,Level_Manager/FX_GRP,"[0.000,0.000,0.000]","[0.000,0.000,0.000]","[0.000,0.000,0.000,1.000]",[],[],[],[]
13,Canvas/Panel/Row - Sticky Throttle,"[275.667,1340.000,0.000]","[0.000,0.000,0.000]","[0.000,0.000,0.000,1.000]",[],[],[],[]
13,Canvas/Panel/Row - Pedal/Text (TMP) - Content,"[424.230,1073.333,0.000]","[0.000,0.000,0.000]","[0.000,0.000,0.000,1.000]",[],[],[],[]
13,Level_Manager/Audio_GRP,"[0.000,0.000,0.000]","[0.000,0.000,0.000]","[0.000,0.000,0.000,1.000]",[],[],[],[]
13,Canvas/Panel/Row - Raw Throttle,"[275.667,1406.667,0.000]","[0.000,0.000,0.000]","[0.000,0.000,0.000,1.000]",[],[],[],[]
13,Canvas/Panel/Row - Raw Throttle/Text (TMP) - Content,"[424.230,1406.667,0.000]","[0.000,0.000,0.000]","[0.000,0.000,0.000,1.000]",[],[],[],[]
13,Level_Manager/PostProcessing,"[0.000,0.000,0.000]","[0.000,0.000,0.000]","[0.000,0.000,0.000,1.000]",[],[],[],[]
13,Level_Manager/Lighting_GRP,"[0.000,0.000,0.000]","[0.000,0.000,0.000]","[0.000,0.000,0.000,1.000]",[],[],[],[]
13,Canvas/Panel/Row - Sticky Throttle/Text (TMP) - Title,"[148.563,1340.000,0.000]","[0.000,0.000,0.000]","[0.000,0.000,0.000,1.000]",[],[],[],[]
13,R22_Helicopter_V2/Graphics_Group,"[0.810,0.017,0.000]","[0.000,0.000,0.000]","[0.000,0.000,0.000,1.000]",[],[],[],[]
13,R22_Helicopter_V2/Audio Group,"[0.810,0.017,0.000]","[0.000,0.000,0.000]","[0.000,0.000,0.000,1.000]",[],[],[],[]
13,Canvas/Panel/Row - INFO/Text (TMP) - Content,"[275.667,899.933,0.000]","[0.000,0.000,0.000]","[0.000,0.000,0.000,1.000]",[],[],[],[]
13,Level_Manager/Geo_GRP,"[0.000,0.000,0.000]","[0.000,0.000,0.000]","[0.000,0.000,0.000,1.000]",[],[],[],[]
13,Canvas,"[1720.000,720.000,0.000]","[0.000,0.000,0.000]","[0.000,0.000,0.000,1.000]",[],[],[],[]
13,Level_Manager,"[0.000,0.000,0.000]","[0.000,0.000,0.000]","[0.000,0.000,0.000,1.000]",[],[],[],[]
13,Canvas/Panel/Row - Cyclic/Text (TMP) - Content,"[424.230,1140.000,0.000]","[0.000,0.000,0.000]","[0.000,0.000,0.000,1.000]",[],[],[],[]
13,Canvas/Panel/Row - Cyclic,"[275.667,1140.000,0.000]","[0.000,0.000,0.000]","[0.000,0.000,0.000,1.000]",[],[],[],[]
13,Canvas/Panel/Row - Collective/Text (TMP) - Content,"[424.230,1273.333,0.000]","[0.000,0.000,0.000]","[0.000,0.000,0.000,1.000]",[],[],[],[]
13,HeliPad_001,"[1.550,0.000,-0.670]","[0.000,0.000,0.000]","[0.000,0.000,0.000,1.000]","[1.555,-0.012,-0.659]","[14.268,0.216,14.105]",[],[]
13,Canvas/Panel/Row - Cyclic/Text (TMP) - Title,"[148.563,1140.000,0.000]","[0.000,0.000,0.000]","[0.000,0.000,0.000,1.000]",[],[],[],[]
13,Canvas/Panel/Row - Sticky Collective/Text (TMP) - Content,"[424.230,1206.667,0.000]","[0.000,0.000,0.000]","[0.000,0.000,0.000,1.000]",[],[],[],[]
13,Canvas/Panel/Row - Pedal,"[275.667,1073.333,0.000]","[0.000,0.000,0.000]","[0.000,0.000,0.000,1.000]",[],[],[],[]
13,Main Camera,"[0.810,5.017,-8.000]","[23.147,0.000,0.000]","[0.201,0.000,0.000,0.980]",[],[],[],[]
13,Canvas/Panel/Row - Sticky Collective,"[275.667,1206.667,0.000]","[0.000,0.000,0.000]","[0.000,0.000,0.000,1.000]",[],[],[],[]
13,Canvas/Panel/Row - Sticky Collective/Text (TMP) - Title,"[148.563,1206.667,0.000]","[0.000,0.000,0.000]","[0.000,0.000,0.000,1.000]",[],[],[],[]
13,Plane,"[0.000,0.000,0.000]","[0.000,0.000,0.000]","[0.000,0.000,0.000,1.000]","[0.000,0.000,0.000]","[1000.000,0.000,1000.000]","[0.000,0.000,0.000]","[1000.000,0.000,1000.000]"
13,EventSystem,"[0.000,0.000,0.000]","[0.000,0.000,0.000]","[0.000,0.000,0.000,1.000]",[],[],[],[]
13,R22_Helicopter_V2/COG,"[0.810,0.795,-0.185]","[0.000,0.000,0.000]","[0.000,0.000,0.000,1.000]",[],[],[],[]
13,Canvas/Panel/Row - Raw Throttle/Text (TMP) - Title,"[148.563,1406.667,0.000]","[0.000,0.000,0.000]","[0.000,0.000,0.000,1.000]",[],[],[],[]
13,Canvas/Panel/Row - Sticky Throttle/Text (TMP) - Content,"[424.230,1340.000,0.000]","[0.000,0.000,0.000]","[0.000,0.000,0.000,1.000]",[],[],[],[]
13,R22_Helicopter_V2/Collider Group,"[0.810,0.017,0.000]","[0.000,0.000,0.000]","[0.000,0.000,0.000,1.000]",[],[],[],[]
13,Canvas/Panel/Row - INFO/Text (TMP) - Title,"[275.667,1006.667,0.000]","[0.000,0.000,0.000]","[0.000,0.000,0.000,1.000]",[],[],[],[]
13,Canvas/Panel,"[0.000,1440.000,0.000]","[0.000,0.000,0.000]","[0.000,0.000,0.000,1.000]",[],[],[],[]
13,Canvas/Panel/Row - Collective/Text (TMP) - Title,"[148.563,1273.333,0.000]","[0.000,0.000,0.000]","[0.000,0.000,0.000,1.000]",[],[],[],[]
13,Canvas/Panel/Row - Collective,"[275.667,1273.333,0.000]","[0.000,0.000,0.000]","[0.000,0.000,0.000,1.000]",[],[],[],[]
13,R22_Helicopter_V2/Rotors_Group/Back Rotor - Mast,"[0.743,1.189,-2.237]","[0.000,0.000,0.000]","[0.000,0.000,0.000,1.000]",[],[],[],[]
13,R22_Helicopter_V2/Rotors_Group/Main Rotor - Mast,"[0.809,2.151,-0.297]","[0.000,0.000,0.000]","[0.000,0.000,0.000,1.000]",[],[],[],[]
13,R22_Helicopter_V2/Graphics_Group/R22_Body_Gruop/R22_Body_RDoor_Geo/R22_Body_RDoorGlass_Geo,"[0.810,0.017,0.000]","[0.000,0.000,0.000]","[0.000,0.000,0.000,1.000]","[1.320,1.125,0.002]","[0.171,0.436,0.554]",[],[]
13,R22_Helicopter_V2/Graphics_Group/R22_Body_Gruop/R22_Body_RDoor_Geo,"[1.413,0.923,0.312]","[0.000,0.000,0.000]","[0.000,0.000,0.000,1.000]","[1.306,0.950,0.055]","[0.220,0.856,0.731]",[],[]
13,R22_Helicopter_V2/Graphics_Group/R22_Cockpit_Gruop/R22_Cockpit_Chairs_Geo,"[0.803,0.314,0.336]","[0.000,0.000,0.000]","[0.000,0.000,0.000,1.000]","[0.803,0.761,0.336]","[0.991,0.905,1.188]",[],[]
13,R22_Helicopter_V2/Graphics_Group/R22_Body_Gruop/R22_Body_Windshield_Geo,"[0.810,0.017,0.000]","[0.000,0.000,0.000]","[0.000,0.000,0.000,1.000]","[0.803,1.040,0.572]","[1.223,0.926,0.842]",[],[]
13,R22_Helicopter_V2/Graphics_Group/R22_Body_Gruop,"[0.803,1.103,-0.693]","[0.000,0.000,0.000]","[0.000,0.000,0.000,1.000]",[],[],[],[]
13,R22_Helicopter_V2/Graphics_Group/R22_Body_Gruop/R22_Body_Geo,"[0.810,0.017,0.000]","[0.000,0.000,0.000]","[0.000,0.000,0.000,1.000]","[0.803,1.103,-0.693]","[1.239,1.769,3.377]",[],[]
13,R22_Helicopter_V2/Graphics_Group/R22_Body_Gruop/R22_Body_LDoor_Geo/R22_Body_LDoorGlass_Geo,"[0.810,0.017,0.000]","[0.000,0.000,0.000]","[0.000,0.000,0.000,1.000]","[0.286,1.125,0.002]","[0.171,0.436,0.554]",[],[]
13,R22_Helicopter_V2/Graphics_Group/R22_Body_Gruop/R22_Body_LDoor_Geo,"[0.180,0.939,0.306]","[0.000,0.000,0.000]","[0.000,0.000,0.000,1.000]","[0.301,0.950,0.055]","[0.220,0.856,0.731]",[],[]
13,R22_Helicopter_V2/Graphics_Group/R22_Cockpit_Gruop/R22_Cockpit_LLever02_Geo,"[0.529,0.345,0.659]","[0.000,0.000,0.000]","[0.000,0.000,0.000,1.000]","[0.502,0.388,0.647]","[0.108,0.108,0.042]",[],[]
13,R22_Helicopter_V2/Graphics_Group/R22_Cockpit_Gruop/R22_Cockpit_LLever01_Geo,"[0.647,0.345,0.659]","[0.000,0.000,0.000]","[0.000,0.000,0.000,1.000]","[0.621,0.381,0.685]","[0.108,0.094,0.072]",[],[]
13,R22_Helicopter_V2/Graphics_Group/R22_Cockpit_Gruop/R22_Cockpit_Needle02_Geo,"[0.948,0.816,0.782]","[0.000,0.000,0.000]","[0.000,0.000,0.000,1.000]","[0.948,0.831,0.784]","[0.004,0.024,0.004]",[],[]
13,R22_Helicopter_V2/Graphics_Group/R22_Cockpit_Gruop/R22_Cockpit_Needle01_Geo,"[0.661,0.816,0.782]","[0.000,0.000,0.000]","[0.000,0.000,0.000,1.000]","[0.661,0.831,0.784]","[0.004,0.024,0.004]",[],[]
13,R22_Helicopter_V2/Graphics_Group/R22_Cockpit_Gruop/R22_Cockpit_Handle01_Geo,"[0.803,0.890,0.382]","[0.000,0.000,0.000]","[0.000,0.000,0.000,1.000]","[0.803,0.945,0.382]","[0.672,0.176,0.118]",[],[]
13,R22_Helicopter_V2/Graphics_Group/R22_Cockpit_Gruop,"[0.803,0.761,0.336]","[0.000,0.000,0.000]","[0.000,0.000,0.000,1.000]",[],[],[],[]
13,R22_Helicopter_V2/Graphics_Group/R22_Body_Gruop/R22_Body_LDoor_Geo/R22_Cockpit_LDoor_Geo,"[0.268,0.743,0.107]","[0.000,0.000,0.000]","[0.000,0.000,0.000,1.000]","[0.268,0.743,0.107]","[0.129,0.397,0.556]",[],[]
13,R22_Helicopter_V2/Graphics_Group/R22_Cockpit_Gruop/R22_Cockpit_Hanlde02_Geo,"[0.803,0.477,0.390]","[0.000,0.000,0.000]","[0.000,0.000,0.000,1.000]","[0.803,0.686,0.390]","[0.124,0.415,0.117]",[],[]
13,R22_Helicopter_V2/Graphics_Group/R22_Cockpit_Gruop/R22_Cockpit_RLever01_Geo,"[0.958,0.344,0.660]","[0.000,0.000,0.000]","[0.000,0.000,0.000,1.000]","[0.985,0.381,0.685]","[0.108,0.093,0.072]",[],[]
13,R22_Helicopter_V2/Graphics_Group/R22_Body_Gruop/R22_Body_RDoor_Geo/R22_Cockpit_RDoor_Geo,"[1.339,0.744,0.107]","[0.000,0.000,0.000]","[0.000,0.000,0.000,1.000]","[1.339,0.744,0.107]","[0.129,0.397,0.556]",[],[]
13,R22_Helicopter_V2,"[0.810,0.017,0.000]","[0.000,0.000,0.000]","[0.000,0.000,0.000,1.000]",[],[],[],[]
13,R22_Helicopter_V2/Graphics_Group/R22_Cockpit_Gruop/R22_Cockpit_RLever02_Geo,"[1.077,0.345,0.658]","[0.000,0.000,0.000]","[0.000,0.000,0.000,1.000]","[1.104,0.388,0.647]","[0.108,0.108,0.041]",[],[]
13,R22_Helicopter_V2/Graphics_Group/R22_Cockpit_Gruop/R22_Cockpit_Needle04_Geo,"[0.746,0.651,0.722]","[0.000,0.000,0.000]","[0.000,0.000,0.000,1.000]","[0.746,0.652,0.732]","[0.002,0.002,0.015]",[],[]
13,R22_Helicopter_V2/Graphics_Group/R22_Cockpit_Gruop/R22_Cockpit_Needle03_Geo,"[0.708,0.723,0.769]","[0.000,0.000,0.000]","[0.000,0.000,0.000,1.000]","[0.708,0.738,0.771]","[0.004,0.024,0.004]",[],[]
13,R22_Helicopter_V2/Graphics_Group/R22_Cockpit_Gruop/R22_Cockpit_PannelButtons_Geo,"[0.806,0.713,0.643]","[0.000,0.000,0.000]","[0.000,0.000,0.000,1.000]","[0.806,0.713,0.643]","[0.179,0.378,0.313]",[],[]
13,R22_Helicopter_V2/Graphics_Group/R22_Cockpit_Gruop/R22_Cockpit_Needle05_Geo,"[0.746,0.645,0.655]","[0.000,0.000,0.000]","[0.000,0.000,0.000,1.000]","[0.746,0.645,0.665]","[0.002,0.002,0.015]",[],[]
13,R22_Helicopter_V2/Rotors_Group/Main Rotor - Mast/R22_Mechanical_RBlade_Geo,"[0.933,2.289,-0.299]","[0.000,0.000,0.000]","[0.000,0.000,0.000,1.000]","[1.931,2.296,-0.258]","[2.030,0.289,0.275]",[],[]
13,R22_Helicopter_V2/Graphics_Group/R22_Mechanical_Group/R22_Mechanical_Motor_Geo,"[0.803,0.009,0.244]","[0.000,0.000,0.000]","[0.000,0.000,0.000,1.000]","[0.803,0.616,0.027]","[1.550,1.206,2.056]",[],[]
13,R22_Helicopter_V2/Rotors_Group/Back Rotor - Mast/R22_Mechanical_TailMast_Geo,"[0.743,1.189,-2.237]","[0.000,0.000,0.000]","[0.000,0.000,0.000,1.000]","[0.644,1.190,-2.237]","[0.240,0.089,0.070]",[],[]
13,R22_Helicopter_V2/Rotors_Group/Back Rotor - Mast/R22_Mechanical_RTailBlade_Geo,"[0.542,1.211,-2.236]","[0.000,0.000,0.000]","[0.000,0.000,0.000,1.000]","[0.542,1.327,-2.254]","[0.012,0.263,0.074]",[],[]
13,R22_Helicopter_V2/Rotors_Group/Main Rotor - Mast/R22_Mechanical_LBlade_Geo,"[0.684,2.289,-0.294]","[0.000,0.000,0.000]","[0.000,0.000,0.000,1.000]","[-0.314,2.294,-0.336]","[2.031,0.284,0.275]",[],[]
13,R22_Helicopter_V2/Graphics_Group/R22_Mechanical_Group,"[0.810,1.202,-0.618]","[0.000,0.000,0.000]","[0.000,0.000,0.000,1.000]",[],[],[],[]
13,R22_Helicopter_V2/Rotors_Group/Main Rotor - Mast/R22_Mechanical_Mast_Geo,"[0.809,2.151,-0.297]","[0.000,0.000,0.000]","[0.000,0.000,0.000,1.000]","[0.809,2.151,-0.297]","[0.372,0.481,0.235]",[],[]
13,R22_Helicopter_V2/Rotors_Group/Back Rotor - Mast/R22_Mechanical_LTailBlade_Geo,"[0.542,1.160,-2.236]","[0.000,0.000,0.000]","[0.000,0.000,0.000,1.000]","[0.542,1.051,-2.220]","[0.012,0.263,0.074]",[],[]
13,R22_Helicopter_V2/Graphics_Group/R_22_Blendshapes,"[0.810,0.017,0.000]","[0.000,0.000,0.000]","[0.000,0.000,0.000,1.000]",[],[],[],[]
13,R22_Helicopter_V2/Collider Group/Tail_COL,"[0.810,1.131,-1.535]","[3.681,0.000,0.000]","[0.032,0.000,0.000,0.999]",[],[],"[0.810,1.131,-1.535]","[0.300,0.390,1.697]"
13,R22_Helicopter_V2/Rotors_Group/Back Rotor - Mast/Tail Rotor - Double-side blur quad,"[0.537,1.189,-2.237]","[0.000,270.000,0.000]","[0.000,-0.707,0.000,0.707]","[0.537,1.189,-2.237]","[0.000,0.600,0.600]",[],[]
13,R22_Helicopter_V2/Collider Group/L_Skid_COL,"[0.068,0.050,0.000]","[0.000,0.000,0.000]","[0.000,0.000,0.000,1.000]",[],[],"[0.068,0.050,0.190]","[0.100,0.100,1.742]"
13,R22_Helicopter_V2/Collider Group/Fuselage_COL,"[0.810,0.802,0.000]","[0.000,0.000,0.000]","[0.000,0.000,0.000,1.000]",[],[],"[0.810,0.802,0.000]","[1.380,1.380,2.200]"
13,R22_Helicopter_V2/Engines/Main Engine,"[0.810,0.017,0.000]","[0.000,0.000,0.000]","[0.000,0.000,0.000,1.000]",[],[],[],[]
13,R22_Helicopter_V2/Collider Group/Mast_COL,"[0.810,1.747,-0.290]","[353.243,0.000,0.000]","[-0.059,0.000,0.000,0.998]",[],[],"[0.810,1.747,-0.290]","[0.700,0.928,0.727]"
13,R22_Helicopter_V2/Camera LookAt Target,"[0.810,1.597,0.000]","[0.000,0.000,0.000]","[0.000,0.000,0.000,1.000]",[],[],[],[]
13,R22_Helicopter_V2/Rotors_Group/Main Rotor - Mast/Main Rotor -  Blur Quad,"[0.809,2.280,-0.297]","[90.000,0.000,0.000]","[0.707,0.000,0.000,0.707]","[0.809,2.280,-0.297]","[4.300,0.000,4.300]",[],[]
13,R22_Helicopter_V2/Rotors_Group,"[0.810,0.017,0.000]","[0.000,0.000,0.000]","[0.000,0.000,0.000,1.000]",[],[],[],[]
13,R22_Helicopter_V2/Rotors_Group/Main Rotor - Mast/Main Rotor -  Double-side blur quad,"[0.809,2.280,-0.297]","[270.000,0.000,0.000]","[-0.707,0.000,0.000,0.707]","[0.809,2.280,-0.297]","[4.300,0.000,4.300]",[],[]
13,R22_Helicopter_V2/Rotors_Group/Back Rotor - Mast/Tail Rotor - Blur quad,"[0.537,1.189,-2.237]","[0.000,90.000,0.000]","[0.000,0.707,0.000,0.707]","[0.537,1.189,-2.237]","[0.000,0.600,0.600]",[],[]
13,R22_Helicopter_V2/Engines,"[0.810,0.017,0.000]","[0.000,0.000,0.000]","[0.000,0.000,0.000,1.000]",[],[],[],[]
13,R22_Helicopter_V2/Collider Group/R_Skid_COL,"[1.541,0.050,0.000]","[0.000,0.000,0.000]","[0.000,0.000,0.000,1.000]",[],[],"[1.541,0.050,0.190]","[0.100,0.100,1.742]"
14,Directional Light,"[0.000,3.000,0.000]","[50.000,330.000,0.000]","[0.408,-0.235,0.109,0.875]",[],[],[],[]
14,Canvas/Panel/Row - INFO,"[275.667,933.267,0.000]","[0.000,0.000,0.000]","[0.000,0.000,0.000,1.000]",[],[],[],[]
14,Canvas/Panel/Row - Pedal/Text (TMP) - Title,"[148.563,1073.333,0.000]","[0.000,0.000,0.000]","[0.000,0.000,0.000,1.000]",[],[],[],[]
14,Level_Manager/FX_GRP,"[0.000,0.000,0.000]","[0.000,0.000,0.000]","[0.000,0.000,0.000,1.000]",[],[],[],[]
14,Canvas/Panel/Row - Sticky Throttle,"[275.667,1340.000,0.000]","[0.000,0.000,0.000]","[0.000,0.000,0.000,1.000]",[],[],[],[]
14,Canvas/Panel/Row - Pedal/Text (TMP) - Content,"[424.230,1073.333,0.000]","[0.000,0.000,0.000]","[0.000,0.000,0.000,1.000]",[],[],[],[]
14,Level_Manager/Audio_GRP,"[0.000,0.000,0.000]","[0.000,0.000,0.000]","[0.000,0.000,0.000,1.000]",[],[],[],[]
14,Canvas/Panel/Row - Raw Throttle,"[275.667,1406.667,0.000]","[0.000,0.000,0.000]","[0.000,0.000,0.000,1.000]",[],[],[],[]
14,Canvas/Panel/Row - Raw Throttle/Text (TMP) - Content,"[424.230,1406.667,0.000]","[0.000,0.000,0.000]","[0.000,0.000,0.000,1.000]",[],[],[],[]
14,Level_Manager/PostProcessing,"[0.000,0.000,0.000]","[0.000,0.000,0.000]","[0.000,0.000,0.000,1.000]",[],[],[],[]
14,Level_Manager/Lighting_GRP,"[0.000,0.000,0.000]","[0.000,0.000,0.000]","[0.000,0.000,0.000,1.000]",[],[],[],[]
14,Canvas/Panel/Row - Sticky Throttle/Text (TMP) - Title,"[148.563,1340.000,0.000]","[0.000,0.000,0.000]","[0.000,0.000,0.000,1.000]",[],[],[],[]
14,R22_Helicopter_V2/Graphics_Group,"[0.810,0.017,0.000]","[0.000,0.000,0.000]","[0.000,0.000,0.000,1.000]",[],[],[],[]
14,R22_Helicopter_V2/Audio Group,"[0.810,0.017,0.000]","[0.000,0.000,0.000]","[0.000,0.000,0.000,1.000]",[],[],[],[]
14,Canvas/Panel/Row - INFO/Text (TMP) - Content,"[275.667,899.933,0.000]","[0.000,0.000,0.000]","[0.000,0.000,0.000,1.000]",[],[],[],[]
14,Level_Manager/Geo_GRP,"[0.000,0.000,0.000]","[0.000,0.000,0.000]","[0.000,0.000,0.000,1.000]",[],[],[],[]
14,Canvas,"[1720.000,720.000,0.000]","[0.000,0.000,0.000]","[0.000,0.000,0.000,1.000]",[],[],[],[]
14,Level_Manager,"[0.000,0.000,0.000]","[0.000,0.000,0.000]","[0.000,0.000,0.000,1.000]",[],[],[],[]
14,Canvas/Panel/Row - Cyclic/Text (TMP) - Content,"[424.230,1140.000,0.000]","[0.000,0.000,0.000]","[0.000,0.000,0.000,1.000]",[],[],[],[]
14,Canvas/Panel/Row - Cyclic,"[275.667,1140.000,0.000]","[0.000,0.000,0.000]","[0.000,0.000,0.000,1.000]",[],[],[],[]
14,Canvas/Panel/Row - Collective/Text (TMP) - Content,"[424.230,1273.333,0.000]","[0.000,0.000,0.000]","[0.000,0.000,0.000,1.000]",[],[],[],[]
14,HeliPad_001,"[1.550,0.000,-0.670]","[0.000,0.000,0.000]","[0.000,0.000,0.000,1.000]","[1.555,-0.012,-0.659]","[14.268,0.216,14.105]",[],[]
14,Canvas/Panel/Row - Cyclic/Text (TMP) - Title,"[148.563,1140.000,0.000]","[0.000,0.000,0.000]","[0.000,0.000,0.000,1.000]",[],[],[],[]
14,Canvas/Panel/Row - Sticky Collective/Text (TMP) - Content,"[424.230,1206.667,0.000]","[0.000,0.000,0.000]","[0.000,0.000,0.000,1.000]",[],[],[],[]
14,Canvas/Panel/Row - Pedal,"[275.667,1073.333,0.000]","[0.000,0.000,0.000]","[0.000,0.000,0.000,1.000]",[],[],[],[]
14,Main Camera,"[0.810,5.017,-8.000]","[23.147,0.000,0.000]","[0.201,0.000,0.000,0.980]",[],[],[],[]
14,Canvas/Panel/Row - Sticky Collective,"[275.667,1206.667,0.000]","[0.000,0.000,0.000]","[0.000,0.000,0.000,1.000]",[],[],[],[]
14,Canvas/Panel/Row - Sticky Collective/Text (TMP) - Title,"[148.563,1206.667,0.000]","[0.000,0.000,0.000]","[0.000,0.000,0.000,1.000]",[],[],[],[]
14,Plane,"[0.000,0.000,0.000]","[0.000,0.000,0.000]","[0.000,0.000,0.000,1.000]","[0.000,0.000,0.000]","[1000.000,0.000,1000.000]","[0.000,0.000,0.000]","[1000.000,0.000,1000.000]"
14,EventSystem,"[0.000,0.000,0.000]","[0.000,0.000,0.000]","[0.000,0.000,0.000,1.000]",[],[],[],[]
14,R22_Helicopter_V2/COG,"[0.810,0.795,-0.185]","[0.000,0.000,0.000]","[0.000,0.000,0.000,1.000]",[],[],[],[]
14,Canvas/Panel/Row - Raw Throttle/Text (TMP) - Title,"[148.563,1406.667,0.000]","[0.000,0.000,0.000]","[0.000,0.000,0.000,1.000]",[],[],[],[]
14,Canvas/Panel/Row - Sticky Throttle/Text (TMP) - Content,"[424.230,1340.000,0.000]","[0.000,0.000,0.000]","[0.000,0.000,0.000,1.000]",[],[],[],[]
14,R22_Helicopter_V2/Collider Group,"[0.810,0.017,0.000]","[0.000,0.000,0.000]","[0.000,0.000,0.000,1.000]",[],[],[],[]
14,Canvas/Panel/Row - INFO/Text (TMP) - Title,"[275.667,1006.667,0.000]","[0.000,0.000,0.000]","[0.000,0.000,0.000,1.000]",[],[],[],[]
14,Canvas/Panel,"[0.000,1440.000,0.000]","[0.000,0.000,0.000]","[0.000,0.000,0.000,1.000]",[],[],[],[]
14,Canvas/Panel/Row - Collective/Text (TMP) - Title,"[148.563,1273.333,0.000]","[0.000,0.000,0.000]","[0.000,0.000,0.000,1.000]",[],[],[],[]
14,Canvas/Panel/Row - Collective,"[275.667,1273.333,0.000]","[0.000,0.000,0.000]","[0.000,0.000,0.000,1.000]",[],[],[],[]
14,R22_Helicopter_V2/Rotors_Group/Back Rotor - Mast,"[0.743,1.189,-2.237]","[0.000,0.000,0.000]","[0.000,0.000,0.000,1.000]",[],[],[],[]
14,R22_Helicopter_V2/Rotors_Group/Main Rotor - Mast,"[0.809,2.151,-0.297]","[0.000,0.000,0.000]","[0.000,0.000,0.000,1.000]",[],[],[],[]
14,R22_Helicopter_V2/Graphics_Group/R22_Body_Gruop/R22_Body_RDoor_Geo/R22_Body_RDoorGlass_Geo,"[0.810,0.017,0.000]","[0.000,0.000,0.000]","[0.000,0.000,0.000,1.000]","[1.320,1.125,0.002]","[0.171,0.436,0.554]",[],[]
14,R22_Helicopter_V2/Graphics_Group/R22_Body_Gruop/R22_Body_RDoor_Geo,"[1.413,0.923,0.312]","[0.000,0.000,0.000]","[0.000,0.000,0.000,1.000]","[1.306,0.950,0.055]","[0.220,0.856,0.731]",[],[]
14,R22_Helicopter_V2/Graphics_Group/R22_Cockpit_Gruop/R22_Cockpit_Chairs_Geo,"[0.803,0.314,0.336]","[0.000,0.000,0.000]","[0.000,0.000,0.000,1.000]","[0.803,0.761,0.336]","[0.991,0.905,1.188]",[],[]
14,R22_Helicopter_V2/Graphics_Group/R22_Body_Gruop/R22_Body_Windshield_Geo,"[0.810,0.017,0.000]","[0.000,0.000,0.000]","[0.000,0.000,0.000,1.000]","[0.803,1.040,0.572]","[1.223,0.926,0.842]",[],[]
14,R22_Helicopter_V2/Graphics_Group/R22_Body_Gruop,"[0.803,1.103,-0.693]","[0.000,0.000,0.000]","[0.000,0.000,0.000,1.000]",[],[],[],[]
14,R22_Helicopter_V2/Graphics_Group/R22_Body_Gruop/R22_Body_Geo,"[0.810,0.017,0.000]","[0.000,0.000,0.000]","[0.000,0.000,0.000,1.000]","[0.803,1.103,-0.693]","[1.239,1.769,3.377]",[],[]
14,R22_Helicopter_V2/Graphics_Group/R22_Body_Gruop/R22_Body_LDoor_Geo/R22_Body_LDoorGlass_Geo,"[0.810,0.017,0.000]","[0.000,0.000,0.000]","[0.000,0.000,0.000,1.000]","[0.286,1.125,0.002]","[0.171,0.436,0.554]",[],[]
14,R22_Helicopter_V2/Graphics_Group/R22_Body_Gruop/R22_Body_LDoor_Geo,"[0.180,0.939,0.306]","[0.000,0.000,0.000]","[0.000,0.000,0.000,1.000]","[0.301,0.950,0.055]","[0.220,0.856,0.731]",[],[]
14,R22_Helicopter_V2/Graphics_Group/R22_Cockpit_Gruop/R22_Cockpit_LLever02_Geo,"[0.529,0.345,0.659]","[0.000,0.000,0.000]","[0.000,0.000,0.000,1.000]","[0.502,0.388,0.647]","[0.108,0.108,0.042]",[],[]
14,R22_Helicopter_V2/Graphics_Group/R22_Cockpit_Gruop/R22_Cockpit_LLever01_Geo,"[0.647,0.345,0.659]","[0.000,0.000,0.000]","[0.000,0.000,0.000,1.000]","[0.621,0.381,0.685]","[0.108,0.094,0.072]",[],[]
14,R22_Helicopter_V2/Graphics_Group/R22_Cockpit_Gruop/R22_Cockpit_Needle02_Geo,"[0.948,0.816,0.782]","[0.000,0.000,0.000]","[0.000,0.000,0.000,1.000]","[0.948,0.831,0.784]","[0.004,0.024,0.004]",[],[]
14,R22_Helicopter_V2/Graphics_Group/R22_Cockpit_Gruop/R22_Cockpit_Needle01_Geo,"[0.661,0.816,0.782]","[0.000,0.000,0.000]","[0.000,0.000,0.000,1.000]","[0.661,0.831,0.784]","[0.004,0.024,0.004]",[],[]
14,R22_Helicopter_V2/Graphics_Group/R22_Cockpit_Gruop/R22_Cockpit_Handle01_Geo,"[0.803,0.890,0.382]","[0.000,0.000,0.000]","[0.000,0.000,0.000,1.000]","[0.803,0.945,0.382]","[0.672,0.176,0.118]",[],[]
14,R22_Helicopter_V2/Graphics_Group/R22_Cockpit_Gruop,"[0.803,0.761,0.336]","[0.000,0.000,0.000]","[0.000,0.000,0.000,1.000]",[],[],[],[]
14,R22_Helicopter_V2/Graphics_Group/R22_Body_Gruop/R22_Body_LDoor_Geo/R22_Cockpit_LDoor_Geo,"[0.268,0.743,0.107]","[0.000,0.000,0.000]","[0.000,0.000,0.000,1.000]","[0.268,0.743,0.107]","[0.129,0.397,0.556]",[],[]
14,R22_Helicopter_V2/Graphics_Group/R22_Cockpit_Gruop/R22_Cockpit_Hanlde02_Geo,"[0.803,0.477,0.390]","[0.000,0.000,0.000]","[0.000,0.000,0.000,1.000]","[0.803,0.686,0.390]","[0.124,0.415,0.117]",[],[]
14,R22_Helicopter_V2/Graphics_Group/R22_Cockpit_Gruop/R22_Cockpit_RLever01_Geo,"[0.958,0.344,0.660]","[0.000,0.000,0.000]","[0.000,0.000,0.000,1.000]","[0.985,0.381,0.685]","[0.108,0.093,0.072]",[],[]
14,R22_Helicopter_V2/Graphics_Group/R22_Body_Gruop/R22_Body_RDoor_Geo/R22_Cockpit_RDoor_Geo,"[1.339,0.744,0.107]","[0.000,0.000,0.000]","[0.000,0.000,0.000,1.000]","[1.339,0.744,0.107]","[0.129,0.397,0.556]",[],[]
14,R22_Helicopter_V2,"[0.810,0.017,0.000]","[0.000,0.000,0.000]","[0.000,0.000,0.000,1.000]",[],[],[],[]
14,R22_Helicopter_V2/Graphics_Group/R22_Cockpit_Gruop/R22_Cockpit_RLever02_Geo,"[1.077,0.345,0.658]","[0.000,0.000,0.000]","[0.000,0.000,0.000,1.000]","[1.104,0.388,0.647]","[0.108,0.108,0.041]",[],[]
14,R22_Helicopter_V2/Graphics_Group/R22_Cockpit_Gruop/R22_Cockpit_Needle04_Geo,"[0.746,0.651,0.722]","[0.000,0.000,0.000]","[0.000,0.000,0.000,1.000]","[0.746,0.652,0.732]","[0.002,0.002,0.015]",[],[]
14,R22_Helicopter_V2/Graphics_Group/R22_Cockpit_Gruop/R22_Cockpit_Needle03_Geo,"[0.708,0.723,0.769]","[0.000,0.000,0.000]","[0.000,0.000,0.000,1.000]","[0.708,0.738,0.771]","[0.004,0.024,0.004]",[],[]
14,R22_Helicopter_V2/Graphics_Group/R22_Cockpit_Gruop/R22_Cockpit_PannelButtons_Geo,"[0.806,0.713,0.643]","[0.000,0.000,0.000]","[0.000,0.000,0.000,1.000]","[0.806,0.713,0.643]","[0.179,0.378,0.313]",[],[]
14,R22_Helicopter_V2/Graphics_Group/R22_Cockpit_Gruop/R22_Cockpit_Needle05_Geo,"[0.746,0.645,0.655]","[0.000,0.000,0.000]","[0.000,0.000,0.000,1.000]","[0.746,0.645,0.665]","[0.002,0.002,0.015]",[],[]
14,R22_Helicopter_V2/Rotors_Group/Main Rotor - Mast/R22_Mechanical_RBlade_Geo,"[0.933,2.289,-0.299]","[0.000,0.000,0.000]","[0.000,0.000,0.000,1.000]","[1.931,2.296,-0.258]","[2.030,0.289,0.275]",[],[]
14,R22_Helicopter_V2/Graphics_Group/R22_Mechanical_Group/R22_Mechanical_Motor_Geo,"[0.803,0.009,0.244]","[0.000,0.000,0.000]","[0.000,0.000,0.000,1.000]","[0.803,0.616,0.027]","[1.550,1.206,2.056]",[],[]
14,R22_Helicopter_V2/Rotors_Group/Back Rotor - Mast/R22_Mechanical_TailMast_Geo,"[0.743,1.189,-2.237]","[0.000,0.000,0.000]","[0.000,0.000,0.000,1.000]","[0.644,1.190,-2.237]","[0.240,0.089,0.070]",[],[]
14,R22_Helicopter_V2/Rotors_Group/Back Rotor - Mast/R22_Mechanical_RTailBlade_Geo,"[0.542,1.211,-2.236]","[0.000,0.000,0.000]","[0.000,0.000,0.000,1.000]","[0.542,1.327,-2.254]","[0.012,0.263,0.074]",[],[]
14,R22_Helicopter_V2/Rotors_Group/Main Rotor - Mast/R22_Mechanical_LBlade_Geo,"[0.684,2.289,-0.294]","[0.000,0.000,0.000]","[0.000,0.000,0.000,1.000]","[-0.314,2.294,-0.336]","[2.031,0.284,0.275]",[],[]
14,R22_Helicopter_V2/Graphics_Group/R22_Mechanical_Group,"[0.810,1.202,-0.618]","[0.000,0.000,0.000]","[0.000,0.000,0.000,1.000]",[],[],[],[]
14,R22_Helicopter_V2/Rotors_Group/Main Rotor - Mast/R22_Mechanical_Mast_Geo,"[0.809,2.151,-0.297]","[0.000,0.000,0.000]","[0.000,0.000,0.000,1.000]","[0.809,2.151,-0.297]","[0.372,0.481,0.235]",[],[]
14,R22_Helicopter_V2/Rotors_Group/Back Rotor - Mast/R22_Mechanical_LTailBlade_Geo,"[0.542,1.160,-2.236]","[0.000,0.000,0.000]","[0.000,0.000,0.000,1.000]","[0.542,1.051,-2.220]","[0.012,0.263,0.074]",[],[]
14,R22_Helicopter_V2/Graphics_Group/R_22_Blendshapes,"[0.810,0.017,0.000]","[0.000,0.000,0.000]","[0.000,0.000,0.000,1.000]",[],[],[],[]
14,R22_Helicopter_V2/Collider Group/Tail_COL,"[0.810,1.131,-1.535]","[3.681,0.000,0.000]","[0.032,0.000,0.000,0.999]",[],[],"[0.810,1.131,-1.535]","[0.300,0.390,1.697]"
14,R22_Helicopter_V2/Rotors_Group/Back Rotor - Mast/Tail Rotor - Double-side blur quad,"[0.537,1.189,-2.237]","[0.000,270.000,0.000]","[0.000,-0.707,0.000,0.707]","[0.537,1.189,-2.237]","[0.000,0.600,0.600]",[],[]
14,R22_Helicopter_V2/Collider Group/L_Skid_COL,"[0.068,0.050,0.000]","[0.000,0.000,0.000]","[0.000,0.000,0.000,1.000]",[],[],"[0.068,0.050,0.190]","[0.100,0.100,1.742]"
14,R22_Helicopter_V2/Collider Group/Fuselage_COL,"[0.810,0.802,0.000]","[0.000,0.000,0.000]","[0.000,0.000,0.000,1.000]",[],[],"[0.810,0.802,0.000]","[1.380,1.380,2.200]"
14,R22_Helicopter_V2/Engines/Main Engine,"[0.810,0.017,0.000]","[0.000,0.000,0.000]","[0.000,0.000,0.000,1.000]",[],[],[],[]
14,R22_Helicopter_V2/Collider Group/Mast_COL,"[0.810,1.747,-0.290]","[353.243,0.000,0.000]","[-0.059,0.000,0.000,0.998]",[],[],"[0.810,1.747,-0.290]","[0.700,0.928,0.727]"
14,R22_Helicopter_V2/Camera LookAt Target,"[0.810,1.597,0.000]","[0.000,0.000,0.000]","[0.000,0.000,0.000,1.000]",[],[],[],[]
14,R22_Helicopter_V2/Rotors_Group/Main Rotor - Mast/Main Rotor -  Blur Quad,"[0.809,2.280,-0.297]","[90.000,0.000,0.000]","[0.707,0.000,0.000,0.707]","[0.809,2.280,-0.297]","[4.300,0.000,4.300]",[],[]
14,R22_Helicopter_V2/Rotors_Group,"[0.810,0.017,0.000]","[0.000,0.000,0.000]","[0.000,0.000,0.000,1.000]",[],[],[],[]
14,R22_Helicopter_V2/Rotors_Group/Main Rotor - Mast/Main Rotor -  Double-side blur quad,"[0.809,2.280,-0.297]","[270.000,0.000,0.000]","[-0.707,0.000,0.000,0.707]","[0.809,2.280,-0.297]","[4.300,0.000,4.300]",[],[]
14,R22_Helicopter_V2/Rotors_Group/Back Rotor - Mast/Tail Rotor - Blur quad,"[0.537,1.189,-2.237]","[0.000,90.000,0.000]","[0.000,0.707,0.000,0.707]","[0.537,1.189,-2.237]","[0.000,0.600,0.600]",[],[]
14,R22_Helicopter_V2/Engines,"[0.810,0.017,0.000]","[0.000,0.000,0.000]","[0.000,0.000,0.000,1.000]",[],[],[],[]
14,R22_Helicopter_V2/Collider Group/R_Skid_COL,"[1.541,0.050,0.000]","[0.000,0.000,0.000]","[0.000,0.000,0.000,1.000]",[],[],"[1.541,0.050,0.190]","[0.100,0.100,1.742]"
15,Directional Light,"[0.000,3.000,0.000]","[50.000,330.000,0.000]","[0.408,-0.235,0.109,0.875]",[],[],[],[]
15,Canvas/Panel/Row - INFO,"[275.667,933.267,0.000]","[0.000,0.000,0.000]","[0.000,0.000,0.000,1.000]",[],[],[],[]
15,Canvas/Panel/Row - Pedal/Text (TMP) - Title,"[148.563,1073.333,0.000]","[0.000,0.000,0.000]","[0.000,0.000,0.000,1.000]",[],[],[],[]
15,Level_Manager/FX_GRP,"[0.000,0.000,0.000]","[0.000,0.000,0.000]","[0.000,0.000,0.000,1.000]",[],[],[],[]
15,Canvas/Panel/Row - Sticky Throttle,"[275.667,1340.000,0.000]","[0.000,0.000,0.000]","[0.000,0.000,0.000,1.000]",[],[],[],[]
15,Canvas/Panel/Row - Pedal/Text (TMP) - Content,"[424.230,1073.333,0.000]","[0.000,0.000,0.000]","[0.000,0.000,0.000,1.000]",[],[],[],[]
15,Level_Manager/Audio_GRP,"[0.000,0.000,0.000]","[0.000,0.000,0.000]","[0.000,0.000,0.000,1.000]",[],[],[],[]
15,Canvas/Panel/Row - Raw Throttle,"[275.667,1406.667,0.000]","[0.000,0.000,0.000]","[0.000,0.000,0.000,1.000]",[],[],[],[]
15,Canvas/Panel/Row - Raw Throttle/Text (TMP) - Content,"[424.230,1406.667,0.000]","[0.000,0.000,0.000]","[0.000,0.000,0.000,1.000]",[],[],[],[]
15,Level_Manager/PostProcessing,"[0.000,0.000,0.000]","[0.000,0.000,0.000]","[0.000,0.000,0.000,1.000]",[],[],[],[]
15,Level_Manager/Lighting_GRP,"[0.000,0.000,0.000]","[0.000,0.000,0.000]","[0.000,0.000,0.000,1.000]",[],[],[],[]
15,Canvas/Panel/Row - Sticky Throttle/Text (TMP) - Title,"[148.563,1340.000,0.000]","[0.000,0.000,0.000]","[0.000,0.000,0.000,1.000]",[],[],[],[]
15,R22_Helicopter_V2/Graphics_Group,"[0.810,0.017,0.000]","[0.000,0.000,0.000]","[0.000,0.000,0.000,1.000]",[],[],[],[]
15,R22_Helicopter_V2/Audio Group,"[0.810,0.017,0.000]","[0.000,0.000,0.000]","[0.000,0.000,0.000,1.000]",[],[],[],[]
15,Canvas/Panel/Row - INFO/Text (TMP) - Content,"[275.667,899.933,0.000]","[0.000,0.000,0.000]","[0.000,0.000,0.000,1.000]",[],[],[],[]
15,Level_Manager/Geo_GRP,"[0.000,0.000,0.000]","[0.000,0.000,0.000]","[0.000,0.000,0.000,1.000]",[],[],[],[]
15,Canvas,"[1720.000,720.000,0.000]","[0.000,0.000,0.000]","[0.000,0.000,0.000,1.000]",[],[],[],[]
15,Level_Manager,"[0.000,0.000,0.000]","[0.000,0.000,0.000]","[0.000,0.000,0.000,1.000]",[],[],[],[]
15,Canvas/Panel/Row - Cyclic/Text (TMP) - Content,"[424.230,1140.000,0.000]","[0.000,0.000,0.000]","[0.000,0.000,0.000,1.000]",[],[],[],[]
15,Canvas/Panel/Row - Cyclic,"[275.667,1140.000,0.000]","[0.000,0.000,0.000]","[0.000,0.000,0.000,1.000]",[],[],[],[]
15,Canvas/Panel/Row - Collective/Text (TMP) - Content,"[424.230,1273.333,0.000]","[0.000,0.000,0.000]","[0.000,0.000,0.000,1.000]",[],[],[],[]
15,HeliPad_001,"[1.550,0.000,-0.670]","[0.000,0.000,0.000]","[0.000,0.000,0.000,1.000]","[1.555,-0.012,-0.659]","[14.268,0.216,14.105]",[],[]
15,Canvas/Panel/Row - Cyclic/Text (TMP) - Title,"[148.563,1140.000,0.000]","[0.000,0.000,0.000]","[0.000,0.000,0.000,1.000]",[],[],[],[]
15,Canvas/Panel/Row - Sticky Collective/Text (TMP) - Content,"[424.230,1206.667,0.000]","[0.000,0.000,0.000]","[0.000,0.000,0.000,1.000]",[],[],[],[]
15,Canvas/Panel/Row - Pedal,"[275.667,1073.333,0.000]","[0.000,0.000,0.000]","[0.000,0.000,0.000,1.000]",[],[],[],[]
15,Main Camera,"[0.810,5.017,-8.000]","[23.147,0.000,0.000]","[0.201,0.000,0.000,0.980]",[],[],[],[]
15,Canvas/Panel/Row - Sticky Collective,"[275.667,1206.667,0.000]","[0.000,0.000,0.000]","[0.000,0.000,0.000,1.000]",[],[],[],[]
15,Canvas/Panel/Row - Sticky Collective/Text (TMP) - Title,"[148.563,1206.667,0.000]","[0.000,0.000,0.000]","[0.000,0.000,0.000,1.000]",[],[],[],[]
15,Plane,"[0.000,0.000,0.000]","[0.000,0.000,0.000]","[0.000,0.000,0.000,1.000]","[0.000,0.000,0.000]","[1000.000,0.000,1000.000]","[0.000,0.000,0.000]","[1000.000,0.000,1000.000]"
15,EventSystem,"[0.000,0.000,0.000]","[0.000,0.000,0.000]","[0.000,0.000,0.000,1.000]",[],[],[],[]
15,R22_Helicopter_V2/COG,"[0.810,0.795,-0.185]","[0.000,0.000,0.000]","[0.000,0.000,0.000,1.000]",[],[],[],[]
15,Canvas/Panel/Row - Raw Throttle/Text (TMP) - Title,"[148.563,1406.667,0.000]","[0.000,0.000,0.000]","[0.000,0.000,0.000,1.000]",[],[],[],[]
15,Canvas/Panel/Row - Sticky Throttle/Text (TMP) - Content,"[424.230,1340.000,0.000]","[0.000,0.000,0.000]","[0.000,0.000,0.000,1.000]",[],[],[],[]
15,R22_Helicopter_V2/Collider Group,"[0.810,0.017,0.000]","[0.000,0.000,0.000]","[0.000,0.000,0.000,1.000]",[],[],[],[]
15,Canvas/Panel/Row - INFO/Text (TMP) - Title,"[275.667,1006.667,0.000]","[0.000,0.000,0.000]","[0.000,0.000,0.000,1.000]",[],[],[],[]
15,Canvas/Panel,"[0.000,1440.000,0.000]","[0.000,0.000,0.000]","[0.000,0.000,0.000,1.000]",[],[],[],[]
15,Canvas/Panel/Row - Collective/Text (TMP) - Title,"[148.563,1273.333,0.000]","[0.000,0.000,0.000]","[0.000,0.000,0.000,1.000]",[],[],[],[]
15,Canvas/Panel/Row - Collective,"[275.667,1273.333,0.000]","[0.000,0.000,0.000]","[0.000,0.000,0.000,1.000]",[],[],[],[]
15,R22_Helicopter_V2/Rotors_Group/Back Rotor - Mast,"[0.743,1.189,-2.237]","[0.000,0.000,0.000]","[0.000,0.000,0.000,1.000]",[],[],[],[]
15,R22_Helicopter_V2/Rotors_Group/Main Rotor - Mast,"[0.809,2.151,-0.297]","[0.000,0.000,0.000]","[0.000,0.000,0.000,1.000]",[],[],[],[]
15,R22_Helicopter_V2/Graphics_Group/R22_Body_Gruop/R22_Body_RDoor_Geo/R22_Body_RDoorGlass_Geo,"[0.810,0.017,0.000]","[0.000,0.000,0.000]","[0.000,0.000,0.000,1.000]","[1.320,1.125,0.002]","[0.171,0.436,0.554]",[],[]
15,R22_Helicopter_V2/Graphics_Group/R22_Body_Gruop/R22_Body_RDoor_Geo,"[1.413,0.923,0.312]","[0.000,0.000,0.000]","[0.000,0.000,0.000,1.000]","[1.306,0.950,0.055]","[0.220,0.856,0.731]",[],[]
15,R22_Helicopter_V2/Graphics_Group/R22_Cockpit_Gruop/R22_Cockpit_Chairs_Geo,"[0.803,0.314,0.336]","[0.000,0.000,0.000]","[0.000,0.000,0.000,1.000]","[0.803,0.761,0.336]","[0.991,0.905,1.188]",[],[]
15,R22_Helicopter_V2/Graphics_Group/R22_Body_Gruop/R22_Body_Windshield_Geo,"[0.810,0.017,0.000]","[0.000,0.000,0.000]","[0.000,0.000,0.000,1.000]","[0.803,1.040,0.572]","[1.223,0.926,0.842]",[],[]
15,R22_Helicopter_V2/Graphics_Group/R22_Body_Gruop,"[0.803,1.103,-0.693]","[0.000,0.000,0.000]","[0.000,0.000,0.000,1.000]",[],[],[],[]
15,R22_Helicopter_V2/Graphics_Group/R22_Body_Gruop/R22_Body_Geo,"[0.810,0.017,0.000]","[0.000,0.000,0.000]","[0.000,0.000,0.000,1.000]","[0.803,1.103,-0.693]","[1.239,1.769,3.377]",[],[]
15,R22_Helicopter_V2/Graphics_Group/R22_Body_Gruop/R22_Body_LDoor_Geo/R22_Body_LDoorGlass_Geo,"[0.810,0.017,0.000]","[0.000,0.000,0.000]","[0.000,0.000,0.000,1.000]","[0.286,1.125,0.002]","[0.171,0.436,0.554]",[],[]
15,R22_Helicopter_V2/Graphics_Group/R22_Body_Gruop/R22_Body_LDoor_Geo,"[0.180,0.939,0.306]","[0.000,0.000,0.000]","[0.000,0.000,0.000,1.000]","[0.301,0.950,0.055]","[0.220,0.856,0.731]",[],[]
15,R22_Helicopter_V2/Graphics_Group/R22_Cockpit_Gruop/R22_Cockpit_LLever02_Geo,"[0.529,0.345,0.659]","[0.000,0.000,0.000]","[0.000,0.000,0.000,1.000]","[0.502,0.388,0.647]","[0.108,0.108,0.042]",[],[]
15,R22_Helicopter_V2/Graphics_Group/R22_Cockpit_Gruop/R22_Cockpit_LLever01_Geo,"[0.647,0.345,0.659]","[0.000,0.000,0.000]","[0.000,0.000,0.000,1.000]","[0.621,0.381,0.685]","[0.108,0.094,0.072]",[],[]
15,R22_Helicopter_V2/Graphics_Group/R22_Cockpit_Gruop/R22_Cockpit_Needle02_Geo,"[0.948,0.816,0.782]","[0.000,0.000,0.000]","[0.000,0.000,0.000,1.000]","[0.948,0.831,0.784]","[0.004,0.024,0.004]",[],[]
15,R22_Helicopter_V2/Graphics_Group/R22_Cockpit_Gruop/R22_Cockpit_Needle01_Geo,"[0.661,0.816,0.782]","[0.000,0.000,0.000]","[0.000,0.000,0.000,1.000]","[0.661,0.831,0.784]","[0.004,0.024,0.004]",[],[]
15,R22_Helicopter_V2/Graphics_Group/R22_Cockpit_Gruop/R22_Cockpit_Handle01_Geo,"[0.803,0.890,0.382]","[0.000,0.000,0.000]","[0.000,0.000,0.000,1.000]","[0.803,0.945,0.382]","[0.672,0.176,0.118]",[],[]
15,R22_Helicopter_V2/Graphics_Group/R22_Cockpit_Gruop,"[0.803,0.761,0.336]","[0.000,0.000,0.000]","[0.000,0.000,0.000,1.000]",[],[],[],[]
15,R22_Helicopter_V2/Graphics_Group/R22_Body_Gruop/R22_Body_LDoor_Geo/R22_Cockpit_LDoor_Geo,"[0.268,0.743,0.107]","[0.000,0.000,0.000]","[0.000,0.000,0.000,1.000]","[0.268,0.743,0.107]","[0.129,0.397,0.556]",[],[]
15,R22_Helicopter_V2/Graphics_Group/R22_Cockpit_Gruop/R22_Cockpit_Hanlde02_Geo,"[0.803,0.477,0.390]","[0.000,0.000,0.000]","[0.000,0.000,0.000,1.000]","[0.803,0.686,0.390]","[0.124,0.415,0.117]",[],[]
15,R22_Helicopter_V2/Graphics_Group/R22_Cockpit_Gruop/R22_Cockpit_RLever01_Geo,"[0.958,0.344,0.660]","[0.000,0.000,0.000]","[0.000,0.000,0.000,1.000]","[0.985,0.381,0.685]","[0.108,0.093,0.072]",[],[]
15,R22_Helicopter_V2/Graphics_Group/R22_Body_Gruop/R22_Body_RDoor_Geo/R22_Cockpit_RDoor_Geo,"[1.339,0.744,0.107]","[0.000,0.000,0.000]","[0.000,0.000,0.000,1.000]","[1.339,0.744,0.107]","[0.129,0.397,0.556]",[],[]
15,R22_Helicopter_V2,"[0.810,0.017,0.000]","[0.000,0.000,0.000]","[0.000,0.000,0.000,1.000]",[],[],[],[]
15,R22_Helicopter_V2/Graphics_Group/R22_Cockpit_Gruop/R22_Cockpit_RLever02_Geo,"[1.077,0.345,0.658]","[0.000,0.000,0.000]","[0.000,0.000,0.000,1.000]","[1.104,0.388,0.647]","[0.108,0.108,0.041]",[],[]
15,R22_Helicopter_V2/Graphics_Group/R22_Cockpit_Gruop/R22_Cockpit_Needle04_Geo,"[0.746,0.651,0.722]","[0.000,0.000,0.000]","[0.000,0.000,0.000,1.000]","[0.746,0.652,0.732]","[0.002,0.002,0.015]",[],[]
15,R22_Helicopter_V2/Graphics_Group/R22_Cockpit_Gruop/R22_Cockpit_Needle03_Geo,"[0.708,0.723,0.769]","[0.000,0.000,0.000]","[0.000,0.000,0.000,1.000]","[0.708,0.738,0.771]","[0.004,0.024,0.004]",[],[]
15,R22_Helicopter_V2/Graphics_Group/R22_Cockpit_Gruop/R22_Cockpit_PannelButtons_Geo,"[0.806,0.713,0.643]","[0.000,0.000,0.000]","[0.000,0.000,0.000,1.000]","[0.806,0.713,0.643]","[0.179,0.378,0.313]",[],[]
15,R22_Helicopter_V2/Graphics_Group/R22_Cockpit_Gruop/R22_Cockpit_Needle05_Geo,"[0.746,0.645,0.655]","[0.000,0.000,0.000]","[0.000,0.000,0.000,1.000]","[0.746,0.645,0.665]","[0.002,0.002,0.015]",[],[]
15,R22_Helicopter_V2/Rotors_Group/Main Rotor - Mast/R22_Mechanical_RBlade_Geo,"[0.933,2.289,-0.299]","[0.000,0.000,0.000]","[0.000,0.000,0.000,1.000]","[1.931,2.296,-0.258]","[2.030,0.289,0.275]",[],[]
15,R22_Helicopter_V2/Graphics_Group/R22_Mechanical_Group/R22_Mechanical_Motor_Geo,"[0.803,0.009,0.244]","[0.000,0.000,0.000]","[0.000,0.000,0.000,1.000]","[0.803,0.616,0.027]","[1.550,1.206,2.056]",[],[]
15,R22_Helicopter_V2/Rotors_Group/Back Rotor - Mast/R22_Mechanical_TailMast_Geo,"[0.743,1.189,-2.237]","[0.000,0.000,0.000]","[0.000,0.000,0.000,1.000]","[0.644,1.190,-2.237]","[0.240,0.089,0.070]",[],[]
15,R22_Helicopter_V2/Rotors_Group/Back Rotor - Mast/R22_Mechanical_RTailBlade_Geo,"[0.542,1.211,-2.236]","[0.000,0.000,0.000]","[0.000,0.000,0.000,1.000]","[0.542,1.327,-2.254]","[0.012,0.263,0.074]",[],[]
15,R22_Helicopter_V2/Rotors_Group/Main Rotor - Mast/R22_Mechanical_LBlade_Geo,"[0.684,2.289,-0.294]","[0.000,0.000,0.000]","[0.000,0.000,0.000,1.000]","[-0.314,2.294,-0.336]","[2.031,0.284,0.275]",[],[]
15,R22_Helicopter_V2/Graphics_Group/R22_Mechanical_Group,"[0.810,1.202,-0.618]","[0.000,0.000,0.000]","[0.000,0.000,0.000,1.000]",[],[],[],[]
15,R22_Helicopter_V2/Rotors_Group/Main Rotor - Mast/R22_Mechanical_Mast_Geo,"[0.809,2.151,-0.297]","[0.000,0.000,0.000]","[0.000,0.000,0.000,1.000]","[0.809,2.151,-0.297]","[0.372,0.481,0.235]",[],[]
15,R22_Helicopter_V2/Rotors_Group/Back Rotor - Mast/R22_Mechanical_LTailBlade_Geo,"[0.542,1.160,-2.236]","[0.000,0.000,0.000]","[0.000,0.000,0.000,1.000]","[0.542,1.051,-2.220]","[0.012,0.263,0.074]",[],[]
15,R22_Helicopter_V2/Graphics_Group/R_22_Blendshapes,"[0.810,0.017,0.000]","[0.000,0.000,0.000]","[0.000,0.000,0.000,1.000]",[],[],[],[]
15,R22_Helicopter_V2/Collider Group/Tail_COL,"[0.810,1.131,-1.535]","[3.681,0.000,0.000]","[0.032,0.000,0.000,0.999]",[],[],"[0.810,1.131,-1.535]","[0.300,0.390,1.697]"
15,R22_Helicopter_V2/Rotors_Group/Back Rotor - Mast/Tail Rotor - Double-side blur quad,"[0.537,1.189,-2.237]","[0.000,270.000,0.000]","[0.000,-0.707,0.000,0.707]","[0.537,1.189,-2.237]","[0.000,0.600,0.600]",[],[]
15,R22_Helicopter_V2/Collider Group/L_Skid_COL,"[0.068,0.050,0.000]","[0.000,0.000,0.000]","[0.000,0.000,0.000,1.000]",[],[],"[0.068,0.050,0.190]","[0.100,0.100,1.742]"
15,R22_Helicopter_V2/Collider Group/Fuselage_COL,"[0.810,0.802,0.000]","[0.000,0.000,0.000]","[0.000,0.000,0.000,1.000]",[],[],"[0.810,0.802,0.000]","[1.380,1.380,2.200]"
15,R22_Helicopter_V2/Engines/Main Engine,"[0.810,0.017,0.000]","[0.000,0.000,0.000]","[0.000,0.000,0.000,1.000]",[],[],[],[]
15,R22_Helicopter_V2/Collider Group/Mast_COL,"[0.810,1.747,-0.290]","[353.243,0.000,0.000]","[-0.059,0.000,0.000,0.998]",[],[],"[0.810,1.747,-0.290]","[0.700,0.928,0.727]"
15,R22_Helicopter_V2/Camera LookAt Target,"[0.810,1.597,0.000]","[0.000,0.000,0.000]","[0.000,0.000,0.000,1.000]",[],[],[],[]
15,R22_Helicopter_V2/Rotors_Group/Main Rotor - Mast/Main Rotor -  Blur Quad,"[0.809,2.280,-0.297]","[90.000,0.000,0.000]","[0.707,0.000,0.000,0.707]","[0.809,2.280,-0.297]","[4.300,0.000,4.300]",[],[]
15,R22_Helicopter_V2/Rotors_Group,"[0.810,0.017,0.000]","[0.000,0.000,0.000]","[0.000,0.000,0.000,1.000]",[],[],[],[]
15,R22_Helicopter_V2/Rotors_Group/Main Rotor - Mast/Main Rotor -  Double-side blur quad,"[0.809,2.280,-0.297]","[270.000,0.000,0.000]","[-0.707,0.000,0.000,0.707]","[0.809,2.280,-0.297]","[4.300,0.000,4.300]",[],[]
15,R22_Helicopter_V2/Rotors_Group/Back Rotor - Mast/Tail Rotor - Blur quad,"[0.537,1.189,-2.237]","[0.000,90.000,0.000]","[0.000,0.707,0.000,0.707]","[0.537,1.189,-2.237]","[0.000,0.600,0.600]",[],[]
15,R22_Helicopter_V2/Engines,"[0.810,0.017,0.000]","[0.000,0.000,0.000]","[0.000,0.000,0.000,1.000]",[],[],[],[]
15,R22_Helicopter_V2/Collider Group/R_Skid_COL,"[1.541,0.050,0.000]","[0.000,0.000,0.000]","[0.000,0.000,0.000,1.000]",[],[],"[1.541,0.050,0.190]","[0.100,0.100,1.742]"
16,Directional Light,"[0.000,3.000,0.000]","[50.000,330.000,0.000]","[0.408,-0.235,0.109,0.875]",[],[],[],[]
16,Canvas/Panel/Row - INFO,"[275.667,933.267,0.000]","[0.000,0.000,0.000]","[0.000,0.000,0.000,1.000]",[],[],[],[]
16,Canvas/Panel/Row - Pedal/Text (TMP) - Title,"[148.563,1073.333,0.000]","[0.000,0.000,0.000]","[0.000,0.000,0.000,1.000]",[],[],[],[]
16,Level_Manager/FX_GRP,"[0.000,0.000,0.000]","[0.000,0.000,0.000]","[0.000,0.000,0.000,1.000]",[],[],[],[]
16,Canvas/Panel/Row - Sticky Throttle,"[275.667,1340.000,0.000]","[0.000,0.000,0.000]","[0.000,0.000,0.000,1.000]",[],[],[],[]
16,Canvas/Panel/Row - Pedal/Text (TMP) - Content,"[424.230,1073.333,0.000]","[0.000,0.000,0.000]","[0.000,0.000,0.000,1.000]",[],[],[],[]
16,Level_Manager/Audio_GRP,"[0.000,0.000,0.000]","[0.000,0.000,0.000]","[0.000,0.000,0.000,1.000]",[],[],[],[]
16,Canvas/Panel/Row - Raw Throttle,"[275.667,1406.667,0.000]","[0.000,0.000,0.000]","[0.000,0.000,0.000,1.000]",[],[],[],[]
16,Canvas/Panel/Row - Raw Throttle/Text (TMP) - Content,"[424.230,1406.667,0.000]","[0.000,0.000,0.000]","[0.000,0.000,0.000,1.000]",[],[],[],[]
16,Level_Manager/PostProcessing,"[0.000,0.000,0.000]","[0.000,0.000,0.000]","[0.000,0.000,0.000,1.000]",[],[],[],[]
16,Level_Manager/Lighting_GRP,"[0.000,0.000,0.000]","[0.000,0.000,0.000]","[0.000,0.000,0.000,1.000]",[],[],[],[]
16,Canvas/Panel/Row - Sticky Throttle/Text (TMP) - Title,"[148.563,1340.000,0.000]","[0.000,0.000,0.000]","[0.000,0.000,0.000,1.000]",[],[],[],[]
16,R22_Helicopter_V2/Graphics_Group,"[0.810,0.017,0.000]","[0.000,0.000,0.000]","[0.000,0.000,0.000,1.000]",[],[],[],[]
16,R22_Helicopter_V2/Audio Group,"[0.810,0.017,0.000]","[0.000,0.000,0.000]","[0.000,0.000,0.000,1.000]",[],[],[],[]
16,Canvas/Panel/Row - INFO/Text (TMP) - Content,"[275.667,899.933,0.000]","[0.000,0.000,0.000]","[0.000,0.000,0.000,1.000]",[],[],[],[]
16,Level_Manager/Geo_GRP,"[0.000,0.000,0.000]","[0.000,0.000,0.000]","[0.000,0.000,0.000,1.000]",[],[],[],[]
16,Canvas,"[1720.000,720.000,0.000]","[0.000,0.000,0.000]","[0.000,0.000,0.000,1.000]",[],[],[],[]
16,Level_Manager,"[0.000,0.000,0.000]","[0.000,0.000,0.000]","[0.000,0.000,0.000,1.000]",[],[],[],[]
16,Canvas/Panel/Row - Cyclic/Text (TMP) - Content,"[424.230,1140.000,0.000]","[0.000,0.000,0.000]","[0.000,0.000,0.000,1.000]",[],[],[],[]
16,Canvas/Panel/Row - Cyclic,"[275.667,1140.000,0.000]","[0.000,0.000,0.000]","[0.000,0.000,0.000,1.000]",[],[],[],[]
16,Canvas/Panel/Row - Collective/Text (TMP) - Content,"[424.230,1273.333,0.000]","[0.000,0.000,0.000]","[0.000,0.000,0.000,1.000]",[],[],[],[]
16,HeliPad_001,"[1.550,0.000,-0.670]","[0.000,0.000,0.000]","[0.000,0.000,0.000,1.000]","[1.555,-0.012,-0.659]","[14.268,0.216,14.105]",[],[]
16,Canvas/Panel/Row - Cyclic/Text (TMP) - Title,"[148.563,1140.000,0.000]","[0.000,0.000,0.000]","[0.000,0.000,0.000,1.000]",[],[],[],[]
16,Canvas/Panel/Row - Sticky Collective/Text (TMP) - Content,"[424.230,1206.667,0.000]","[0.000,0.000,0.000]","[0.000,0.000,0.000,1.000]",[],[],[],[]
16,Canvas/Panel/Row - Pedal,"[275.667,1073.333,0.000]","[0.000,0.000,0.000]","[0.000,0.000,0.000,1.000]",[],[],[],[]
16,Main Camera,"[0.810,5.017,-8.000]","[23.147,0.000,0.000]","[0.201,0.000,0.000,0.980]",[],[],[],[]
16,Canvas/Panel/Row - Sticky Collective,"[275.667,1206.667,0.000]","[0.000,0.000,0.000]","[0.000,0.000,0.000,1.000]",[],[],[],[]
16,Canvas/Panel/Row - Sticky Collective/Text (TMP) - Title,"[148.563,1206.667,0.000]","[0.000,0.000,0.000]","[0.000,0.000,0.000,1.000]",[],[],[],[]
16,Plane,"[0.000,0.000,0.000]","[0.000,0.000,0.000]","[0.000,0.000,0.000,1.000]","[0.000,0.000,0.000]","[1000.000,0.000,1000.000]","[0.000,0.000,0.000]","[1000.000,0.000,1000.000]"
16,EventSystem,"[0.000,0.000,0.000]","[0.000,0.000,0.000]","[0.000,0.000,0.000,1.000]",[],[],[],[]
16,R22_Helicopter_V2/COG,"[0.810,0.795,-0.185]","[0.000,0.000,0.000]","[0.000,0.000,0.000,1.000]",[],[],[],[]
16,Canvas/Panel/Row - Raw Throttle/Text (TMP) - Title,"[148.563,1406.667,0.000]","[0.000,0.000,0.000]","[0.000,0.000,0.000,1.000]",[],[],[],[]
16,Canvas/Panel/Row - Sticky Throttle/Text (TMP) - Content,"[424.230,1340.000,0.000]","[0.000,0.000,0.000]","[0.000,0.000,0.000,1.000]",[],[],[],[]
16,R22_Helicopter_V2/Collider Group,"[0.810,0.017,0.000]","[0.000,0.000,0.000]","[0.000,0.000,0.000,1.000]",[],[],[],[]
16,Canvas/Panel/Row - INFO/Text (TMP) - Title,"[275.667,1006.667,0.000]","[0.000,0.000,0.000]","[0.000,0.000,0.000,1.000]",[],[],[],[]
16,Canvas/Panel,"[0.000,1440.000,0.000]","[0.000,0.000,0.000]","[0.000,0.000,0.000,1.000]",[],[],[],[]
16,Canvas/Panel/Row - Collective/Text (TMP) - Title,"[148.563,1273.333,0.000]","[0.000,0.000,0.000]","[0.000,0.000,0.000,1.000]",[],[],[],[]
16,Canvas/Panel/Row - Collective,"[275.667,1273.333,0.000]","[0.000,0.000,0.000]","[0.000,0.000,0.000,1.000]",[],[],[],[]
16,R22_Helicopter_V2/Rotors_Group/Back Rotor - Mast,"[0.743,1.189,-2.237]","[0.000,0.000,0.000]","[0.000,0.000,0.000,1.000]",[],[],[],[]
16,R22_Helicopter_V2/Rotors_Group/Main Rotor - Mast,"[0.809,2.151,-0.297]","[0.000,0.000,0.000]","[0.000,0.000,0.000,1.000]",[],[],[],[]
16,R22_Helicopter_V2/Graphics_Group/R22_Body_Gruop/R22_Body_RDoor_Geo/R22_Body_RDoorGlass_Geo,"[0.810,0.017,0.000]","[0.000,0.000,0.000]","[0.000,0.000,0.000,1.000]","[1.320,1.125,0.002]","[0.171,0.436,0.554]",[],[]
16,R22_Helicopter_V2/Graphics_Group/R22_Body_Gruop/R22_Body_RDoor_Geo,"[1.413,0.923,0.312]","[0.000,0.000,0.000]","[0.000,0.000,0.000,1.000]","[1.306,0.950,0.055]","[0.220,0.856,0.731]",[],[]
16,R22_Helicopter_V2/Graphics_Group/R22_Cockpit_Gruop/R22_Cockpit_Chairs_Geo,"[0.803,0.314,0.336]","[0.000,0.000,0.000]","[0.000,0.000,0.000,1.000]","[0.803,0.761,0.336]","[0.991,0.905,1.188]",[],[]
16,R22_Helicopter_V2/Graphics_Group/R22_Body_Gruop/R22_Body_Windshield_Geo,"[0.810,0.017,0.000]","[0.000,0.000,0.000]","[0.000,0.000,0.000,1.000]","[0.803,1.040,0.572]","[1.223,0.926,0.842]",[],[]
16,R22_Helicopter_V2/Graphics_Group/R22_Body_Gruop,"[0.803,1.103,-0.693]","[0.000,0.000,0.000]","[0.000,0.000,0.000,1.000]",[],[],[],[]
16,R22_Helicopter_V2/Graphics_Group/R22_Body_Gruop/R22_Body_Geo,"[0.810,0.017,0.000]","[0.000,0.000,0.000]","[0.000,0.000,0.000,1.000]","[0.803,1.103,-0.693]","[1.239,1.769,3.377]",[],[]
16,R22_Helicopter_V2/Graphics_Group/R22_Body_Gruop/R22_Body_LDoor_Geo/R22_Body_LDoorGlass_Geo,"[0.810,0.017,0.000]","[0.000,0.000,0.000]","[0.000,0.000,0.000,1.000]","[0.286,1.125,0.002]","[0.171,0.436,0.554]",[],[]
16,R22_Helicopter_V2/Graphics_Group/R22_Body_Gruop/R22_Body_LDoor_Geo,"[0.180,0.939,0.306]","[0.000,0.000,0.000]","[0.000,0.000,0.000,1.000]","[0.301,0.950,0.055]","[0.220,0.856,0.731]",[],[]
16,R22_Helicopter_V2/Graphics_Group/R22_Cockpit_Gruop/R22_Cockpit_LLever02_Geo,"[0.529,0.345,0.659]","[0.000,0.000,0.000]","[0.000,0.000,0.000,1.000]","[0.502,0.388,0.647]","[0.108,0.108,0.042]",[],[]
16,R22_Helicopter_V2/Graphics_Group/R22_Cockpit_Gruop/R22_Cockpit_LLever01_Geo,"[0.647,0.345,0.659]","[0.000,0.000,0.000]","[0.000,0.000,0.000,1.000]","[0.621,0.381,0.685]","[0.108,0.094,0.072]",[],[]
16,R22_Helicopter_V2/Graphics_Group/R22_Cockpit_Gruop/R22_Cockpit_Needle02_Geo,"[0.948,0.816,0.782]","[0.000,0.000,0.000]","[0.000,0.000,0.000,1.000]","[0.948,0.831,0.784]","[0.004,0.024,0.004]",[],[]
16,R22_Helicopter_V2/Graphics_Group/R22_Cockpit_Gruop/R22_Cockpit_Needle01_Geo,"[0.661,0.816,0.782]","[0.000,0.000,0.000]","[0.000,0.000,0.000,1.000]","[0.661,0.831,0.784]","[0.004,0.024,0.004]",[],[]
16,R22_Helicopter_V2/Graphics_Group/R22_Cockpit_Gruop/R22_Cockpit_Handle01_Geo,"[0.803,0.890,0.382]","[0.000,0.000,0.000]","[0.000,0.000,0.000,1.000]","[0.803,0.945,0.382]","[0.672,0.176,0.118]",[],[]
16,R22_Helicopter_V2/Graphics_Group/R22_Cockpit_Gruop,"[0.803,0.761,0.336]","[0.000,0.000,0.000]","[0.000,0.000,0.000,1.000]",[],[],[],[]
16,R22_Helicopter_V2/Graphics_Group/R22_Body_Gruop/R22_Body_LDoor_Geo/R22_Cockpit_LDoor_Geo,"[0.268,0.743,0.107]","[0.000,0.000,0.000]","[0.000,0.000,0.000,1.000]","[0.268,0.743,0.107]","[0.129,0.397,0.556]",[],[]
16,R22_Helicopter_V2/Graphics_Group/R22_Cockpit_Gruop/R22_Cockpit_Hanlde02_Geo,"[0.803,0.477,0.390]","[0.000,0.000,0.000]","[0.000,0.000,0.000,1.000]","[0.803,0.686,0.390]","[0.124,0.415,0.117]",[],[]
16,R22_Helicopter_V2/Graphics_Group/R22_Cockpit_Gruop/R22_Cockpit_RLever01_Geo,"[0.958,0.344,0.660]","[0.000,0.000,0.000]","[0.000,0.000,0.000,1.000]","[0.985,0.381,0.685]","[0.108,0.093,0.072]",[],[]
16,R22_Helicopter_V2/Graphics_Group/R22_Body_Gruop/R22_Body_RDoor_Geo/R22_Cockpit_RDoor_Geo,"[1.339,0.744,0.107]","[0.000,0.000,0.000]","[0.000,0.000,0.000,1.000]","[1.339,0.744,0.107]","[0.129,0.397,0.556]",[],[]
16,R22_Helicopter_V2,"[0.810,0.017,0.000]","[0.000,0.000,0.000]","[0.000,0.000,0.000,1.000]",[],[],[],[]
16,R22_Helicopter_V2/Graphics_Group/R22_Cockpit_Gruop/R22_Cockpit_RLever02_Geo,"[1.077,0.345,0.658]","[0.000,0.000,0.000]","[0.000,0.000,0.000,1.000]","[1.104,0.388,0.647]","[0.108,0.108,0.041]",[],[]
16,R22_Helicopter_V2/Graphics_Group/R22_Cockpit_Gruop/R22_Cockpit_Needle04_Geo,"[0.746,0.651,0.722]","[0.000,0.000,0.000]","[0.000,0.000,0.000,1.000]","[0.746,0.652,0.732]","[0.002,0.002,0.015]",[],[]
16,R22_Helicopter_V2/Graphics_Group/R22_Cockpit_Gruop/R22_Cockpit_Needle03_Geo,"[0.708,0.723,0.769]","[0.000,0.000,0.000]","[0.000,0.000,0.000,1.000]","[0.708,0.738,0.771]","[0.004,0.024,0.004]",[],[]
16,R22_Helicopter_V2/Graphics_Group/R22_Cockpit_Gruop/R22_Cockpit_PannelButtons_Geo,"[0.806,0.713,0.643]","[0.000,0.000,0.000]","[0.000,0.000,0.000,1.000]","[0.806,0.713,0.643]","[0.179,0.378,0.313]",[],[]
16,R22_Helicopter_V2/Graphics_Group/R22_Cockpit_Gruop/R22_Cockpit_Needle05_Geo,"[0.746,0.645,0.655]","[0.000,0.000,0.000]","[0.000,0.000,0.000,1.000]","[0.746,0.645,0.665]","[0.002,0.002,0.015]",[],[]
16,R22_Helicopter_V2/Rotors_Group/Main Rotor - Mast/R22_Mechanical_RBlade_Geo,"[0.933,2.289,-0.299]","[0.000,0.000,0.000]","[0.000,0.000,0.000,1.000]","[1.931,2.296,-0.258]","[2.030,0.289,0.275]",[],[]
16,R22_Helicopter_V2/Graphics_Group/R22_Mechanical_Group/R22_Mechanical_Motor_Geo,"[0.803,0.009,0.244]","[0.000,0.000,0.000]","[0.000,0.000,0.000,1.000]","[0.803,0.616,0.027]","[1.550,1.206,2.056]",[],[]
16,R22_Helicopter_V2/Rotors_Group/Back Rotor - Mast/R22_Mechanical_TailMast_Geo,"[0.743,1.189,-2.237]","[0.000,0.000,0.000]","[0.000,0.000,0.000,1.000]","[0.644,1.190,-2.237]","[0.240,0.089,0.070]",[],[]
16,R22_Helicopter_V2/Rotors_Group/Back Rotor - Mast/R22_Mechanical_RTailBlade_Geo,"[0.542,1.211,-2.236]","[0.000,0.000,0.000]","[0.000,0.000,0.000,1.000]","[0.542,1.327,-2.254]","[0.012,0.263,0.074]",[],[]
16,R22_Helicopter_V2/Rotors_Group/Main Rotor - Mast/R22_Mechanical_LBlade_Geo,"[0.684,2.289,-0.294]","[0.000,0.000,0.000]","[0.000,0.000,0.000,1.000]","[-0.314,2.294,-0.336]","[2.031,0.284,0.275]",[],[]
16,R22_Helicopter_V2/Graphics_Group/R22_Mechanical_Group,"[0.810,1.202,-0.618]","[0.000,0.000,0.000]","[0.000,0.000,0.000,1.000]",[],[],[],[]
16,R22_Helicopter_V2/Rotors_Group/Main Rotor - Mast/R22_Mechanical_Mast_Geo,"[0.809,2.151,-0.297]","[0.000,0.000,0.000]","[0.000,0.000,0.000,1.000]","[0.809,2.151,-0.297]","[0.372,0.481,0.235]",[],[]
16,R22_Helicopter_V2/Rotors_Group/Back Rotor - Mast/R22_Mechanical_LTailBlade_Geo,"[0.542,1.160,-2.236]","[0.000,0.000,0.000]","[0.000,0.000,0.000,1.000]","[0.542,1.051,-2.220]","[0.012,0.263,0.074]",[],[]
16,R22_Helicopter_V2/Graphics_Group/R_22_Blendshapes,"[0.810,0.017,0.000]","[0.000,0.000,0.000]","[0.000,0.000,0.000,1.000]",[],[],[],[]
16,R22_Helicopter_V2/Collider Group/Tail_COL,"[0.810,1.131,-1.535]","[3.681,0.000,0.000]","[0.032,0.000,0.000,0.999]",[],[],"[0.810,1.131,-1.535]","[0.300,0.390,1.697]"
16,R22_Helicopter_V2/Rotors_Group/Back Rotor - Mast/Tail Rotor - Double-side blur quad,"[0.537,1.189,-2.237]","[0.000,270.000,0.000]","[0.000,-0.707,0.000,0.707]","[0.537,1.189,-2.237]","[0.000,0.600,0.600]",[],[]
16,R22_Helicopter_V2/Collider Group/L_Skid_COL,"[0.068,0.050,0.000]","[0.000,0.000,0.000]","[0.000,0.000,0.000,1.000]",[],[],"[0.068,0.050,0.190]","[0.100,0.100,1.742]"
16,R22_Helicopter_V2/Collider Group/Fuselage_COL,"[0.810,0.802,0.000]","[0.000,0.000,0.000]","[0.000,0.000,0.000,1.000]",[],[],"[0.810,0.802,0.000]","[1.380,1.380,2.200]"
16,R22_Helicopter_V2/Engines/Main Engine,"[0.810,0.017,0.000]","[0.000,0.000,0.000]","[0.000,0.000,0.000,1.000]",[],[],[],[]
16,R22_Helicopter_V2/Collider Group/Mast_COL,"[0.810,1.747,-0.290]","[353.243,0.000,0.000]","[-0.059,0.000,0.000,0.998]",[],[],"[0.810,1.747,-0.290]","[0.700,0.928,0.727]"
16,R22_Helicopter_V2/Camera LookAt Target,"[0.810,1.597,0.000]","[0.000,0.000,0.000]","[0.000,0.000,0.000,1.000]",[],[],[],[]
16,R22_Helicopter_V2/Rotors_Group/Main Rotor - Mast/Main Rotor -  Blur Quad,"[0.809,2.280,-0.297]","[90.000,0.000,0.000]","[0.707,0.000,0.000,0.707]","[0.809,2.280,-0.297]","[4.300,0.000,4.300]",[],[]
16,R22_Helicopter_V2/Rotors_Group,"[0.810,0.017,0.000]","[0.000,0.000,0.000]","[0.000,0.000,0.000,1.000]",[],[],[],[]
16,R22_Helicopter_V2/Rotors_Group/Main Rotor - Mast/Main Rotor -  Double-side blur quad,"[0.809,2.280,-0.297]","[270.000,0.000,0.000]","[-0.707,0.000,0.000,0.707]","[0.809,2.280,-0.297]","[4.300,0.000,4.300]",[],[]
16,R22_Helicopter_V2/Rotors_Group/Back Rotor - Mast/Tail Rotor - Blur quad,"[0.537,1.189,-2.237]","[0.000,90.000,0.000]","[0.000,0.707,0.000,0.707]","[0.537,1.189,-2.237]","[0.000,0.600,0.600]",[],[]
16,R22_Helicopter_V2/Engines,"[0.810,0.017,0.000]","[0.000,0.000,0.000]","[0.000,0.000,0.000,1.000]",[],[],[],[]
16,R22_Helicopter_V2/Collider Group/R_Skid_COL,"[1.541,0.050,0.000]","[0.000,0.000,0.000]","[0.000,0.000,0.000,1.000]",[],[],"[1.541,0.050,0.190]","[0.100,0.100,1.742]"
17,Directional Light,"[0.000,3.000,0.000]","[50.000,330.000,0.000]","[0.408,-0.235,0.109,0.875]",[],[],[],[]
17,Canvas/Panel/Row - INFO,"[275.667,933.267,0.000]","[0.000,0.000,0.000]","[0.000,0.000,0.000,1.000]",[],[],[],[]
17,Canvas/Panel/Row - Pedal/Text (TMP) - Title,"[148.563,1073.333,0.000]","[0.000,0.000,0.000]","[0.000,0.000,0.000,1.000]",[],[],[],[]
17,Level_Manager/FX_GRP,"[0.000,0.000,0.000]","[0.000,0.000,0.000]","[0.000,0.000,0.000,1.000]",[],[],[],[]
17,Canvas/Panel/Row - Sticky Throttle,"[275.667,1340.000,0.000]","[0.000,0.000,0.000]","[0.000,0.000,0.000,1.000]",[],[],[],[]
17,Canvas/Panel/Row - Pedal/Text (TMP) - Content,"[424.230,1073.333,0.000]","[0.000,0.000,0.000]","[0.000,0.000,0.000,1.000]",[],[],[],[]
17,Level_Manager/Audio_GRP,"[0.000,0.000,0.000]","[0.000,0.000,0.000]","[0.000,0.000,0.000,1.000]",[],[],[],[]
17,Canvas/Panel/Row - Raw Throttle,"[275.667,1406.667,0.000]","[0.000,0.000,0.000]","[0.000,0.000,0.000,1.000]",[],[],[],[]
17,Canvas/Panel/Row - Raw Throttle/Text (TMP) - Content,"[424.230,1406.667,0.000]","[0.000,0.000,0.000]","[0.000,0.000,0.000,1.000]",[],[],[],[]
17,Level_Manager/PostProcessing,"[0.000,0.000,0.000]","[0.000,0.000,0.000]","[0.000,0.000,0.000,1.000]",[],[],[],[]
17,Level_Manager/Lighting_GRP,"[0.000,0.000,0.000]","[0.000,0.000,0.000]","[0.000,0.000,0.000,1.000]",[],[],[],[]
17,Canvas/Panel/Row - Sticky Throttle/Text (TMP) - Title,"[148.563,1340.000,0.000]","[0.000,0.000,0.000]","[0.000,0.000,0.000,1.000]",[],[],[],[]
17,R22_Helicopter_V2/Graphics_Group,"[0.810,0.017,0.000]","[0.000,0.000,0.000]","[0.000,0.000,0.000,1.000]",[],[],[],[]
17,R22_Helicopter_V2/Audio Group,"[0.810,0.017,0.000]","[0.000,0.000,0.000]","[0.000,0.000,0.000,1.000]",[],[],[],[]
17,Canvas/Panel/Row - INFO/Text (TMP) - Content,"[275.667,899.933,0.000]","[0.000,0.000,0.000]","[0.000,0.000,0.000,1.000]",[],[],[],[]
17,Level_Manager/Geo_GRP,"[0.000,0.000,0.000]","[0.000,0.000,0.000]","[0.000,0.000,0.000,1.000]",[],[],[],[]
17,Canvas,"[1720.000,720.000,0.000]","[0.000,0.000,0.000]","[0.000,0.000,0.000,1.000]",[],[],[],[]
17,Level_Manager,"[0.000,0.000,0.000]","[0.000,0.000,0.000]","[0.000,0.000,0.000,1.000]",[],[],[],[]
17,Canvas/Panel/Row - Cyclic/Text (TMP) - Content,"[424.230,1140.000,0.000]","[0.000,0.000,0.000]","[0.000,0.000,0.000,1.000]",[],[],[],[]
17,Canvas/Panel/Row - Cyclic,"[275.667,1140.000,0.000]","[0.000,0.000,0.000]","[0.000,0.000,0.000,1.000]",[],[],[],[]
17,Canvas/Panel/Row - Collective/Text (TMP) - Content,"[424.230,1273.333,0.000]","[0.000,0.000,0.000]","[0.000,0.000,0.000,1.000]",[],[],[],[]
17,HeliPad_001,"[1.550,0.000,-0.670]","[0.000,0.000,0.000]","[0.000,0.000,0.000,1.000]","[1.555,-0.012,-0.659]","[14.268,0.216,14.105]",[],[]
17,Canvas/Panel/Row - Cyclic/Text (TMP) - Title,"[148.563,1140.000,0.000]","[0.000,0.000,0.000]","[0.000,0.000,0.000,1.000]",[],[],[],[]
17,Canvas/Panel/Row - Sticky Collective/Text (TMP) - Content,"[424.230,1206.667,0.000]","[0.000,0.000,0.000]","[0.000,0.000,0.000,1.000]",[],[],[],[]
17,Canvas/Panel/Row - Pedal,"[275.667,1073.333,0.000]","[0.000,0.000,0.000]","[0.000,0.000,0.000,1.000]",[],[],[],[]
17,Main Camera,"[0.810,5.017,-8.000]","[23.147,0.000,0.000]","[0.201,0.000,0.000,0.980]",[],[],[],[]
17,Canvas/Panel/Row - Sticky Collective,"[275.667,1206.667,0.000]","[0.000,0.000,0.000]","[0.000,0.000,0.000,1.000]",[],[],[],[]
17,Canvas/Panel/Row - Sticky Collective/Text (TMP) - Title,"[148.563,1206.667,0.000]","[0.000,0.000,0.000]","[0.000,0.000,0.000,1.000]",[],[],[],[]
17,Plane,"[0.000,0.000,0.000]","[0.000,0.000,0.000]","[0.000,0.000,0.000,1.000]","[0.000,0.000,0.000]","[1000.000,0.000,1000.000]","[0.000,0.000,0.000]","[1000.000,0.000,1000.000]"
17,EventSystem,"[0.000,0.000,0.000]","[0.000,0.000,0.000]","[0.000,0.000,0.000,1.000]",[],[],[],[]
17,R22_Helicopter_V2/COG,"[0.810,0.795,-0.185]","[0.000,0.000,0.000]","[0.000,0.000,0.000,1.000]",[],[],[],[]
17,Canvas/Panel/Row - Raw Throttle/Text (TMP) - Title,"[148.563,1406.667,0.000]","[0.000,0.000,0.000]","[0.000,0.000,0.000,1.000]",[],[],[],[]
17,Canvas/Panel/Row - Sticky Throttle/Text (TMP) - Content,"[424.230,1340.000,0.000]","[0.000,0.000,0.000]","[0.000,0.000,0.000,1.000]",[],[],[],[]
17,R22_Helicopter_V2/Collider Group,"[0.810,0.017,0.000]","[0.000,0.000,0.000]","[0.000,0.000,0.000,1.000]",[],[],[],[]
17,Canvas/Panel/Row - INFO/Text (TMP) - Title,"[275.667,1006.667,0.000]","[0.000,0.000,0.000]","[0.000,0.000,0.000,1.000]",[],[],[],[]
17,Canvas/Panel,"[0.000,1440.000,0.000]","[0.000,0.000,0.000]","[0.000,0.000,0.000,1.000]",[],[],[],[]
17,Canvas/Panel/Row - Collective/Text (TMP) - Title,"[148.563,1273.333,0.000]","[0.000,0.000,0.000]","[0.000,0.000,0.000,1.000]",[],[],[],[]
17,Canvas/Panel/Row - Collective,"[275.667,1273.333,0.000]","[0.000,0.000,0.000]","[0.000,0.000,0.000,1.000]",[],[],[],[]
17,R22_Helicopter_V2/Rotors_Group/Back Rotor - Mast,"[0.743,1.189,-2.237]","[0.000,0.000,0.000]","[0.000,0.000,0.000,1.000]",[],[],[],[]
17,R22_Helicopter_V2/Rotors_Group/Main Rotor - Mast,"[0.809,2.151,-0.297]","[0.000,0.000,0.000]","[0.000,0.000,0.000,1.000]",[],[],[],[]
17,R22_Helicopter_V2/Graphics_Group/R22_Body_Gruop/R22_Body_RDoor_Geo/R22_Body_RDoorGlass_Geo,"[0.810,0.017,0.000]","[0.000,0.000,0.000]","[0.000,0.000,0.000,1.000]","[1.320,1.125,0.002]","[0.171,0.436,0.554]",[],[]
17,R22_Helicopter_V2/Graphics_Group/R22_Body_Gruop/R22_Body_RDoor_Geo,"[1.413,0.923,0.312]","[0.000,0.000,0.000]","[0.000,0.000,0.000,1.000]","[1.306,0.950,0.055]","[0.220,0.856,0.731]",[],[]
17,R22_Helicopter_V2/Graphics_Group/R22_Cockpit_Gruop/R22_Cockpit_Chairs_Geo,"[0.803,0.314,0.336]","[0.000,0.000,0.000]","[0.000,0.000,0.000,1.000]","[0.803,0.761,0.336]","[0.991,0.905,1.188]",[],[]
17,R22_Helicopter_V2/Graphics_Group/R22_Body_Gruop/R22_Body_Windshield_Geo,"[0.810,0.017,0.000]","[0.000,0.000,0.000]","[0.000,0.000,0.000,1.000]","[0.803,1.040,0.572]","[1.223,0.926,0.842]",[],[]
17,R22_Helicopter_V2/Graphics_Group/R22_Body_Gruop,"[0.803,1.103,-0.693]","[0.000,0.000,0.000]","[0.000,0.000,0.000,1.000]",[],[],[],[]
17,R22_Helicopter_V2/Graphics_Group/R22_Body_Gruop/R22_Body_Geo,"[0.810,0.017,0.000]","[0.000,0.000,0.000]","[0.000,0.000,0.000,1.000]","[0.803,1.103,-0.693]","[1.239,1.769,3.377]",[],[]
17,R22_Helicopter_V2/Graphics_Group/R22_Body_Gruop/R22_Body_LDoor_Geo/R22_Body_LDoorGlass_Geo,"[0.810,0.017,0.000]","[0.000,0.000,0.000]","[0.000,0.000,0.000,1.000]","[0.286,1.125,0.002]","[0.171,0.436,0.554]",[],[]
17,R22_Helicopter_V2/Graphics_Group/R22_Body_Gruop/R22_Body_LDoor_Geo,"[0.180,0.939,0.306]","[0.000,0.000,0.000]","[0.000,0.000,0.000,1.000]","[0.301,0.950,0.055]","[0.220,0.856,0.731]",[],[]
17,R22_Helicopter_V2/Graphics_Group/R22_Cockpit_Gruop/R22_Cockpit_LLever02_Geo,"[0.529,0.345,0.659]","[0.000,0.000,0.000]","[0.000,0.000,0.000,1.000]","[0.502,0.388,0.647]","[0.108,0.108,0.042]",[],[]
17,R22_Helicopter_V2/Graphics_Group/R22_Cockpit_Gruop/R22_Cockpit_LLever01_Geo,"[0.647,0.345,0.659]","[0.000,0.000,0.000]","[0.000,0.000,0.000,1.000]","[0.621,0.381,0.685]","[0.108,0.094,0.072]",[],[]
17,R22_Helicopter_V2/Graphics_Group/R22_Cockpit_Gruop/R22_Cockpit_Needle02_Geo,"[0.948,0.816,0.782]","[0.000,0.000,0.000]","[0.000,0.000,0.000,1.000]","[0.948,0.831,0.784]","[0.004,0.024,0.004]",[],[]
17,R22_Helicopter_V2/Graphics_Group/R22_Cockpit_Gruop/R22_Cockpit_Needle01_Geo,"[0.661,0.816,0.782]","[0.000,0.000,0.000]","[0.000,0.000,0.000,1.000]","[0.661,0.831,0.784]","[0.004,0.024,0.004]",[],[]
17,R22_Helicopter_V2/Graphics_Group/R22_Cockpit_Gruop/R22_Cockpit_Handle01_Geo,"[0.803,0.890,0.382]","[0.000,0.000,0.000]","[0.000,0.000,0.000,1.000]","[0.803,0.945,0.382]","[0.672,0.176,0.118]",[],[]
17,R22_Helicopter_V2/Graphics_Group/R22_Cockpit_Gruop,"[0.803,0.761,0.336]","[0.000,0.000,0.000]","[0.000,0.000,0.000,1.000]",[],[],[],[]
17,R22_Helicopter_V2/Graphics_Group/R22_Body_Gruop/R22_Body_LDoor_Geo/R22_Cockpit_LDoor_Geo,"[0.268,0.743,0.107]","[0.000,0.000,0.000]","[0.000,0.000,0.000,1.000]","[0.268,0.743,0.107]","[0.129,0.397,0.556]",[],[]
17,R22_Helicopter_V2/Graphics_Group/R22_Cockpit_Gruop/R22_Cockpit_Hanlde02_Geo,"[0.803,0.477,0.390]","[0.000,0.000,0.000]","[0.000,0.000,0.000,1.000]","[0.803,0.686,0.390]","[0.124,0.415,0.117]",[],[]
17,R22_Helicopter_V2/Graphics_Group/R22_Cockpit_Gruop/R22_Cockpit_RLever01_Geo,"[0.958,0.344,0.660]","[0.000,0.000,0.000]","[0.000,0.000,0.000,1.000]","[0.985,0.381,0.685]","[0.108,0.093,0.072]",[],[]
17,R22_Helicopter_V2/Graphics_Group/R22_Body_Gruop/R22_Body_RDoor_Geo/R22_Cockpit_RDoor_Geo,"[1.339,0.744,0.107]","[0.000,0.000,0.000]","[0.000,0.000,0.000,1.000]","[1.339,0.744,0.107]","[0.129,0.397,0.556]",[],[]
17,R22_Helicopter_V2,"[0.810,0.017,0.000]","[0.000,0.000,0.000]","[0.000,0.000,0.000,1.000]",[],[],[],[]
17,R22_Helicopter_V2/Graphics_Group/R22_Cockpit_Gruop/R22_Cockpit_RLever02_Geo,"[1.077,0.345,0.658]","[0.000,0.000,0.000]","[0.000,0.000,0.000,1.000]","[1.104,0.388,0.647]","[0.108,0.108,0.041]",[],[]
17,R22_Helicopter_V2/Graphics_Group/R22_Cockpit_Gruop/R22_Cockpit_Needle04_Geo,"[0.746,0.651,0.722]","[0.000,0.000,0.000]","[0.000,0.000,0.000,1.000]","[0.746,0.652,0.732]","[0.002,0.002,0.015]",[],[]
17,R22_Helicopter_V2/Graphics_Group/R22_Cockpit_Gruop/R22_Cockpit_Needle03_Geo,"[0.708,0.723,0.769]","[0.000,0.000,0.000]","[0.000,0.000,0.000,1.000]","[0.708,0.738,0.771]","[0.004,0.024,0.004]",[],[]
17,R22_Helicopter_V2/Graphics_Group/R22_Cockpit_Gruop/R22_Cockpit_PannelButtons_Geo,"[0.806,0.713,0.643]","[0.000,0.000,0.000]","[0.000,0.000,0.000,1.000]","[0.806,0.713,0.643]","[0.179,0.378,0.313]",[],[]
17,R22_Helicopter_V2/Graphics_Group/R22_Cockpit_Gruop/R22_Cockpit_Needle05_Geo,"[0.746,0.645,0.655]","[0.000,0.000,0.000]","[0.000,0.000,0.000,1.000]","[0.746,0.645,0.665]","[0.002,0.002,0.015]",[],[]
17,R22_Helicopter_V2/Rotors_Group/Main Rotor - Mast/R22_Mechanical_RBlade_Geo,"[0.933,2.289,-0.299]","[0.000,0.000,0.000]","[0.000,0.000,0.000,1.000]","[1.931,2.296,-0.258]","[2.030,0.289,0.275]",[],[]
17,R22_Helicopter_V2/Graphics_Group/R22_Mechanical_Group/R22_Mechanical_Motor_Geo,"[0.803,0.009,0.244]","[0.000,0.000,0.000]","[0.000,0.000,0.000,1.000]","[0.803,0.616,0.027]","[1.550,1.206,2.056]",[],[]
17,R22_Helicopter_V2/Rotors_Group/Back Rotor - Mast/R22_Mechanical_TailMast_Geo,"[0.743,1.189,-2.237]","[0.000,0.000,0.000]","[0.000,0.000,0.000,1.000]","[0.644,1.190,-2.237]","[0.240,0.089,0.070]",[],[]
17,R22_Helicopter_V2/Rotors_Group/Back Rotor - Mast/R22_Mechanical_RTailBlade_Geo,"[0.542,1.211,-2.236]","[0.000,0.000,0.000]","[0.000,0.000,0.000,1.000]","[0.542,1.327,-2.254]","[0.012,0.263,0.074]",[],[]
17,R22_Helicopter_V2/Rotors_Group/Main Rotor - Mast/R22_Mechanical_LBlade_Geo,"[0.684,2.289,-0.294]","[0.000,0.000,0.000]","[0.000,0.000,0.000,1.000]","[-0.314,2.294,-0.336]","[2.031,0.284,0.275]",[],[]
17,R22_Helicopter_V2/Graphics_Group/R22_Mechanical_Group,"[0.810,1.202,-0.618]","[0.000,0.000,0.000]","[0.000,0.000,0.000,1.000]",[],[],[],[]
17,R22_Helicopter_V2/Rotors_Group/Main Rotor - Mast/R22_Mechanical_Mast_Geo,"[0.809,2.151,-0.297]","[0.000,0.000,0.000]","[0.000,0.000,0.000,1.000]","[0.809,2.151,-0.297]","[0.372,0.481,0.235]",[],[]
17,R22_Helicopter_V2/Rotors_Group/Back Rotor - Mast/R22_Mechanical_LTailBlade_Geo,"[0.542,1.160,-2.236]","[0.000,0.000,0.000]","[0.000,0.000,0.000,1.000]","[0.542,1.051,-2.220]","[0.012,0.263,0.074]",[],[]
17,R22_Helicopter_V2/Graphics_Group/R_22_Blendshapes,"[0.810,0.017,0.000]","[0.000,0.000,0.000]","[0.000,0.000,0.000,1.000]",[],[],[],[]
17,R22_Helicopter_V2/Collider Group/Tail_COL,"[0.810,1.131,-1.535]","[3.681,0.000,0.000]","[0.032,0.000,0.000,0.999]",[],[],"[0.810,1.131,-1.535]","[0.300,0.390,1.697]"
17,R22_Helicopter_V2/Rotors_Group/Back Rotor - Mast/Tail Rotor - Double-side blur quad,"[0.537,1.189,-2.237]","[0.000,270.000,0.000]","[0.000,-0.707,0.000,0.707]","[0.537,1.189,-2.237]","[0.000,0.600,0.600]",[],[]
17,R22_Helicopter_V2/Collider Group/L_Skid_COL,"[0.068,0.050,0.000]","[0.000,0.000,0.000]","[0.000,0.000,0.000,1.000]",[],[],"[0.068,0.050,0.190]","[0.100,0.100,1.742]"
17,R22_Helicopter_V2/Collider Group/Fuselage_COL,"[0.810,0.802,0.000]","[0.000,0.000,0.000]","[0.000,0.000,0.000,1.000]",[],[],"[0.810,0.802,0.000]","[1.380,1.380,2.200]"
17,R22_Helicopter_V2/Engines/Main Engine,"[0.810,0.017,0.000]","[0.000,0.000,0.000]","[0.000,0.000,0.000,1.000]",[],[],[],[]
17,R22_Helicopter_V2/Collider Group/Mast_COL,"[0.810,1.747,-0.290]","[353.243,0.000,0.000]","[-0.059,0.000,0.000,0.998]",[],[],"[0.810,1.747,-0.290]","[0.700,0.928,0.727]"
17,R22_Helicopter_V2/Camera LookAt Target,"[0.810,1.597,0.000]","[0.000,0.000,0.000]","[0.000,0.000,0.000,1.000]",[],[],[],[]
17,R22_Helicopter_V2/Rotors_Group/Main Rotor - Mast/Main Rotor -  Blur Quad,"[0.809,2.280,-0.297]","[90.000,0.000,0.000]","[0.707,0.000,0.000,0.707]","[0.809,2.280,-0.297]","[4.300,0.000,4.300]",[],[]
17,R22_Helicopter_V2/Rotors_Group,"[0.810,0.017,0.000]","[0.000,0.000,0.000]","[0.000,0.000,0.000,1.000]",[],[],[],[]
17,R22_Helicopter_V2/Rotors_Group/Main Rotor - Mast/Main Rotor -  Double-side blur quad,"[0.809,2.280,-0.297]","[270.000,0.000,0.000]","[-0.707,0.000,0.000,0.707]","[0.809,2.280,-0.297]","[4.300,0.000,4.300]",[],[]
17,R22_Helicopter_V2/Rotors_Group/Back Rotor - Mast/Tail Rotor - Blur quad,"[0.537,1.189,-2.237]","[0.000,90.000,0.000]","[0.000,0.707,0.000,0.707]","[0.537,1.189,-2.237]","[0.000,0.600,0.600]",[],[]
17,R22_Helicopter_V2/Engines,"[0.810,0.017,0.000]","[0.000,0.000,0.000]","[0.000,0.000,0.000,1.000]",[],[],[],[]
17,R22_Helicopter_V2/Collider Group/R_Skid_COL,"[1.541,0.050,0.000]","[0.000,0.000,0.000]","[0.000,0.000,0.000,1.000]",[],[],"[1.541,0.050,0.190]","[0.100,0.100,1.742]"
18,Directional Light,"[0.000,3.000,0.000]","[50.000,330.000,0.000]","[0.408,-0.235,0.109,0.875]",[],[],[],[]
18,Canvas/Panel/Row - INFO,"[275.667,933.267,0.000]","[0.000,0.000,0.000]","[0.000,0.000,0.000,1.000]",[],[],[],[]
18,Canvas/Panel/Row - Pedal/Text (TMP) - Title,"[148.563,1073.333,0.000]","[0.000,0.000,0.000]","[0.000,0.000,0.000,1.000]",[],[],[],[]
18,Level_Manager/FX_GRP,"[0.000,0.000,0.000]","[0.000,0.000,0.000]","[0.000,0.000,0.000,1.000]",[],[],[],[]
18,Canvas/Panel/Row - Sticky Throttle,"[275.667,1340.000,0.000]","[0.000,0.000,0.000]","[0.000,0.000,0.000,1.000]",[],[],[],[]
18,Canvas/Panel/Row - Pedal/Text (TMP) - Content,"[424.230,1073.333,0.000]","[0.000,0.000,0.000]","[0.000,0.000,0.000,1.000]",[],[],[],[]
18,Level_Manager/Audio_GRP,"[0.000,0.000,0.000]","[0.000,0.000,0.000]","[0.000,0.000,0.000,1.000]",[],[],[],[]
18,Canvas/Panel/Row - Raw Throttle,"[275.667,1406.667,0.000]","[0.000,0.000,0.000]","[0.000,0.000,0.000,1.000]",[],[],[],[]
18,Canvas/Panel/Row - Raw Throttle/Text (TMP) - Content,"[424.230,1406.667,0.000]","[0.000,0.000,0.000]","[0.000,0.000,0.000,1.000]",[],[],[],[]
18,Level_Manager/PostProcessing,"[0.000,0.000,0.000]","[0.000,0.000,0.000]","[0.000,0.000,0.000,1.000]",[],[],[],[]
18,Level_Manager/Lighting_GRP,"[0.000,0.000,0.000]","[0.000,0.000,0.000]","[0.000,0.000,0.000,1.000]",[],[],[],[]
18,Canvas/Panel/Row - Sticky Throttle/Text (TMP) - Title,"[148.563,1340.000,0.000]","[0.000,0.000,0.000]","[0.000,0.000,0.000,1.000]",[],[],[],[]
18,R22_Helicopter_V2/Graphics_Group,"[0.810,0.017,0.000]","[0.000,0.000,0.000]","[0.000,0.000,0.000,1.000]",[],[],[],[]
18,R22_Helicopter_V2/Audio Group,"[0.810,0.017,0.000]","[0.000,0.000,0.000]","[0.000,0.000,0.000,1.000]",[],[],[],[]
18,Canvas/Panel/Row - INFO/Text (TMP) - Content,"[275.667,899.933,0.000]","[0.000,0.000,0.000]","[0.000,0.000,0.000,1.000]",[],[],[],[]
18,Level_Manager/Geo_GRP,"[0.000,0.000,0.000]","[0.000,0.000,0.000]","[0.000,0.000,0.000,1.000]",[],[],[],[]
18,Canvas,"[1720.000,720.000,0.000]","[0.000,0.000,0.000]","[0.000,0.000,0.000,1.000]",[],[],[],[]
18,Level_Manager,"[0.000,0.000,0.000]","[0.000,0.000,0.000]","[0.000,0.000,0.000,1.000]",[],[],[],[]
18,Canvas/Panel/Row - Cyclic/Text (TMP) - Content,"[424.230,1140.000,0.000]","[0.000,0.000,0.000]","[0.000,0.000,0.000,1.000]",[],[],[],[]
18,Canvas/Panel/Row - Cyclic,"[275.667,1140.000,0.000]","[0.000,0.000,0.000]","[0.000,0.000,0.000,1.000]",[],[],[],[]
18,Canvas/Panel/Row - Collective/Text (TMP) - Content,"[424.230,1273.333,0.000]","[0.000,0.000,0.000]","[0.000,0.000,0.000,1.000]",[],[],[],[]
18,HeliPad_001,"[1.550,0.000,-0.670]","[0.000,0.000,0.000]","[0.000,0.000,0.000,1.000]","[1.555,-0.012,-0.659]","[14.268,0.216,14.105]",[],[]
18,Canvas/Panel/Row - Cyclic/Text (TMP) - Title,"[148.563,1140.000,0.000]","[0.000,0.000,0.000]","[0.000,0.000,0.000,1.000]",[],[],[],[]
18,Canvas/Panel/Row - Sticky Collective/Text (TMP) - Content,"[424.230,1206.667,0.000]","[0.000,0.000,0.000]","[0.000,0.000,0.000,1.000]",[],[],[],[]
18,Canvas/Panel/Row - Pedal,"[275.667,1073.333,0.000]","[0.000,0.000,0.000]","[0.000,0.000,0.000,1.000]",[],[],[],[]
18,Main Camera,"[0.810,5.017,-8.000]","[23.147,0.000,0.000]","[0.201,0.000,0.000,0.980]",[],[],[],[]
18,Canvas/Panel/Row - Sticky Collective,"[275.667,1206.667,0.000]","[0.000,0.000,0.000]","[0.000,0.000,0.000,1.000]",[],[],[],[]
18,Canvas/Panel/Row - Sticky Collective/Text (TMP) - Title,"[148.563,1206.667,0.000]","[0.000,0.000,0.000]","[0.000,0.000,0.000,1.000]",[],[],[],[]
18,Plane,"[0.000,0.000,0.000]","[0.000,0.000,0.000]","[0.000,0.000,0.000,1.000]","[0.000,0.000,0.000]","[1000.000,0.000,1000.000]","[0.000,0.000,0.000]","[1000.000,0.000,1000.000]"
18,EventSystem,"[0.000,0.000,0.000]","[0.000,0.000,0.000]","[0.000,0.000,0.000,1.000]",[],[],[],[]
18,R22_Helicopter_V2/COG,"[0.810,0.795,-0.185]","[0.000,0.000,0.000]","[0.000,0.000,0.000,1.000]",[],[],[],[]
18,Canvas/Panel/Row - Raw Throttle/Text (TMP) - Title,"[148.563,1406.667,0.000]","[0.000,0.000,0.000]","[0.000,0.000,0.000,1.000]",[],[],[],[]
18,Canvas/Panel/Row - Sticky Throttle/Text (TMP) - Content,"[424.230,1340.000,0.000]","[0.000,0.000,0.000]","[0.000,0.000,0.000,1.000]",[],[],[],[]
18,R22_Helicopter_V2/Collider Group,"[0.810,0.017,0.000]","[0.000,0.000,0.000]","[0.000,0.000,0.000,1.000]",[],[],[],[]
18,Canvas/Panel/Row - INFO/Text (TMP) - Title,"[275.667,1006.667,0.000]","[0.000,0.000,0.000]","[0.000,0.000,0.000,1.000]",[],[],[],[]
18,Canvas/Panel,"[0.000,1440.000,0.000]","[0.000,0.000,0.000]","[0.000,0.000,0.000,1.000]",[],[],[],[]
18,Canvas/Panel/Row - Collective/Text (TMP) - Title,"[148.563,1273.333,0.000]","[0.000,0.000,0.000]","[0.000,0.000,0.000,1.000]",[],[],[],[]
18,Canvas/Panel/Row - Collective,"[275.667,1273.333,0.000]","[0.000,0.000,0.000]","[0.000,0.000,0.000,1.000]",[],[],[],[]
18,R22_Helicopter_V2/Rotors_Group/Back Rotor - Mast,"[0.743,1.189,-2.237]","[48.258,180.000,180.000]","[0.913,0.000,0.000,0.409]",[],[],[],[]
18,R22_Helicopter_V2/Rotors_Group/Main Rotor - Mast,"[0.809,2.151,-0.297]","[0.000,194.824,0.000]","[0.000,-0.992,0.000,0.129]",[],[],[],[]
18,R22_Helicopter_V2/Graphics_Group/R22_Body_Gruop/R22_Body_RDoor_Geo/R22_Body_RDoorGlass_Geo,"[0.810,0.017,0.000]","[0.000,0.000,0.000]","[0.000,0.000,0.000,1.000]","[1.320,1.125,0.002]","[0.171,0.436,0.554]",[],[]
18,R22_Helicopter_V2/Graphics_Group/R22_Body_Gruop/R22_Body_RDoor_Geo,"[1.413,0.923,0.312]","[0.000,0.000,0.000]","[0.000,0.000,0.000,1.000]","[1.306,0.950,0.055]","[0.220,0.856,0.731]",[],[]
18,R22_Helicopter_V2/Graphics_Group/R22_Cockpit_Gruop/R22_Cockpit_Chairs_Geo,"[0.803,0.314,0.336]","[0.000,0.000,0.000]","[0.000,0.000,0.000,1.000]","[0.803,0.761,0.336]","[0.991,0.905,1.188]",[],[]
18,R22_Helicopter_V2/Graphics_Group/R22_Body_Gruop/R22_Body_Windshield_Geo,"[0.810,0.017,0.000]","[0.000,0.000,0.000]","[0.000,0.000,0.000,1.000]","[0.803,1.040,0.572]","[1.223,0.926,0.842]",[],[]
18,R22_Helicopter_V2/Graphics_Group/R22_Body_Gruop,"[0.803,1.103,-0.693]","[0.000,0.000,0.000]","[0.000,0.000,0.000,1.000]",[],[],[],[]
18,R22_Helicopter_V2/Graphics_Group/R22_Body_Gruop/R22_Body_Geo,"[0.810,0.017,0.000]","[0.000,0.000,0.000]","[0.000,0.000,0.000,1.000]","[0.803,1.103,-0.693]","[1.239,1.769,3.377]",[],[]
18,R22_Helicopter_V2/Graphics_Group/R22_Body_Gruop/R22_Body_LDoor_Geo/R22_Body_LDoorGlass_Geo,"[0.810,0.017,0.000]","[0.000,0.000,0.000]","[0.000,0.000,0.000,1.000]","[0.286,1.125,0.002]","[0.171,0.436,0.554]",[],[]
18,R22_Helicopter_V2/Graphics_Group/R22_Body_Gruop/R22_Body_LDoor_Geo,"[0.180,0.939,0.306]","[0.000,0.000,0.000]","[0.000,0.000,0.000,1.000]","[0.301,0.950,0.055]","[0.220,0.856,0.731]",[],[]
18,R22_Helicopter_V2/Graphics_Group/R22_Cockpit_Gruop/R22_Cockpit_LLever02_Geo,"[0.529,0.345,0.659]","[0.000,0.000,0.000]","[0.000,0.000,0.000,1.000]","[0.502,0.388,0.647]","[0.108,0.108,0.042]",[],[]
18,R22_Helicopter_V2/Graphics_Group/R22_Cockpit_Gruop/R22_Cockpit_LLever01_Geo,"[0.647,0.345,0.659]","[0.000,0.000,0.000]","[0.000,0.000,0.000,1.000]","[0.621,0.381,0.685]","[0.108,0.094,0.072]",[],[]
18,R22_Helicopter_V2/Graphics_Group/R22_Cockpit_Gruop/R22_Cockpit_Needle02_Geo,"[0.948,0.816,0.782]","[0.000,0.000,0.000]","[0.000,0.000,0.000,1.000]","[0.948,0.831,0.784]","[0.004,0.024,0.004]",[],[]
18,R22_Helicopter_V2/Graphics_Group/R22_Cockpit_Gruop/R22_Cockpit_Needle01_Geo,"[0.661,0.816,0.782]","[0.000,0.000,0.000]","[0.000,0.000,0.000,1.000]","[0.661,0.831,0.784]","[0.004,0.024,0.004]",[],[]
18,R22_Helicopter_V2/Graphics_Group/R22_Cockpit_Gruop/R22_Cockpit_Handle01_Geo,"[0.803,0.890,0.382]","[0.000,0.000,0.000]","[0.000,0.000,0.000,1.000]","[0.803,0.945,0.382]","[0.672,0.176,0.118]",[],[]
18,R22_Helicopter_V2/Graphics_Group/R22_Cockpit_Gruop,"[0.803,0.761,0.336]","[0.000,0.000,0.000]","[0.000,0.000,0.000,1.000]",[],[],[],[]
18,R22_Helicopter_V2/Graphics_Group/R22_Body_Gruop/R22_Body_LDoor_Geo/R22_Cockpit_LDoor_Geo,"[0.268,0.743,0.107]","[0.000,0.000,0.000]","[0.000,0.000,0.000,1.000]","[0.268,0.743,0.107]","[0.129,0.397,0.556]",[],[]
18,R22_Helicopter_V2/Graphics_Group/R22_Cockpit_Gruop/R22_Cockpit_Hanlde02_Geo,"[0.803,0.477,0.390]","[0.000,0.000,0.000]","[0.000,0.000,0.000,1.000]","[0.803,0.686,0.390]","[0.124,0.415,0.117]",[],[]
18,R22_Helicopter_V2/Graphics_Group/R22_Cockpit_Gruop/R22_Cockpit_RLever01_Geo,"[0.958,0.344,0.660]","[0.000,0.000,0.000]","[0.000,0.000,0.000,1.000]","[0.985,0.381,0.685]","[0.108,0.093,0.072]",[],[]
18,R22_Helicopter_V2/Graphics_Group/R22_Body_Gruop/R22_Body_RDoor_Geo/R22_Cockpit_RDoor_Geo,"[1.339,0.744,0.107]","[0.000,0.000,0.000]","[0.000,0.000,0.000,1.000]","[1.339,0.744,0.107]","[0.129,0.397,0.556]",[],[]
18,R22_Helicopter_V2,"[0.810,0.017,0.000]","[0.000,0.000,0.000]","[0.000,0.000,0.000,1.000]",[],[],[],[]
18,R22_Helicopter_V2/Graphics_Group/R22_Cockpit_Gruop/R22_Cockpit_RLever02_Geo,"[1.077,0.345,0.658]","[0.000,0.000,0.000]","[0.000,0.000,0.000,1.000]","[1.104,0.388,0.647]","[0.108,0.108,0.041]",[],[]
18,R22_Helicopter_V2/Graphics_Group/R22_Cockpit_Gruop/R22_Cockpit_Needle04_Geo,"[0.746,0.651,0.722]","[0.000,0.000,0.000]","[0.000,0.000,0.000,1.000]","[0.746,0.652,0.732]","[0.002,0.002,0.015]",[],[]
18,R22_Helicopter_V2/Graphics_Group/R22_Cockpit_Gruop/R22_Cockpit_Needle03_Geo,"[0.708,0.723,0.769]","[0.000,0.000,0.000]","[0.000,0.000,0.000,1.000]","[0.708,0.738,0.771]","[0.004,0.024,0.004]",[],[]
18,R22_Helicopter_V2/Graphics_Group/R22_Cockpit_Gruop/R22_Cockpit_PannelButtons_Geo,"[0.806,0.713,0.643]","[0.000,0.000,0.000]","[0.000,0.000,0.000,1.000]","[0.806,0.713,0.643]","[0.179,0.378,0.313]",[],[]
18,R22_Helicopter_V2/Graphics_Group/R22_Cockpit_Gruop/R22_Cockpit_Needle05_Geo,"[0.746,0.645,0.655]","[0.000,0.000,0.000]","[0.000,0.000,0.000,1.000]","[0.746,0.645,0.665]","[0.002,0.002,0.015]",[],[]
18,R22_Helicopter_V2/Rotors_Group/Main Rotor - Mast/R22_Mechanical_RBlade_Geo,"[0.690,2.289,-0.262]","[344.241,194.824,0.000]","[-0.018,-0.982,-0.136,0.128]","[-0.285,2.307,-0.044]","[2.050,0.353,0.851]",[],[]
18,R22_Helicopter_V2/Graphics_Group/R22_Mechanical_Group/R22_Mechanical_Motor_Geo,"[0.803,0.009,0.244]","[0.000,0.000,0.000]","[0.000,0.000,0.000,1.000]","[0.803,0.616,0.027]","[1.550,1.206,2.056]",[],[]
18,R22_Helicopter_V2/Rotors_Group/Back Rotor - Mast/R22_Mechanical_TailMast_Geo,"[0.743,1.189,-2.237]","[48.258,180.000,180.000]","[0.913,0.000,0.000,0.409]","[0.644,1.188,-2.236]","[0.240,0.111,0.113]",[],[]
18,R22_Helicopter_V2/Rotors_Group/Back Rotor - Mast/R22_Mechanical_RTailBlade_Geo,"[0.542,1.174,-2.221]","[48.258,180.000,180.000]","[0.913,0.000,0.000,0.409]","[0.542,1.110,-2.122]","[0.012,0.230,0.246]",[],[]
18,R22_Helicopter_V2/Rotors_Group/Main Rotor - Mast/R22_Mechanical_LBlade_Geo,"[0.929,2.289,-0.331]","[15.759,194.824,0.000]","[0.018,-0.982,0.136,0.128]","[1.904,2.305,-0.549]","[2.051,0.348,0.850]",[],[]
18,R22_Helicopter_V2/Graphics_Group/R22_Mechanical_Group,"[0.810,1.202,-0.618]","[0.000,0.000,0.000]","[0.000,0.000,0.000,1.000]",[],[],[],[]
18,R22_Helicopter_V2/Rotors_Group/Main Rotor - Mast/R22_Mechanical_Mast_Geo,"[0.809,2.151,-0.297]","[0.000,194.824,0.000]","[0.000,-0.992,0.000,0.129]","[0.809,2.151,-0.297]","[0.420,0.481,0.323]",[],[]
18,R22_Helicopter_V2/Rotors_Group/Back Rotor - Mast/R22_Mechanical_LTailBlade_Geo,"[0.542,1.208,-2.259]","[48.258,180.000,180.000]","[0.913,0.000,0.000,0.409]","[0.542,1.268,-2.351]","[0.012,0.230,0.246]",[],[]
18,R22_Helicopter_V2/Graphics_Group/R_22_Blendshapes,"[0.810,0.017,0.000]","[0.000,0.000,0.000]","[0.000,0.000,0.000,1.000]",[],[],[],[]
18,R22_Helicopter_V2/Collider Group/Tail_COL,"[0.810,1.131,-1.535]","[3.681,0.000,0.000]","[0.032,0.000,0.000,0.999]",[],[],"[0.810,1.131,-1.535]","[0.300,0.390,1.697]"
18,R22_Helicopter_V2/Rotors_Group/Back Rotor - Mast/Tail Rotor - Double-side blur quad,"[0.537,1.189,-2.237]","[0.000,270.000,228.258]","[0.645,-0.289,-0.645,0.289]","[0.537,1.189,-2.237]","[0.000,0.847,0.847]",[],[]
18,R22_Helicopter_V2/Collider Group/L_Skid_COL,"[0.068,0.050,0.000]","[0.000,0.000,0.000]","[0.000,0.000,0.000,1.000]",[],[],"[0.068,0.050,0.190]","[0.100,0.100,1.742]"
18,R22_Helicopter_V2/Collider Group/Fuselage_COL,"[0.810,0.802,0.000]","[0.000,0.000,0.000]","[0.000,0.000,0.000,1.000]",[],[],"[0.810,0.802,0.000]","[1.380,1.380,2.200]"
18,R22_Helicopter_V2/Engines/Main Engine,"[0.810,0.017,0.000]","[0.000,0.000,0.000]","[0.000,0.000,0.000,1.000]",[],[],[],[]
18,R22_Helicopter_V2/Collider Group/Mast_COL,"[0.810,1.747,-0.290]","[353.243,0.000,0.000]","[-0.059,0.000,0.000,0.998]",[],[],"[0.810,1.747,-0.290]","[0.700,0.928,0.727]"
18,R22_Helicopter_V2/Camera LookAt Target,"[0.810,1.597,0.000]","[0.000,0.000,0.000]","[0.000,0.000,0.000,1.000]",[],[],[],[]
18,R22_Helicopter_V2/Rotors_Group/Main Rotor - Mast/Main Rotor -  Blur Quad,"[0.809,2.280,-0.297]","[90.000,194.824,0.000]","[0.091,-0.701,0.701,0.091]","[0.809,2.280,-0.297]","[5.257,0.000,5.257]",[],[]
18,R22_Helicopter_V2/Rotors_Group,"[0.810,0.017,0.000]","[0.000,0.000,0.000]","[0.000,0.000,0.000,1.000]",[],[],[],[]
18,R22_Helicopter_V2/Rotors_Group/Main Rotor - Mast/Main Rotor -  Double-side blur quad,"[0.809,2.280,-0.297]","[270.000,194.824,0.000]","[-0.091,-0.701,-0.701,0.091]","[0.809,2.280,-0.297]","[5.257,0.000,5.257]",[],[]
18,R22_Helicopter_V2/Rotors_Group/Back Rotor - Mast/Tail Rotor - Blur quad,"[0.537,1.189,-2.237]","[0.000,90.000,131.742]","[0.645,0.289,0.645,0.289]","[0.537,1.189,-2.237]","[0.000,0.847,0.847]",[],[]
18,R22_Helicopter_V2/Engines,"[0.810,0.017,0.000]","[0.000,0.000,0.000]","[0.000,0.000,0.000,1.000]",[],[],[],[]
18,R22_Helicopter_V2/Collider Group/R_Skid_COL,"[1.541,0.050,0.000]","[0.000,0.000,0.000]","[0.000,0.000,0.000,1.000]",[],[],"[1.541,0.050,0.190]","[0.100,0.100,1.742]"
19,Directional Light,"[0.000,3.000,0.000]","[50.000,330.000,0.000]","[0.408,-0.235,0.109,0.875]",[],[],[],[]
19,Canvas/Panel/Row - INFO,"[275.667,933.267,0.000]","[0.000,0.000,0.000]","[0.000,0.000,0.000,1.000]",[],[],[],[]
19,Canvas/Panel/Row - Pedal/Text (TMP) - Title,"[148.563,1073.333,0.000]","[0.000,0.000,0.000]","[0.000,0.000,0.000,1.000]",[],[],[],[]
19,Level_Manager/FX_GRP,"[0.000,0.000,0.000]","[0.000,0.000,0.000]","[0.000,0.000,0.000,1.000]",[],[],[],[]
19,Canvas/Panel/Row - Sticky Throttle,"[275.667,1340.000,0.000]","[0.000,0.000,0.000]","[0.000,0.000,0.000,1.000]",[],[],[],[]
19,Canvas/Panel/Row - Pedal/Text (TMP) - Content,"[424.230,1073.333,0.000]","[0.000,0.000,0.000]","[0.000,0.000,0.000,1.000]",[],[],[],[]
19,Level_Manager/Audio_GRP,"[0.000,0.000,0.000]","[0.000,0.000,0.000]","[0.000,0.000,0.000,1.000]",[],[],[],[]
19,Canvas/Panel/Row - Raw Throttle,"[275.667,1406.667,0.000]","[0.000,0.000,0.000]","[0.000,0.000,0.000,1.000]",[],[],[],[]
19,Canvas/Panel/Row - Raw Throttle/Text (TMP) - Content,"[424.230,1406.667,0.000]","[0.000,0.000,0.000]","[0.000,0.000,0.000,1.000]",[],[],[],[]
19,Level_Manager/PostProcessing,"[0.000,0.000,0.000]","[0.000,0.000,0.000]","[0.000,0.000,0.000,1.000]",[],[],[],[]
19,Level_Manager/Lighting_GRP,"[0.000,0.000,0.000]","[0.000,0.000,0.000]","[0.000,0.000,0.000,1.000]",[],[],[],[]
19,Canvas/Panel/Row - Sticky Throttle/Text (TMP) - Title,"[148.563,1340.000,0.000]","[0.000,0.000,0.000]","[0.000,0.000,0.000,1.000]",[],[],[],[]
19,R22_Helicopter_V2/Graphics_Group,"[0.810,0.017,0.000]","[0.000,0.000,0.000]","[0.000,0.000,0.000,1.000]",[],[],[],[]
19,R22_Helicopter_V2/Audio Group,"[0.810,0.017,0.000]","[0.000,0.000,0.000]","[0.000,0.000,0.000,1.000]",[],[],[],[]
19,Canvas/Panel/Row - INFO/Text (TMP) - Content,"[275.667,899.933,0.000]","[0.000,0.000,0.000]","[0.000,0.000,0.000,1.000]",[],[],[],[]
19,Level_Manager/Geo_GRP,"[0.000,0.000,0.000]","[0.000,0.000,0.000]","[0.000,0.000,0.000,1.000]",[],[],[],[]
19,Canvas,"[1720.000,720.000,0.000]","[0.000,0.000,0.000]","[0.000,0.000,0.000,1.000]",[],[],[],[]
19,Level_Manager,"[0.000,0.000,0.000]","[0.000,0.000,0.000]","[0.000,0.000,0.000,1.000]",[],[],[],[]
19,Canvas/Panel/Row - Cyclic/Text (TMP) - Content,"[424.230,1140.000,0.000]","[0.000,0.000,0.000]","[0.000,0.000,0.000,1.000]",[],[],[],[]
19,Canvas/Panel/Row - Cyclic,"[275.667,1140.000,0.000]","[0.000,0.000,0.000]","[0.000,0.000,0.000,1.000]",[],[],[],[]
19,Canvas/Panel/Row - Collective/Text (TMP) - Content,"[424.230,1273.333,0.000]","[0.000,0.000,0.000]","[0.000,0.000,0.000,1.000]",[],[],[],[]
19,HeliPad_001,"[1.550,0.000,-0.670]","[0.000,0.000,0.000]","[0.000,0.000,0.000,1.000]","[1.555,-0.012,-0.659]","[14.268,0.216,14.105]",[],[]
19,Canvas/Panel/Row - Cyclic/Text (TMP) - Title,"[148.563,1140.000,0.000]","[0.000,0.000,0.000]","[0.000,0.000,0.000,1.000]",[],[],[],[]
19,Canvas/Panel/Row - Sticky Collective/Text (TMP) - Content,"[424.230,1206.667,0.000]","[0.000,0.000,0.000]","[0.000,0.000,0.000,1.000]",[],[],[],[]
19,Canvas/Panel/Row - Pedal,"[275.667,1073.333,0.000]","[0.000,0.000,0.000]","[0.000,0.000,0.000,1.000]",[],[],[],[]
19,Main Camera,"[0.810,5.017,-8.000]","[23.147,0.000,0.000]","[0.201,0.000,0.000,0.980]",[],[],[],[]
19,Canvas/Panel/Row - Sticky Collective,"[275.667,1206.667,0.000]","[0.000,0.000,0.000]","[0.000,0.000,0.000,1.000]",[],[],[],[]
19,Canvas/Panel/Row - Sticky Collective/Text (TMP) - Title,"[148.563,1206.667,0.000]","[0.000,0.000,0.000]","[0.000,0.000,0.000,1.000]",[],[],[],[]
19,Plane,"[0.000,0.000,0.000]","[0.000,0.000,0.000]","[0.000,0.000,0.000,1.000]","[0.000,0.000,0.000]","[1000.000,0.000,1000.000]","[0.000,0.000,0.000]","[1000.000,0.000,1000.000]"
19,EventSystem,"[0.000,0.000,0.000]","[0.000,0.000,0.000]","[0.000,0.000,0.000,1.000]",[],[],[],[]
19,R22_Helicopter_V2/COG,"[0.810,0.795,-0.185]","[0.000,0.000,0.000]","[0.000,0.000,0.000,1.000]",[],[],[],[]
19,Canvas/Panel/Row - Raw Throttle/Text (TMP) - Title,"[148.563,1406.667,0.000]","[0.000,0.000,0.000]","[0.000,0.000,0.000,1.000]",[],[],[],[]
19,Canvas/Panel/Row - Sticky Throttle/Text (TMP) - Content,"[424.230,1340.000,0.000]","[0.000,0.000,0.000]","[0.000,0.000,0.000,1.000]",[],[],[],[]
19,R22_Helicopter_V2/Collider Group,"[0.810,0.017,0.000]","[0.000,0.000,0.000]","[0.000,0.000,0.000,1.000]",[],[],[],[]
19,Canvas/Panel/Row - INFO/Text (TMP) - Title,"[275.667,1006.667,0.000]","[0.000,0.000,0.000]","[0.000,0.000,0.000,1.000]",[],[],[],[]
19,Canvas/Panel,"[0.000,1440.000,0.000]","[0.000,0.000,0.000]","[0.000,0.000,0.000,1.000]",[],[],[],[]
19,Canvas/Panel/Row - Collective/Text (TMP) - Title,"[148.563,1273.333,0.000]","[0.000,0.000,0.000]","[0.000,0.000,0.000,1.000]",[],[],[],[]
19,Canvas/Panel/Row - Collective,"[275.667,1273.333,0.000]","[0.000,0.000,0.000]","[0.000,0.000,0.000,1.000]",[],[],[],[]
19,R22_Helicopter_V2/Rotors_Group/Back Rotor - Mast,"[0.743,1.189,-2.237]","[27.183,0.000,0.000]","[0.235,0.000,0.000,0.972]",[],[],[],[]
19,R22_Helicopter_V2/Rotors_Group/Main Rotor - Mast,"[0.809,2.151,-0.297]","[0.000,34.824,0.000]","[0.000,-0.299,0.000,-0.954]",[],[],[],[]
19,R22_Helicopter_V2/Graphics_Group/R22_Body_Gruop/R22_Body_RDoor_Geo/R22_Body_RDoorGlass_Geo,"[0.810,0.017,0.000]","[0.000,0.000,0.000]","[0.000,0.000,0.000,1.000]","[1.320,1.125,0.002]","[0.171,0.436,0.554]",[],[]
19,R22_Helicopter_V2/Graphics_Group/R22_Body_Gruop/R22_Body_RDoor_Geo,"[1.413,0.923,0.312]","[0.000,0.000,0.000]","[0.000,0.000,0.000,1.000]","[1.306,0.950,0.055]","[0.220,0.856,0.731]",[],[]
19,R22_Helicopter_V2/Graphics_Group/R22_Cockpit_Gruop/R22_Cockpit_Chairs_Geo,"[0.803,0.314,0.336]","[0.000,0.000,0.000]","[0.000,0.000,0.000,1.000]","[0.803,0.761,0.336]","[0.991,0.905,1.188]",[],[]
19,R22_Helicopter_V2/Graphics_Group/R22_Body_Gruop/R22_Body_Windshield_Geo,"[0.810,0.017,0.000]","[0.000,0.000,0.000]","[0.000,0.000,0.000,1.000]","[0.803,1.040,0.572]","[1.223,0.926,0.842]",[],[]
19,R22_Helicopter_V2/Graphics_Group/R22_Body_Gruop,"[0.803,1.103,-0.693]","[0.000,0.000,0.000]","[0.000,0.000,0.000,1.000]",[],[],[],[]
19,R22_Helicopter_V2/Graphics_Group/R22_Body_Gruop/R22_Body_Geo,"[0.810,0.017,0.000]","[0.000,0.000,0.000]","[0.000,0.000,0.000,1.000]","[0.803,1.103,-0.693]","[1.239,1.769,3.377]",[],[]
19,R22_Helicopter_V2/Graphics_Group/R22_Body_Gruop/R22_Body_LDoor_Geo/R22_Body_LDoorGlass_Geo,"[0.810,0.017,0.000]","[0.000,0.000,0.000]","[0.000,0.000,0.000,1.000]","[0.286,1.125,0.002]","[0.171,0.436,0.554]",[],[]
19,R22_Helicopter_V2/Graphics_Group/R22_Body_Gruop/R22_Body_LDoor_Geo,"[0.180,0.939,0.306]","[0.000,0.000,0.000]","[0.000,0.000,0.000,1.000]","[0.301,0.950,0.055]","[0.220,0.856,0.731]",[],[]
19,R22_Helicopter_V2/Graphics_Group/R22_Cockpit_Gruop/R22_Cockpit_LLever02_Geo,"[0.529,0.345,0.659]","[0.000,0.000,0.000]","[0.000,0.000,0.000,1.000]","[0.502,0.388,0.647]","[0.108,0.108,0.042]",[],[]
19,R22_Helicopter_V2/Graphics_Group/R22_Cockpit_Gruop/R22_Cockpit_LLever01_Geo,"[0.647,0.345,0.659]","[0.000,0.000,0.000]","[0.000,0.000,0.000,1.000]","[0.621,0.381,0.685]","[0.108,0.094,0.072]",[],[]
19,R22_Helicopter_V2/Graphics_Group/R22_Cockpit_Gruop/R22_Cockpit_Needle02_Geo,"[0.948,0.816,0.782]","[0.000,0.000,0.000]","[0.000,0.000,0.000,1.000]","[0.948,0.831,0.784]","[0.004,0.024,0.004]",[],[]
19,R22_Helicopter_V2/Graphics_Group/R22_Cockpit_Gruop/R22_Cockpit_Needle01_Geo,"[0.661,0.816,0.782]","[0.000,0.000,0.000]","[0.000,0.000,0.000,1.000]","[0.661,0.831,0.784]","[0.004,0.024,0.004]",[],[]
19,R22_Helicopter_V2/Graphics_Group/R22_Cockpit_Gruop/R22_Cockpit_Handle01_Geo,"[0.803,0.890,0.382]","[0.000,0.000,0.000]","[0.000,0.000,0.000,1.000]","[0.803,0.945,0.382]","[0.672,0.176,0.118]",[],[]
19,R22_Helicopter_V2/Graphics_Group/R22_Cockpit_Gruop,"[0.803,0.761,0.336]","[0.000,0.000,0.000]","[0.000,0.000,0.000,1.000]",[],[],[],[]
19,R22_Helicopter_V2/Graphics_Group/R22_Body_Gruop/R22_Body_LDoor_Geo/R22_Cockpit_LDoor_Geo,"[0.268,0.743,0.107]","[0.000,0.000,0.000]","[0.000,0.000,0.000,1.000]","[0.268,0.743,0.107]","[0.129,0.397,0.556]",[],[]
19,R22_Helicopter_V2/Graphics_Group/R22_Cockpit_Gruop/R22_Cockpit_Hanlde02_Geo,"[0.803,0.477,0.390]","[0.000,0.000,0.000]","[0.000,0.000,0.000,1.000]","[0.803,0.686,0.390]","[0.124,0.415,0.117]",[],[]
19,R22_Helicopter_V2/Graphics_Group/R22_Cockpit_Gruop/R22_Cockpit_RLever01_Geo,"[0.958,0.344,0.660]","[0.000,0.000,0.000]","[0.000,0.000,0.000,1.000]","[0.985,0.381,0.685]","[0.108,0.093,0.072]",[],[]
19,R22_Helicopter_V2/Graphics_Group/R22_Body_Gruop/R22_Body_RDoor_Geo/R22_Cockpit_RDoor_Geo,"[1.339,0.744,0.107]","[0.000,0.000,0.000]","[0.000,0.000,0.000,1.000]","[1.339,0.744,0.107]","[0.129,0.397,0.556]",[],[]
19,R22_Helicopter_V2,"[0.810,0.017,0.000]","[0.000,0.000,0.000]","[0.000,0.000,0.000,1.000]",[],[],[],[]
19,R22_Helicopter_V2/Graphics_Group/R22_Cockpit_Gruop/R22_Cockpit_RLever02_Geo,"[1.077,0.345,0.658]","[0.000,0.000,0.000]","[0.000,0.000,0.000,1.000]","[1.104,0.388,0.647]","[0.108,0.108,0.041]",[],[]
19,R22_Helicopter_V2/Graphics_Group/R22_Cockpit_Gruop/R22_Cockpit_Needle04_Geo,"[0.746,0.651,0.722]","[0.000,0.000,0.000]","[0.000,0.000,0.000,1.000]","[0.746,0.652,0.732]","[0.002,0.002,0.015]",[],[]
19,R22_Helicopter_V2/Graphics_Group/R22_Cockpit_Gruop/R22_Cockpit_Needle03_Geo,"[0.708,0.723,0.769]","[0.000,0.000,0.000]","[0.000,0.000,0.000,1.000]","[0.708,0.738,0.771]","[0.004,0.024,0.004]",[],[]
19,R22_Helicopter_V2/Graphics_Group/R22_Cockpit_Gruop/R22_Cockpit_PannelButtons_Geo,"[0.806,0.713,0.643]","[0.000,0.000,0.000]","[0.000,0.000,0.000,1.000]","[0.806,0.713,0.643]","[0.179,0.378,0.313]",[],[]
19,R22_Helicopter_V2/Graphics_Group/R22_Cockpit_Gruop/R22_Cockpit_Needle05_Geo,"[0.746,0.645,0.655]","[0.000,0.000,0.000]","[0.000,0.000,0.000,1.000]","[0.746,0.645,0.665]","[0.002,0.002,0.015]",[],[]
19,R22_Helicopter_V2/Rotors_Group/Main Rotor - Mast/R22_Mechanical_RBlade_Geo,"[0.910,2.289,-0.370]","[325.000,34.824,0.000]","[0.287,-0.285,-0.090,-0.910]","[1.746,2.319,-0.915]","[1.890,0.395,1.480]",[],[]
19,R22_Helicopter_V2/Graphics_Group/R22_Mechanical_Group/R22_Mechanical_Motor_Geo,"[0.803,0.009,0.244]","[0.000,0.000,0.000]","[0.000,0.000,0.000,1.000]","[0.803,0.616,0.027]","[1.550,1.206,2.056]",[],[]
19,R22_Helicopter_V2/Rotors_Group/Back Rotor - Mast/R22_Mechanical_TailMast_Geo,"[0.743,1.189,-2.237]","[27.183,0.000,0.000]","[0.235,0.000,0.000,0.972]","[0.644,1.190,-2.236]","[0.240,0.111,0.103]",[],[]
19,R22_Helicopter_V2/Rotors_Group/Back Rotor - Mast/R22_Mechanical_RTailBlade_Geo,"[0.542,1.209,-2.226]","[27.183,0.000,0.000]","[0.235,0.000,0.000,0.972]","[0.542,1.320,-2.189]","[0.012,0.268,0.186]",[],[]
19,R22_Helicopter_V2/Rotors_Group/Main Rotor - Mast/R22_Mechanical_LBlade_Geo,"[0.708,2.289,-0.223]","[35.000,34.824,0.000]","[-0.287,-0.285,0.090,-0.910]","[-0.129,2.317,0.321]","[1.889,0.391,1.479]",[],[]
19,R22_Helicopter_V2/Graphics_Group/R22_Mechanical_Group,"[0.810,1.202,-0.618]","[0.000,0.000,0.000]","[0.000,0.000,0.000,1.000]",[],[],[],[]
19,R22_Helicopter_V2/Rotors_Group/Main Rotor - Mast/R22_Mechanical_Mast_Geo,"[0.809,2.151,-0.297]","[0.000,34.824,0.000]","[0.000,-0.299,0.000,-0.954]","[0.809,2.151,-0.297]","[0.440,0.481,0.406]",[],[]
19,R22_Helicopter_V2/Rotors_Group/Back Rotor - Mast/R22_Mechanical_LTailBlade_Geo,"[0.542,1.163,-2.250]","[27.183,0.000,0.000]","[0.235,0.000,0.000,0.972]","[0.542,1.058,-2.285]","[0.012,0.268,0.186]",[],[]
19,R22_Helicopter_V2/Graphics_Group/R_22_Blendshapes,"[0.810,0.017,0.000]","[0.000,0.000,0.000]","[0.000,0.000,0.000,1.000]",[],[],[],[]
19,R22_Helicopter_V2/Collider Group/Tail_COL,"[0.810,1.131,-1.535]","[3.681,0.000,0.000]","[0.032,0.000,0.000,0.999]",[],[],"[0.810,1.131,-1.535]","[0.300,0.390,1.697]"
19,R22_Helicopter_V2/Rotors_Group/Back Rotor - Mast/Tail Rotor - Double-side blur quad,"[0.537,1.189,-2.237]","[0.000,270.000,332.817]","[0.166,-0.687,-0.166,0.687]","[0.537,1.189,-2.237]","[0.000,0.808,0.808]",[],[]
19,R22_Helicopter_V2/Collider Group/L_Skid_COL,"[0.068,0.050,0.000]","[0.000,0.000,0.000]","[0.000,0.000,0.000,1.000]",[],[],"[0.068,0.050,0.190]","[0.100,0.100,1.742]"
19,R22_Helicopter_V2/Collider Group/Fuselage_COL,"[0.810,0.802,0.000]","[0.000,0.000,0.000]","[0.000,0.000,0.000,1.000]",[],[],"[0.810,0.802,0.000]","[1.380,1.380,2.200]"
19,R22_Helicopter_V2/Engines/Main Engine,"[0.810,0.017,0.000]","[0.000,0.000,0.000]","[0.000,0.000,0.000,1.000]",[],[],[],[]
19,R22_Helicopter_V2/Collider Group/Mast_COL,"[0.810,1.747,-0.290]","[353.243,0.000,0.000]","[-0.059,0.000,0.000,0.998]",[],[],"[0.810,1.747,-0.290]","[0.700,0.928,0.727]"
19,R22_Helicopter_V2/Camera LookAt Target,"[0.810,1.597,0.000]","[0.000,0.000,0.000]","[0.000,0.000,0.000,1.000]",[],[],[],[]
19,R22_Helicopter_V2/Rotors_Group/Main Rotor - Mast/Main Rotor -  Blur Quad,"[0.809,2.280,-0.297]","[90.000,34.824,0.000]","[-0.675,-0.212,0.212,-0.675]","[0.809,2.280,-0.297]","[5.985,0.000,5.985]",[],[]
19,R22_Helicopter_V2/Rotors_Group,"[0.810,0.017,0.000]","[0.000,0.000,0.000]","[0.000,0.000,0.000,1.000]",[],[],[],[]
19,R22_Helicopter_V2/Rotors_Group/Main Rotor - Mast/Main Rotor -  Double-side blur quad,"[0.809,2.280,-0.297]","[270.000,34.824,0.000]","[0.675,-0.212,-0.212,-0.675]","[0.809,2.280,-0.297]","[5.985,0.000,5.985]",[],[]
19,R22_Helicopter_V2/Rotors_Group/Back Rotor - Mast/Tail Rotor - Blur quad,"[0.537,1.189,-2.237]","[0.000,90.000,27.183]","[0.166,0.687,0.166,0.687]","[0.537,1.189,-2.237]","[0.000,0.808,0.808]",[],[]
19,R22_Helicopter_V2/Engines,"[0.810,0.017,0.000]","[0.000,0.000,0.000]","[0.000,0.000,0.000,1.000]",[],[],[],[]
19,R22_Helicopter_V2/Collider Group/R_Skid_COL,"[1.541,0.050,0.000]","[0.000,0.000,0.000]","[0.000,0.000,0.000,1.000]",[],[],"[1.541,0.050,0.190]","[0.100,0.100,1.742]"
20,Directional Light,"[0.000,3.000,0.000]","[50.000,330.000,0.000]","[0.408,-0.235,0.109,0.875]",[],[],[],[]
20,Canvas/Panel/Row - INFO,"[275.667,933.267,0.000]","[0.000,0.000,0.000]","[0.000,0.000,0.000,1.000]",[],[],[],[]
20,Canvas/Panel/Row - Pedal/Text (TMP) - Title,"[148.563,1073.333,0.000]","[0.000,0.000,0.000]","[0.000,0.000,0.000,1.000]",[],[],[],[]
20,Level_Manager/FX_GRP,"[0.000,0.000,0.000]","[0.000,0.000,0.000]","[0.000,0.000,0.000,1.000]",[],[],[],[]
20,Canvas/Panel/Row - Sticky Throttle,"[275.667,1340.000,0.000]","[0.000,0.000,0.000]","[0.000,0.000,0.000,1.000]",[],[],[],[]
20,Canvas/Panel/Row - Pedal/Text (TMP) - Content,"[424.230,1073.333,0.000]","[0.000,0.000,0.000]","[0.000,0.000,0.000,1.000]",[],[],[],[]
20,Level_Manager/Audio_GRP,"[0.000,0.000,0.000]","[0.000,0.000,0.000]","[0.000,0.000,0.000,1.000]",[],[],[],[]
20,Canvas/Panel/Row - Raw Throttle,"[275.667,1406.667,0.000]","[0.000,0.000,0.000]","[0.000,0.000,0.000,1.000]",[],[],[],[]
20,Canvas/Panel/Row - Raw Throttle/Text (TMP) - Content,"[424.230,1406.667,0.000]","[0.000,0.000,0.000]","[0.000,0.000,0.000,1.000]",[],[],[],[]
20,Level_Manager/PostProcessing,"[0.000,0.000,0.000]","[0.000,0.000,0.000]","[0.000,0.000,0.000,1.000]",[],[],[],[]
20,Level_Manager/Lighting_GRP,"[0.000,0.000,0.000]","[0.000,0.000,0.000]","[0.000,0.000,0.000,1.000]",[],[],[],[]
20,Canvas/Panel/Row - Sticky Throttle/Text (TMP) - Title,"[148.563,1340.000,0.000]","[0.000,0.000,0.000]","[0.000,0.000,0.000,1.000]",[],[],[],[]
20,R22_Helicopter_V2/Graphics_Group,"[0.810,0.017,0.000]","[0.000,0.000,0.000]","[0.000,0.000,0.000,1.000]",[],[],[],[]
20,R22_Helicopter_V2/Audio Group,"[0.810,0.017,0.000]","[0.000,0.000,0.000]","[0.000,0.000,0.000,1.000]",[],[],[],[]
20,Canvas/Panel/Row - INFO/Text (TMP) - Content,"[275.667,899.933,0.000]","[0.000,0.000,0.000]","[0.000,0.000,0.000,1.000]",[],[],[],[]
20,Level_Manager/Geo_GRP,"[0.000,0.000,0.000]","[0.000,0.000,0.000]","[0.000,0.000,0.000,1.000]",[],[],[],[]
20,Canvas,"[1720.000,720.000,0.000]","[0.000,0.000,0.000]","[0.000,0.000,0.000,1.000]",[],[],[],[]
20,Level_Manager,"[0.000,0.000,0.000]","[0.000,0.000,0.000]","[0.000,0.000,0.000,1.000]",[],[],[],[]
20,Canvas/Panel/Row - Cyclic/Text (TMP) - Content,"[424.230,1140.000,0.000]","[0.000,0.000,0.000]","[0.000,0.000,0.000,1.000]",[],[],[],[]
20,Canvas/Panel/Row - Cyclic,"[275.667,1140.000,0.000]","[0.000,0.000,0.000]","[0.000,0.000,0.000,1.000]",[],[],[],[]
20,Canvas/Panel/Row - Collective/Text (TMP) - Content,"[424.230,1273.333,0.000]","[0.000,0.000,0.000]","[0.000,0.000,0.000,1.000]",[],[],[],[]
20,HeliPad_001,"[1.550,0.000,-0.670]","[0.000,0.000,0.000]","[0.000,0.000,0.000,1.000]","[1.555,-0.012,-0.659]","[14.268,0.216,14.105]",[],[]
20,Canvas/Panel/Row - Cyclic/Text (TMP) - Title,"[148.563,1140.000,0.000]","[0.000,0.000,0.000]","[0.000,0.000,0.000,1.000]",[],[],[],[]
20,Canvas/Panel/Row - Sticky Collective/Text (TMP) - Content,"[424.230,1206.667,0.000]","[0.000,0.000,0.000]","[0.000,0.000,0.000,1.000]",[],[],[],[]
20,Canvas/Panel/Row - Pedal,"[275.667,1073.333,0.000]","[0.000,0.000,0.000]","[0.000,0.000,0.000,1.000]",[],[],[],[]
20,Main Camera,"[0.810,5.017,-8.000]","[23.147,0.000,0.000]","[0.201,0.000,0.000,0.980]",[],[],[],[]
20,Canvas/Panel/Row - Sticky Collective,"[275.667,1206.667,0.000]","[0.000,0.000,0.000]","[0.000,0.000,0.000,1.000]",[],[],[],[]
20,Canvas/Panel/Row - Sticky Collective/Text (TMP) - Title,"[148.563,1206.667,0.000]","[0.000,0.000,0.000]","[0.000,0.000,0.000,1.000]",[],[],[],[]
20,Plane,"[0.000,0.000,0.000]","[0.000,0.000,0.000]","[0.000,0.000,0.000,1.000]","[0.000,0.000,0.000]","[1000.000,0.000,1000.000]","[0.000,0.000,0.000]","[1000.000,0.000,1000.000]"
20,EventSystem,"[0.000,0.000,0.000]","[0.000,0.000,0.000]","[0.000,0.000,0.000,1.000]",[],[],[],[]
20,R22_Helicopter_V2/COG,"[0.810,0.795,-0.185]","[0.000,0.000,0.000]","[0.000,0.000,0.000,1.000]",[],[],[],[]
20,Canvas/Panel/Row - Raw Throttle/Text (TMP) - Title,"[148.563,1406.667,0.000]","[0.000,0.000,0.000]","[0.000,0.000,0.000,1.000]",[],[],[],[]
20,Canvas/Panel/Row - Sticky Throttle/Text (TMP) - Content,"[424.230,1340.000,0.000]","[0.000,0.000,0.000]","[0.000,0.000,0.000,1.000]",[],[],[],[]
20,R22_Helicopter_V2/Collider Group,"[0.810,0.017,0.000]","[0.000,0.000,0.000]","[0.000,0.000,0.000,1.000]",[],[],[],[]
20,Canvas/Panel/Row - INFO/Text (TMP) - Title,"[275.667,1006.667,0.000]","[0.000,0.000,0.000]","[0.000,0.000,0.000,1.000]",[],[],[],[]
20,Canvas/Panel,"[0.000,1440.000,0.000]","[0.000,0.000,0.000]","[0.000,0.000,0.000,1.000]",[],[],[],[]
20,Canvas/Panel/Row - Collective/Text (TMP) - Title,"[148.563,1273.333,0.000]","[0.000,0.000,0.000]","[0.000,0.000,0.000,1.000]",[],[],[],[]
20,Canvas/Panel/Row - Collective,"[275.667,1273.333,0.000]","[0.000,0.000,0.000]","[0.000,0.000,0.000,1.000]",[],[],[],[]
20,R22_Helicopter_V2/Rotors_Group/Back Rotor - Mast,"[0.743,1.189,-2.237]","[296.396,0.000,0.000]","[-0.527,0.000,0.000,0.850]",[],[],[],[]
20,R22_Helicopter_V2/Rotors_Group/Main Rotor - Mast,"[0.809,2.151,-0.297]","[0.000,234.823,0.000]","[0.000,0.888,0.000,-0.460]",[],[],[],[]
20,R22_Helicopter_V2/Graphics_Group/R22_Body_Gruop/R22_Body_RDoor_Geo/R22_Body_RDoorGlass_Geo,"[0.810,0.017,0.000]","[0.000,0.000,0.000]","[0.000,0.000,0.000,1.000]","[1.320,1.125,0.002]","[0.171,0.436,0.554]",[],[]
20,R22_Helicopter_V2/Graphics_Group/R22_Body_Gruop/R22_Body_RDoor_Geo,"[1.413,0.923,0.312]","[0.000,0.000,0.000]","[0.000,0.000,0.000,1.000]","[1.306,0.950,0.055]","[0.220,0.856,0.731]",[],[]
20,R22_Helicopter_V2/Graphics_Group/R22_Cockpit_Gruop/R22_Cockpit_Chairs_Geo,"[0.803,0.314,0.336]","[0.000,0.000,0.000]","[0.000,0.000,0.000,1.000]","[0.803,0.761,0.336]","[0.991,0.905,1.188]",[],[]
20,R22_Helicopter_V2/Graphics_Group/R22_Body_Gruop/R22_Body_Windshield_Geo,"[0.810,0.017,0.000]","[0.000,0.000,0.000]","[0.000,0.000,0.000,1.000]","[0.803,1.040,0.572]","[1.223,0.926,0.842]",[],[]
20,R22_Helicopter_V2/Graphics_Group/R22_Body_Gruop,"[0.803,1.103,-0.693]","[0.000,0.000,0.000]","[0.000,0.000,0.000,1.000]",[],[],[],[]
20,R22_Helicopter_V2/Graphics_Group/R22_Body_Gruop/R22_Body_Geo,"[0.810,0.017,0.000]","[0.000,0.000,0.000]","[0.000,0.000,0.000,1.000]","[0.803,1.103,-0.693]","[1.239,1.769,3.377]",[],[]
20,R22_Helicopter_V2/Graphics_Group/R22_Body_Gruop/R22_Body_LDoor_Geo/R22_Body_LDoorGlass_Geo,"[0.810,0.017,0.000]","[0.000,0.000,0.000]","[0.000,0.000,0.000,1.000]","[0.286,1.125,0.002]","[0.171,0.436,0.554]",[],[]
20,R22_Helicopter_V2/Graphics_Group/R22_Body_Gruop/R22_Body_LDoor_Geo,"[0.180,0.939,0.306]","[0.000,0.000,0.000]","[0.000,0.000,0.000,1.000]","[0.301,0.950,0.055]","[0.220,0.856,0.731]",[],[]
20,R22_Helicopter_V2/Graphics_Group/R22_Cockpit_Gruop/R22_Cockpit_LLever02_Geo,"[0.529,0.345,0.659]","[0.000,0.000,0.000]","[0.000,0.000,0.000,1.000]","[0.502,0.388,0.647]","[0.108,0.108,0.042]",[],[]
20,R22_Helicopter_V2/Graphics_Group/R22_Cockpit_Gruop/R22_Cockpit_LLever01_Geo,"[0.647,0.345,0.659]","[0.000,0.000,0.000]","[0.000,0.000,0.000,1.000]","[0.621,0.381,0.685]","[0.108,0.094,0.072]",[],[]
20,R22_Helicopter_V2/Graphics_Group/R22_Cockpit_Gruop/R22_Cockpit_Needle02_Geo,"[0.948,0.816,0.782]","[0.000,0.000,0.000]","[0.000,0.000,0.000,1.000]","[0.948,0.831,0.784]","[0.004,0.024,0.004]",[],[]
20,R22_Helicopter_V2/Graphics_Group/R22_Cockpit_Gruop/R22_Cockpit_Needle01_Geo,"[0.661,0.816,0.782]","[0.000,0.000,0.000]","[0.000,0.000,0.000,1.000]","[0.661,0.831,0.784]","[0.004,0.024,0.004]",[],[]
20,R22_Helicopter_V2/Graphics_Group/R22_Cockpit_Gruop/R22_Cockpit_Handle01_Geo,"[0.803,0.890,0.382]","[0.000,0.000,0.000]","[0.000,0.000,0.000,1.000]","[0.803,0.945,0.382]","[0.672,0.176,0.118]",[],[]
20,R22_Helicopter_V2/Graphics_Group/R22_Cockpit_Gruop,"[0.803,0.761,0.336]","[0.000,0.000,0.000]","[0.000,0.000,0.000,1.000]",[],[],[],[]
20,R22_Helicopter_V2/Graphics_Group/R22_Body_Gruop/R22_Body_LDoor_Geo/R22_Cockpit_LDoor_Geo,"[0.268,0.743,0.107]","[0.000,0.000,0.000]","[0.000,0.000,0.000,1.000]","[0.268,0.743,0.107]","[0.129,0.397,0.556]",[],[]
20,R22_Helicopter_V2/Graphics_Group/R22_Cockpit_Gruop/R22_Cockpit_Hanlde02_Geo,"[0.803,0.477,0.390]","[0.000,0.000,0.000]","[0.000,0.000,0.000,1.000]","[0.803,0.686,0.390]","[0.124,0.415,0.117]",[],[]
20,R22_Helicopter_V2/Graphics_Group/R22_Cockpit_Gruop/R22_Cockpit_RLever01_Geo,"[0.958,0.344,0.660]","[0.000,0.000,0.000]","[0.000,0.000,0.000,1.000]","[0.985,0.381,0.685]","[0.108,0.093,0.072]",[],[]
20,R22_Helicopter_V2/Graphics_Group/R22_Body_Gruop/R22_Body_RDoor_Geo/R22_Cockpit_RDoor_Geo,"[1.339,0.744,0.107]","[0.000,0.000,0.000]","[0.000,0.000,0.000,1.000]","[1.339,0.744,0.107]","[0.129,0.397,0.556]",[],[]
20,R22_Helicopter_V2,"[0.810,0.017,0.000]","[0.000,0.000,0.000]","[0.000,0.000,0.000,1.000]",[],[],[],[]
20,R22_Helicopter_V2/Graphics_Group/R22_Cockpit_Gruop/R22_Cockpit_RLever02_Geo,"[1.077,0.345,0.658]","[0.000,0.000,0.000]","[0.000,0.000,0.000,1.000]","[1.104,0.388,0.647]","[0.108,0.108,0.041]",[],[]
20,R22_Helicopter_V2/Graphics_Group/R22_Cockpit_Gruop/R22_Cockpit_Needle04_Geo,"[0.746,0.651,0.722]","[0.000,0.000,0.000]","[0.000,0.000,0.000,1.000]","[0.746,0.652,0.732]","[0.002,0.002,0.015]",[],[]
20,R22_Helicopter_V2/Graphics_Group/R22_Cockpit_Gruop/R22_Cockpit_Needle03_Geo,"[0.708,0.723,0.769]","[0.000,0.000,0.000]","[0.000,0.000,0.000,1.000]","[0.708,0.738,0.771]","[0.004,0.024,0.004]",[],[]
20,R22_Helicopter_V2/Graphics_Group/R22_Cockpit_Gruop/R22_Cockpit_PannelButtons_Geo,"[0.806,0.713,0.643]","[0.000,0.000,0.000]","[0.000,0.000,0.000,1.000]","[0.806,0.713,0.643]","[0.179,0.378,0.313]",[],[]
20,R22_Helicopter_V2/Graphics_Group/R22_Cockpit_Gruop/R22_Cockpit_Needle05_Geo,"[0.746,0.645,0.655]","[0.000,0.000,0.000]","[0.000,0.000,0.000,1.000]","[0.746,0.645,0.665]","[0.002,0.002,0.015]",[],[]
20,R22_Helicopter_V2/Rotors_Group/Main Rotor - Mast/R22_Mechanical_RBlade_Geo,"[0.740,2.289,-0.194]","[325.000,234.823,0.000]","[0.138,0.847,0.267,-0.439]","[0.140,2.319,0.605]","[1.489,0.395,1.884]",[],[]
20,R22_Helicopter_V2/Graphics_Group/R22_Mechanical_Group/R22_Mechanical_Motor_Geo,"[0.803,0.009,0.244]","[0.000,0.000,0.000]","[0.000,0.000,0.000,1.000]","[0.803,0.616,0.027]","[1.550,1.206,2.056]",[],[]
20,R22_Helicopter_V2/Rotors_Group/Back Rotor - Mast/R22_Mechanical_TailMast_Geo,"[0.743,1.189,-2.237]","[296.396,0.000,0.000]","[-0.527,0.000,0.000,0.850]","[0.644,1.190,-2.238]","[0.240,0.102,0.110]",[],[]
20,R22_Helicopter_V2/Rotors_Group/Back Rotor - Mast/R22_Mechanical_RTailBlade_Geo,"[0.542,1.200,-2.256]","[296.396,0.000,0.000]","[-0.527,0.000,0.000,0.850]","[0.542,1.235,-2.368]","[0.012,0.183,0.269]",[],[]
20,R22_Helicopter_V2/Rotors_Group/Main Rotor - Mast/R22_Mechanical_LBlade_Geo,"[0.879,2.289,-0.400]","[35.000,234.823,0.000]","[-0.138,0.847,-0.267,-0.439]","[1.480,2.317,-1.198]","[1.487,0.391,1.884]",[],[]
20,R22_Helicopter_V2/Graphics_Group/R22_Mechanical_Group,"[0.810,1.202,-0.618]","[0.000,0.000,0.000]","[0.000,0.000,0.000,1.000]",[],[],[],[]
20,R22_Helicopter_V2/Rotors_Group/Main Rotor - Mast/R22_Mechanical_Mast_Geo,"[0.809,2.151,-0.297]","[0.000,234.823,0.000]","[0.000,0.888,0.000,-0.460]","[0.809,2.151,-0.297]","[0.407,0.481,0.440]",[],[]
20,R22_Helicopter_V2/Rotors_Group/Back Rotor - Mast/R22_Mechanical_LTailBlade_Geo,"[0.542,1.177,-2.210]","[296.396,0.000,0.000]","[-0.527,0.000,0.000,0.850]","[0.542,1.143,-2.105]","[0.012,0.183,0.269]",[],[]
20,R22_Helicopter_V2/Graphics_Group/R_22_Blendshapes,"[0.810,0.017,0.000]","[0.000,0.000,0.000]","[0.000,0.000,0.000,1.000]",[],[],[],[]
20,R22_Helicopter_V2/Collider Group/Tail_COL,"[0.810,1.131,-1.535]","[3.681,0.000,0.000]","[0.032,0.000,0.000,0.999]",[],[],"[0.810,1.131,-1.535]","[0.300,0.390,1.697]"
20,R22_Helicopter_V2/Rotors_Group/Back Rotor - Mast/Tail Rotor - Double-side blur quad,"[0.537,1.189,-2.237]","[0.000,270.000,63.604]","[-0.373,-0.601,0.373,0.601]","[0.537,1.189,-2.237]","[0.000,0.804,0.804]",[],[]
20,R22_Helicopter_V2/Collider Group/L_Skid_COL,"[0.068,0.050,0.000]","[0.000,0.000,0.000]","[0.000,0.000,0.000,1.000]",[],[],"[0.068,0.050,0.190]","[0.100,0.100,1.742]"
20,R22_Helicopter_V2/Collider Group/Fuselage_COL,"[0.810,0.802,0.000]","[0.000,0.000,0.000]","[0.000,0.000,0.000,1.000]",[],[],"[0.810,0.802,0.000]","[1.380,1.380,2.200]"
20,R22_Helicopter_V2/Engines/Main Engine,"[0.810,0.017,0.000]","[0.000,0.000,0.000]","[0.000,0.000,0.000,1.000]",[],[],[],[]
20,R22_Helicopter_V2/Collider Group/Mast_COL,"[0.810,1.747,-0.290]","[353.243,0.000,0.000]","[-0.059,0.000,0.000,0.998]",[],[],"[0.810,1.747,-0.290]","[0.700,0.928,0.727]"
20,R22_Helicopter_V2/Camera LookAt Target,"[0.810,1.597,0.000]","[0.000,0.000,0.000]","[0.000,0.000,0.000,1.000]",[],[],[],[]
20,R22_Helicopter_V2/Rotors_Group/Main Rotor - Mast/Main Rotor -  Blur Quad,"[0.809,2.280,-0.297]","[90.000,234.823,0.000]","[-0.326,0.628,-0.628,-0.326]","[0.809,2.280,-0.297]","[5.992,0.000,5.992]",[],[]
20,R22_Helicopter_V2/Rotors_Group,"[0.810,0.017,0.000]","[0.000,0.000,0.000]","[0.000,0.000,0.000,1.000]",[],[],[],[]
20,R22_Helicopter_V2/Rotors_Group/Main Rotor - Mast/Main Rotor -  Double-side blur quad,"[0.809,2.280,-0.297]","[270.000,234.823,0.000]","[0.326,0.628,0.628,-0.326]","[0.809,2.280,-0.297]","[5.992,0.000,5.992]",[],[]
20,R22_Helicopter_V2/Rotors_Group/Back Rotor - Mast/Tail Rotor - Blur quad,"[0.537,1.189,-2.237]","[0.000,90.000,296.396]","[-0.373,0.601,-0.373,0.601]","[0.537,1.189,-2.237]","[0.000,0.804,0.804]",[],[]
20,R22_Helicopter_V2/Engines,"[0.810,0.017,0.000]","[0.000,0.000,0.000]","[0.000,0.000,0.000,1.000]",[],[],[],[]
20,R22_Helicopter_V2/Collider Group/R_Skid_COL,"[1.541,0.050,0.000]","[0.000,0.000,0.000]","[0.000,0.000,0.000,1.000]",[],[],"[1.541,0.050,0.190]","[0.100,0.100,1.742]"
21,Directional Light,"[0.000,3.000,0.000]","[50.000,330.000,0.000]","[0.408,-0.235,0.109,0.875]",[],[],[],[]
21,Canvas/Panel/Row - INFO,"[275.667,933.267,0.000]","[0.000,0.000,0.000]","[0.000,0.000,0.000,1.000]",[],[],[],[]
21,Canvas/Panel/Row - Pedal/Text (TMP) - Title,"[148.563,1073.333,0.000]","[0.000,0.000,0.000]","[0.000,0.000,0.000,1.000]",[],[],[],[]
21,Level_Manager/FX_GRP,"[0.000,0.000,0.000]","[0.000,0.000,0.000]","[0.000,0.000,0.000,1.000]",[],[],[],[]
21,Canvas/Panel/Row - Sticky Throttle,"[275.667,1340.000,0.000]","[0.000,0.000,0.000]","[0.000,0.000,0.000,1.000]",[],[],[],[]
21,Canvas/Panel/Row - Pedal/Text (TMP) - Content,"[424.230,1073.333,0.000]","[0.000,0.000,0.000]","[0.000,0.000,0.000,1.000]",[],[],[],[]
21,Level_Manager/Audio_GRP,"[0.000,0.000,0.000]","[0.000,0.000,0.000]","[0.000,0.000,0.000,1.000]",[],[],[],[]
21,Canvas/Panel/Row - Raw Throttle,"[275.667,1406.667,0.000]","[0.000,0.000,0.000]","[0.000,0.000,0.000,1.000]",[],[],[],[]
21,Canvas/Panel/Row - Raw Throttle/Text (TMP) - Content,"[424.230,1406.667,0.000]","[0.000,0.000,0.000]","[0.000,0.000,0.000,1.000]",[],[],[],[]
21,Level_Manager/PostProcessing,"[0.000,0.000,0.000]","[0.000,0.000,0.000]","[0.000,0.000,0.000,1.000]",[],[],[],[]
21,Level_Manager/Lighting_GRP,"[0.000,0.000,0.000]","[0.000,0.000,0.000]","[0.000,0.000,0.000,1.000]",[],[],[],[]
21,Canvas/Panel/Row - Sticky Throttle/Text (TMP) - Title,"[148.563,1340.000,0.000]","[0.000,0.000,0.000]","[0.000,0.000,0.000,1.000]",[],[],[],[]
21,R22_Helicopter_V2/Graphics_Group,"[0.810,0.017,0.000]","[0.000,0.000,0.000]","[0.000,0.000,0.000,1.000]",[],[],[],[]
21,R22_Helicopter_V2/Audio Group,"[0.810,0.017,0.000]","[0.000,0.000,0.000]","[0.000,0.000,0.000,1.000]",[],[],[],[]
21,Canvas/Panel/Row - INFO/Text (TMP) - Content,"[275.667,899.933,0.000]","[0.000,0.000,0.000]","[0.000,0.000,0.000,1.000]",[],[],[],[]
21,Level_Manager/Geo_GRP,"[0.000,0.000,0.000]","[0.000,0.000,0.000]","[0.000,0.000,0.000,1.000]",[],[],[],[]
21,Canvas,"[1720.000,720.000,0.000]","[0.000,0.000,0.000]","[0.000,0.000,0.000,1.000]",[],[],[],[]
21,Level_Manager,"[0.000,0.000,0.000]","[0.000,0.000,0.000]","[0.000,0.000,0.000,1.000]",[],[],[],[]
21,Canvas/Panel/Row - Cyclic/Text (TMP) - Content,"[424.230,1140.000,0.000]","[0.000,0.000,0.000]","[0.000,0.000,0.000,1.000]",[],[],[],[]
21,Canvas/Panel/Row - Cyclic,"[275.667,1140.000,0.000]","[0.000,0.000,0.000]","[0.000,0.000,0.000,1.000]",[],[],[],[]
21,Canvas/Panel/Row - Collective/Text (TMP) - Content,"[424.230,1273.333,0.000]","[0.000,0.000,0.000]","[0.000,0.000,0.000,1.000]",[],[],[],[]
21,HeliPad_001,"[1.550,0.000,-0.670]","[0.000,0.000,0.000]","[0.000,0.000,0.000,1.000]","[1.555,-0.012,-0.659]","[14.268,0.216,14.105]",[],[]
21,Canvas/Panel/Row - Cyclic/Text (TMP) - Title,"[148.563,1140.000,0.000]","[0.000,0.000,0.000]","[0.000,0.000,0.000,1.000]",[],[],[],[]
21,Canvas/Panel/Row - Sticky Collective/Text (TMP) - Content,"[424.230,1206.667,0.000]","[0.000,0.000,0.000]","[0.000,0.000,0.000,1.000]",[],[],[],[]
21,Canvas/Panel/Row - Pedal,"[275.667,1073.333,0.000]","[0.000,0.000,0.000]","[0.000,0.000,0.000,1.000]",[],[],[],[]
21,Main Camera,"[0.810,5.017,-8.000]","[23.147,0.000,0.000]","[0.201,0.000,0.000,0.980]",[],[],[],[]
21,Canvas/Panel/Row - Sticky Collective,"[275.667,1206.667,0.000]","[0.000,0.000,0.000]","[0.000,0.000,0.000,1.000]",[],[],[],[]
21,Canvas/Panel/Row - Sticky Collective/Text (TMP) - Title,"[148.563,1206.667,0.000]","[0.000,0.000,0.000]","[0.000,0.000,0.000,1.000]",[],[],[],[]
21,Plane,"[0.000,0.000,0.000]","[0.000,0.000,0.000]","[0.000,0.000,0.000,1.000]","[0.000,0.000,0.000]","[1000.000,0.000,1000.000]","[0.000,0.000,0.000]","[1000.000,0.000,1000.000]"
21,EventSystem,"[0.000,0.000,0.000]","[0.000,0.000,0.000]","[0.000,0.000,0.000,1.000]",[],[],[],[]
21,R22_Helicopter_V2/COG,"[0.810,0.795,-0.185]","[0.000,0.000,0.000]","[0.000,0.000,0.000,1.000]",[],[],[],[]
21,Canvas/Panel/Row - Raw Throttle/Text (TMP) - Title,"[148.563,1406.667,0.000]","[0.000,0.000,0.000]","[0.000,0.000,0.000,1.000]",[],[],[],[]
21,Canvas/Panel/Row - Sticky Throttle/Text (TMP) - Content,"[424.230,1340.000,0.000]","[0.000,0.000,0.000]","[0.000,0.000,0.000,1.000]",[],[],[],[]
21,R22_Helicopter_V2/Collider Group,"[0.810,0.017,0.000]","[0.000,0.000,0.000]","[0.000,0.000,0.000,1.000]",[],[],[],[]
21,Canvas/Panel/Row - INFO/Text (TMP) - Title,"[275.667,1006.667,0.000]","[0.000,0.000,0.000]","[0.000,0.000,0.000,1.000]",[],[],[],[]
21,Canvas/Panel,"[0.000,1440.000,0.000]","[0.000,0.000,0.000]","[0.000,0.000,0.000,1.000]",[],[],[],[]
21,Canvas/Panel/Row - Collective/Text (TMP) - Title,"[148.563,1273.333,0.000]","[0.000,0.000,0.000]","[0.000,0.000,0.000,1.000]",[],[],[],[]
21,Canvas/Panel/Row - Collective,"[275.667,1273.333,0.000]","[0.000,0.000,0.000]","[0.000,0.000,0.000,1.000]",[],[],[],[]
21,R22_Helicopter_V2/Rotors_Group/Back Rotor - Mast,"[0.743,1.189,-2.237]","[83.448,180.001,180.001]","[0.746,0.000,0.000,0.666]",[],[],[],[]
21,R22_Helicopter_V2/Rotors_Group/Main Rotor - Mast,"[0.809,2.151,-0.297]","[0.000,74.823,0.000]","[0.000,0.608,0.000,0.794]",[],[],[],[]
21,R22_Helicopter_V2/Graphics_Group/R22_Body_Gruop/R22_Body_RDoor_Geo/R22_Body_RDoorGlass_Geo,"[0.810,0.017,0.000]","[0.000,0.000,0.000]","[0.000,0.000,0.000,1.000]","[1.320,1.125,0.002]","[0.171,0.436,0.554]",[],[]
21,R22_Helicopter_V2/Graphics_Group/R22_Body_Gruop/R22_Body_RDoor_Geo,"[1.413,0.923,0.312]","[0.000,0.000,0.000]","[0.000,0.000,0.000,1.000]","[1.306,0.950,0.055]","[0.220,0.856,0.731]",[],[]
21,R22_Helicopter_V2/Graphics_Group/R22_Cockpit_Gruop/R22_Cockpit_Chairs_Geo,"[0.803,0.314,0.336]","[0.000,0.000,0.000]","[0.000,0.000,0.000,1.000]","[0.803,0.761,0.336]","[0.991,0.905,1.188]",[],[]
21,R22_Helicopter_V2/Graphics_Group/R22_Body_Gruop/R22_Body_Windshield_Geo,"[0.810,0.017,0.000]","[0.000,0.000,0.000]","[0.000,0.000,0.000,1.000]","[0.803,1.040,0.572]","[1.223,0.926,0.842]",[],[]
21,R22_Helicopter_V2/Graphics_Group/R22_Body_Gruop,"[0.803,1.103,-0.693]","[0.000,0.000,0.000]","[0.000,0.000,0.000,1.000]",[],[],[],[]
21,R22_Helicopter_V2/Graphics_Group/R22_Body_Gruop/R22_Body_Geo,"[0.810,0.017,0.000]","[0.000,0.000,0.000]","[0.000,0.000,0.000,1.000]","[0.803,1.103,-0.693]","[1.239,1.769,3.377]",[],[]
21,R22_Helicopter_V2/Graphics_Group/R22_Body_Gruop/R22_Body_LDoor_Geo/R22_Body_LDoorGlass_Geo,"[0.810,0.017,0.000]","[0.000,0.000,0.000]","[0.000,0.000,0.000,1.000]","[0.286,1.125,0.002]","[0.171,0.436,0.554]",[],[]
21,R22_Helicopter_V2/Graphics_Group/R22_Body_Gruop/R22_Body_LDoor_Geo,"[0.180,0.939,0.306]","[0.000,0.000,0.000]","[0.000,0.000,0.000,1.000]","[0.301,0.950,0.055]","[0.220,0.856,0.731]",[],[]
21,R22_Helicopter_V2/Graphics_Group/R22_Cockpit_Gruop/R22_Cockpit_LLever02_Geo,"[0.529,0.345,0.659]","[0.000,0.000,0.000]","[0.000,0.000,0.000,1.000]","[0.502,0.388,0.647]","[0.108,0.108,0.042]",[],[]
21,R22_Helicopter_V2/Graphics_Group/R22_Cockpit_Gruop/R22_Cockpit_LLever01_Geo,"[0.647,0.345,0.659]","[0.000,0.000,0.000]","[0.000,0.000,0.000,1.000]","[0.621,0.381,0.685]","[0.108,0.094,0.072]",[],[]
21,R22_Helicopter_V2/Graphics_Group/R22_Cockpit_Gruop/R22_Cockpit_Needle02_Geo,"[0.948,0.816,0.782]","[0.000,0.000,0.000]","[0.000,0.000,0.000,1.000]","[0.948,0.831,0.784]","[0.004,0.024,0.004]",[],[]
21,R22_Helicopter_V2/Graphics_Group/R22_Cockpit_Gruop/R22_Cockpit_Needle01_Geo,"[0.661,0.816,0.782]","[0.000,0.000,0.000]","[0.000,0.000,0.000,1.000]","[0.661,0.831,0.784]","[0.004,0.024,0.004]",[],[]
21,R22_Helicopter_V2/Graphics_Group/R22_Cockpit_Gruop/R22_Cockpit_Handle01_Geo,"[0.803,0.890,0.382]","[0.000,0.000,0.000]","[0.000,0.000,0.000,1.000]","[0.803,0.945,0.382]","[0.672,0.176,0.118]",[],[]
21,R22_Helicopter_V2/Graphics_Group/R22_Cockpit_Gruop,"[0.803,0.761,0.336]","[0.000,0.000,0.000]","[0.000,0.000,0.000,1.000]",[],[],[],[]
21,R22_Helicopter_V2/Graphics_Group/R22_Body_Gruop/R22_Body_LDoor_Geo/R22_Cockpit_LDoor_Geo,"[0.268,0.743,0.107]","[0.000,0.000,0.000]","[0.000,0.000,0.000,1.000]","[0.268,0.743,0.107]","[0.129,0.397,0.556]",[],[]
21,R22_Helicopter_V2/Graphics_Group/R22_Cockpit_Gruop/R22_Cockpit_Hanlde02_Geo,"[0.803,0.477,0.390]","[0.000,0.000,0.000]","[0.000,0.000,0.000,1.000]","[0.803,0.686,0.390]","[0.124,0.415,0.117]",[],[]
21,R22_Helicopter_V2/Graphics_Group/R22_Cockpit_Gruop/R22_Cockpit_RLever01_Geo,"[0.958,0.344,0.660]","[0.000,0.000,0.000]","[0.000,0.000,0.000,1.000]","[0.985,0.381,0.685]","[0.108,0.093,0.072]",[],[]
21,R22_Helicopter_V2/Graphics_Group/R22_Body_Gruop/R22_Body_RDoor_Geo/R22_Cockpit_RDoor_Geo,"[1.339,0.744,0.107]","[0.000,0.000,0.000]","[0.000,0.000,0.000,1.000]","[1.339,0.744,0.107]","[0.129,0.397,0.556]",[],[]
21,R22_Helicopter_V2,"[0.810,0.017,0.000]","[0.000,0.000,0.000]","[0.000,0.000,0.000,1.000]",[],[],[],[]
21,R22_Helicopter_V2/Graphics_Group/R22_Cockpit_Gruop/R22_Cockpit_RLever02_Geo,"[1.077,0.345,0.658]","[0.000,0.000,0.000]","[0.000,0.000,0.000,1.000]","[1.104,0.388,0.647]","[0.108,0.108,0.041]",[],[]
21,R22_Helicopter_V2/Graphics_Group/R22_Cockpit_Gruop/R22_Cockpit_Needle04_Geo,"[0.746,0.651,0.722]","[0.000,0.000,0.000]","[0.000,0.000,0.000,1.000]","[0.746,0.652,0.732]","[0.002,0.002,0.015]",[],[]
21,R22_Helicopter_V2/Graphics_Group/R22_Cockpit_Gruop/R22_Cockpit_Needle03_Geo,"[0.708,0.723,0.769]","[0.000,0.000,0.000]","[0.000,0.000,0.000,1.000]","[0.708,0.738,0.771]","[0.004,0.024,0.004]",[],[]
21,R22_Helicopter_V2/Graphics_Group/R22_Cockpit_Gruop/R22_Cockpit_PannelButtons_Geo,"[0.806,0.713,0.643]","[0.000,0.000,0.000]","[0.000,0.000,0.000,1.000]","[0.806,0.713,0.643]","[0.179,0.378,0.313]",[],[]
21,R22_Helicopter_V2/Graphics_Group/R22_Cockpit_Gruop/R22_Cockpit_Needle05_Geo,"[0.746,0.645,0.655]","[0.000,0.000,0.000]","[0.000,0.000,0.000,1.000]","[0.746,0.645,0.665]","[0.002,0.002,0.015]",[],[]
21,R22_Helicopter_V2/Rotors_Group/Main Rotor - Mast/R22_Mechanical_RBlade_Geo,"[0.839,2.289,-0.417]","[325.000,74.823,0.000]","[-0.239,0.579,0.183,0.758]","[1.129,2.319,-1.373]","[0.909,0.395,2.061]",[],[]
21,R22_Helicopter_V2/Graphics_Group/R22_Mechanical_Group/R22_Mechanical_Motor_Geo,"[0.803,0.009,0.244]","[0.000,0.000,0.000]","[0.000,0.000,0.000,1.000]","[0.803,0.616,0.027]","[1.550,1.206,2.056]",[],[]
21,R22_Helicopter_V2/Rotors_Group/Back Rotor - Mast/R22_Mechanical_TailMast_Geo,"[0.743,1.189,-2.237]","[83.448,180.001,180.001]","[0.746,0.000,0.000,0.666]","[0.644,1.189,-2.236]","[0.240,0.079,0.096]",[],[]
21,R22_Helicopter_V2/Rotors_Group/Back Rotor - Mast/R22_Mechanical_RTailBlade_Geo,"[0.542,1.186,-2.215]","[83.448,180.001,180.001]","[0.746,0.000,0.000,0.666]","[0.542,1.190,-2.097]","[0.012,0.104,0.270]",[],[]
21,R22_Helicopter_V2/Rotors_Group/Main Rotor - Mast/R22_Mechanical_LBlade_Geo,"[0.779,2.289,-0.175]","[35.000,74.823,0.000]","[0.239,0.579,-0.183,0.758]","[0.487,2.317,0.780]","[0.907,0.391,2.062]",[],[]
21,R22_Helicopter_V2/Graphics_Group/R22_Mechanical_Group,"[0.810,1.202,-0.618]","[0.000,0.000,0.000]","[0.000,0.000,0.000,1.000]",[],[],[],[]
21,R22_Helicopter_V2/Rotors_Group/Main Rotor - Mast/R22_Mechanical_Mast_Geo,"[0.809,2.151,-0.297]","[0.000,74.823,0.000]","[0.000,0.608,0.000,0.794]","[0.809,2.151,-0.297]","[0.325,0.481,0.421]",[],[]
21,R22_Helicopter_V2/Rotors_Group/Back Rotor - Mast/R22_Mechanical_LTailBlade_Geo,"[0.542,1.192,-2.266]","[83.448,180.001,180.001]","[0.746,0.000,0.000,0.666]","[0.542,1.188,-2.376]","[0.012,0.104,0.270]",[],[]
21,R22_Helicopter_V2/Graphics_Group/R_22_Blendshapes,"[0.810,0.017,0.000]","[0.000,0.000,0.000]","[0.000,0.000,0.000,1.000]",[],[],[],[]
21,R22_Helicopter_V2/Collider Group/Tail_COL,"[0.810,1.131,-1.535]","[3.681,0.000,0.000]","[0.032,0.000,0.000,0.999]",[],[],"[0.810,1.131,-1.535]","[0.300,0.390,1.697]"
21,R22_Helicopter_V2/Rotors_Group/Back Rotor - Mast/Tail Rotor - Double-side blur quad,"[0.537,1.189,-2.237]","[0.000,270.000,263.448]","[0.528,-0.471,-0.528,0.471]","[0.537,1.189,-2.237]","[0.000,0.665,0.665]",[],[]
21,R22_Helicopter_V2/Collider Group/L_Skid_COL,"[0.068,0.050,0.000]","[0.000,0.000,0.000]","[0.000,0.000,0.000,1.000]",[],[],"[0.068,0.050,0.190]","[0.100,0.100,1.742]"
21,R22_Helicopter_V2/Collider Group/Fuselage_COL,"[0.810,0.802,0.000]","[0.000,0.000,0.000]","[0.000,0.000,0.000,1.000]",[],[],"[0.810,0.802,0.000]","[1.380,1.380,2.200]"
21,R22_Helicopter_V2/Engines/Main Engine,"[0.810,0.017,0.000]","[0.000,0.000,0.000]","[0.000,0.000,0.000,1.000]",[],[],[],[]
21,R22_Helicopter_V2/Collider Group/Mast_COL,"[0.810,1.747,-0.290]","[353.243,0.000,0.000]","[-0.059,0.000,0.000,0.998]",[],[],"[0.810,1.747,-0.290]","[0.700,0.928,0.727]"
21,R22_Helicopter_V2/Camera LookAt Target,"[0.810,1.597,0.000]","[0.000,0.000,0.000]","[0.000,0.000,0.000,1.000]",[],[],[],[]
21,R22_Helicopter_V2/Rotors_Group/Main Rotor - Mast/Main Rotor -  Blur Quad,"[0.809,2.280,-0.297]","[90.000,74.823,0.000]","[0.562,0.430,-0.430,0.562]","[0.809,2.280,-0.297]","[5.276,0.000,5.276]",[],[]
21,R22_Helicopter_V2/Rotors_Group,"[0.810,0.017,0.000]","[0.000,0.000,0.000]","[0.000,0.000,0.000,1.000]",[],[],[],[]
21,R22_Helicopter_V2/Rotors_Group/Main Rotor - Mast/Main Rotor -  Double-side blur quad,"[0.809,2.280,-0.297]","[270.000,74.823,0.000]","[-0.562,0.430,0.430,0.562]","[0.809,2.280,-0.297]","[5.276,0.000,5.276]",[],[]
21,R22_Helicopter_V2/Rotors_Group/Back Rotor - Mast/Tail Rotor - Blur quad,"[0.537,1.189,-2.237]","[0.000,90.000,96.552]","[0.528,0.471,0.528,0.471]","[0.537,1.189,-2.237]","[0.000,0.665,0.665]",[],[]
21,R22_Helicopter_V2/Engines,"[0.810,0.017,0.000]","[0.000,0.000,0.000]","[0.000,0.000,0.000,1.000]",[],[],[],[]
21,R22_Helicopter_V2/Collider Group/R_Skid_COL,"[1.541,0.050,0.000]","[0.000,0.000,0.000]","[0.000,0.000,0.000,1.000]",[],[],"[1.541,0.050,0.190]","[0.100,0.100,1.742]"
22,Directional Light,"[0.000,3.000,0.000]","[50.000,330.000,0.000]","[0.408,-0.235,0.109,0.875]",[],[],[],[]
22,Canvas/Panel/Row - INFO,"[275.667,933.267,0.000]","[0.000,0.000,0.000]","[0.000,0.000,0.000,1.000]",[],[],[],[]
22,Canvas/Panel/Row - Pedal/Text (TMP) - Title,"[148.563,1073.333,0.000]","[0.000,0.000,0.000]","[0.000,0.000,0.000,1.000]",[],[],[],[]
22,Level_Manager/FX_GRP,"[0.000,0.000,0.000]","[0.000,0.000,0.000]","[0.000,0.000,0.000,1.000]",[],[],[],[]
22,Canvas/Panel/Row - Sticky Throttle,"[275.667,1340.000,0.000]","[0.000,0.000,0.000]","[0.000,0.000,0.000,1.000]",[],[],[],[]
22,Canvas/Panel/Row - Pedal/Text (TMP) - Content,"[424.230,1073.333,0.000]","[0.000,0.000,0.000]","[0.000,0.000,0.000,1.000]",[],[],[],[]
22,Level_Manager/Audio_GRP,"[0.000,0.000,0.000]","[0.000,0.000,0.000]","[0.000,0.000,0.000,1.000]",[],[],[],[]
22,Canvas/Panel/Row - Raw Throttle,"[275.667,1406.667,0.000]","[0.000,0.000,0.000]","[0.000,0.000,0.000,1.000]",[],[],[],[]
22,Canvas/Panel/Row - Raw Throttle/Text (TMP) - Content,"[424.230,1406.667,0.000]","[0.000,0.000,0.000]","[0.000,0.000,0.000,1.000]",[],[],[],[]
22,Level_Manager/PostProcessing,"[0.000,0.000,0.000]","[0.000,0.000,0.000]","[0.000,0.000,0.000,1.000]",[],[],[],[]
22,Level_Manager/Lighting_GRP,"[0.000,0.000,0.000]","[0.000,0.000,0.000]","[0.000,0.000,0.000,1.000]",[],[],[],[]
22,Canvas/Panel/Row - Sticky Throttle/Text (TMP) - Title,"[148.563,1340.000,0.000]","[0.000,0.000,0.000]","[0.000,0.000,0.000,1.000]",[],[],[],[]
22,R22_Helicopter_V2/Graphics_Group,"[0.810,0.017,0.000]","[0.000,0.000,0.000]","[0.000,0.000,0.000,1.000]",[],[],[],[]
22,R22_Helicopter_V2/Audio Group,"[0.810,0.017,0.000]","[0.000,0.000,0.000]","[0.000,0.000,0.000,1.000]",[],[],[],[]
22,Canvas/Panel/Row - INFO/Text (TMP) - Content,"[275.667,899.933,0.000]","[0.000,0.000,0.000]","[0.000,0.000,0.000,1.000]",[],[],[],[]
22,Level_Manager/Geo_GRP,"[0.000,0.000,0.000]","[0.000,0.000,0.000]","[0.000,0.000,0.000,1.000]",[],[],[],[]
22,Canvas,"[1720.000,720.000,0.000]","[0.000,0.000,0.000]","[0.000,0.000,0.000,1.000]",[],[],[],[]
22,Level_Manager,"[0.000,0.000,0.000]","[0.000,0.000,0.000]","[0.000,0.000,0.000,1.000]",[],[],[],[]
22,Canvas/Panel/Row - Cyclic/Text (TMP) - Content,"[424.230,1140.000,0.000]","[0.000,0.000,0.000]","[0.000,0.000,0.000,1.000]",[],[],[],[]
22,Canvas/Panel/Row - Cyclic,"[275.667,1140.000,0.000]","[0.000,0.000,0.000]","[0.000,0.000,0.000,1.000]",[],[],[],[]
22,Canvas/Panel/Row - Collective/Text (TMP) - Content,"[424.230,1273.333,0.000]","[0.000,0.000,0.000]","[0.000,0.000,0.000,1.000]",[],[],[],[]
22,HeliPad_001,"[1.550,0.000,-0.670]","[0.000,0.000,0.000]","[0.000,0.000,0.000,1.000]","[1.555,-0.012,-0.659]","[14.268,0.216,14.105]",[],[]
22,Canvas/Panel/Row - Cyclic/Text (TMP) - Title,"[148.563,1140.000,0.000]","[0.000,0.000,0.000]","[0.000,0.000,0.000,1.000]",[],[],[],[]
22,Canvas/Panel/Row - Sticky Collective/Text (TMP) - Content,"[424.230,1206.667,0.000]","[0.000,0.000,0.000]","[0.000,0.000,0.000,1.000]",[],[],[],[]
22,Canvas/Panel/Row - Pedal,"[275.667,1073.333,0.000]","[0.000,0.000,0.000]","[0.000,0.000,0.000,1.000]",[],[],[],[]
22,Main Camera,"[0.810,5.017,-8.000]","[23.147,0.000,0.000]","[0.201,0.000,0.000,0.980]",[],[],[],[]
22,Canvas/Panel/Row - Sticky Collective,"[275.667,1206.667,0.000]","[0.000,0.000,0.000]","[0.000,0.000,0.000,1.000]",[],[],[],[]
22,Canvas/Panel/Row - Sticky Collective/Text (TMP) - Title,"[148.563,1206.667,0.000]","[0.000,0.000,0.000]","[0.000,0.000,0.000,1.000]",[],[],[],[]
22,Plane,"[0.000,0.000,0.000]","[0.000,0.000,0.000]","[0.000,0.000,0.000,1.000]","[0.000,0.000,0.000]","[1000.000,0.000,1000.000]","[0.000,0.000,0.000]","[1000.000,0.000,1000.000]"
22,EventSystem,"[0.000,0.000,0.000]","[0.000,0.000,0.000]","[0.000,0.000,0.000,1.000]",[],[],[],[]
22,R22_Helicopter_V2/COG,"[0.810,0.795,-0.185]","[0.000,0.000,0.000]","[0.000,0.000,0.000,1.000]",[],[],[],[]
22,Canvas/Panel/Row - Raw Throttle/Text (TMP) - Title,"[148.563,1406.667,0.000]","[0.000,0.000,0.000]","[0.000,0.000,0.000,1.000]",[],[],[],[]
22,Canvas/Panel/Row - Sticky Throttle/Text (TMP) - Content,"[424.230,1340.000,0.000]","[0.000,0.000,0.000]","[0.000,0.000,0.000,1.000]",[],[],[],[]
22,R22_Helicopter_V2/Collider Group,"[0.810,0.017,0.000]","[0.000,0.000,0.000]","[0.000,0.000,0.000,1.000]",[],[],[],[]
22,Canvas/Panel/Row - INFO/Text (TMP) - Title,"[275.667,1006.667,0.000]","[0.000,0.000,0.000]","[0.000,0.000,0.000,1.000]",[],[],[],[]
22,Canvas/Panel,"[0.000,1440.000,0.000]","[0.000,0.000,0.000]","[0.000,0.000,0.000,1.000]",[],[],[],[]
22,Canvas/Panel/Row - Collective/Text (TMP) - Title,"[148.563,1273.333,0.000]","[0.000,0.000,0.000]","[0.000,0.000,0.000,1.000]",[],[],[],[]
22,Canvas/Panel/Row - Collective,"[275.667,1273.333,0.000]","[0.000,0.000,0.000]","[0.000,0.000,0.000,1.000]",[],[],[],[]
22,R22_Helicopter_V2/Rotors_Group/Back Rotor - Mast,"[0.743,1.189,-2.237]","[34.914,180.000,180.000]","[-0.954,0.000,0.000,-0.300]",[],[],[],[]
22,R22_Helicopter_V2/Rotors_Group/Main Rotor - Mast,"[0.809,2.151,-0.297]","[0.000,274.823,0.000]","[0.000,-0.677,0.000,0.736]",[],[],[],[]
22,R22_Helicopter_V2/Graphics_Group/R22_Body_Gruop/R22_Body_RDoor_Geo/R22_Body_RDoorGlass_Geo,"[0.810,0.017,0.000]","[0.000,0.000,0.000]","[0.000,0.000,0.000,1.000]","[1.320,1.125,0.002]","[0.171,0.436,0.554]",[],[]
22,R22_Helicopter_V2/Graphics_Group/R22_Body_Gruop/R22_Body_RDoor_Geo,"[1.413,0.923,0.312]","[0.000,0.000,0.000]","[0.000,0.000,0.000,1.000]","[1.306,0.950,0.055]","[0.220,0.856,0.731]",[],[]
22,R22_Helicopter_V2/Graphics_Group/R22_Cockpit_Gruop/R22_Cockpit_Chairs_Geo,"[0.803,0.314,0.336]","[0.000,0.000,0.000]","[0.000,0.000,0.000,1.000]","[0.803,0.761,0.336]","[0.991,0.905,1.188]",[],[]
22,R22_Helicopter_V2/Graphics_Group/R22_Body_Gruop/R22_Body_Windshield_Geo,"[0.810,0.017,0.000]","[0.000,0.000,0.000]","[0.000,0.000,0.000,1.000]","[0.803,1.040,0.572]","[1.223,0.926,0.842]",[],[]
22,R22_Helicopter_V2/Graphics_Group/R22_Body_Gruop,"[0.803,1.103,-0.693]","[0.000,0.000,0.000]","[0.000,0.000,0.000,1.000]",[],[],[],[]
22,R22_Helicopter_V2/Graphics_Group/R22_Body_Gruop/R22_Body_Geo,"[0.810,0.017,0.000]","[0.000,0.000,0.000]","[0.000,0.000,0.000,1.000]","[0.803,1.103,-0.693]","[1.239,1.769,3.377]",[],[]
22,R22_Helicopter_V2/Graphics_Group/R22_Body_Gruop/R22_Body_LDoor_Geo/R22_Body_LDoorGlass_Geo,"[0.810,0.017,0.000]","[0.000,0.000,0.000]","[0.000,0.000,0.000,1.000]","[0.286,1.125,0.002]","[0.171,0.436,0.554]",[],[]
22,R22_Helicopter_V2/Graphics_Group/R22_Body_Gruop/R22_Body_LDoor_Geo,"[0.180,0.939,0.306]","[0.000,0.000,0.000]","[0.000,0.000,0.000,1.000]","[0.301,0.950,0.055]","[0.220,0.856,0.731]",[],[]
22,R22_Helicopter_V2/Graphics_Group/R22_Cockpit_Gruop/R22_Cockpit_LLever02_Geo,"[0.529,0.345,0.659]","[0.000,0.000,0.000]","[0.000,0.000,0.000,1.000]","[0.502,0.388,0.647]","[0.108,0.108,0.042]",[],[]
22,R22_Helicopter_V2/Graphics_Group/R22_Cockpit_Gruop/R22_Cockpit_LLever01_Geo,"[0.647,0.345,0.659]","[0.000,0.000,0.000]","[0.000,0.000,0.000,1.000]","[0.621,0.381,0.685]","[0.108,0.094,0.072]",[],[]
22,R22_Helicopter_V2/Graphics_Group/R22_Cockpit_Gruop/R22_Cockpit_Needle02_Geo,"[0.948,0.816,0.782]","[0.000,0.000,0.000]","[0.000,0.000,0.000,1.000]","[0.948,0.831,0.784]","[0.004,0.024,0.004]",[],[]
22,R22_Helicopter_V2/Graphics_Group/R22_Cockpit_Gruop/R22_Cockpit_Needle01_Geo,"[0.661,0.816,0.782]","[0.000,0.000,0.000]","[0.000,0.000,0.000,1.000]","[0.661,0.831,0.784]","[0.004,0.024,0.004]",[],[]
22,R22_Helicopter_V2/Graphics_Group/R22_Cockpit_Gruop/R22_Cockpit_Handle01_Geo,"[0.803,0.890,0.382]","[0.000,0.000,0.000]","[0.000,0.000,0.000,1.000]","[0.803,0.945,0.382]","[0.672,0.176,0.118]",[],[]
22,R22_Helicopter_V2/Graphics_Group/R22_Cockpit_Gruop,"[0.803,0.761,0.336]","[0.000,0.000,0.000]","[0.000,0.000,0.000,1.000]",[],[],[],[]
22,R22_Helicopter_V2/Graphics_Group/R22_Body_Gruop/R22_Body_LDoor_Geo/R22_Cockpit_LDoor_Geo,"[0.268,0.743,0.107]","[0.000,0.000,0.000]","[0.000,0.000,0.000,1.000]","[0.268,0.743,0.107]","[0.129,0.397,0.556]",[],[]
22,R22_Helicopter_V2/Graphics_Group/R22_Cockpit_Gruop/R22_Cockpit_Hanlde02_Geo,"[0.803,0.477,0.390]","[0.000,0.000,0.000]","[0.000,0.000,0.000,1.000]","[0.803,0.686,0.390]","[0.124,0.415,0.117]",[],[]
22,R22_Helicopter_V2/Graphics_Group/R22_Cockpit_Gruop/R22_Cockpit_RLever01_Geo,"[0.958,0.344,0.660]","[0.000,0.000,0.000]","[0.000,0.000,0.000,1.000]","[0.985,0.381,0.685]","[0.108,0.093,0.072]",[],[]
22,R22_Helicopter_V2/Graphics_Group/R22_Body_Gruop/R22_Body_RDoor_Geo/R22_Cockpit_RDoor_Geo,"[1.339,0.744,0.107]","[0.000,0.000,0.000]","[0.000,0.000,0.000,1.000]","[1.339,0.744,0.107]","[0.129,0.397,0.556]",[],[]
22,R22_Helicopter_V2,"[0.810,0.017,0.000]","[0.000,0.000,0.000]","[0.000,0.000,0.000,1.000]",[],[],[],[]
22,R22_Helicopter_V2/Graphics_Group/R22_Cockpit_Gruop/R22_Cockpit_RLever02_Geo,"[1.077,0.345,0.658]","[0.000,0.000,0.000]","[0.000,0.000,0.000,1.000]","[1.104,0.388,0.647]","[0.108,0.108,0.041]",[],[]
22,R22_Helicopter_V2/Graphics_Group/R22_Cockpit_Gruop/R22_Cockpit_Needle04_Geo,"[0.746,0.651,0.722]","[0.000,0.000,0.000]","[0.000,0.000,0.000,1.000]","[0.746,0.652,0.732]","[0.002,0.002,0.015]",[],[]
22,R22_Helicopter_V2/Graphics_Group/R22_Cockpit_Gruop/R22_Cockpit_Needle03_Geo,"[0.708,0.723,0.769]","[0.000,0.000,0.000]","[0.000,0.000,0.000,1.000]","[0.708,0.738,0.771]","[0.004,0.024,0.004]",[],[]
22,R22_Helicopter_V2/Graphics_Group/R22_Cockpit_Gruop/R22_Cockpit_PannelButtons_Geo,"[0.806,0.713,0.643]","[0.000,0.000,0.000]","[0.000,0.000,0.000,1.000]","[0.806,0.713,0.643]","[0.179,0.378,0.313]",[],[]
22,R22_Helicopter_V2/Graphics_Group/R22_Cockpit_Gruop/R22_Cockpit_Needle05_Geo,"[0.746,0.645,0.655]","[0.000,0.000,0.000]","[0.000,0.000,0.000,1.000]","[0.746,0.645,0.665]","[0.002,0.002,0.015]",[],[]
22,R22_Helicopter_V2/Rotors_Group/Main Rotor - Mast/R22_Mechanical_RBlade_Geo,"[0.822,2.289,-0.173]","[325.000,274.823,0.000]","[-0.221,-0.645,-0.203,0.702]","[0.876,2.319,0.824]","[0.560,0.395,2.055]",[],[]
22,R22_Helicopter_V2/Graphics_Group/R22_Mechanical_Group/R22_Mechanical_Motor_Geo,"[0.803,0.009,0.244]","[0.000,0.000,0.000]","[0.000,0.000,0.000,1.000]","[0.803,0.616,0.027]","[1.550,1.206,2.056]",[],[]
22,R22_Helicopter_V2/Rotors_Group/Back Rotor - Mast/R22_Mechanical_TailMast_Geo,"[0.743,1.189,-2.237]","[34.914,180.000,180.000]","[-0.954,0.000,0.000,-0.300]","[0.644,1.188,-2.236]","[0.240,0.113,0.108]",[],[]
22,R22_Helicopter_V2/Rotors_Group/Back Rotor - Mast/R22_Mechanical_RTailBlade_Geo,"[0.542,1.170,-2.225]","[34.914,180.000,180.000]","[-0.954,0.000,0.000,-0.300]","[0.542,1.085,-2.143]","[0.012,0.258,0.211]",[],[]
22,R22_Helicopter_V2/Rotors_Group/Main Rotor - Mast/R22_Mechanical_LBlade_Geo,"[0.796,2.289,-0.421]","[35.000,274.822,0.000]","[0.221,-0.645,0.203,0.702]","[0.743,2.317,-1.418]","[0.558,0.391,2.056]",[],[]
22,R22_Helicopter_V2/Graphics_Group/R22_Mechanical_Group,"[0.810,1.202,-0.618]","[0.000,0.000,0.000]","[0.000,0.000,0.000,1.000]",[],[],[],[]
22,R22_Helicopter_V2/Rotors_Group/Main Rotor - Mast/R22_Mechanical_Mast_Geo,"[0.809,2.151,-0.297]","[0.000,274.823,0.000]","[0.000,-0.677,0.000,0.736]","[0.809,2.151,-0.297]","[0.266,0.481,0.390]",[],[]
22,R22_Helicopter_V2/Rotors_Group/Back Rotor - Mast/R22_Mechanical_LTailBlade_Geo,"[0.542,1.213,-2.254]","[34.914,180.000,180.000]","[-0.954,0.000,0.000,-0.300]","[0.542,1.293,-2.330]","[0.012,0.258,0.211]",[],[]
22,R22_Helicopter_V2/Graphics_Group/R_22_Blendshapes,"[0.810,0.017,0.000]","[0.000,0.000,0.000]","[0.000,0.000,0.000,1.000]",[],[],[],[]
22,R22_Helicopter_V2/Collider Group/Tail_COL,"[0.810,1.131,-1.535]","[3.681,0.000,0.000]","[0.032,0.000,0.000,0.999]",[],[],"[0.810,1.131,-1.535]","[0.300,0.390,1.697]"
22,R22_Helicopter_V2/Rotors_Group/Back Rotor - Mast/Tail Rotor - Double-side blur quad,"[0.537,1.189,-2.237]","[0.000,270.000,214.915]","[-0.675,0.212,0.675,-0.212]","[0.537,1.189,-2.237]","[0.000,0.835,0.835]",[],[]
22,R22_Helicopter_V2/Collider Group/L_Skid_COL,"[0.068,0.050,0.000]","[0.000,0.000,0.000]","[0.000,0.000,0.000,1.000]",[],[],"[0.068,0.050,0.190]","[0.100,0.100,1.742]"
22,R22_Helicopter_V2/Collider Group/Fuselage_COL,"[0.810,0.802,0.000]","[0.000,0.000,0.000]","[0.000,0.000,0.000,1.000]",[],[],"[0.810,0.802,0.000]","[1.380,1.380,2.200]"
22,R22_Helicopter_V2/Engines/Main Engine,"[0.810,0.017,0.000]","[0.000,0.000,0.000]","[0.000,0.000,0.000,1.000]",[],[],[],[]
22,R22_Helicopter_V2/Collider Group/Mast_COL,"[0.810,1.747,-0.290]","[353.243,0.000,0.000]","[-0.059,0.000,0.000,0.998]",[],[],"[0.810,1.747,-0.290]","[0.700,0.928,0.727]"
22,R22_Helicopter_V2/Camera LookAt Target,"[0.810,1.597,0.000]","[0.000,0.000,0.000]","[0.000,0.000,0.000,1.000]",[],[],[],[]
22,R22_Helicopter_V2/Rotors_Group/Main Rotor - Mast/Main Rotor -  Blur Quad,"[0.809,2.280,-0.297]","[90.000,274.822,0.000]","[0.521,-0.479,0.479,0.521]","[0.809,2.280,-0.297]","[4.646,0.000,4.646]",[],[]
22,R22_Helicopter_V2/Rotors_Group,"[0.810,0.017,0.000]","[0.000,0.000,0.000]","[0.000,0.000,0.000,1.000]",[],[],[],[]
22,R22_Helicopter_V2/Rotors_Group/Main Rotor - Mast/Main Rotor -  Double-side blur quad,"[0.809,2.280,-0.297]","[270.000,274.823,0.000]","[-0.521,-0.479,-0.479,0.521]","[0.809,2.280,-0.297]","[4.646,0.000,4.646]",[],[]
22,R22_Helicopter_V2/Rotors_Group/Back Rotor - Mast/Tail Rotor - Blur quad,"[0.537,1.189,-2.237]","[0.000,90.000,145.086]","[-0.675,-0.212,-0.675,-0.212]","[0.537,1.189,-2.237]","[0.000,0.835,0.835]",[],[]
22,R22_Helicopter_V2/Engines,"[0.810,0.017,0.000]","[0.000,0.000,0.000]","[0.000,0.000,0.000,1.000]",[],[],[],[]
22,R22_Helicopter_V2/Collider Group/R_Skid_COL,"[1.541,0.050,0.000]","[0.000,0.000,0.000]","[0.000,0.000,0.000,1.000]",[],[],"[1.541,0.050,0.190]","[0.100,0.100,1.742]"
23,Directional Light,"[0.000,3.000,0.000]","[50.000,330.000,0.000]","[0.408,-0.235,0.109,0.875]",[],[],[],[]
23,Canvas/Panel/Row - INFO,"[275.667,933.267,0.000]","[0.000,0.000,0.000]","[0.000,0.000,0.000,1.000]",[],[],[],[]
23,Canvas/Panel/Row - Pedal/Text (TMP) - Title,"[148.563,1073.333,0.000]","[0.000,0.000,0.000]","[0.000,0.000,0.000,1.000]",[],[],[],[]
23,Level_Manager/FX_GRP,"[0.000,0.000,0.000]","[0.000,0.000,0.000]","[0.000,0.000,0.000,1.000]",[],[],[],[]
23,Canvas/Panel/Row - Sticky Throttle,"[275.667,1340.000,0.000]","[0.000,0.000,0.000]","[0.000,0.000,0.000,1.000]",[],[],[],[]
23,Canvas/Panel/Row - Pedal/Text (TMP) - Content,"[424.230,1073.333,0.000]","[0.000,0.000,0.000]","[0.000,0.000,0.000,1.000]",[],[],[],[]
23,Level_Manager/Audio_GRP,"[0.000,0.000,0.000]","[0.000,0.000,0.000]","[0.000,0.000,0.000,1.000]",[],[],[],[]
23,Canvas/Panel/Row - Raw Throttle,"[275.667,1406.667,0.000]","[0.000,0.000,0.000]","[0.000,0.000,0.000,1.000]",[],[],[],[]
23,Canvas/Panel/Row - Raw Throttle/Text (TMP) - Content,"[424.230,1406.667,0.000]","[0.000,0.000,0.000]","[0.000,0.000,0.000,1.000]",[],[],[],[]
23,Level_Manager/PostProcessing,"[0.000,0.000,0.000]","[0.000,0.000,0.000]","[0.000,0.000,0.000,1.000]",[],[],[],[]
23,Level_Manager/Lighting_GRP,"[0.000,0.000,0.000]","[0.000,0.000,0.000]","[0.000,0.000,0.000,1.000]",[],[],[],[]
23,Canvas/Panel/Row - Sticky Throttle/Text (TMP) - Title,"[148.563,1340.000,0.000]","[0.000,0.000,0.000]","[0.000,0.000,0.000,1.000]",[],[],[],[]
23,R22_Helicopter_V2/Graphics_Group,"[0.810,0.017,0.000]","[0.000,0.000,0.000]","[0.000,0.000,0.000,1.000]",[],[],[],[]
23,R22_Helicopter_V2/Audio Group,"[0.810,0.017,0.000]","[0.000,0.000,0.000]","[0.000,0.000,0.000,1.000]",[],[],[],[]
23,Canvas/Panel/Row - INFO/Text (TMP) - Content,"[275.667,899.933,0.000]","[0.000,0.000,0.000]","[0.000,0.000,0.000,1.000]",[],[],[],[]
23,Level_Manager/Geo_GRP,"[0.000,0.000,0.000]","[0.000,0.000,0.000]","[0.000,0.000,0.000,1.000]",[],[],[],[]
23,Canvas,"[1720.000,720.000,0.000]","[0.000,0.000,0.000]","[0.000,0.000,0.000,1.000]",[],[],[],[]
23,Level_Manager,"[0.000,0.000,0.000]","[0.000,0.000,0.000]","[0.000,0.000,0.000,1.000]",[],[],[],[]
23,Canvas/Panel/Row - Cyclic/Text (TMP) - Content,"[424.230,1140.000,0.000]","[0.000,0.000,0.000]","[0.000,0.000,0.000,1.000]",[],[],[],[]
23,Canvas/Panel/Row - Cyclic,"[275.667,1140.000,0.000]","[0.000,0.000,0.000]","[0.000,0.000,0.000,1.000]",[],[],[],[]
23,Canvas/Panel/Row - Collective/Text (TMP) - Content,"[424.230,1273.333,0.000]","[0.000,0.000,0.000]","[0.000,0.000,0.000,1.000]",[],[],[],[]
23,HeliPad_001,"[1.550,0.000,-0.670]","[0.000,0.000,0.000]","[0.000,0.000,0.000,1.000]","[1.555,-0.012,-0.659]","[14.268,0.216,14.105]",[],[]
23,Canvas/Panel/Row - Cyclic/Text (TMP) - Title,"[148.563,1140.000,0.000]","[0.000,0.000,0.000]","[0.000,0.000,0.000,1.000]",[],[],[],[]
23,Canvas/Panel/Row - Sticky Collective/Text (TMP) - Content,"[424.230,1206.667,0.000]","[0.000,0.000,0.000]","[0.000,0.000,0.000,1.000]",[],[],[],[]
23,Canvas/Panel/Row - Pedal,"[275.667,1073.333,0.000]","[0.000,0.000,0.000]","[0.000,0.000,0.000,1.000]",[],[],[],[]
23,Main Camera,"[0.810,5.017,-8.000]","[23.147,0.000,0.000]","[0.201,0.000,0.000,0.980]",[],[],[],[]
23,Canvas/Panel/Row - Sticky Collective,"[275.667,1206.667,0.000]","[0.000,0.000,0.000]","[0.000,0.000,0.000,1.000]",[],[],[],[]
23,Canvas/Panel/Row - Sticky Collective/Text (TMP) - Title,"[148.563,1206.667,0.000]","[0.000,0.000,0.000]","[0.000,0.000,0.000,1.000]",[],[],[],[]
23,Plane,"[0.000,0.000,0.000]","[0.000,0.000,0.000]","[0.000,0.000,0.000,1.000]","[0.000,0.000,0.000]","[1000.000,0.000,1000.000]","[0.000,0.000,0.000]","[1000.000,0.000,1000.000]"
23,EventSystem,"[0.000,0.000,0.000]","[0.000,0.000,0.000]","[0.000,0.000,0.000,1.000]",[],[],[],[]
23,R22_Helicopter_V2/COG,"[0.810,0.795,-0.185]","[0.000,0.000,0.000]","[0.000,0.000,0.000,1.000]",[],[],[],[]
23,Canvas/Panel/Row - Raw Throttle/Text (TMP) - Title,"[148.563,1406.667,0.000]","[0.000,0.000,0.000]","[0.000,0.000,0.000,1.000]",[],[],[],[]
23,Canvas/Panel/Row - Sticky Throttle/Text (TMP) - Content,"[424.230,1340.000,0.000]","[0.000,0.000,0.000]","[0.000,0.000,0.000,1.000]",[],[],[],[]
23,R22_Helicopter_V2/Collider Group,"[0.810,0.017,0.000]","[0.000,0.000,0.000]","[0.000,0.000,0.000,1.000]",[],[],[],[]
23,Canvas/Panel/Row - INFO/Text (TMP) - Title,"[275.667,1006.667,0.000]","[0.000,0.000,0.000]","[0.000,0.000,0.000,1.000]",[],[],[],[]
23,Canvas/Panel,"[0.000,1440.000,0.000]","[0.000,0.000,0.000]","[0.000,0.000,0.000,1.000]",[],[],[],[]
23,Canvas/Panel/Row - Collective/Text (TMP) - Title,"[148.563,1273.333,0.000]","[0.000,0.000,0.000]","[0.000,0.000,0.000,1.000]",[],[],[],[]
23,Canvas/Panel/Row - Collective,"[275.667,1273.333,0.000]","[0.000,0.000,0.000]","[0.000,0.000,0.000,1.000]",[],[],[],[]
23,R22_Helicopter_V2/Rotors_Group/Back Rotor - Mast,"[0.743,1.189,-2.237]","[18.021,0.000,0.000]","[0.157,0.000,0.000,0.988]",[],[],[],[]
23,R22_Helicopter_V2/Rotors_Group/Main Rotor - Mast,"[0.809,2.151,-0.297]","[0.000,114.822,0.000]","[0.000,-0.843,0.000,-0.539]",[],[],[],[]
23,R22_Helicopter_V2/Graphics_Group/R22_Body_Gruop/R22_Body_RDoor_Geo/R22_Body_RDoorGlass_Geo,"[0.810,0.017,0.000]","[0.000,0.000,0.000]","[0.000,0.000,0.000,1.000]","[1.320,1.125,0.002]","[0.171,0.436,0.554]",[],[]
23,R22_Helicopter_V2/Graphics_Group/R22_Body_Gruop/R22_Body_RDoor_Geo,"[1.413,0.923,0.312]","[0.000,0.000,0.000]","[0.000,0.000,0.000,1.000]","[1.306,0.950,0.055]","[0.220,0.856,0.731]",[],[]
23,R22_Helicopter_V2/Graphics_Group/R22_Cockpit_Gruop/R22_Cockpit_Chairs_Geo,"[0.803,0.314,0.336]","[0.000,0.000,0.000]","[0.000,0.000,0.000,1.000]","[0.803,0.761,0.336]","[0.991,0.905,1.188]",[],[]
23,R22_Helicopter_V2/Graphics_Group/R22_Body_Gruop/R22_Body_Windshield_Geo,"[0.810,0.017,0.000]","[0.000,0.000,0.000]","[0.000,0.000,0.000,1.000]","[0.803,1.040,0.572]","[1.223,0.926,0.842]",[],[]
23,R22_Helicopter_V2/Graphics_Group/R22_Body_Gruop,"[0.803,1.103,-0.693]","[0.000,0.000,0.000]","[0.000,0.000,0.000,1.000]",[],[],[],[]
23,R22_Helicopter_V2/Graphics_Group/R22_Body_Gruop/R22_Body_Geo,"[0.810,0.017,0.000]","[0.000,0.000,0.000]","[0.000,0.000,0.000,1.000]","[0.803,1.103,-0.693]","[1.239,1.769,3.377]",[],[]
23,R22_Helicopter_V2/Graphics_Group/R22_Body_Gruop/R22_Body_LDoor_Geo/R22_Body_LDoorGlass_Geo,"[0.810,0.017,0.000]","[0.000,0.000,0.000]","[0.000,0.000,0.000,1.000]","[0.286,1.125,0.002]","[0.171,0.436,0.554]",[],[]
23,R22_Helicopter_V2/Graphics_Group/R22_Body_Gruop/R22_Body_LDoor_Geo,"[0.180,0.939,0.306]","[0.000,0.000,0.000]","[0.000,0.000,0.000,1.000]","[0.301,0.950,0.055]","[0.220,0.856,0.731]",[],[]
23,R22_Helicopter_V2/Graphics_Group/R22_Cockpit_Gruop/R22_Cockpit_LLever02_Geo,"[0.529,0.345,0.659]","[0.000,0.000,0.000]","[0.000,0.000,0.000,1.000]","[0.502,0.388,0.647]","[0.108,0.108,0.042]",[],[]
23,R22_Helicopter_V2/Graphics_Group/R22_Cockpit_Gruop/R22_Cockpit_LLever01_Geo,"[0.647,0.345,0.659]","[0.000,0.000,0.000]","[0.000,0.000,0.000,1.000]","[0.621,0.381,0.685]","[0.108,0.094,0.072]",[],[]
23,R22_Helicopter_V2/Graphics_Group/R22_Cockpit_Gruop/R22_Cockpit_Needle02_Geo,"[0.948,0.816,0.782]","[0.000,0.000,0.000]","[0.000,0.000,0.000,1.000]","[0.948,0.831,0.784]","[0.004,0.024,0.004]",[],[]
23,R22_Helicopter_V2/Graphics_Group/R22_Cockpit_Gruop/R22_Cockpit_Needle01_Geo,"[0.661,0.816,0.782]","[0.000,0.000,0.000]","[0.000,0.000,0.000,1.000]","[0.661,0.831,0.784]","[0.004,0.024,0.004]",[],[]
23,R22_Helicopter_V2/Graphics_Group/R22_Cockpit_Gruop/R22_Cockpit_Handle01_Geo,"[0.803,0.890,0.382]","[0.000,0.000,0.000]","[0.000,0.000,0.000,1.000]","[0.803,0.945,0.382]","[0.672,0.176,0.118]",[],[]
23,R22_Helicopter_V2/Graphics_Group/R22_Cockpit_Gruop,"[0.803,0.761,0.336]","[0.000,0.000,0.000]","[0.000,0.000,0.000,1.000]",[],[],[],[]
23,R22_Helicopter_V2/Graphics_Group/R22_Body_Gruop/R22_Body_LDoor_Geo/R22_Cockpit_LDoor_Geo,"[0.268,0.743,0.107]","[0.000,0.000,0.000]","[0.000,0.000,0.000,1.000]","[0.268,0.743,0.107]","[0.129,0.397,0.556]",[],[]
23,R22_Helicopter_V2/Graphics_Group/R22_Cockpit_Gruop/R22_Cockpit_Hanlde02_Geo,"[0.803,0.477,0.390]","[0.000,0.000,0.000]","[0.000,0.000,0.000,1.000]","[0.803,0.686,0.390]","[0.124,0.415,0.117]",[],[]
23,R22_Helicopter_V2/Graphics_Group/R22_Cockpit_Gruop/R22_Cockpit_RLever01_Geo,"[0.958,0.344,0.660]","[0.000,0.000,0.000]","[0.000,0.000,0.000,1.000]","[0.985,0.381,0.685]","[0.108,0.093,0.072]",[],[]
23,R22_Helicopter_V2/Graphics_Group/R22_Body_Gruop/R22_Body_RDoor_Geo/R22_Cockpit_RDoor_Geo,"[1.339,0.744,0.107]","[0.000,0.000,0.000]","[0.000,0.000,0.000,1.000]","[1.339,0.744,0.107]","[0.129,0.397,0.556]",[],[]
23,R22_Helicopter_V2,"[0.810,0.017,0.000]","[0.000,0.000,0.000]","[0.000,0.000,0.000,1.000]",[],[],[],[]
23,R22_Helicopter_V2/Graphics_Group/R22_Cockpit_Gruop/R22_Cockpit_RLever02_Geo,"[1.077,0.345,0.658]","[0.000,0.000,0.000]","[0.000,0.000,0.000,1.000]","[1.104,0.388,0.647]","[0.108,0.108,0.041]",[],[]
23,R22_Helicopter_V2/Graphics_Group/R22_Cockpit_Gruop/R22_Cockpit_Needle04_Geo,"[0.746,0.651,0.722]","[0.000,0.000,0.000]","[0.000,0.000,0.000,1.000]","[0.746,0.652,0.732]","[0.002,0.002,0.015]",[],[]
23,R22_Helicopter_V2/Graphics_Group/R22_Cockpit_Gruop/R22_Cockpit_Needle03_Geo,"[0.708,0.723,0.769]","[0.000,0.000,0.000]","[0.000,0.000,0.000,1.000]","[0.708,0.738,0.771]","[0.004,0.024,0.004]",[],[]
23,R22_Helicopter_V2/Graphics_Group/R22_Cockpit_Gruop/R22_Cockpit_PannelButtons_Geo,"[0.806,0.713,0.643]","[0.000,0.000,0.000]","[0.000,0.000,0.000,1.000]","[0.806,0.713,0.643]","[0.179,0.378,0.313]",[],[]
23,R22_Helicopter_V2/Graphics_Group/R22_Cockpit_Gruop/R22_Cockpit_Needle05_Geo,"[0.746,0.645,0.655]","[0.000,0.000,0.000]","[0.000,0.000,0.000,1.000]","[0.746,0.645,0.665]","[0.002,0.002,0.015]",[],[]
23,R22_Helicopter_V2/Rotors_Group/Main Rotor - Mast/R22_Mechanical_RBlade_Geo,"[0.755,2.289,-0.408]","[325.000,114.822,0.000]","[0.162,-0.804,-0.253,-0.514]","[0.363,2.319,-1.327]","[1.207,0.395,2.006]",[],[]
23,R22_Helicopter_V2/Graphics_Group/R22_Mechanical_Group/R22_Mechanical_Motor_Geo,"[0.803,0.009,0.244]","[0.000,0.000,0.000]","[0.000,0.000,0.000,1.000]","[0.803,0.616,0.027]","[1.550,1.206,2.056]",[],[]
23,R22_Helicopter_V2/Rotors_Group/Back Rotor - Mast/R22_Mechanical_TailMast_Geo,"[0.743,1.189,-2.237]","[18.021,0.000,0.000]","[0.157,0.000,0.000,0.988]","[0.644,1.190,-2.236]","[0.240,0.106,0.094]",[],[]
23,R22_Helicopter_V2/Rotors_Group/Back Rotor - Mast/R22_Mechanical_RTailBlade_Geo,"[0.542,1.210,-2.229]","[18.021,0.000,0.000]","[0.157,0.000,0.000,0.988]","[0.542,1.326,-2.210]","[0.012,0.273,0.152]",[],[]
23,R22_Helicopter_V2/Rotors_Group/Main Rotor - Mast/R22_Mechanical_LBlade_Geo,"[0.864,2.289,-0.184]","[35.000,114.822,0.000]","[-0.162,-0.804,0.253,-0.514]","[1.254,2.317,0.735]","[1.205,0.391,2.006]",[],[]
23,R22_Helicopter_V2/Graphics_Group/R22_Mechanical_Group,"[0.810,1.202,-0.618]","[0.000,0.000,0.000]","[0.000,0.000,0.000,1.000]",[],[],[],[]
23,R22_Helicopter_V2/Rotors_Group/Main Rotor - Mast/R22_Mechanical_Mast_Geo,"[0.809,2.151,-0.297]","[0.000,114.822,0.000]","[0.000,-0.843,0.000,-0.539]","[0.809,2.151,-0.297]","[0.370,0.481,0.436]",[],[]
23,R22_Helicopter_V2/Rotors_Group/Back Rotor - Mast/R22_Mechanical_LTailBlade_Geo,"[0.542,1.161,-2.245]","[18.021,0.000,0.000]","[0.157,0.000,0.000,0.988]","[0.542,1.052,-2.263]","[0.012,0.273,0.152]",[],[]
23,R22_Helicopter_V2/Graphics_Group/R_22_Blendshapes,"[0.810,0.017,0.000]","[0.000,0.000,0.000]","[0.000,0.000,0.000,1.000]",[],[],[],[]
23,R22_Helicopter_V2/Collider Group/Tail_COL,"[0.810,1.131,-1.535]","[3.681,0.000,0.000]","[0.032,0.000,0.000,0.999]",[],[],"[0.810,1.131,-1.535]","[0.300,0.390,1.697]"
23,R22_Helicopter_V2/Rotors_Group/Back Rotor - Mast/Tail Rotor - Double-side blur quad,"[0.537,1.189,-2.237]","[0.000,270.000,341.979]","[0.111,-0.698,-0.111,0.698]","[0.537,1.189,-2.237]","[0.000,0.756,0.756]",[],[]
23,R22_Helicopter_V2/Collider Group/L_Skid_COL,"[0.068,0.050,0.000]","[0.000,0.000,0.000]","[0.000,0.000,0.000,1.000]",[],[],"[0.068,0.050,0.190]","[0.100,0.100,1.742]"
23,R22_Helicopter_V2/Collider Group/Fuselage_COL,"[0.810,0.802,0.000]","[0.000,0.000,0.000]","[0.000,0.000,0.000,1.000]",[],[],"[0.810,0.802,0.000]","[1.380,1.380,2.200]"
23,R22_Helicopter_V2/Engines/Main Engine,"[0.810,0.017,0.000]","[0.000,0.000,0.000]","[0.000,0.000,0.000,1.000]",[],[],[],[]
23,R22_Helicopter_V2/Collider Group/Mast_COL,"[0.810,1.747,-0.290]","[353.243,0.000,0.000]","[-0.059,0.000,0.000,0.998]",[],[],"[0.810,1.747,-0.290]","[0.700,0.928,0.727]"
23,R22_Helicopter_V2/Camera LookAt Target,"[0.810,1.597,0.000]","[0.000,0.000,0.000]","[0.000,0.000,0.000,1.000]",[],[],[],[]
23,R22_Helicopter_V2/Rotors_Group/Main Rotor - Mast/Main Rotor -  Blur Quad,"[0.809,2.280,-0.297]","[90.000,114.822,0.000]","[-0.381,-0.596,0.596,-0.381]","[0.809,2.280,-0.297]","[5.708,0.000,5.708]",[],[]
23,R22_Helicopter_V2/Rotors_Group,"[0.810,0.017,0.000]","[0.000,0.000,0.000]","[0.000,0.000,0.000,1.000]",[],[],[],[]
23,R22_Helicopter_V2/Rotors_Group/Main Rotor - Mast/Main Rotor -  Double-side blur quad,"[0.809,2.280,-0.297]","[270.000,114.822,0.000]","[0.381,-0.596,-0.596,-0.381]","[0.809,2.280,-0.297]","[5.708,0.000,5.708]",[],[]
23,R22_Helicopter_V2/Rotors_Group/Back Rotor - Mast/Tail Rotor - Blur quad,"[0.537,1.189,-2.237]","[0.000,90.000,18.021]","[0.111,0.698,0.111,0.698]","[0.537,1.189,-2.237]","[0.000,0.756,0.756]",[],[]
23,R22_Helicopter_V2/Engines,"[0.810,0.017,0.000]","[0.000,0.000,0.000]","[0.000,0.000,0.000,1.000]",[],[],[],[]
23,R22_Helicopter_V2/Collider Group/R_Skid_COL,"[1.541,0.050,0.000]","[0.000,0.000,0.000]","[0.000,0.000,0.000,1.000]",[],[],"[1.541,0.050,0.190]","[0.100,0.100,1.742]"
24,Directional Light,"[0.000,3.000,0.000]","[50.000,330.000,0.000]","[0.408,-0.235,0.109,0.875]",[],[],[],[]
24,Canvas/Panel/Row - INFO,"[275.667,933.267,0.000]","[0.000,0.000,0.000]","[0.000,0.000,0.000,1.000]",[],[],[],[]
24,Canvas/Panel/Row - Pedal/Text (TMP) - Title,"[148.563,1073.333,0.000]","[0.000,0.000,0.000]","[0.000,0.000,0.000,1.000]",[],[],[],[]
24,Level_Manager/FX_GRP,"[0.000,0.000,0.000]","[0.000,0.000,0.000]","[0.000,0.000,0.000,1.000]",[],[],[],[]
24,Canvas/Panel/Row - Sticky Throttle,"[275.667,1340.000,0.000]","[0.000,0.000,0.000]","[0.000,0.000,0.000,1.000]",[],[],[],[]
24,Canvas/Panel/Row - Pedal/Text (TMP) - Content,"[424.230,1073.333,0.000]","[0.000,0.000,0.000]","[0.000,0.000,0.000,1.000]",[],[],[],[]
24,Level_Manager/Audio_GRP,"[0.000,0.000,0.000]","[0.000,0.000,0.000]","[0.000,0.000,0.000,1.000]",[],[],[],[]
24,Canvas/Panel/Row - Raw Throttle,"[275.667,1406.667,0.000]","[0.000,0.000,0.000]","[0.000,0.000,0.000,1.000]",[],[],[],[]
24,Canvas/Panel/Row - Raw Throttle/Text (TMP) - Content,"[424.230,1406.667,0.000]","[0.000,0.000,0.000]","[0.000,0.000,0.000,1.000]",[],[],[],[]
24,Level_Manager/PostProcessing,"[0.000,0.000,0.000]","[0.000,0.000,0.000]","[0.000,0.000,0.000,1.000]",[],[],[],[]
24,Level_Manager/Lighting_GRP,"[0.000,0.000,0.000]","[0.000,0.000,0.000]","[0.000,0.000,0.000,1.000]",[],[],[],[]
24,Canvas/Panel/Row - Sticky Throttle/Text (TMP) - Title,"[148.563,1340.000,0.000]","[0.000,0.000,0.000]","[0.000,0.000,0.000,1.000]",[],[],[],[]
24,R22_Helicopter_V2/Graphics_Group,"[0.810,0.017,0.000]","[0.000,0.000,0.000]","[0.000,0.000,0.000,1.000]",[],[],[],[]
24,R22_Helicopter_V2/Audio Group,"[0.810,0.017,0.000]","[0.000,0.000,0.000]","[0.000,0.000,0.000,1.000]",[],[],[],[]
24,Canvas/Panel/Row - INFO/Text (TMP) - Content,"[275.667,899.933,0.000]","[0.000,0.000,0.000]","[0.000,0.000,0.000,1.000]",[],[],[],[]
24,Level_Manager/Geo_GRP,"[0.000,0.000,0.000]","[0.000,0.000,0.000]","[0.000,0.000,0.000,1.000]",[],[],[],[]
24,Canvas,"[1720.000,720.000,0.000]","[0.000,0.000,0.000]","[0.000,0.000,0.000,1.000]",[],[],[],[]
24,Level_Manager,"[0.000,0.000,0.000]","[0.000,0.000,0.000]","[0.000,0.000,0.000,1.000]",[],[],[],[]
24,Canvas/Panel/Row - Cyclic/Text (TMP) - Content,"[424.230,1140.000,0.000]","[0.000,0.000,0.000]","[0.000,0.000,0.000,1.000]",[],[],[],[]
24,Canvas/Panel/Row - Cyclic,"[275.667,1140.000,0.000]","[0.000,0.000,0.000]","[0.000,0.000,0.000,1.000]",[],[],[],[]
24,Canvas/Panel/Row - Collective/Text (TMP) - Content,"[424.230,1273.333,0.000]","[0.000,0.000,0.000]","[0.000,0.000,0.000,1.000]",[],[],[],[]
24,HeliPad_001,"[1.550,0.000,-0.670]","[0.000,0.000,0.000]","[0.000,0.000,0.000,1.000]","[1.555,-0.012,-0.659]","[14.268,0.216,14.105]",[],[]
24,Canvas/Panel/Row - Cyclic/Text (TMP) - Title,"[148.563,1140.000,0.000]","[0.000,0.000,0.000]","[0.000,0.000,0.000,1.000]",[],[],[],[]
24,Canvas/Panel/Row - Sticky Collective/Text (TMP) - Content,"[424.230,1206.667,0.000]","[0.000,0.000,0.000]","[0.000,0.000,0.000,1.000]",[],[],[],[]
24,Canvas/Panel/Row - Pedal,"[275.667,1073.333,0.000]","[0.000,0.000,0.000]","[0.000,0.000,0.000,1.000]",[],[],[],[]
24,Main Camera,"[0.810,5.017,-8.000]","[23.147,0.000,0.000]","[0.201,0.000,0.000,0.980]",[],[],[],[]
24,Canvas/Panel/Row - Sticky Collective,"[275.667,1206.667,0.000]","[0.000,0.000,0.000]","[0.000,0.000,0.000,1.000]",[],[],[],[]
24,Canvas/Panel/Row - Sticky Collective/Text (TMP) - Title,"[148.563,1206.667,0.000]","[0.000,0.000,0.000]","[0.000,0.000,0.000,1.000]",[],[],[],[]
24,Plane,"[0.000,0.000,0.000]","[0.000,0.000,0.000]","[0.000,0.000,0.000,1.000]","[0.000,0.000,0.000]","[1000.000,0.000,1000.000]","[0.000,0.000,0.000]","[1000.000,0.000,1000.000]"
24,EventSystem,"[0.000,0.000,0.000]","[0.000,0.000,0.000]","[0.000,0.000,0.000,1.000]",[],[],[],[]
24,R22_Helicopter_V2/COG,"[0.810,0.795,-0.185]","[0.000,0.000,0.000]","[0.000,0.000,0.000,1.000]",[],[],[],[]
24,Canvas/Panel/Row - Raw Throttle/Text (TMP) - Title,"[148.563,1406.667,0.000]","[0.000,0.000,0.000]","[0.000,0.000,0.000,1.000]",[],[],[],[]
24,Canvas/Panel/Row - Sticky Throttle/Text (TMP) - Content,"[424.230,1340.000,0.000]","[0.000,0.000,0.000]","[0.000,0.000,0.000,1.000]",[],[],[],[]
24,R22_Helicopter_V2/Collider Group,"[0.810,0.017,0.000]","[0.000,0.000,0.000]","[0.000,0.000,0.000,1.000]",[],[],[],[]
24,Canvas/Panel/Row - INFO/Text (TMP) - Title,"[275.667,1006.667,0.000]","[0.000,0.000,0.000]","[0.000,0.000,0.000,1.000]",[],[],[],[]
24,Canvas/Panel,"[0.000,1440.000,0.000]","[0.000,0.000,0.000]","[0.000,0.000,0.000,1.000]",[],[],[],[]
24,Canvas/Panel/Row - Collective/Text (TMP) - Title,"[148.563,1273.333,0.000]","[0.000,0.000,0.000]","[0.000,0.000,0.000,1.000]",[],[],[],[]
24,Canvas/Panel/Row - Collective,"[275.667,1273.333,0.000]","[0.000,0.000,0.000]","[0.000,0.000,0.000,1.000]",[],[],[],[]
24,R22_Helicopter_V2/Rotors_Group/Back Rotor - Mast,"[0.743,1.189,-2.237]","[66.572,180.000,180.000]","[0.836,0.000,0.000,0.549]",[],[],[],[]
24,R22_Helicopter_V2/Rotors_Group/Main Rotor - Mast,"[0.809,2.151,-0.297]","[0.000,314.822,0.000]","[0.000,0.384,0.000,-0.923]",[],[],[],[]
24,R22_Helicopter_V2/Graphics_Group/R22_Body_Gruop/R22_Body_RDoor_Geo/R22_Body_RDoorGlass_Geo,"[0.810,0.017,0.000]","[0.000,0.000,0.000]","[0.000,0.000,0.000,1.000]","[1.320,1.125,0.002]","[0.171,0.436,0.554]",[],[]
24,R22_Helicopter_V2/Graphics_Group/R22_Body_Gruop/R22_Body_RDoor_Geo,"[1.413,0.923,0.312]","[0.000,0.000,0.000]","[0.000,0.000,0.000,1.000]","[1.306,0.950,0.055]","[0.220,0.856,0.731]",[],[]
24,R22_Helicopter_V2/Graphics_Group/R22_Cockpit_Gruop/R22_Cockpit_Chairs_Geo,"[0.803,0.314,0.336]","[0.000,0.000,0.000]","[0.000,0.000,0.000,1.000]","[0.803,0.761,0.336]","[0.991,0.905,1.188]",[],[]
24,R22_Helicopter_V2/Graphics_Group/R22_Body_Gruop/R22_Body_Windshield_Geo,"[0.810,0.017,0.000]","[0.000,0.000,0.000]","[0.000,0.000,0.000,1.000]","[0.803,1.040,0.572]","[1.223,0.926,0.842]",[],[]
24,R22_Helicopter_V2/Graphics_Group/R22_Body_Gruop,"[0.803,1.103,-0.693]","[0.000,0.000,0.000]","[0.000,0.000,0.000,1.000]",[],[],[],[]
24,R22_Helicopter_V2/Graphics_Group/R22_Body_Gruop/R22_Body_Geo,"[0.810,0.017,0.000]","[0.000,0.000,0.000]","[0.000,0.000,0.000,1.000]","[0.803,1.103,-0.693]","[1.239,1.769,3.377]",[],[]
24,R22_Helicopter_V2/Graphics_Group/R22_Body_Gruop/R22_Body_LDoor_Geo/R22_Body_LDoorGlass_Geo,"[0.810,0.017,0.000]","[0.000,0.000,0.000]","[0.000,0.000,0.000,1.000]","[0.286,1.125,0.002]","[0.171,0.436,0.554]",[],[]
24,R22_Helicopter_V2/Graphics_Group/R22_Body_Gruop/R22_Body_LDoor_Geo,"[0.180,0.939,0.306]","[0.000,0.000,0.000]","[0.000,0.000,0.000,1.000]","[0.301,0.950,0.055]","[0.220,0.856,0.731]",[],[]
24,R22_Helicopter_V2/Graphics_Group/R22_Cockpit_Gruop/R22_Cockpit_LLever02_Geo,"[0.529,0.345,0.659]","[0.000,0.000,0.000]","[0.000,0.000,0.000,1.000]","[0.502,0.388,0.647]","[0.108,0.108,0.042]",[],[]
24,R22_Helicopter_V2/Graphics_Group/R22_Cockpit_Gruop/R22_Cockpit_LLever01_Geo,"[0.647,0.345,0.659]","[0.000,0.000,0.000]","[0.000,0.000,0.000,1.000]","[0.621,0.381,0.685]","[0.108,0.094,0.072]",[],[]
24,R22_Helicopter_V2/Graphics_Group/R22_Cockpit_Gruop/R22_Cockpit_Needle02_Geo,"[0.948,0.816,0.782]","[0.000,0.000,0.000]","[0.000,0.000,0.000,1.000]","[0.948,0.831,0.784]","[0.004,0.024,0.004]",[],[]
24,R22_Helicopter_V2/Graphics_Group/R22_Cockpit_Gruop/R22_Cockpit_Needle01_Geo,"[0.661,0.816,0.782]","[0.000,0.000,0.000]","[0.000,0.000,0.000,1.000]","[0.661,0.831,0.784]","[0.004,0.024,0.004]",[],[]
24,R22_Helicopter_V2/Graphics_Group/R22_Cockpit_Gruop/R22_Cockpit_Handle01_Geo,"[0.803,0.890,0.382]","[0.000,0.000,0.000]","[0.000,0.000,0.000,1.000]","[0.803,0.945,0.382]","[0.672,0.176,0.118]",[],[]
24,R22_Helicopter_V2/Graphics_Group/R22_Cockpit_Gruop,"[0.803,0.761,0.336]","[0.000,0.000,0.000]","[0.000,0.000,0.000,1.000]",[],[],[],[]
24,R22_Helicopter_V2/Graphics_Group/R22_Body_Gruop/R22_Body_LDoor_Geo/R22_Cockpit_LDoor_Geo,"[0.268,0.743,0.107]","[0.000,0.000,0.000]","[0.000,0.000,0.000,1.000]","[0.268,0.743,0.107]","[0.129,0.397,0.556]",[],[]
24,R22_Helicopter_V2/Graphics_Group/R22_Cockpit_Gruop/R22_Cockpit_Hanlde02_Geo,"[0.803,0.477,0.390]","[0.000,0.000,0.000]","[0.000,0.000,0.000,1.000]","[0.803,0.686,0.390]","[0.124,0.415,0.117]",[],[]
24,R22_Helicopter_V2/Graphics_Group/R22_Cockpit_Gruop/R22_Cockpit_RLever01_Geo,"[0.958,0.344,0.660]","[0.000,0.000,0.000]","[0.000,0.000,0.000,1.000]","[0.985,0.381,0.685]","[0.108,0.093,0.072]",[],[]
24,R22_Helicopter_V2/Graphics_Group/R22_Body_Gruop/R22_Body_RDoor_Geo/R22_Cockpit_RDoor_Geo,"[1.339,0.744,0.107]","[0.000,0.000,0.000]","[0.000,0.000,0.000,1.000]","[1.339,0.744,0.107]","[0.129,0.397,0.556]",[],[]
24,R22_Helicopter_V2,"[0.810,0.017,0.000]","[0.000,0.000,0.000]","[0.000,0.000,0.000,1.000]",[],[],[],[]
24,R22_Helicopter_V2/Graphics_Group/R22_Cockpit_Gruop/R22_Cockpit_RLever02_Geo,"[1.077,0.345,0.658]","[0.000,0.000,0.000]","[0.000,0.000,0.000,1.000]","[1.104,0.388,0.647]","[0.108,0.108,0.041]",[],[]
24,R22_Helicopter_V2/Graphics_Group/R22_Cockpit_Gruop/R22_Cockpit_Needle04_Geo,"[0.746,0.651,0.722]","[0.000,0.000,0.000]","[0.000,0.000,0.000,1.000]","[0.746,0.652,0.732]","[0.002,0.002,0.015]",[],[]
24,R22_Helicopter_V2/Graphics_Group/R22_Cockpit_Gruop/R22_Cockpit_Needle03_Geo,"[0.708,0.723,0.769]","[0.000,0.000,0.000]","[0.000,0.000,0.000,1.000]","[0.708,0.738,0.771]","[0.004,0.024,0.004]",[],[]
24,R22_Helicopter_V2/Graphics_Group/R22_Cockpit_Gruop/R22_Cockpit_PannelButtons_Geo,"[0.806,0.713,0.643]","[0.000,0.000,0.000]","[0.000,0.000,0.000,1.000]","[0.806,0.713,0.643]","[0.179,0.378,0.313]",[],[]
24,R22_Helicopter_V2/Graphics_Group/R22_Cockpit_Gruop/R22_Cockpit_Needle05_Geo,"[0.746,0.645,0.655]","[0.000,0.000,0.000]","[0.000,0.000,0.000,1.000]","[0.746,0.645,0.665]","[0.002,0.002,0.015]",[],[]
24,R22_Helicopter_V2/Rotors_Group/Main Rotor - Mast/R22_Mechanical_RBlade_Geo,"[0.899,2.289,-0.210]","[325.000,314.822,0.000]","[0.278,0.366,0.116,-0.881]","[1.581,2.319,0.519]","[1.708,0.395,1.715]",[],[]
24,R22_Helicopter_V2/Graphics_Group/R22_Mechanical_Group/R22_Mechanical_Motor_Geo,"[0.803,0.009,0.244]","[0.000,0.000,0.000]","[0.000,0.000,0.000,1.000]","[0.803,0.616,0.027]","[1.550,1.206,2.056]",[],[]
24,R22_Helicopter_V2/Rotors_Group/Back Rotor - Mast/R22_Mechanical_TailMast_Geo,"[0.743,1.189,-2.237]","[66.572,180.000,180.000]","[0.836,0.000,0.000,0.549]","[0.644,1.189,-2.236]","[0.240,0.099,0.109]",[],[]
24,R22_Helicopter_V2/Rotors_Group/Back Rotor - Mast/R22_Mechanical_RTailBlade_Geo,"[0.542,1.179,-2.217]","[66.572,180.000,180.000]","[0.836,0.000,0.000,0.549]","[0.542,1.150,-2.103]","[0.012,0.173,0.271]",[],[]
24,R22_Helicopter_V2/Rotors_Group/Main Rotor - Mast/R22_Mechanical_LBlade_Geo,"[0.719,2.289,-0.383]","[35.000,314.822,0.000]","[-0.278,0.366,-0.116,-0.881]","[0.038,2.317,-1.113]","[1.707,0.391,1.714]",[],[]
24,R22_Helicopter_V2/Graphics_Group/R22_Mechanical_Group,"[0.810,1.202,-0.618]","[0.000,0.000,0.000]","[0.000,0.000,0.000,1.000]",[],[],[],[]
24,R22_Helicopter_V2/Rotors_Group/Main Rotor - Mast/R22_Mechanical_Mast_Geo,"[0.809,2.151,-0.297]","[0.000,314.822,0.000]","[0.000,0.384,0.000,-0.923]","[0.809,2.151,-0.297]","[0.429,0.481,0.430]",[],[]
24,R22_Helicopter_V2/Rotors_Group/Back Rotor - Mast/R22_Mechanical_LTailBlade_Geo,"[0.542,1.200,-2.264]","[66.572,180.000,180.000]","[0.836,0.000,0.000,0.549]","[0.542,1.228,-2.370]","[0.012,0.173,0.271]",[],[]
24,R22_Helicopter_V2/Graphics_Group/R_22_Blendshapes,"[0.810,0.017,0.000]","[0.000,0.000,0.000]","[0.000,0.000,0.000,1.000]",[],[],[],[]
24,R22_Helicopter_V2/Collider Group/Tail_COL,"[0.810,1.131,-1.535]","[3.681,0.000,0.000]","[0.032,0.000,0.000,0.999]",[],[],"[0.810,1.131,-1.535]","[0.300,0.390,1.697]"
24,R22_Helicopter_V2/Rotors_Group/Back Rotor - Mast/Tail Rotor - Double-side blur quad,"[0.537,1.189,-2.237]","[0.000,270.000,246.572]","[0.591,-0.388,-0.591,0.388]","[0.537,1.189,-2.237]","[0.000,0.789,0.789]",[],[]
24,R22_Helicopter_V2/Collider Group/L_Skid_COL,"[0.068,0.050,0.000]","[0.000,0.000,0.000]","[0.000,0.000,0.000,1.000]",[],[],"[0.068,0.050,0.190]","[0.100,0.100,1.742]"
24,R22_Helicopter_V2/Collider Group/Fuselage_COL,"[0.810,0.802,0.000]","[0.000,0.000,0.000]","[0.000,0.000,0.000,1.000]",[],[],"[0.810,0.802,0.000]","[1.380,1.380,2.200]"
24,R22_Helicopter_V2/Engines/Main Engine,"[0.810,0.017,0.000]","[0.000,0.000,0.000]","[0.000,0.000,0.000,1.000]",[],[],[],[]
24,R22_Helicopter_V2/Collider Group/Mast_COL,"[0.810,1.747,-0.290]","[353.243,0.000,0.000]","[-0.059,0.000,0.000,0.998]",[],[],"[0.810,1.747,-0.290]","[0.700,0.928,0.727]"
24,R22_Helicopter_V2/Camera LookAt Target,"[0.810,1.597,0.000]","[0.000,0.000,0.000]","[0.000,0.000,0.000,1.000]",[],[],[],[]
24,R22_Helicopter_V2/Rotors_Group/Main Rotor - Mast/Main Rotor -  Blur Quad,"[0.809,2.280,-0.297]","[90.000,314.822,0.000]","[-0.653,0.272,-0.272,-0.653]","[0.809,2.280,-0.297]","[6.081,0.000,6.081]",[],[]
24,R22_Helicopter_V2/Rotors_Group,"[0.810,0.017,0.000]","[0.000,0.000,0.000]","[0.000,0.000,0.000,1.000]",[],[],[],[]
24,R22_Helicopter_V2/Rotors_Group/Main Rotor - Mast/Main Rotor -  Double-side blur quad,"[0.809,2.280,-0.297]","[270.000,314.822,0.000]","[0.653,0.272,0.272,-0.653]","[0.809,2.280,-0.297]","[6.081,0.000,6.081]",[],[]
24,R22_Helicopter_V2/Rotors_Group/Back Rotor - Mast/Tail Rotor - Blur quad,"[0.537,1.189,-2.237]","[0.000,90.000,113.428]","[0.591,0.388,0.591,0.388]","[0.537,1.189,-2.237]","[0.000,0.789,0.789]",[],[]
24,R22_Helicopter_V2/Engines,"[0.810,0.017,0.000]","[0.000,0.000,0.000]","[0.000,0.000,0.000,1.000]",[],[],[],[]
24,R22_Helicopter_V2/Collider Group/R_Skid_COL,"[1.541,0.050,0.000]","[0.000,0.000,0.000]","[0.000,0.000,0.000,1.000]",[],[],"[1.541,0.050,0.190]","[0.100,0.100,1.742]"
25,Directional Light,"[0.000,3.000,0.000]","[50.000,330.000,0.000]","[0.408,-0.235,0.109,0.875]",[],[],[],[]
25,Canvas/Panel/Row - INFO,"[275.667,933.267,0.000]","[0.000,0.000,0.000]","[0.000,0.000,0.000,1.000]",[],[],[],[]
25,Canvas/Panel/Row - Pedal/Text (TMP) - Title,"[148.563,1073.333,0.000]","[0.000,0.000,0.000]","[0.000,0.000,0.000,1.000]",[],[],[],[]
25,Level_Manager/FX_GRP,"[0.000,0.000,0.000]","[0.000,0.000,0.000]","[0.000,0.000,0.000,1.000]",[],[],[],[]
25,Canvas/Panel/Row - Sticky Throttle,"[275.667,1340.000,0.000]","[0.000,0.000,0.000]","[0.000,0.000,0.000,1.000]",[],[],[],[]
25,Canvas/Panel/Row - Pedal/Text (TMP) - Content,"[424.230,1073.333,0.000]","[0.000,0.000,0.000]","[0.000,0.000,0.000,1.000]",[],[],[],[]
25,Level_Manager/Audio_GRP,"[0.000,0.000,0.000]","[0.000,0.000,0.000]","[0.000,0.000,0.000,1.000]",[],[],[],[]
25,Canvas/Panel/Row - Raw Throttle,"[275.667,1406.667,0.000]","[0.000,0.000,0.000]","[0.000,0.000,0.000,1.000]",[],[],[],[]
25,Canvas/Panel/Row - Raw Throttle/Text (TMP) - Content,"[424.230,1406.667,0.000]","[0.000,0.000,0.000]","[0.000,0.000,0.000,1.000]",[],[],[],[]
25,Level_Manager/PostProcessing,"[0.000,0.000,0.000]","[0.000,0.000,0.000]","[0.000,0.000,0.000,1.000]",[],[],[],[]
25,Level_Manager/Lighting_GRP,"[0.000,0.000,0.000]","[0.000,0.000,0.000]","[0.000,0.000,0.000,1.000]",[],[],[],[]
25,Canvas/Panel/Row - Sticky Throttle/Text (TMP) - Title,"[148.563,1340.000,0.000]","[0.000,0.000,0.000]","[0.000,0.000,0.000,1.000]",[],[],[],[]
25,R22_Helicopter_V2/Graphics_Group,"[0.786,0.231,-0.037]","[10.351,8.012,359.737]","[0.090,0.070,-0.009,0.993]",[],[],[],[]
25,R22_Helicopter_V2/Audio Group,"[0.786,0.231,-0.037]","[10.351,8.012,359.737]","[0.090,0.070,-0.009,0.993]",[],[],[],[]
25,Canvas/Panel/Row - INFO/Text (TMP) - Content,"[275.667,899.933,0.000]","[0.000,0.000,0.000]","[0.000,0.000,0.000,1.000]",[],[],[],[]
25,Level_Manager/Geo_GRP,"[0.000,0.000,0.000]","[0.000,0.000,0.000]","[0.000,0.000,0.000,1.000]",[],[],[],[]
25,Canvas,"[1720.000,720.000,0.000]","[0.000,0.000,0.000]","[0.000,0.000,0.000,1.000]",[],[],[],[]
25,Level_Manager,"[0.000,0.000,0.000]","[0.000,0.000,0.000]","[0.000,0.000,0.000,1.000]",[],[],[],[]
25,Canvas/Panel/Row - Cyclic/Text (TMP) - Content,"[424.230,1140.000,0.000]","[0.000,0.000,0.000]","[0.000,0.000,0.000,1.000]",[],[],[],[]
25,Canvas/Panel/Row - Cyclic,"[275.667,1140.000,0.000]","[0.000,0.000,0.000]","[0.000,0.000,0.000,1.000]",[],[],[],[]
25,Canvas/Panel/Row - Collective/Text (TMP) - Content,"[424.230,1273.333,0.000]","[0.000,0.000,0.000]","[0.000,0.000,0.000,1.000]",[],[],[],[]
25,HeliPad_001,"[1.550,0.000,-0.670]","[0.000,0.000,0.000]","[0.000,0.000,0.000,1.000]","[1.555,-0.012,-0.659]","[14.268,0.216,14.105]",[],[]
25,Canvas/Panel/Row - Cyclic/Text (TMP) - Title,"[148.563,1140.000,0.000]","[0.000,0.000,0.000]","[0.000,0.000,0.000,1.000]",[],[],[],[]
25,Canvas/Panel/Row - Sticky Collective/Text (TMP) - Content,"[424.230,1206.667,0.000]","[0.000,0.000,0.000]","[0.000,0.000,0.000,1.000]",[],[],[],[]
25,Canvas/Panel/Row - Pedal,"[275.667,1073.333,0.000]","[0.000,0.000,0.000]","[0.000,0.000,0.000,1.000]",[],[],[],[]
25,Main Camera,"[0.515,5.085,-8.005]","[21.917,2.186,0.000]","[0.190,0.019,-0.004,0.982]",[],[],[],[]
25,Canvas/Panel/Row - Sticky Collective,"[275.667,1206.667,0.000]","[0.000,0.000,0.000]","[0.000,0.000,0.000,1.000]",[],[],[],[]
25,Canvas/Panel/Row - Sticky Collective/Text (TMP) - Title,"[148.563,1206.667,0.000]","[0.000,0.000,0.000]","[0.000,0.000,0.000,1.000]",[],[],[],[]
25,Plane,"[0.000,0.000,0.000]","[0.000,0.000,0.000]","[0.000,0.000,0.000,1.000]","[0.000,0.000,0.000]","[1000.000,0.000,1000.000]","[0.000,0.000,0.000]","[1000.000,0.000,1000.000]"
25,EventSystem,"[0.000,0.000,0.000]","[0.000,0.000,0.000]","[0.000,0.000,0.000,1.000]",[],[],[],[]
25,R22_Helicopter_V2/COG,"[0.783,1.029,-0.079]","[10.351,8.012,359.737]","[0.090,0.070,-0.009,0.993]",[],[],[],[]
25,Canvas/Panel/Row - Raw Throttle/Text (TMP) - Title,"[148.563,1406.667,0.000]","[0.000,0.000,0.000]","[0.000,0.000,0.000,1.000]",[],[],[],[]
25,Canvas/Panel/Row - Sticky Throttle/Text (TMP) - Content,"[424.230,1340.000,0.000]","[0.000,0.000,0.000]","[0.000,0.000,0.000,1.000]",[],[],[],[]
25,R22_Helicopter_V2/Collider Group,"[0.786,0.231,-0.037]","[10.351,8.012,359.737]","[0.090,0.070,-0.009,0.993]",[],[],[],[]
25,Canvas/Panel/Row - INFO/Text (TMP) - Title,"[275.667,1006.667,0.000]","[0.000,0.000,0.000]","[0.000,0.000,0.000,1.000]",[],[],[],[]
25,Canvas/Panel,"[0.000,1440.000,0.000]","[0.000,0.000,0.000]","[0.000,0.000,0.000,1.000]",[],[],[],[]
25,Canvas/Panel/Row - Collective/Text (TMP) - Title,"[148.563,1273.333,0.000]","[0.000,0.000,0.000]","[0.000,0.000,0.000,1.000]",[],[],[],[]
25,Canvas/Panel/Row - Collective,"[275.667,1273.333,0.000]","[0.000,0.000,0.000]","[0.000,0.000,0.000,1.000]",[],[],[],[]
25,R22_Helicopter_V2/Rotors_Group/Back Rotor - Mast,"[0.447,1.786,-1.998]","[15.339,188.130,180.268]","[0.989,0.007,-0.070,0.133]",[],[],[],[]
25,R22_Helicopter_V2/Rotors_Group/Main Rotor - Mast,"[0.807,2.384,0.053]","[350.753,162.478,4.680]","[0.028,0.985,0.086,0.148]",[],[],[],[]
25,R22_Helicopter_V2/Graphics_Group/R22_Body_Gruop/R22_Body_RDoor_Geo/R22_Body_RDoorGlass_Geo,"[0.786,0.231,-0.037]","[10.351,8.012,359.737]","[0.090,0.070,-0.009,0.993]","[1.324,1.318,0.090]","[0.258,0.529,0.641]",[],[]
25,R22_Helicopter_V2/Graphics_Group/R22_Body_Gruop/R22_Body_RDoor_Geo,"[1.452,1.063,0.343]","[10.351,8.012,359.737]","[0.090,0.070,-0.009,0.993]","[1.312,1.137,0.113]","[0.343,0.974,0.894]",[],[]
25,R22_Helicopter_V2/Graphics_Group/R22_Cockpit_Gruop/R22_Cockpit_Chairs_Geo,"[0.834,0.462,0.344]","[10.351,8.012,359.737]","[0.090,0.070,-0.009,0.993]","[0.847,0.903,0.424]","[1.171,1.108,1.457]",[],[]
25,R22_Helicopter_V2/Graphics_Group/R22_Body_Gruop/R22_Body_Windshield_Geo,"[0.786,0.231,-0.037]","[10.351,8.012,359.737]","[0.090,0.070,-0.009,0.993]","[0.888,1.135,0.703]","[1.353,1.068,1.156]",[],[]
25,R22_Helicopter_V2/Graphics_Group/R22_Body_Gruop,"[0.716,1.423,-0.518]","[10.351,8.012,359.737]","[0.090,0.070,-0.009,0.993]",[],[],[],[]
25,R22_Helicopter_V2/Graphics_Group/R22_Body_Gruop/R22_Body_Geo,"[0.786,0.231,-0.037]","[10.351,8.012,359.737]","[0.090,0.070,-0.009,0.993]","[0.716,1.423,-0.518]","[1.742,2.352,3.777]",[],[]
25,R22_Helicopter_V2/Graphics_Group/R22_Body_Gruop/R22_Body_LDoor_Geo/R22_Body_LDoorGlass_Geo,"[0.786,0.231,-0.037]","[10.351,8.012,359.737]","[0.090,0.070,-0.009,0.993]","[0.300,1.322,0.235]","[0.258,0.529,0.641]",[],[]
25,R22_Helicopter_V2/Graphics_Group/R22_Body_Gruop/R22_Body_LDoor_Geo,"[0.231,1.086,0.513]","[10.351,8.012,359.737]","[0.090,0.070,-0.009,0.993]","[0.317,1.142,0.254]","[0.343,0.974,0.894]",[],[]
25,R22_Helicopter_V2/Graphics_Group/R22_Cockpit_Gruop/R22_Cockpit_LLever02_Geo,"[0.607,0.436,0.703]","[10.351,8.012,359.737]","[0.090,0.070,-0.009,0.993]","[0.580,0.481,0.703]","[0.116,0.114,0.075]",[],[]
25,R22_Helicopter_V2/Graphics_Group/R22_Cockpit_Gruop/R22_Cockpit_LLever01_Geo,"[0.725,0.435,0.687]","[10.351,8.012,359.737]","[0.090,0.070,-0.009,0.993]","[0.703,0.466,0.722]","[0.120,0.106,0.102]",[],[]
25,R22_Helicopter_V2/Graphics_Group/R22_Cockpit_Gruop/R22_Cockpit_Needle02_Geo,"[1.053,0.876,0.847]","[10.351,8.012,359.737]","[0.090,0.070,-0.009,0.993]","[1.054,0.890,0.852]","[0.005,0.024,0.009]",[],[]
25,R22_Helicopter_V2/Graphics_Group/R22_Cockpit_Gruop/R22_Cockpit_Needle01_Geo,"[0.768,0.877,0.887]","[10.351,8.012,359.737]","[0.090,0.070,-0.009,0.993]","[0.770,0.892,0.893]","[0.005,0.024,0.009]",[],[]
25,R22_Helicopter_V2/Graphics_Group/R22_Cockpit_Gruop/R22_Cockpit_Handle01_Geo,"[0.857,1.021,0.491]","[10.351,8.012,359.737]","[0.090,0.070,-0.009,0.993]","[0.859,1.075,0.501]","[0.687,0.198,0.240]",[],[]
25,R22_Helicopter_V2/Graphics_Group/R22_Cockpit_Gruop,"[0.847,0.903,0.424]","[10.351,8.012,359.737]","[0.090,0.070,-0.009,0.993]",[],[],[],[]
25,R22_Helicopter_V2/Graphics_Group/R22_Body_Gruop/R22_Body_LDoor_Geo/R22_Cockpit_LDoor_Geo,"[0.285,0.929,0.273]","[10.351,8.012,359.737]","[0.090,0.070,-0.009,0.993]","[0.285,0.929,0.273]","[0.215,0.491,0.630]",[],[]
25,R22_Helicopter_V2/Graphics_Group/R22_Cockpit_Gruop/R22_Cockpit_Hanlde02_Geo,"[0.846,0.613,0.426]","[10.351,8.012,359.737]","[0.090,0.070,-0.009,0.993]","[0.852,0.819,0.463]","[0.151,0.430,0.205]",[],[]
25,R22_Helicopter_V2/Graphics_Group/R22_Cockpit_Gruop/R22_Cockpit_RLever01_Geo,"[1.033,0.433,0.643]","[10.351,8.012,359.737]","[0.090,0.070,-0.009,0.993]","[1.064,0.465,0.671]","[0.120,0.105,0.102]",[],[]
25,R22_Helicopter_V2/Graphics_Group/R22_Body_Gruop/R22_Body_RDoor_Geo/R22_Cockpit_RDoor_Geo,"[1.346,0.924,0.123]","[10.351,8.012,359.737]","[0.090,0.070,-0.009,0.993]","[1.346,0.924,0.123]","[0.215,0.491,0.630]",[],[]
25,R22_Helicopter_V2,"[0.786,0.231,-0.037]","[10.351,8.012,359.737]","[0.090,0.070,-0.009,0.993]",[],[],[],[]
25,R22_Helicopter_V2/Graphics_Group/R22_Cockpit_Gruop/R22_Cockpit_RLever02_Geo,"[1.150,0.434,0.625]","[10.351,8.012,359.737]","[0.090,0.070,-0.009,0.993]","[1.177,0.478,0.619]","[0.116,0.114,0.074]",[],[]
25,R22_Helicopter_V2/Graphics_Group/R22_Cockpit_Gruop/R22_Cockpit_Needle04_Geo,"[0.840,0.725,0.788]","[10.351,8.012,359.737]","[0.090,0.070,-0.009,0.993]","[0.842,0.724,0.798]","[0.004,0.005,0.015]",[],[]
25,R22_Helicopter_V2/Graphics_Group/R22_Cockpit_Gruop/R22_Cockpit_Needle03_Geo,"[0.811,0.788,0.852]","[10.351,8.012,359.737]","[0.090,0.070,-0.009,0.993]","[0.812,0.802,0.857]","[0.005,0.024,0.009]",[],[]
25,R22_Helicopter_V2/Graphics_Group/R22_Cockpit_Gruop/R22_Cockpit_PannelButtons_Geo,"[0.890,0.800,0.714]","[10.351,8.012,359.737]","[0.090,0.070,-0.009,0.993]","[0.890,0.800,0.714]","[0.231,0.429,0.397]",[],[]
25,R22_Helicopter_V2/Graphics_Group/R22_Cockpit_Gruop/R22_Cockpit_Needle05_Geo,"[0.831,0.731,0.721]","[10.351,8.012,359.737]","[0.090,0.070,-0.009,0.993]","[0.832,0.730,0.732]","[0.004,0.005,0.015]",[],[]
25,R22_Helicopter_V2/Rotors_Group/Main Rotor - Mast/R22_Mechanical_RBlade_Geo,"[0.692,2.529,0.044]","[315.904,158.743,6.438]","[-0.018,0.913,0.378,0.150]","[-0.251,2.643,-0.266]","[2.051,0.561,0.966]",[],[]
25,R22_Helicopter_V2/Graphics_Group/R22_Mechanical_Group/R22_Mechanical_Motor_Geo,"[0.812,0.180,0.201]","[10.351,8.012,359.737]","[0.090,0.070,-0.009,0.993]","[0.800,0.815,0.097]","[1.852,1.563,2.433]",[],[]
25,R22_Helicopter_V2/Rotors_Group/Back Rotor - Mast/R22_Mechanical_TailMast_Geo,"[0.447,1.786,-1.998]","[15.339,188.130,180.268]","[0.989,0.007,-0.070,0.133]","[0.349,1.785,-1.984]","[0.250,0.105,0.123]",[],[]
25,R22_Helicopter_V2/Rotors_Group/Back Rotor - Mast/R22_Mechanical_RTailBlade_Geo,"[0.249,1.765,-1.965]","[13.755,160.276,173.139]","[0.978,0.038,0.163,0.128]","[0.247,1.658,-1.918]","[0.045,0.273,0.141]",[],[]
25,R22_Helicopter_V2/Rotors_Group/Main Rotor - Mast/R22_Mechanical_LBlade_Geo,"[0.931,2.510,0.111]","[25.633,165.454,5.124]","[0.071,0.965,-0.214,0.133]","[1.875,2.452,0.432]","[2.056,0.538,0.936]",[],[]
25,R22_Helicopter_V2/Graphics_Group/R22_Mechanical_Group,"[0.736,1.508,-0.428]","[10.351,8.012,359.737]","[0.090,0.070,-0.009,0.993]",[],[],[],[]
25,R22_Helicopter_V2/Rotors_Group/Main Rotor - Mast/R22_Mechanical_Mast_Geo,"[0.807,2.384,0.053]","[350.753,162.478,4.680]","[0.028,0.985,0.086,0.148]","[0.807,2.384,0.053]","[0.439,0.541,0.414]",[],[]
25,R22_Helicopter_V2/Rotors_Group/Back Rotor - Mast/R22_Mechanical_LTailBlade_Geo,"[0.248,1.815,-1.978]","[13.755,160.276,173.139]","[0.978,0.038,0.163,0.128]","[0.249,1.916,-2.022]","[0.045,0.273,0.141]",[],[]
25,R22_Helicopter_V2/Graphics_Group/R_22_Blendshapes,"[0.786,0.231,-0.037]","[10.351,8.012,359.737]","[0.090,0.070,-0.009,0.993]",[],[],[],[]
25,R22_Helicopter_V2/Collider Group/Tail_COL,"[0.608,1.603,-1.334]","[14.032,7.994,359.734]","[0.122,0.069,-0.011,0.990]",[],[],"[0.608,1.603,-1.334]","[0.489,0.639,1.645]"
25,R22_Helicopter_V2/Rotors_Group/Back Rotor - Mast/Tail Rotor - Double-side blur quad,"[0.243,1.787,-1.969]","[359.742,278.059,195.339]","[0.650,-0.089,-0.748,0.099]","[0.243,1.787,-1.969]","[0.101,0.737,0.730]",[],[]
25,R22_Helicopter_V2/Collider Group/L_Skid_COL,"[0.052,0.267,0.073]","[10.351,8.012,359.737]","[0.090,0.070,-0.009,0.993]",[],[],"[0.078,0.233,0.258]","[0.325,0.395,1.700]"
25,R22_Helicopter_V2/Collider Group/Fuselage_COL,"[0.809,1.003,0.103]","[10.351,8.012,359.737]","[0.090,0.070,-0.009,0.993]",[],[],"[0.809,1.003,0.103]","[1.492,1.527,2.179]"
25,R22_Helicopter_V2/Engines/Main Engine,"[0.786,0.231,-0.037]","[10.351,8.012,359.737]","[0.090,0.070,-0.009,0.993]",[],[],[],[]
25,R22_Helicopter_V2/Collider Group/Mast_COL,"[0.797,1.985,-0.012]","[3.594,8.043,359.741]","[0.031,0.070,-0.004,0.997]",[],[],"[0.797,1.985,-0.012]","[0.703,0.930,0.714]"
25,R22_Helicopter_V2/Camera LookAt Target,"[0.832,1.785,0.244]","[10.351,8.012,359.737]","[0.090,0.070,-0.009,0.993]",[],[],[],[]
25,R22_Helicopter_V2/Rotors_Group/Main Rotor - Mast/Main Rotor -  Blur Quad,"[0.811,2.511,0.076]","[79.646,189.473,26.616]","[0.125,0.757,-0.636,0.085]","[0.811,2.511,0.076]","[5.382,1.037,5.284]",[],[]
25,R22_Helicopter_V2/Rotors_Group,"[0.786,0.231,-0.037]","[10.351,8.012,359.737]","[0.090,0.070,-0.009,0.993]",[],[],[],[]
25,R22_Helicopter_V2/Rotors_Group/Main Rotor - Mast/Main Rotor -  Double-side blur quad,"[0.811,2.511,0.076]","[280.354,9.473,153.384]","[-0.085,0.636,0.757,0.125]","[0.811,2.511,0.076]","[5.382,1.037,5.284]",[],[]
25,R22_Helicopter_V2/Rotors_Group/Back Rotor - Mast/Tail Rotor - Blur quad,"[0.243,1.787,-1.969]","[0.258,98.059,164.661]","[0.748,0.099,0.650,0.089]","[0.243,1.787,-1.969]","[0.101,0.737,0.730]",[],[]
25,R22_Helicopter_V2/Engines,"[0.786,0.231,-0.037]","[10.351,8.012,359.737]","[0.090,0.070,-0.009,0.993]",[],[],[],[]
25,R22_Helicopter_V2/Collider Group/R_Skid_COL,"[1.510,0.260,-0.133]","[10.351,8.012,359.737]","[0.090,0.070,-0.009,0.993]",[],[],"[1.536,0.226,0.052]","[0.325,0.395,1.700]"
26,Directional Light,"[0.000,3.000,0.000]","[50.000,330.000,0.000]","[0.408,-0.235,0.109,0.875]",[],[],[],[]
26,Canvas/Panel/Row - INFO,"[275.667,933.267,0.000]","[0.000,0.000,0.000]","[0.000,0.000,0.000,1.000]",[],[],[],[]
26,Canvas/Panel/Row - Pedal/Text (TMP) - Title,"[148.563,1073.333,0.000]","[0.000,0.000,0.000]","[0.000,0.000,0.000,1.000]",[],[],[],[]
26,Level_Manager/FX_GRP,"[0.000,0.000,0.000]","[0.000,0.000,0.000]","[0.000,0.000,0.000,1.000]",[],[],[],[]
26,Canvas/Panel/Row - Sticky Throttle,"[275.667,1340.000,0.000]","[0.000,0.000,0.000]","[0.000,0.000,0.000,1.000]",[],[],[],[]
26,Canvas/Panel/Row - Pedal/Text (TMP) - Content,"[424.230,1073.333,0.000]","[0.000,0.000,0.000]","[0.000,0.000,0.000,1.000]",[],[],[],[]
26,Level_Manager/Audio_GRP,"[0.000,0.000,0.000]","[0.000,0.000,0.000]","[0.000,0.000,0.000,1.000]",[],[],[],[]
26,Canvas/Panel/Row - Raw Throttle,"[275.667,1406.667,0.000]","[0.000,0.000,0.000]","[0.000,0.000,0.000,1.000]",[],[],[],[]
26,Canvas/Panel/Row - Raw Throttle/Text (TMP) - Content,"[424.230,1406.667,0.000]","[0.000,0.000,0.000]","[0.000,0.000,0.000,1.000]",[],[],[],[]
26,Level_Manager/PostProcessing,"[0.000,0.000,0.000]","[0.000,0.000,0.000]","[0.000,0.000,0.000,1.000]",[],[],[],[]
26,Level_Manager/Lighting_GRP,"[0.000,0.000,0.000]","[0.000,0.000,0.000]","[0.000,0.000,0.000,1.000]",[],[],[],[]
26,Canvas/Panel/Row - Sticky Throttle/Text (TMP) - Title,"[148.563,1340.000,0.000]","[0.000,0.000,0.000]","[0.000,0.000,0.000,1.000]",[],[],[],[]
26,R22_Helicopter_V2/Graphics_Group,"[1.619,2.927,2.681]","[5.857,32.658,0.448]","[0.050,0.281,-0.011,0.958]",[],[],[],[]
26,R22_Helicopter_V2/Audio Group,"[1.619,2.927,2.681]","[5.857,32.658,0.448]","[0.050,0.281,-0.011,0.958]",[],[],[],[]
26,Canvas/Panel/Row - INFO/Text (TMP) - Content,"[275.667,899.933,0.000]","[0.000,0.000,0.000]","[0.000,0.000,0.000,1.000]",[],[],[],[]
26,Level_Manager/Geo_GRP,"[0.000,0.000,0.000]","[0.000,0.000,0.000]","[0.000,0.000,0.000,1.000]",[],[],[],[]
26,Canvas,"[1720.000,720.000,0.000]","[0.000,0.000,0.000]","[0.000,0.000,0.000,1.000]",[],[],[],[]
26,Level_Manager,"[0.000,0.000,0.000]","[0.000,0.000,0.000]","[0.000,0.000,0.000,1.000]",[],[],[],[]
26,Canvas/Panel/Row - Cyclic/Text (TMP) - Content,"[424.230,1140.000,0.000]","[0.000,0.000,0.000]","[0.000,0.000,0.000,1.000]",[],[],[],[]
26,Canvas/Panel/Row - Cyclic,"[275.667,1140.000,0.000]","[0.000,0.000,0.000]","[0.000,0.000,0.000,1.000]",[],[],[],[]
26,Canvas/Panel/Row - Collective/Text (TMP) - Content,"[424.230,1273.333,0.000]","[0.000,0.000,0.000]","[0.000,0.000,0.000,1.000]",[],[],[],[]
26,HeliPad_001,"[1.550,0.000,-0.670]","[0.000,0.000,0.000]","[0.000,0.000,0.000,1.000]","[1.555,-0.012,-0.659]","[14.268,0.216,14.105]",[],[]
26,Canvas/Panel/Row - Cyclic/Text (TMP) - Title,"[148.563,1140.000,0.000]","[0.000,0.000,0.000]","[0.000,0.000,0.000,1.000]",[],[],[],[]
26,Canvas/Panel/Row - Sticky Collective/Text (TMP) - Content,"[424.230,1206.667,0.000]","[0.000,0.000,0.000]","[0.000,0.000,0.000,1.000]",[],[],[],[]
26,Canvas/Panel/Row - Pedal,"[275.667,1073.333,0.000]","[0.000,0.000,0.000]","[0.000,0.000,0.000,1.000]",[],[],[],[]
26,Main Camera,"[-2.524,6.713,-5.772]","[13.757,26.190,0.000]","[0.117,0.225,-0.027,0.967]",[],[],[],[]
26,Canvas/Panel/Row - Sticky Collective,"[275.667,1206.667,0.000]","[0.000,0.000,0.000]","[0.000,0.000,0.000,1.000]",[],[],[],[]
26,Canvas/Panel/Row - Sticky Collective/Text (TMP) - Title,"[148.563,1206.667,0.000]","[0.000,0.000,0.000]","[0.000,0.000,0.000,1.000]",[],[],[],[]
26,Plane,"[0.000,0.000,0.000]","[0.000,0.000,0.000]","[0.000,0.000,0.000,1.000]","[0.000,0.000,0.000]","[1000.000,0.000,1000.000]","[0.000,0.000,0.000]","[1000.000,0.000,1000.000]"
26,EventSystem,"[0.000,0.000,0.000]","[0.000,0.000,0.000]","[0.000,0.000,0.000,1.000]",[],[],[],[]
26,R22_Helicopter_V2/COG,"[1.558,3.720,2.596]","[5.857,32.658,0.448]","[0.050,0.281,-0.011,0.958]",[],[],[],[]
26,Canvas/Panel/Row - Raw Throttle/Text (TMP) - Title,"[148.563,1406.667,0.000]","[0.000,0.000,0.000]","[0.000,0.000,0.000,1.000]",[],[],[],[]
26,Canvas/Panel/Row - Sticky Throttle/Text (TMP) - Content,"[424.230,1340.000,0.000]","[0.000,0.000,0.000]","[0.000,0.000,0.000,1.000]",[],[],[],[]
26,R22_Helicopter_V2/Collider Group,"[1.619,2.927,2.681]","[5.857,32.658,0.448]","[0.050,0.281,-0.011,0.958]",[],[],[],[]
26,Canvas/Panel/Row - INFO/Text (TMP) - Title,"[275.667,1006.667,0.000]","[0.000,0.000,0.000]","[0.000,0.000,0.000,1.000]",[],[],[],[]
26,Canvas/Panel,"[0.000,1440.000,0.000]","[0.000,0.000,0.000]","[0.000,0.000,0.000,1.000]",[],[],[],[]
26,Canvas/Panel/Row - Collective/Text (TMP) - Title,"[148.563,1273.333,0.000]","[0.000,0.000,0.000]","[0.000,0.000,0.000,1.000]",[],[],[],[]
26,Canvas/Panel/Row - Collective,"[275.667,1273.333,0.000]","[0.000,0.000,0.000]","[0.000,0.000,0.000,1.000]",[],[],[],[]
26,R22_Helicopter_V2/Rotors_Group/Back Rotor - Mast,"[0.419,4.321,0.949]","[352.611,32.554,0.450]","[0.061,-0.280,-0.022,-0.958]",[],[],[],[]
26,R22_Helicopter_V2/Rotors_Group/Main Rotor - Mast,"[1.563,5.081,2.625]","[5.873,27.452,359.916]","[0.050,0.237,-0.013,0.970]",[],[],[],[]
26,R22_Helicopter_V2/Graphics_Group/R22_Body_Gruop/R22_Body_RDoor_Geo/R22_Body_RDoorGlass_Geo,"[1.619,2.927,2.681]","[5.857,32.658,0.448]","[0.050,0.281,-0.011,0.958]","[2.103,4.033,2.507]","[0.462,0.491,0.595]",[],[]
26,R22_Helicopter_V2/Graphics_Group/R22_Body_Gruop/R22_Body_RDoor_Geo,"[2.338,3.801,2.698]","[5.857,32.658,0.448]","[0.050,0.281,-0.011,0.958]","[2.111,3.854,2.543]","[0.619,0.928,0.807]",[],[]
26,R22_Helicopter_V2/Graphics_Group/R22_Cockpit_Gruop/R22_Cockpit_Chairs_Geo,"[1.808,3.188,2.993]","[5.857,32.658,0.448]","[0.050,0.281,-0.011,0.958]","[1.830,3.633,3.033]","[1.516,1.029,1.611]",[],[]
26,R22_Helicopter_V2/Graphics_Group/R22_Body_Gruop/R22_Body_Windshield_Geo,"[1.619,2.927,2.681]","[5.857,32.658,0.448]","[0.050,0.281,-0.011,0.958]","[1.970,3.886,3.256]","[1.527,1.017,1.447]",[],[]
26,R22_Helicopter_V2/Graphics_Group/R22_Body_Gruop,"[1.294,4.078,2.202]","[5.857,32.658,0.448]","[0.050,0.281,-0.011,0.958]",[],[],[],[]
26,R22_Helicopter_V2/Graphics_Group/R22_Body_Gruop/R22_Body_Geo,"[1.619,2.927,2.681]","[5.857,32.658,0.448]","[0.050,0.281,-0.011,0.958]","[1.294,4.078,2.202]","[2.942,2.114,3.655]",[],[]
26,R22_Helicopter_V2/Graphics_Group/R22_Body_Gruop/R22_Body_LDoor_Geo/R22_Body_LDoorGlass_Geo,"[1.619,2.927,2.681]","[5.857,32.658,0.448]","[0.050,0.281,-0.011,0.958]","[1.233,4.025,3.064]","[0.462,0.491,0.595]",[],[]
26,R22_Helicopter_V2/Graphics_Group/R22_Body_Gruop/R22_Body_LDoor_Geo,"[1.297,3.808,3.360]","[5.857,32.658,0.448]","[0.050,0.281,-0.011,0.958]","[1.265,3.846,3.085]","[0.619,0.928,0.807]",[],[]
26,R22_Helicopter_V2/Graphics_Group/R22_Cockpit_Gruop/R22_Cockpit_LLever02_Geo,"[1.752,3.184,3.414]","[5.857,32.658,0.448]","[0.050,0.281,-0.011,0.958]","[1.725,3.227,3.422]","[0.119,0.112,0.103]",[],[]
26,R22_Helicopter_V2/Graphics_Group/R22_Cockpit_Gruop/R22_Cockpit_LLever01_Geo,"[1.852,3.184,3.350]","[5.857,32.658,0.448]","[0.050,0.281,-0.011,0.958]","[1.845,3.218,3.389]","[0.134,0.101,0.127]",[],[]
26,R22_Helicopter_V2/Graphics_Group/R22_Cockpit_Gruop/R22_Cockpit_Needle02_Geo,"[2.194,3.643,3.333]","[5.857,32.658,0.448]","[0.050,0.281,-0.011,0.958]","[2.196,3.658,3.336]","[0.006,0.024,0.008]",[],[]
26,R22_Helicopter_V2/Graphics_Group/R22_Cockpit_Gruop/R22_Cockpit_Needle01_Geo,"[1.952,3.641,3.488]","[5.857,32.658,0.448]","[0.050,0.281,-0.011,0.958]","[1.954,3.656,3.491]","[0.006,0.024,0.008]",[],[]
26,R22_Helicopter_V2/Graphics_Group/R22_Cockpit_Gruop/R22_Cockpit_Handle01_Geo,"[1.861,3.757,3.083]","[5.857,32.658,0.448]","[0.050,0.281,-0.011,0.958]","[1.863,3.811,3.088]","[0.638,0.193,0.477]",[],[]
26,R22_Helicopter_V2/Graphics_Group/R22_Cockpit_Gruop,"[1.830,3.633,3.033]","[5.857,32.658,0.448]","[0.050,0.281,-0.011,0.958]",[],[],[],[]
26,R22_Helicopter_V2/Graphics_Group/R22_Body_Gruop/R22_Body_LDoor_Geo/R22_Cockpit_LDoor_Geo,"[1.255,3.635,3.128]","[5.857,32.658,0.448]","[0.050,0.281,-0.011,0.958]","[1.255,3.635,3.128]","[0.426,0.453,0.571]",[],[]
26,R22_Helicopter_V2/Graphics_Group/R22_Cockpit_Gruop/R22_Cockpit_Hanlde02_Geo,"[1.845,3.345,3.052]","[5.857,32.658,0.448]","[0.050,0.281,-0.011,0.958]","[1.855,3.553,3.071]","[0.188,0.426,0.203]",[],[]
26,R22_Helicopter_V2/Graphics_Group/R22_Cockpit_Gruop/R22_Cockpit_RLever01_Geo,"[2.114,3.186,3.183]","[5.857,32.658,0.448]","[0.050,0.281,-0.011,0.958]","[2.152,3.220,3.193]","[0.134,0.101,0.127]",[],[]
26,R22_Helicopter_V2/Graphics_Group/R22_Body_Gruop/R22_Body_RDoor_Geo/R22_Cockpit_RDoor_Geo,"[2.158,3.643,2.551]","[5.857,32.658,0.448]","[0.050,0.281,-0.011,0.958]","[2.158,3.643,2.551]","[0.426,0.453,0.571]",[],[]
26,R22_Helicopter_V2,"[1.619,2.927,2.681]","[5.857,32.658,0.448]","[0.050,0.281,-0.011,0.958]",[],[],[],[]
26,R22_Helicopter_V2/Graphics_Group/R22_Cockpit_Gruop/R22_Cockpit_RLever02_Geo,"[2.214,3.188,3.118]","[5.857,32.658,0.448]","[0.050,0.281,-0.011,0.958]","[2.232,3.232,3.098]","[0.118,0.113,0.102]",[],[]
26,R22_Helicopter_V2/Graphics_Group/R22_Cockpit_Gruop/R22_Cockpit_Needle04_Geo,"[1.984,3.484,3.377]","[5.857,32.658,0.448]","[0.050,0.281,-0.011,0.958]","[1.989,3.483,3.385]","[0.010,0.004,0.014]",[],[]
26,R22_Helicopter_V2/Graphics_Group/R22_Cockpit_Gruop/R22_Cockpit_Needle03_Geo,"[1.980,3.550,3.443]","[5.857,32.658,0.448]","[0.050,0.281,-0.011,0.958]","[1.982,3.565,3.447]","[0.006,0.024,0.008]",[],[]
26,R22_Helicopter_V2/Graphics_Group/R22_Cockpit_Gruop/R22_Cockpit_PannelButtons_Geo,"[1.994,3.554,3.284]","[5.857,32.658,0.448]","[0.050,0.281,-0.011,0.958]","[1.994,3.554,3.284]","[0.337,0.410,0.393]",[],[]
26,R22_Helicopter_V2/Graphics_Group/R22_Cockpit_Gruop/R22_Cockpit_Needle05_Geo,"[1.947,3.484,3.320]","[5.857,32.658,0.448]","[0.050,0.281,-0.011,0.958]","[1.953,3.484,3.329]","[0.010,0.004,0.014]",[],[]
26,R22_Helicopter_V2/Rotors_Group/Main Rotor - Mast/R22_Mechanical_RBlade_Geo,"[1.678,5.217,2.578]","[330.873,27.507,359.904]","[-0.244,0.230,0.059,0.940]","[2.579,5.243,2.147]","[1.977,0.389,1.274]",[],[]
26,R22_Helicopter_V2/Graphics_Group/R22_Mechanical_Group/R22_Mechanical_Motor_Geo,"[1.744,2.895,2.888]","[5.857,32.658,0.448]","[0.050,0.281,-0.011,0.958]","[1.657,3.520,2.761]","[2.467,1.421,2.666]",[],[]
26,R22_Helicopter_V2/Rotors_Group/Back Rotor - Mast/R22_Mechanical_TailMast_Geo,"[0.419,4.321,0.949]","[352.611,32.554,0.450]","[0.061,-0.280,-0.022,-0.958]","[0.335,4.321,1.003]","[0.246,0.099,0.197]",[],[]
26,R22_Helicopter_V2/Rotors_Group/Back Rotor - Mast/R22_Mechanical_RTailBlade_Geo,"[0.248,4.341,1.056]","[352.611,32.554,0.450]","[0.061,-0.280,-0.022,-0.958]","[0.230,4.454,1.028]","[0.070,0.271,0.096]",[],[]
26,R22_Helicopter_V2/Rotors_Group/Main Rotor - Mast/R22_Mechanical_LBlade_Geo,"[1.460,5.217,2.698]","[40.873,27.388,359.889]","[0.339,0.222,-0.084,0.910]","[0.561,5.250,3.132]","[1.984,0.398,1.286]",[],[]
26,R22_Helicopter_V2/Graphics_Group/R22_Mechanical_Group,"[1.345,4.169,2.270]","[5.857,32.658,0.448]","[0.050,0.281,-0.011,0.958]",[],[],[],[]
26,R22_Helicopter_V2/Rotors_Group/Main Rotor - Mast/R22_Mechanical_Mast_Geo,"[1.563,5.081,2.625]","[5.873,27.452,359.916]","[0.050,0.237,-0.013,0.970]","[1.563,5.081,2.625]","[0.461,0.503,0.423]",[],[]
26,R22_Helicopter_V2/Rotors_Group/Back Rotor - Mast/R22_Mechanical_LTailBlade_Geo,"[0.252,4.290,1.061]","[352.611,32.554,0.450]","[0.061,-0.280,-0.022,-0.958]","[0.269,4.184,1.086]","[0.070,0.271,0.096]",[],[]
26,R22_Helicopter_V2/Graphics_Group/R_22_Blendshapes,"[1.619,2.927,2.681]","[5.857,32.658,0.448]","[0.050,0.281,-0.011,0.958]",[],[],[],[]
26,R22_Helicopter_V2/Collider Group/Tail_COL,"[0.849,4.192,1.495]","[9.538,32.687,0.452]","[0.081,0.280,-0.020,0.956]",[],[],"[0.849,4.192,1.495]","[1.046,0.532,1.462]"
26,R22_Helicopter_V2/Rotors_Group/Back Rotor - Mast/Tail Rotor - Double-side blur quad,"[0.245,4.319,1.060]","[0.446,302.612,7.389]","[0.028,0.479,-0.058,-0.875]","[0.245,4.319,1.060]","[0.366,0.672,0.564]",[],[]
26,R22_Helicopter_V2/Collider Group/L_Skid_COL,"[0.996,2.954,3.084]","[5.857,32.658,0.448]","[0.050,0.281,-0.011,0.958]",[],[],"[1.097,2.935,3.242]","[0.982,0.268,1.475]"
26,R22_Helicopter_V2/Collider Group/Fuselage_COL,"[1.657,3.708,2.751]","[5.857,32.658,0.448]","[0.050,0.281,-0.011,0.958]",[],[],"[1.657,3.708,2.751]","[1.820,1.464,2.067]"
26,R22_Helicopter_V2/Engines/Main Engine,"[1.619,2.927,2.681]","[5.857,32.658,0.448]","[0.050,0.281,-0.011,0.958]",[],[],[],[]
26,R22_Helicopter_V2/Collider Group/Mast_COL,"[1.547,4.678,2.594]","[359.100,32.605,0.446]","[-0.006,0.281,0.006,0.960]",[],[],"[1.547,4.678,2.594]","[0.703,0.930,0.702]"
26,R22_Helicopter_V2/Camera LookAt Target,"[1.696,4.499,2.823]","[5.857,32.658,0.448]","[0.050,0.281,-0.011,0.958]",[],[],[],[]
26,R22_Helicopter_V2/Rotors_Group/Main Rotor - Mast/Main Rotor -  Blur Quad,"[1.569,5.209,2.637]","[84.126,208.274,180.818]","[0.721,0.158,-0.177,0.651]","[1.569,5.209,2.637]","[5.787,0.446,5.779]",[],[]
26,R22_Helicopter_V2/Rotors_Group,"[1.619,2.927,2.681]","[5.857,32.658,0.448]","[0.050,0.281,-0.011,0.958]",[],[],[],[]
26,R22_Helicopter_V2/Rotors_Group/Main Rotor - Mast/Main Rotor -  Double-side blur quad,"[1.569,5.209,2.637]","[275.874,28.274,359.182]","[-0.651,0.177,0.158,0.721]","[1.569,5.209,2.637]","[5.787,0.446,5.779]",[],[]
26,R22_Helicopter_V2/Rotors_Group/Back Rotor - Mast/Tail Rotor - Blur quad,"[0.245,4.319,1.060]","[359.554,122.612,352.611]","[0.058,-0.875,0.028,-0.479]","[0.245,4.319,1.060]","[0.366,0.672,0.564]",[],[]
26,R22_Helicopter_V2/Engines,"[1.619,2.927,2.681]","[5.857,32.658,0.448]","[0.050,0.281,-0.011,0.958]",[],[],[],[]
26,R22_Helicopter_V2/Collider Group/R_Skid_COL,"[2.236,2.966,2.290]","[5.857,32.658,0.448]","[0.050,0.281,-0.011,0.958]",[],[],"[2.338,2.946,2.448]","[0.982,0.268,1.475]"
27,Directional Light,"[0.000,3.000,0.000]","[50.000,330.000,0.000]","[0.408,-0.235,0.109,0.875]",[],[],[],[]
27,Canvas/Panel/Row - INFO,"[275.667,933.267,0.000]","[0.000,0.000,0.000]","[0.000,0.000,0.000,1.000]",[],[],[],[]
27,Canvas/Panel/Row - Pedal/Text (TMP) - Title,"[148.563,1073.333,0.000]","[0.000,0.000,0.000]","[0.000,0.000,0.000,1.000]",[],[],[],[]
27,Level_Manager/FX_GRP,"[0.000,0.000,0.000]","[0.000,0.000,0.000]","[0.000,0.000,0.000,1.000]",[],[],[],[]
27,Canvas/Panel/Row - Sticky Throttle,"[275.667,1340.000,0.000]","[0.000,0.000,0.000]","[0.000,0.000,0.000,1.000]",[],[],[],[]
27,Canvas/Panel/Row - Pedal/Text (TMP) - Content,"[424.230,1073.333,0.000]","[0.000,0.000,0.000]","[0.000,0.000,0.000,1.000]",[],[],[],[]
27,Level_Manager/Audio_GRP,"[0.000,0.000,0.000]","[0.000,0.000,0.000]","[0.000,0.000,0.000,1.000]",[],[],[],[]
27,Canvas/Panel/Row - Raw Throttle,"[275.667,1406.667,0.000]","[0.000,0.000,0.000]","[0.000,0.000,0.000,1.000]",[],[],[],[]
27,Canvas/Panel/Row - Raw Throttle/Text (TMP) - Content,"[424.230,1406.667,0.000]","[0.000,0.000,0.000]","[0.000,0.000,0.000,1.000]",[],[],[],[]
27,Level_Manager/PostProcessing,"[0.000,0.000,0.000]","[0.000,0.000,0.000]","[0.000,0.000,0.000,1.000]",[],[],[],[]
27,Level_Manager/Lighting_GRP,"[0.000,0.000,0.000]","[0.000,0.000,0.000]","[0.000,0.000,0.000,1.000]",[],[],[],[]
27,Canvas/Panel/Row - Sticky Throttle/Text (TMP) - Title,"[148.563,1340.000,0.000]","[0.000,0.000,0.000]","[0.000,0.000,0.000,1.000]",[],[],[],[]
27,R22_Helicopter_V2/Graphics_Group,"[1.271,11.272,3.182]","[319.124,44.047,354.285]","[-0.341,0.335,0.087,0.874]",[],[],[],[]
27,R22_Helicopter_V2/Audio Group,"[1.271,11.272,3.182]","[319.124,44.047,354.285]","[-0.341,0.335,0.087,0.874]",[],[],[],[]
27,Canvas/Panel/Row - INFO/Text (TMP) - Content,"[275.667,899.933,0.000]","[0.000,0.000,0.000]","[0.000,0.000,0.000,1.000]",[],[],[],[]
27,Level_Manager/Geo_GRP,"[0.000,0.000,0.000]","[0.000,0.000,0.000]","[0.000,0.000,0.000,1.000]",[],[],[],[]
27,Canvas,"[1720.000,720.000,0.000]","[0.000,0.000,0.000]","[0.000,0.000,0.000,1.000]",[],[],[],[]
27,Level_Manager,"[0.000,0.000,0.000]","[0.000,0.000,0.000]","[0.000,0.000,0.000,1.000]",[],[],[],[]
27,Canvas/Panel/Row - Cyclic/Text (TMP) - Content,"[424.230,1140.000,0.000]","[0.000,0.000,0.000]","[0.000,0.000,0.000,1.000]",[],[],[],[]
27,Canvas/Panel/Row - Cyclic,"[275.667,1140.000,0.000]","[0.000,0.000,0.000]","[0.000,0.000,0.000,1.000]",[],[],[],[]
27,Canvas/Panel/Row - Collective/Text (TMP) - Content,"[424.230,1273.333,0.000]","[0.000,0.000,0.000]","[0.000,0.000,0.000,1.000]",[],[],[],[]
27,HeliPad_001,"[1.550,0.000,-0.670]","[0.000,0.000,0.000]","[0.000,0.000,0.000,1.000]","[1.555,-0.012,-0.659]","[14.268,0.216,14.105]",[],[]
27,Canvas/Panel/Row - Cyclic/Text (TMP) - Title,"[148.563,1140.000,0.000]","[0.000,0.000,0.000]","[0.000,0.000,0.000,1.000]",[],[],[],[]
27,Canvas/Panel/Row - Sticky Collective/Text (TMP) - Content,"[424.230,1206.667,0.000]","[0.000,0.000,0.000]","[0.000,0.000,0.000,1.000]",[],[],[],[]
27,Canvas/Panel/Row - Pedal,"[275.667,1073.333,0.000]","[0.000,0.000,0.000]","[0.000,0.000,0.000,1.000]",[],[],[],[]
27,Main Camera,"[-3.220,13.471,-1.909]","[11.457,42.392,0.000]","[0.093,0.360,-0.036,0.928]",[],[],[],[]
27,Canvas/Panel/Row - Sticky Collective,"[275.667,1206.667,0.000]","[0.000,0.000,0.000]","[0.000,0.000,0.000,1.000]",[],[],[],[]
27,Canvas/Panel/Row - Sticky Collective/Text (TMP) - Title,"[148.563,1206.667,0.000]","[0.000,0.000,0.000]","[0.000,0.000,0.000,1.000]",[],[],[],[]
27,Plane,"[0.000,0.000,0.000]","[0.000,0.000,0.000]","[0.000,0.000,0.000,1.000]","[0.000,0.000,0.000]","[1000.000,0.000,1000.000]","[0.000,0.000,0.000]","[1000.000,0.000,1000.000]"
27,EventSystem,"[0.000,0.000,0.000]","[0.000,0.000,0.000]","[0.000,0.000,0.000,1.000]",[],[],[],[]
27,R22_Helicopter_V2/COG,"[0.878,11.736,2.664]","[319.124,44.047,354.285]","[-0.341,0.335,0.087,0.874]",[],[],[],[]
27,Canvas/Panel/Row - Raw Throttle/Text (TMP) - Title,"[148.563,1406.667,0.000]","[0.000,0.000,0.000]","[0.000,0.000,0.000,1.000]",[],[],[],[]
27,Canvas/Panel/Row - Sticky Throttle/Text (TMP) - Content,"[424.230,1340.000,0.000]","[0.000,0.000,0.000]","[0.000,0.000,0.000,1.000]",[],[],[],[]
27,R22_Helicopter_V2/Collider Group,"[1.271,11.272,3.182]","[319.124,44.047,354.285]","[-0.341,0.335,0.087,0.874]",[],[],[],[]
27,Canvas/Panel/Row - INFO/Text (TMP) - Title,"[275.667,1006.667,0.000]","[0.000,0.000,0.000]","[0.000,0.000,0.000,1.000]",[],[],[],[]
27,Canvas/Panel,"[0.000,1440.000,0.000]","[0.000,0.000,0.000]","[0.000,0.000,0.000,1.000]",[],[],[],[]
27,Canvas/Panel/Row - Collective/Text (TMP) - Title,"[148.563,1273.333,0.000]","[0.000,0.000,0.000]","[0.000,0.000,0.000,1.000]",[],[],[],[]
27,Canvas/Panel/Row - Collective,"[275.667,1273.333,0.000]","[0.000,0.000,0.000]","[0.000,0.000,0.000,1.000]",[],[],[],[]
27,R22_Helicopter_V2/Rotors_Group/Back Rotor - Mast,"[-0.402,10.695,1.380]","[55.079,226.510,187.558]","[0.825,0.128,-0.321,0.447]",[],[],[],[]
27,R22_Helicopter_V2/Rotors_Group/Main Rotor - Mast,"[0.301,12.683,1.875]","[37.835,242.848,17.705]","[0.043,-0.824,0.349,0.445]",[],[],[],[]
27,R22_Helicopter_V2/Graphics_Group/R22_Body_Gruop/R22_Body_RDoor_Geo/R22_Body_RDoorGlass_Geo,"[1.271,11.272,3.182]","[319.124,44.047,354.285]","[-0.341,0.335,0.087,0.874]","[1.238,12.068,2.259]","[0.587,0.703,0.645]",[],[]
27,R22_Helicopter_V2/Graphics_Group/R22_Body_Gruop/R22_Body_RDoor_Geo,"[1.548,12.112,2.476]","[319.124,44.047,354.285]","[-0.341,0.335,0.087,0.874]","[1.321,11.973,2.391]","[0.877,1.139,0.999]",[],[]
27,R22_Helicopter_V2/Graphics_Group/R22_Cockpit_Gruop/R22_Cockpit_Chairs_Geo,"[1.330,11.715,3.210]","[319.124,44.047,354.285]","[-0.341,0.335,0.087,0.874]","[1.159,12.052,2.970]","[1.723,1.533,1.771]",[],[]
27,R22_Helicopter_V2/Graphics_Group/R22_Body_Gruop/R22_Body_Windshield_Geo,"[1.271,11.272,3.182]","[319.124,44.047,354.285]","[-0.341,0.335,0.087,0.874]","[1.177,12.416,2.948]","[1.725,1.340,1.744]",[],[]
27,R22_Helicopter_V2/Graphics_Group/R22_Body_Gruop,"[0.488,11.636,2.227]","[319.124,44.047,354.285]","[-0.341,0.335,0.087,0.874]",[],[],[],[]
27,R22_Helicopter_V2/Graphics_Group/R22_Body_Gruop/R22_Body_Geo,"[1.271,11.272,3.182]","[319.124,44.047,354.285]","[-0.341,0.335,0.087,0.874]","[0.488,11.636,2.227]","[3.392,3.634,3.585]",[],[]
27,R22_Helicopter_V2/Graphics_Group/R22_Body_Gruop/R22_Body_LDoor_Geo/R22_Body_LDoorGlass_Geo,"[1.271,11.272,3.182]","[319.124,44.047,354.285]","[-0.341,0.335,0.087,0.874]","[0.452,12.146,2.926]","[0.587,0.703,0.645]",[],[]
27,R22_Helicopter_V2/Graphics_Group/R22_Body_Gruop/R22_Body_LDoor_Geo,"[0.601,12.213,3.260]","[319.124,44.047,354.285]","[-0.341,0.335,0.087,0.874]","[0.557,12.048,3.039]","[0.877,1.139,0.999]",[],[]
27,R22_Helicopter_V2/Graphics_Group/R22_Cockpit_Gruop/R22_Cockpit_LLever02_Geo,"[1.279,11.971,3.546]","[319.124,44.047,354.285]","[-0.341,0.335,0.087,0.874]","[1.236,11.997,3.534]","[0.145,0.116,0.150]",[],[]
27,R22_Helicopter_V2/Graphics_Group/R22_Cockpit_Gruop/R22_Cockpit_LLever01_Geo,"[1.370,11.962,3.470]","[319.124,44.047,354.285]","[-0.341,0.335,0.087,0.874]","[1.349,12.008,3.481]","[0.156,0.126,0.159]",[],[]
27,R22_Helicopter_V2/Graphics_Group/R22_Cockpit_Gruop/R22_Cockpit_Needle02_Geo,"[1.483,12.374,3.089]","[319.124,44.047,354.285]","[-0.341,0.335,0.087,0.874]","[1.478,12.387,3.082]","[0.014,0.021,0.017]",[],[]
27,R22_Helicopter_V2/Graphics_Group/R22_Cockpit_Gruop/R22_Cockpit_Needle01_Geo,"[1.264,12.395,3.275]","[319.124,44.047,354.285]","[-0.341,0.335,0.087,0.874]","[1.260,12.409,3.267]","[0.014,0.021,0.017]",[],[]
27,R22_Helicopter_V2/Graphics_Group/R22_Cockpit_Gruop/R22_Cockpit_Handle01_Geo,"[1.134,12.179,2.925]","[319.124,44.047,354.285]","[-0.341,0.335,0.087,0.874]","[1.113,12.220,2.896]","[0.640,0.260,0.592]",[],[]
27,R22_Helicopter_V2/Graphics_Group/R22_Cockpit_Gruop,"[1.159,12.052,2.969]","[319.124,44.047,354.285]","[-0.341,0.335,0.087,0.874]",[],[],[],[]
27,R22_Helicopter_V2/Graphics_Group/R22_Body_Gruop/R22_Body_LDoor_Geo/R22_Cockpit_LDoor_Geo,"[0.638,11.929,3.200]","[319.124,44.047,354.285]","[-0.341,0.335,0.087,0.874]","[0.638,11.929,3.200]","[0.542,0.672,0.599]",[],[]
27,R22_Helicopter_V2/Graphics_Group/R22_Cockpit_Gruop/R22_Cockpit_Hanlde02_Geo,"[1.296,11.873,3.152]","[319.124,44.047,354.285]","[-0.341,0.335,0.087,0.874]","[1.216,12.031,3.039]","[0.314,0.399,0.367]",[],[]
27,R22_Helicopter_V2/Graphics_Group/R22_Cockpit_Gruop/R22_Cockpit_RLever01_Geo,"[1.607,11.938,3.270]","[319.124,44.047,354.285]","[-0.341,0.335,0.087,0.874]","[1.626,11.980,3.246]","[0.156,0.126,0.159]",[],[]
27,R22_Helicopter_V2/Graphics_Group/R22_Body_Gruop/R22_Body_RDoor_Geo/R22_Cockpit_RDoor_Geo,"[1.453,11.849,2.509]","[319.124,44.047,354.285]","[-0.341,0.335,0.087,0.874]","[1.453,11.849,2.509]","[0.542,0.672,0.599]",[],[]
27,R22_Helicopter_V2,"[1.271,11.272,3.182]","[319.124,44.047,354.285]","[-0.341,0.335,0.087,0.874]",[],[],[],[]
27,R22_Helicopter_V2/Graphics_Group/R22_Cockpit_Gruop/R22_Cockpit_RLever02_Geo,"[1.696,11.929,3.192]","[319.124,44.047,354.285]","[-0.341,0.335,0.087,0.874]","[1.694,11.952,3.145]","[0.145,0.116,0.150]",[],[]
27,R22_Helicopter_V2/Graphics_Group/R22_Cockpit_Gruop/R22_Cockpit_Needle04_Geo,"[1.361,12.226,3.275]","[319.124,44.047,354.285]","[-0.341,0.335,0.087,0.874]","[1.366,12.233,3.280]","[0.010,0.012,0.011]",[],[]
27,R22_Helicopter_V2/Graphics_Group/R22_Cockpit_Gruop/R22_Cockpit_Needle03_Geo,"[1.329,12.314,3.287]","[319.124,44.047,354.285]","[-0.341,0.335,0.087,0.874]","[1.324,12.327,3.280]","[0.014,0.021,0.017]",[],[]
27,R22_Helicopter_V2/Graphics_Group/R22_Cockpit_Gruop/R22_Cockpit_PannelButtons_Geo,"[1.341,12.217,3.161]","[319.124,44.047,354.285]","[-0.341,0.335,0.087,0.874]","[1.341,12.217,3.161]","[0.445,0.503,0.489]",[],[]
27,R22_Helicopter_V2/Graphics_Group/R22_Cockpit_Gruop/R22_Cockpit_Needle05_Geo,"[1.328,12.177,3.242]","[319.124,44.047,354.285]","[-0.341,0.335,0.087,0.874]","[1.333,12.185,3.247]","[0.010,0.012,0.011]",[],[]
27,R22_Helicopter_V2/Rotors_Group/Main Rotor - Mast/R22_Mechanical_RBlade_Geo,"[0.176,12.818,1.897]","[4.067,232.776,13.933]","[-0.093,-0.891,0.085,0.437]","[-0.456,13.062,2.631]","[1.464,0.787,1.781]",[],[]
27,R22_Helicopter_V2/Graphics_Group/R22_Mechanical_Group/R22_Mechanical_Motor_Geo,"[1.397,11.426,3.323]","[319.124,44.047,354.285]","[-0.341,0.335,0.087,0.874]","[1.052,11.741,2.880]","[2.719,2.369,2.765]",[],[]
27,R22_Helicopter_V2/Rotors_Group/Back Rotor - Mast/R22_Mechanical_TailMast_Geo,"[-0.402,10.695,1.380]","[55.079,226.510,187.558]","[0.825,0.128,-0.321,0.447]","[-0.477,10.702,1.445]","[0.256,0.126,0.240]",[],[]
27,R22_Helicopter_V2/Rotors_Group/Back Rotor - Mast/R22_Mechanical_RTailBlade_Geo,"[-0.544,10.697,1.524]","[55.079,226.510,187.558]","[0.825,0.128,-0.321,0.447]","[-0.479,10.646,1.607]","[0.172,0.211,0.210]",[],[]
27,R22_Helicopter_V2/Rotors_Group/Main Rotor - Mast/R22_Mechanical_LBlade_Geo,"[0.322,12.755,1.705]","[69.067,272.073,42.244]","[0.175,-0.680,0.581,0.411]","[0.933,12.556,0.940]","[1.521,0.820,1.736]",[],[]
27,R22_Helicopter_V2/Graphics_Group/R22_Mechanical_Group,"[0.495,11.759,2.210]","[319.124,44.047,354.285]","[-0.341,0.335,0.087,0.874]",[],[],[],[]
27,R22_Helicopter_V2/Rotors_Group/Main Rotor - Mast/R22_Mechanical_Mast_Geo,"[0.301,12.683,1.875]","[37.835,242.848,17.705]","[0.043,-0.824,0.349,0.445]","[0.301,12.683,1.875]","[0.572,0.596,0.627]",[],[]
27,R22_Helicopter_V2/Rotors_Group/Back Rotor - Mast/R22_Mechanical_LTailBlade_Geo,"[-0.570,10.726,1.490]","[55.079,226.510,187.558]","[0.825,0.128,-0.321,0.447]","[-0.631,10.774,1.412]","[0.172,0.211,0.210]",[],[]
27,R22_Helicopter_V2/Graphics_Group/R_22_Blendshapes,"[1.271,11.272,3.182]","[319.124,44.047,354.285]","[-0.341,0.335,0.087,0.874]",[],[],[],[]
27,R22_Helicopter_V2/Collider Group/Tail_COL,"[0.040,11.105,1.750]","[322.788,43.587,354.575]","[-0.313,0.337,0.077,0.885]",[],[],"[0.040,11.105,1.750]","[1.069,1.147,1.108]"
27,R22_Helicopter_V2/Rotors_Group/Back Rotor - Mast/Tail Rotor - Double-side blur quad,"[-0.559,10.710,1.513]","[355.682,310.301,235.314]","[0.356,-0.225,-0.811,0.407]","[-0.559,10.710,1.513]","[0.549,0.832,0.629]",[],[]
27,R22_Helicopter_V2/Collider Group/L_Skid_COL,"[0.695,11.352,3.643]","[319.124,44.047,354.285]","[-0.341,0.335,0.087,0.874]",[],[],"[0.794,11.476,3.746]","[0.963,1.175,0.992]"
27,R22_Helicopter_V2/Collider Group/Fuselage_COL,"[0.972,11.862,2.761]","[319.124,44.047,354.285]","[-0.341,0.335,0.087,0.874]",[],[],"[0.972,11.862,2.761]","[1.811,1.917,1.826]"
27,R22_Helicopter_V2/Engines/Main Engine,"[1.271,11.272,3.182]","[319.124,44.047,354.285]","[-0.341,0.335,0.087,0.874]",[],[],[],[]
27,R22_Helicopter_V2/Collider Group/Mast_COL,"[0.460,12.384,2.095]","[312.405,45.043,353.589]","[-0.392,0.329,0.107,0.853]",[],[],"[0.460,12.384,2.095]","[0.801,0.854,0.837]"
27,R22_Helicopter_V2/Camera LookAt Target,"[0.669,12.460,2.334]","[319.124,44.047,354.285]","[-0.341,0.335,0.087,0.874]",[],[],[],[]
27,R22_Helicopter_V2/Rotors_Group/Main Rotor - Mast/Main Rotor -  Blur Quad,"[0.252,12.781,1.806]","[48.796,35.353,158.616]","[0.345,-0.335,0.829,0.284]","[0.252,12.781,1.806]","[5.605,3.670,4.829]",[],[]
27,R22_Helicopter_V2/Rotors_Group,"[1.271,11.272,3.182]","[319.124,44.047,354.285]","[-0.341,0.335,0.087,0.874]",[],[],[],[]
27,R22_Helicopter_V2/Rotors_Group/Main Rotor - Mast/Main Rotor -  Double-side blur quad,"[0.252,12.781,1.806]","[311.204,215.353,21.384]","[-0.284,-0.829,-0.335,0.345]","[0.252,12.781,1.806]","[5.605,3.670,4.829]",[],[]
27,R22_Helicopter_V2/Rotors_Group/Back Rotor - Mast/Tail Rotor - Blur quad,"[-0.559,10.710,1.513]","[4.318,130.301,124.686]","[0.811,0.407,0.356,0.225]","[-0.559,10.710,1.513]","[0.549,0.832,0.629]",[],[]
27,R22_Helicopter_V2/Engines,"[1.271,11.272,3.182]","[319.124,44.047,354.285]","[-0.341,0.335,0.087,0.874]",[],[],[],[]
27,R22_Helicopter_V2/Collider Group/R_Skid_COL,"[1.815,11.242,2.693]","[319.124,44.047,354.285]","[-0.341,0.335,0.087,0.874]",[],[],"[1.914,11.366,2.796]","[0.963,1.175,0.992]"
28,Directional Light,"[0.000,3.000,0.000]","[50.000,330.000,0.000]","[0.408,-0.235,0.109,0.875]",[],[],[],[]
28,Canvas/Panel/Row - INFO,"[275.667,933.267,0.000]","[0.000,0.000,0.000]","[0.000,0.000,0.000,1.000]",[],[],[],[]
28,Canvas/Panel/Row - Pedal/Text (TMP) - Title,"[148.563,1073.333,0.000]","[0.000,0.000,0.000]","[0.000,0.000,0.000,1.000]",[],[],[],[]
28,Level_Manager/FX_GRP,"[0.000,0.000,0.000]","[0.000,0.000,0.000]","[0.000,0.000,0.000,1.000]",[],[],[],[]
28,Canvas/Panel/Row - Sticky Throttle,"[275.667,1340.000,0.000]","[0.000,0.000,0.000]","[0.000,0.000,0.000,1.000]",[],[],[],[]
28,Canvas/Panel/Row - Pedal/Text (TMP) - Content,"[424.230,1073.333,0.000]","[0.000,0.000,0.000]","[0.000,0.000,0.000,1.000]",[],[],[],[]
28,Level_Manager/Audio_GRP,"[0.000,0.000,0.000]","[0.000,0.000,0.000]","[0.000,0.000,0.000,1.000]",[],[],[],[]
28,Canvas/Panel/Row - Raw Throttle,"[275.667,1406.667,0.000]","[0.000,0.000,0.000]","[0.000,0.000,0.000,1.000]",[],[],[],[]
28,Canvas/Panel/Row - Raw Throttle/Text (TMP) - Content,"[424.230,1406.667,0.000]","[0.000,0.000,0.000]","[0.000,0.000,0.000,1.000]",[],[],[],[]
28,Level_Manager/PostProcessing,"[0.000,0.000,0.000]","[0.000,0.000,0.000]","[0.000,0.000,0.000,1.000]",[],[],[],[]
28,Level_Manager/Lighting_GRP,"[0.000,0.000,0.000]","[0.000,0.000,0.000]","[0.000,0.000,0.000,1.000]",[],[],[],[]
28,Canvas/Panel/Row - Sticky Throttle/Text (TMP) - Title,"[148.563,1340.000,0.000]","[0.000,0.000,0.000]","[0.000,0.000,0.000,1.000]",[],[],[],[]
28,R22_Helicopter_V2/Graphics_Group,"[-4.698,21.532,-4.906]","[5.872,44.962,0.290]","[0.048,0.382,-0.017,0.923]",[],[],[],[]
28,R22_Helicopter_V2/Audio Group,"[-4.698,21.532,-4.906]","[5.872,44.962,0.290]","[0.048,0.382,-0.017,0.923]",[],[],[],[]
28,Canvas/Panel/Row - INFO/Text (TMP) - Content,"[275.667,899.933,0.000]","[0.000,0.000,0.000]","[0.000,0.000,0.000,1.000]",[],[],[],[]
28,Level_Manager/Geo_GRP,"[0.000,0.000,0.000]","[0.000,0.000,0.000]","[0.000,0.000,0.000,1.000]",[],[],[],[]
28,Canvas,"[1720.000,720.000,0.000]","[0.000,0.000,0.000]","[0.000,0.000,0.000,1.000]",[],[],[],[]
28,Level_Manager,"[0.000,0.000,0.000]","[0.000,0.000,0.000]","[0.000,0.000,0.000,1.000]",[],[],[],[]
28,Canvas/Panel/Row - Cyclic/Text (TMP) - Content,"[424.230,1140.000,0.000]","[0.000,0.000,0.000]","[0.000,0.000,0.000,1.000]",[],[],[],[]
28,Canvas/Panel/Row - Cyclic,"[275.667,1140.000,0.000]","[0.000,0.000,0.000]","[0.000,0.000,0.000,1.000]",[],[],[],[]
28,Canvas/Panel/Row - Collective/Text (TMP) - Content,"[424.230,1273.333,0.000]","[0.000,0.000,0.000]","[0.000,0.000,0.000,1.000]",[],[],[],[]
28,HeliPad_001,"[1.550,0.000,-0.670]","[0.000,0.000,0.000]","[0.000,0.000,0.000,1.000]","[1.555,-0.012,-0.659]","[14.268,0.216,14.105]",[],[]
28,Canvas/Panel/Row - Cyclic/Text (TMP) - Title,"[148.563,1140.000,0.000]","[0.000,0.000,0.000]","[0.000,0.000,0.000,1.000]",[],[],[],[]
28,Canvas/Panel/Row - Sticky Collective/Text (TMP) - Content,"[424.230,1206.667,0.000]","[0.000,0.000,0.000]","[0.000,0.000,0.000,1.000]",[],[],[],[]
28,Canvas/Panel/Row - Pedal,"[275.667,1073.333,0.000]","[0.000,0.000,0.000]","[0.000,0.000,0.000,1.000]",[],[],[],[]
28,Main Camera,"[-8.513,22.964,-8.137]","[1.176,49.132,0.000]","[0.009,0.416,-0.004,0.909]",[],[],[],[]
28,Canvas/Panel/Row - Sticky Collective,"[275.667,1206.667,0.000]","[0.000,0.000,0.000]","[0.000,0.000,0.000,1.000]",[],[],[],[]
28,Canvas/Panel/Row - Sticky Collective/Text (TMP) - Title,"[148.563,1206.667,0.000]","[0.000,0.000,0.000]","[0.000,0.000,0.000,1.000]",[],[],[],[]
28,Plane,"[0.000,0.000,0.000]","[0.000,0.000,0.000]","[0.000,0.000,0.000,1.000]","[0.000,0.000,0.000]","[1000.000,0.000,1000.000]","[0.000,0.000,0.000]","[1000.000,0.000,1000.000]"
28,EventSystem,"[0.000,0.000,0.000]","[0.000,0.000,0.000]","[0.000,0.000,0.000,1.000]",[],[],[],[]
28,R22_Helicopter_V2/COG,"[-4.774,22.325,-4.977]","[5.872,44.962,0.290]","[0.048,0.382,-0.017,0.923]",[],[],[],[]
28,Canvas/Panel/Row - Raw Throttle/Text (TMP) - Title,"[148.563,1406.667,0.000]","[0.000,0.000,0.000]","[0.000,0.000,0.000,1.000]",[],[],[],[]
28,Canvas/Panel/Row - Sticky Throttle/Text (TMP) - Content,"[424.230,1340.000,0.000]","[0.000,0.000,0.000]","[0.000,0.000,0.000,1.000]",[],[],[],[]
28,R22_Helicopter_V2/Collider Group,"[-4.698,21.532,-4.906]","[5.872,44.962,0.290]","[0.048,0.382,-0.017,0.923]",[],[],[],[]
28,Canvas/Panel/Row - INFO/Text (TMP) - Title,"[275.667,1006.667,0.000]","[0.000,0.000,0.000]","[0.000,0.000,0.000,1.000]",[],[],[],[]
28,Canvas/Panel,"[0.000,1440.000,0.000]","[0.000,0.000,0.000]","[0.000,0.000,0.000,1.000]",[],[],[],[]
28,Canvas/Panel/Row - Collective/Text (TMP) - Title,"[148.563,1273.333,0.000]","[0.000,0.000,0.000]","[0.000,0.000,0.000,1.000]",[],[],[],[]
28,Canvas/Panel/Row - Collective,"[275.667,1273.333,0.000]","[0.000,0.000,0.000]","[0.000,0.000,0.000,1.000]",[],[],[],[]
28,R22_Helicopter_V2/Rotors_Group/Back Rotor - Mast,"[-6.237,22.927,-6.343]","[64.962,45.551,0.683]","[-0.497,-0.324,0.203,-0.779]",[],[],[],[]
28,R22_Helicopter_V2/Rotors_Group/Main Rotor - Mast,"[-4.760,23.686,-4.952]","[4.652,79.914,3.598]","[-0.051,-0.640,0.002,-0.766]",[],[],[],[]
28,R22_Helicopter_V2/Graphics_Group/R22_Body_Gruop/R22_Body_RDoor_Geo/R22_Body_RDoorGlass_Geo,"[-4.698,21.532,-4.906]","[5.872,44.962,0.290]","[0.048,0.382,-0.017,0.923]","[-4.259,22.636,-5.180]","[0.540,0.491,0.544]",[],[]
28,R22_Helicopter_V2/Graphics_Group/R22_Body_Gruop/R22_Body_RDoor_Geo,"[-3.990,22.405,-5.043]","[5.872,44.962,0.290]","[0.048,0.382,-0.017,0.923]","[-4.244,22.458,-5.146]","[0.728,0.927,0.734]",[],[]
28,R22_Helicopter_V2/Graphics_Group/R22_Cockpit_Gruop/R22_Cockpit_Chairs_Geo,"[-4.446,21.793,-4.642]","[5.872,44.962,0.290]","[0.048,0.382,-0.017,0.923]","[-4.415,22.238,-4.608]","[1.599,1.027,1.605]",[],[]
28,R22_Helicopter_V2/Graphics_Group/R22_Body_Gruop/R22_Body_Windshield_Geo,"[-4.698,21.532,-4.906]","[5.872,44.962,0.290]","[0.048,0.382,-0.017,0.923]","[-4.230,22.491,-4.420]","[1.521,1.014,1.526]",[],[]
28,R22_Helicopter_V2/Graphics_Group/R22_Body_Gruop,"[-5.115,22.683,-5.306]","[5.872,44.962,0.290]","[0.048,0.382,-0.017,0.923]",[],[],[],[]
28,R22_Helicopter_V2/Graphics_Group/R22_Body_Gruop/R22_Body_Geo,"[-4.698,21.532,-4.906]","[5.872,44.962,0.290]","[0.048,0.382,-0.017,0.923]","[-5.115,22.683,-5.306]","[3.373,2.111,3.386]",[],[]
28,R22_Helicopter_V2/Graphics_Group/R22_Body_Gruop/R22_Body_LDoor_Geo/R22_Body_LDoorGlass_Geo,"[-4.698,21.532,-4.906]","[5.872,44.962,0.290]","[0.048,0.382,-0.017,0.923]","[-4.991,22.631,-4.450]","[0.540,0.491,0.544]",[],[]
28,R22_Helicopter_V2/Graphics_Group/R22_Body_Gruop/R22_Body_LDoor_Geo,"[-4.865,22.415,-4.175]","[5.872,44.962,0.290]","[0.048,0.382,-0.017,0.923]","[-4.956,22.453,-4.436]","[0.728,0.927,0.734]",[],[]
28,R22_Helicopter_V2/Graphics_Group/R22_Cockpit_Gruop/R22_Cockpit_LLever02_Geo,"[-4.411,21.790,-4.218]","[5.872,44.962,0.290]","[0.048,0.382,-0.017,0.923]","[-4.436,21.833,-4.204]","[0.113,0.112,0.114]",[],[]
28,R22_Helicopter_V2/Graphics_Group/R22_Cockpit_Gruop/R22_Cockpit_LLever01_Geo,"[-4.327,21.790,-4.302]","[5.872,44.962,0.290]","[0.048,0.382,-0.017,0.923]","[-4.325,21.823,-4.262]","[0.134,0.101,0.134]",[],[]
28,R22_Helicopter_V2/Graphics_Group/R22_Cockpit_Gruop/R22_Cockpit_Needle02_Geo,"[-3.996,22.248,-4.392]","[5.872,44.962,0.290]","[0.048,0.382,-0.017,0.923]","[-3.993,22.263,-4.389]","[0.007,0.024,0.007]",[],[]
28,R22_Helicopter_V2/Graphics_Group/R22_Cockpit_Gruop/R22_Cockpit_Needle01_Geo,"[-4.199,22.246,-4.189]","[5.872,44.962,0.290]","[0.048,0.382,-0.017,0.923]","[-4.196,22.261,-4.186]","[0.007,0.024,0.007]",[],[]
28,R22_Helicopter_V2/Graphics_Group/R22_Cockpit_Gruop/R22_Cockpit_Handle01_Geo,"[-4.374,22.362,-4.566]","[5.872,44.962,0.290]","[0.048,0.382,-0.017,0.923]","[-4.370,22.416,-4.562]","[0.571,0.191,0.571]",[],[]
28,R22_Helicopter_V2/Graphics_Group/R22_Cockpit_Gruop,"[-4.415,22.238,-4.608]","[5.872,44.962,0.290]","[0.048,0.382,-0.017,0.923]",[],[],[],[]
28,R22_Helicopter_V2/Graphics_Group/R22_Body_Gruop/R22_Body_LDoor_Geo/R22_Cockpit_LDoor_Geo,"[-4.956,22.241,-4.392]","[5.872,44.962,0.290]","[0.048,0.382,-0.017,0.923]","[-4.956,22.241,-4.392]","[0.509,0.452,0.513]",[],[]
28,R22_Helicopter_V2/Graphics_Group/R22_Cockpit_Gruop/R22_Cockpit_Hanlde02_Geo,"[-4.397,21.950,-4.591]","[5.872,44.962,0.290]","[0.048,0.382,-0.017,0.923]","[-4.383,22.158,-4.575]","[0.199,0.426,0.202]",[],[]
28,R22_Helicopter_V2/Graphics_Group/R22_Cockpit_Gruop/R22_Cockpit_RLever01_Geo,"[-4.106,21.791,-4.521]","[5.872,44.962,0.290]","[0.048,0.382,-0.017,0.923]","[-4.067,21.825,-4.520]","[0.134,0.101,0.134]",[],[]
28,R22_Helicopter_V2/Graphics_Group/R22_Body_Gruop/R22_Body_RDoor_Geo/R22_Cockpit_RDoor_Geo,"[-4.198,22.247,-5.148]","[5.872,44.962,0.290]","[0.048,0.382,-0.017,0.923]","[-4.198,22.247,-5.148]","[0.509,0.452,0.513]",[],[]
28,R22_Helicopter_V2,"[-4.698,21.532,-4.906]","[5.872,44.962,0.290]","[0.048,0.382,-0.017,0.923]",[],[],[],[]
28,R22_Helicopter_V2/Graphics_Group/R22_Cockpit_Gruop/R22_Cockpit_RLever02_Geo,"[-4.023,21.792,-4.606]","[5.872,44.962,0.290]","[0.048,0.382,-0.017,0.923]","[-4.009,21.837,-4.630]","[0.113,0.113,0.113]",[],[]
28,R22_Helicopter_V2/Graphics_Group/R22_Cockpit_Gruop/R22_Cockpit_Needle04_Geo,"[-4.192,22.089,-4.304]","[5.872,44.962,0.290]","[0.048,0.382,-0.017,0.923]","[-4.185,22.088,-4.297]","[0.012,0.004,0.012]",[],[]
28,R22_Helicopter_V2/Graphics_Group/R22_Cockpit_Gruop/R22_Cockpit_Needle03_Geo,"[-4.181,22.156,-4.239]","[5.872,44.962,0.290]","[0.048,0.382,-0.017,0.923]","[-4.178,22.170,-4.236]","[0.007,0.024,0.007]",[],[]
28,R22_Helicopter_V2/Graphics_Group/R22_Cockpit_Gruop/R22_Cockpit_PannelButtons_Geo,"[-4.201,22.159,-4.397]","[5.872,44.962,0.290]","[0.048,0.382,-0.017,0.923]","[-4.201,22.159,-4.397]","[0.373,0.409,0.376]",[],[]
28,R22_Helicopter_V2/Graphics_Group/R22_Cockpit_Gruop/R22_Cockpit_Needle05_Geo,"[-4.240,22.089,-4.352]","[5.872,44.962,0.290]","[0.048,0.382,-0.017,0.923]","[-4.232,22.089,-4.345]","[0.012,0.004,0.012]",[],[]
28,R22_Helicopter_V2/Rotors_Group/Main Rotor - Mast/R22_Mechanical_RBlade_Geo,"[-4.731,23.831,-5.064]","[329.727,77.525,4.154]","[0.182,-0.611,-0.191,-0.746]","[-4.520,23.920,-6.036]","[0.743,0.515,2.055]",[],[]
28,R22_Helicopter_V2/Graphics_Group/R22_Mechanical_Group/R22_Mechanical_Motor_Geo,"[-4.532,21.500,-4.730]","[5.872,44.962,0.290]","[0.048,0.382,-0.017,0.923]","[-4.642,22.125,-4.836]","[2.625,1.418,2.633]",[],[]
28,R22_Helicopter_V2/Rotors_Group/Back Rotor - Mast/R22_Mechanical_TailMast_Geo,"[-6.237,22.927,-6.343]","[64.962,45.551,0.683]","[-0.497,-0.324,0.203,-0.779]","[-6.306,22.927,-6.273]","[0.247,0.102,0.247]",[],[]
28,R22_Helicopter_V2/Rotors_Group/Back Rotor - Mast/R22_Mechanical_RTailBlade_Geo,"[-6.364,22.934,-6.187]","[64.962,45.551,0.683]","[-0.497,-0.324,0.203,-0.779]","[-6.296,23.000,-6.118]","[0.199,0.178,0.200]",[],[]
28,R22_Helicopter_V2/Rotors_Group/Main Rotor - Mast/R22_Mechanical_LBlade_Geo,"[-4.770,23.815,-4.818]","[39.568,82.590,4.655]","[-0.279,-0.610,0.194,-0.715]","[-4.979,23.783,-3.842]","[0.751,0.521,2.067]",[],[]
28,R22_Helicopter_V2/Graphics_Group/R22_Mechanical_Group,"[-5.051,22.775,-5.250]","[5.872,44.962,0.290]","[0.048,0.382,-0.017,0.923]",[],[],[],[]
28,R22_Helicopter_V2/Rotors_Group/Main Rotor - Mast/R22_Mechanical_Mast_Geo,"[-4.760,23.686,-4.952]","[4.652,79.914,3.598]","[-0.051,-0.640,0.002,-0.766]","[-4.760,23.686,-4.952]","[0.331,0.521,0.443]",[],[]
28,R22_Helicopter_V2/Rotors_Group/Back Rotor - Mast/R22_Mechanical_LTailBlade_Geo,"[-6.397,22.913,-6.220]","[64.962,45.551,0.683]","[-0.497,-0.324,0.203,-0.779]","[-6.462,22.851,-6.286]","[0.199,0.179,0.200]",[],[]
28,R22_Helicopter_V2/Graphics_Group/R_22_Blendshapes,"[-4.698,21.532,-4.906]","[5.872,44.962,0.290]","[0.048,0.382,-0.017,0.923]",[],[],[],[]
28,R22_Helicopter_V2/Collider Group/Tail_COL,"[-5.700,22.797,-5.901]","[9.553,44.981,0.293]","[0.078,0.381,-0.029,0.921]",[],[],"[-5.700,22.797,-5.901]","[1.276,0.532,1.277]"
28,R22_Helicopter_V2/Rotors_Group/Back Rotor - Mast/Tail Rotor - Double-side blur quad,"[-6.383,22.926,-6.198]","[0.289,314.933,295.036]","[-0.208,0.322,0.495,-0.780]","[-6.383,22.926,-6.198]","[0.564,0.798,0.564]",[],[]
28,R22_Helicopter_V2/Collider Group/L_Skid_COL,"[-5.221,21.561,-4.379]","[5.872,44.962,0.290]","[0.048,0.382,-0.017,0.923]",[],[],"[-5.087,21.542,-4.246]","[1.254,0.268,1.256]"
28,R22_Helicopter_V2/Collider Group/Fuselage_COL,"[-4.644,22.313,-4.846]","[5.872,44.962,0.290]","[0.048,0.382,-0.017,0.923]",[],[],"[-4.644,22.313,-4.846]","[1.956,1.464,1.957]"
28,R22_Helicopter_V2/Engines/Main Engine,"[-4.698,21.532,-4.906]","[5.872,44.962,0.290]","[0.048,0.382,-0.017,0.923]",[],[],[],[]
28,R22_Helicopter_V2/Collider Group/Mast_COL,"[-4.783,23.283,-4.978]","[359.114,44.928,0.289]","[-0.006,0.382,0.005,0.924]",[],[],"[-4.783,23.283,-4.978]","[0.703,0.930,0.702]"
28,R22_Helicopter_V2/Camera LookAt Target,"[-4.589,23.104,-4.785]","[5.872,44.962,0.290]","[0.048,0.382,-0.017,0.923]",[],[],[],[]
28,R22_Helicopter_V2/Rotors_Group/Main Rotor - Mast/Main Rotor -  Blur Quad,"[-4.751,23.814,-4.942]","[84.121,222.126,142.358]","[-0.578,-0.451,0.454,-0.506]","[-4.751,23.814,-4.942]","[4.993,0.618,4.972]",[],[]
28,R22_Helicopter_V2/Rotors_Group,"[-4.698,21.532,-4.906]","[5.872,44.962,0.290]","[0.048,0.382,-0.017,0.923]",[],[],[],[]
28,R22_Helicopter_V2/Rotors_Group/Main Rotor - Mast/Main Rotor -  Double-side blur quad,"[-4.751,23.814,-4.942]","[275.879,42.126,37.642]","[0.506,-0.454,-0.451,-0.578]","[-4.751,23.814,-4.942]","[4.993,0.618,4.972]",[],[]
28,R22_Helicopter_V2/Rotors_Group/Back Rotor - Mast/Tail Rotor - Blur quad,"[-6.383,22.926,-6.198]","[359.711,134.933,64.964]","[-0.495,-0.780,-0.208,-0.322]","[-6.383,22.926,-6.198]","[0.564,0.798,0.564]",[],[]
28,R22_Helicopter_V2/Engines,"[-4.698,21.532,-4.906]","[5.872,44.962,0.290]","[0.048,0.382,-0.017,0.923]",[],[],[],[]
28,R22_Helicopter_V2/Collider Group/R_Skid_COL,"[-4.178,21.569,-5.419]","[5.872,44.962,0.290]","[0.048,0.382,-0.017,0.923]",[],[],"[-4.045,21.549,-5.286]","[1.254,0.268,1.256]"
29,Directional Light,"[0.000,3.000,0.000]","[50.000,330.000,0.000]","[0.408,-0.235,0.109,0.875]",[],[],[],[]
29,Canvas/Panel/Row - INFO,"[275.667,933.267,0.000]","[0.000,0.000,0.000]","[0.000,0.000,0.000,1.000]",[],[],[],[]
29,Canvas/Panel/Row - Pedal/Text (TMP) - Title,"[148.563,1073.333,0.000]","[0.000,0.000,0.000]","[0.000,0.000,0.000,1.000]",[],[],[],[]
29,Level_Manager/FX_GRP,"[0.000,0.000,0.000]","[0.000,0.000,0.000]","[0.000,0.000,0.000,1.000]",[],[],[],[]
29,Canvas/Panel/Row - Sticky Throttle,"[275.667,1340.000,0.000]","[0.000,0.000,0.000]","[0.000,0.000,0.000,1.000]",[],[],[],[]
29,Canvas/Panel/Row - Pedal/Text (TMP) - Content,"[424.230,1073.333,0.000]","[0.000,0.000,0.000]","[0.000,0.000,0.000,1.000]",[],[],[],[]
29,Level_Manager/Audio_GRP,"[0.000,0.000,0.000]","[0.000,0.000,0.000]","[0.000,0.000,0.000,1.000]",[],[],[],[]
29,Canvas/Panel/Row - Raw Throttle,"[275.667,1406.667,0.000]","[0.000,0.000,0.000]","[0.000,0.000,0.000,1.000]",[],[],[],[]
29,Canvas/Panel/Row - Raw Throttle/Text (TMP) - Content,"[424.230,1406.667,0.000]","[0.000,0.000,0.000]","[0.000,0.000,0.000,1.000]",[],[],[],[]
29,Level_Manager/PostProcessing,"[0.000,0.000,0.000]","[0.000,0.000,0.000]","[0.000,0.000,0.000,1.000]",[],[],[],[]
29,Level_Manager/Lighting_GRP,"[0.000,0.000,0.000]","[0.000,0.000,0.000]","[0.000,0.000,0.000,1.000]",[],[],[],[]
29,Canvas/Panel/Row - Sticky Throttle/Text (TMP) - Title,"[148.563,1340.000,0.000]","[0.000,0.000,0.000]","[0.000,0.000,0.000,1.000]",[],[],[],[]
29,R22_Helicopter_V2/Graphics_Group,"[-6.055,33.733,-7.038]","[355.654,45.498,1.964]","[-0.028,0.387,0.030,0.921]",[],[],[],[]
29,R22_Helicopter_V2/Audio Group,"[-6.055,33.733,-7.038]","[355.654,45.498,1.964]","[-0.028,0.387,0.030,0.921]",[],[],[],[]
29,Canvas/Panel/Row - INFO/Text (TMP) - Content,"[275.667,899.933,0.000]","[0.000,0.000,0.000]","[0.000,0.000,0.000,1.000]",[],[],[],[]
29,Level_Manager/Geo_GRP,"[0.000,0.000,0.000]","[0.000,0.000,0.000]","[0.000,0.000,0.000,1.000]",[],[],[],[]
29,Canvas,"[1720.000,720.000,0.000]","[0.000,0.000,0.000]","[0.000,0.000,0.000,1.000]",[],[],[],[]
29,Level_Manager,"[0.000,0.000,0.000]","[0.000,0.000,0.000]","[0.000,0.000,0.000,1.000]",[],[],[],[]
29,Canvas/Panel/Row - Cyclic/Text (TMP) - Content,"[424.230,1140.000,0.000]","[0.000,0.000,0.000]","[0.000,0.000,0.000,1.000]",[],[],[],[]
29,Canvas/Panel/Row - Cyclic,"[275.667,1140.000,0.000]","[0.000,0.000,0.000]","[0.000,0.000,0.000,1.000]",[],[],[],[]
29,Canvas/Panel/Row - Collective/Text (TMP) - Content,"[424.230,1273.333,0.000]","[0.000,0.000,0.000]","[0.000,0.000,0.000,1.000]",[],[],[],[]
29,HeliPad_001,"[1.550,0.000,-0.670]","[0.000,0.000,0.000]","[0.000,0.000,0.000,1.000]","[1.555,-0.012,-0.659]","[14.268,0.216,14.105]",[],[]
29,Canvas/Panel/Row - Cyclic/Text (TMP) - Title,"[148.563,1140.000,0.000]","[0.000,0.000,0.000]","[0.000,0.000,0.000,1.000]",[],[],[],[]
29,Canvas/Panel/Row - Sticky Collective/Text (TMP) - Content,"[424.230,1206.667,0.000]","[0.000,0.000,0.000]","[0.000,0.000,0.000,1.000]",[],[],[],[]
29,Canvas/Panel/Row - Pedal,"[275.667,1073.333,0.000]","[0.000,0.000,0.000]","[0.000,0.000,0.000,1.000]",[],[],[],[]
29,Main Camera,"[-11.803,35.421,-12.546]","[2.031,45.820,0.000]","[0.016,0.389,-0.007,0.921]",[],[],[],[]
29,Canvas/Panel/Row - Sticky Collective,"[275.667,1206.667,0.000]","[0.000,0.000,0.000]","[0.000,0.000,0.000,1.000]",[],[],[],[]
29,Canvas/Panel/Row - Sticky Collective/Text (TMP) - Title,"[148.563,1206.667,0.000]","[0.000,0.000,0.000]","[0.000,0.000,0.000,1.000]",[],[],[],[]
29,Plane,"[0.000,0.000,0.000]","[0.000,0.000,0.000]","[0.000,0.000,0.000,1.000]","[0.000,0.000,0.000]","[1000.000,0.000,1000.000]","[0.000,0.000,0.000]","[1000.000,0.000,1000.000]"
29,EventSystem,"[0.000,0.000,0.000]","[0.000,0.000,0.000]","[0.000,0.000,0.000,1.000]",[],[],[],[]
29,R22_Helicopter_V2/COG,"[-6.247,34.494,-7.190]","[355.654,45.498,1.964]","[-0.028,0.387,0.030,0.921]",[],[],[],[]
29,Canvas/Panel/Row - Raw Throttle/Text (TMP) - Title,"[148.563,1406.667,0.000]","[0.000,0.000,0.000]","[0.000,0.000,0.000,1.000]",[],[],[],[]
29,Canvas/Panel/Row - Sticky Throttle/Text (TMP) - Content,"[424.230,1340.000,0.000]","[0.000,0.000,0.000]","[0.000,0.000,0.000,1.000]",[],[],[],[]
29,R22_Helicopter_V2/Collider Group,"[-6.055,33.733,-7.038]","[355.654,45.498,1.964]","[-0.028,0.387,0.030,0.921]",[],[],[],[]
29,Canvas/Panel/Row - INFO/Text (TMP) - Title,"[275.667,1006.667,0.000]","[0.000,0.000,0.000]","[0.000,0.000,0.000,1.000]",[],[],[],[]
29,Canvas/Panel,"[0.000,1440.000,0.000]","[0.000,0.000,0.000]","[0.000,0.000,0.000,1.000]",[],[],[],[]
29,Canvas/Panel/Row - Collective/Text (TMP) - Title,"[148.563,1273.333,0.000]","[0.000,0.000,0.000]","[0.000,0.000,0.000,1.000]",[],[],[],[]
29,Canvas/Panel/Row - Collective,"[275.667,1273.333,0.000]","[0.000,0.000,0.000]","[0.000,0.000,0.000,1.000]",[],[],[],[]
29,R22_Helicopter_V2/Rotors_Group/Back Rotor - Mast,"[-7.784,34.729,-8.587]","[11.551,225.247,178.001]","[-0.918,-0.055,0.384,-0.086]",[],[],[],[]
29,R22_Helicopter_V2/Rotors_Group/Main Rotor - Mast,"[-6.433,35.837,-7.306]","[4.106,280.480,2.428]","[-0.014,0.640,-0.039,-0.768]",[],[],[],[]
29,R22_Helicopter_V2/Graphics_Group/R22_Body_Gruop/R22_Body_RDoor_Geo/R22_Body_RDoorGlass_Geo,"[-6.055,33.733,-7.038]","[355.654,45.498,1.964]","[-0.028,0.387,0.030,0.921]","[-5.784,34.854,-7.433]","[0.547,0.482,0.522]",[],[]
29,R22_Helicopter_V2/Graphics_Group/R22_Body_Gruop/R22_Body_RDoor_Geo,"[-5.483,34.680,-7.277]","[355.654,45.498,1.964]","[-0.028,0.387,0.030,0.921]","[-5.743,34.684,-7.381]","[0.740,0.916,0.692]",[],[]
29,R22_Helicopter_V2/Graphics_Group/R22_Cockpit_Gruop/R22_Cockpit_Chairs_Geo,"[-5.844,34.054,-6.807]","[355.654,45.498,1.964]","[-0.028,0.387,0.030,0.921]","[-5.879,34.500,-6.820]","[1.608,1.026,1.564]",[],[]
29,R22_Helicopter_V2/Graphics_Group/R22_Body_Gruop/R22_Body_Windshield_Geo,"[-6.055,33.733,-7.038]","[355.654,45.498,1.964]","[-0.028,0.387,0.030,0.921]","[-5.733,34.796,-6.663]","[1.525,1.029,1.489]",[],[]
29,R22_Helicopter_V2/Graphics_Group/R22_Body_Gruop,"[-6.637,34.762,-7.549]","[355.654,45.498,1.964]","[-0.028,0.387,0.030,0.921]",[],[],[],[]
29,R22_Helicopter_V2/Graphics_Group/R22_Body_Gruop/R22_Body_Geo,"[-6.055,33.733,-7.038]","[355.654,45.498,1.964]","[-0.028,0.387,0.030,0.921]","[-6.637,34.762,-7.549]","[3.405,2.061,3.296]",[],[]
29,R22_Helicopter_V2/Graphics_Group/R22_Body_Gruop/R22_Body_LDoor_Geo/R22_Body_LDoorGlass_Geo,"[-6.055,33.733,-7.038]","[355.654,45.498,1.964]","[-0.028,0.387,0.030,0.921]","[-6.506,34.819,-6.694]","[0.547,0.482,0.522]",[],[]
29,R22_Helicopter_V2/Graphics_Group/R22_Body_Gruop/R22_Body_LDoor_Geo,"[-6.350,34.654,-6.400]","[355.654,45.498,1.964]","[-0.028,0.387,0.030,0.921]","[-6.445,34.650,-6.663]","[0.740,0.916,0.692]",[],[]
29,R22_Helicopter_V2/Graphics_Group/R22_Cockpit_Gruop/R22_Cockpit_LLever02_Geo,"[-5.808,34.100,-6.386]","[355.654,45.498,1.964]","[-0.028,0.387,0.030,0.921]","[-5.839,34.141,-6.376]","[0.114,0.114,0.110]",[],[]
29,R22_Helicopter_V2/Graphics_Group/R22_Cockpit_Gruop/R22_Cockpit_LLever01_Geo,"[-5.725,34.104,-6.470]","[355.654,45.498,1.964]","[-0.028,0.387,0.030,0.921]","[-5.729,34.141,-6.434]","[0.134,0.103,0.130]",[],[]
29,R22_Helicopter_V2/Graphics_Group/R22_Cockpit_Gruop/R22_Cockpit_Needle02_Geo,"[-5.465,34.593,-6.613]","[355.654,45.498,1.964]","[-0.028,0.387,0.030,0.921]","[-5.464,34.609,-6.612]","[0.007,0.024,0.006]",[],[]
29,R22_Helicopter_V2/Graphics_Group/R22_Cockpit_Gruop/R22_Cockpit_Needle01_Geo,"[-5.666,34.583,-6.408]","[355.654,45.498,1.964]","[-0.028,0.387,0.030,0.921]","[-5.665,34.599,-6.407]","[0.007,0.024,0.006]",[],[]
29,R22_Helicopter_V2/Graphics_Group/R22_Cockpit_Gruop/R22_Cockpit_Handle01_Geo,"[-5.856,34.632,-6.791]","[355.654,45.498,1.964]","[-0.028,0.387,0.030,0.921]","[-5.861,34.686,-6.793]","[0.567,0.208,0.568]",[],[]
29,R22_Helicopter_V2/Graphics_Group/R22_Cockpit_Gruop,"[-5.879,34.500,-6.820]","[355.654,45.498,1.964]","[-0.028,0.387,0.030,0.921]",[],[],[],[]
29,R22_Helicopter_V2/Graphics_Group/R22_Body_Gruop/R22_Body_LDoor_Geo/R22_Cockpit_LDoor_Geo,"[-6.415,34.447,-6.596]","[355.654,45.498,1.964]","[-0.028,0.387,0.030,0.921]","[-6.415,34.447,-6.596]","[0.516,0.442,0.492]",[],[]
29,R22_Helicopter_V2/Graphics_Group/R22_Cockpit_Gruop/R22_Cockpit_Hanlde02_Geo,"[-5.819,34.221,-6.774]","[355.654,45.498,1.964]","[-0.028,0.387,0.030,0.921]","[-5.835,34.429,-6.780]","[0.203,0.427,0.183]",[],[]
29,R22_Helicopter_V2/Graphics_Group/R22_Cockpit_Gruop/R22_Cockpit_RLever01_Geo,"[-5.508,34.114,-6.693]","[355.654,45.498,1.964]","[-0.028,0.387,0.030,0.921]","[-5.474,34.153,-6.695]","[0.134,0.102,0.130]",[],[]
29,R22_Helicopter_V2/Graphics_Group/R22_Body_Gruop/R22_Body_RDoor_Geo/R22_Cockpit_RDoor_Geo,"[-5.666,34.483,-7.362]","[355.654,45.498,1.964]","[-0.028,0.387,0.030,0.921]","[-5.666,34.483,-7.362]","[0.516,0.442,0.492]",[],[]
29,R22_Helicopter_V2,"[-6.055,33.733,-7.038]","[355.654,45.498,1.964]","[-0.028,0.387,0.030,0.921]",[],[],[],[]
29,R22_Helicopter_V2/Graphics_Group/R22_Cockpit_Gruop/R22_Cockpit_RLever02_Geo,"[-5.426,34.119,-6.778]","[355.654,45.498,1.964]","[-0.028,0.387,0.030,0.921]","[-5.418,34.162,-6.807]","[0.113,0.115,0.109]",[],[]
29,R22_Helicopter_V2/Graphics_Group/R22_Cockpit_Gruop/R22_Cockpit_Needle04_Geo,"[-5.636,34.417,-6.506]","[355.654,45.498,1.964]","[-0.028,0.387,0.030,0.921]","[-5.629,34.419,-6.499]","[0.012,0.003,0.012]",[],[]
29,R22_Helicopter_V2/Graphics_Group/R22_Cockpit_Gruop/R22_Cockpit_Needle03_Geo,"[-5.635,34.492,-6.448]","[355.654,45.498,1.964]","[-0.028,0.387,0.030,0.921]","[-5.634,34.507,-6.447]","[0.007,0.024,0.006]",[],[]
29,R22_Helicopter_V2/Graphics_Group/R22_Cockpit_Gruop/R22_Cockpit_PannelButtons_Geo,"[-5.655,34.475,-6.605]","[355.654,45.498,1.964]","[-0.028,0.387,0.030,0.921]","[-5.655,34.475,-6.605]","[0.378,0.407,0.358]",[],[]
29,R22_Helicopter_V2/Graphics_Group/R22_Cockpit_Gruop/R22_Cockpit_Needle05_Geo,"[-5.683,34.406,-6.553]","[355.654,45.498,1.964]","[-0.028,0.387,0.030,0.921]","[-5.676,34.408,-6.546]","[0.012,0.003,0.012]",[],[]
29,R22_Helicopter_V2/Rotors_Group/Main Rotor - Mast/R22_Mechanical_RBlade_Geo,"[-6.419,35.980,-7.188]","[350.713,279.910,2.454]","[0.076,0.640,0.036,-0.764]","[-6.280,36.036,-6.201]","[0.674,0.415,2.062]",[],[]
29,R22_Helicopter_V2/Graphics_Group/R22_Mechanical_Group/R22_Mechanical_Motor_Geo,"[-5.886,33.744,-6.863]","[355.654,45.498,1.964]","[-0.028,0.387,0.030,0.921]","[-6.087,34.332,-7.031]","[2.639,1.411,2.579]",[],[]
29,R22_Helicopter_V2/Rotors_Group/Back Rotor - Mast/R22_Mechanical_TailMast_Geo,"[-7.784,34.729,-8.587]","[11.551,225.247,178.001]","[-0.918,-0.055,0.384,-0.086]","[-7.853,34.725,-8.516]","[0.231,0.109,0.230]",[],[]
29,R22_Helicopter_V2/Rotors_Group/Back Rotor - Mast/R22_Mechanical_RTailBlade_Geo,"[-7.921,34.700,-8.442]","[11.551,225.247,178.001]","[-0.918,-0.055,0.384,-0.086]","[-7.889,34.590,-8.416]","[0.104,0.273,0.091]",[],[]
29,R22_Helicopter_V2/Rotors_Group/Main Rotor - Mast/R22_Mechanical_LBlade_Geo,"[-6.469,35.969,-7.432]","[17.497,281.070,2.539]","[-0.103,0.631,-0.114,-0.761]","[-6.610,35.944,-8.421]","[0.707,0.439,2.051]",[],[]
29,R22_Helicopter_V2/Graphics_Group/R22_Mechanical_Group,"[-6.587,34.868,-7.504]","[355.654,45.498,1.964]","[-0.028,0.387,0.030,0.921]",[],[],[],[]
29,R22_Helicopter_V2/Rotors_Group/Main Rotor - Mast/R22_Mechanical_Mast_Geo,"[-6.433,35.837,-7.306]","[4.106,280.480,2.428]","[-0.014,0.640,-0.039,-0.768]","[-6.433,35.837,-7.306]","[0.335,0.512,0.422]",[],[]
29,R22_Helicopter_V2/Rotors_Group/Back Rotor - Mast/R22_Mechanical_LTailBlade_Geo,"[-7.930,34.751,-8.448]","[11.551,225.247,178.001]","[-0.918,-0.055,0.384,-0.086]","[-7.959,34.854,-8.472]","[0.104,0.273,0.091]",[],[]
29,R22_Helicopter_V2/Graphics_Group/R_22_Blendshapes,"[-6.055,33.733,-7.038]","[355.654,45.498,1.964]","[-0.028,0.387,0.030,0.921]",[],[],[],[]
29,R22_Helicopter_V2/Collider Group/Tail_COL,"[-7.234,34.727,-8.143]","[359.333,45.624,1.958]","[0.001,0.388,0.018,0.922]",[],[],"[-7.234,34.727,-8.143]","[1.301,0.316,1.279]"
29,R22_Helicopter_V2/Rotors_Group/Back Rotor - Mast/Tail Rotor - Double-side blur quad,"[-7.928,34.722,-8.440]","[1.958,315.648,191.558]","[-0.377,0.022,0.921,-0.100]","[-7.928,34.722,-8.440]","[0.517,0.708,0.484]",[],[]
29,R22_Helicopter_V2/Collider Group/L_Skid_COL,"[-6.576,33.741,-6.509]","[355.654,45.498,1.964]","[-0.028,0.387,0.030,0.921]",[],[],"[-6.441,33.755,-6.376]","[1.268,0.224,1.248]"
29,R22_Helicopter_V2/Collider Group/Fuselage_COL,"[-6.116,34.515,-7.061]","[355.654,45.498,1.964]","[-0.028,0.387,0.030,0.921]",[],[],"[-6.116,34.515,-7.061]","[1.963,1.442,1.953]"
29,R22_Helicopter_V2/Engines/Main Engine,"[-6.055,33.733,-7.038]","[355.654,45.498,1.964]","[-0.028,0.387,0.030,0.921]",[],[],[],[]
29,R22_Helicopter_V2/Collider Group/Mast_COL,"[-6.396,35.435,-7.290]","[348.900,45.263,1.996]","[-0.083,0.384,0.053,0.918]",[],[],"[-6.396,35.435,-7.290]","[0.737,0.926,0.725]"
29,R22_Helicopter_V2/Camera LookAt Target,"[-6.178,35.308,-7.083]","[355.654,45.498,1.964]","[-0.028,0.387,0.030,0.921]",[],[],[],[]
29,R22_Helicopter_V2/Rotors_Group/Main Rotor - Mast/Main Rotor -  Blur Quad,"[-6.443,35.966,-7.310]","[85.231,69.844,149.451]","[-0.553,0.425,-0.480,-0.533]","[-6.443,35.966,-7.310]","[4.986,0.490,5.007]",[],[]
29,R22_Helicopter_V2/Rotors_Group,"[-6.055,33.733,-7.038]","[355.654,45.498,1.964]","[-0.028,0.387,0.030,0.921]",[],[],[],[]
29,R22_Helicopter_V2/Rotors_Group/Main Rotor - Mast/Main Rotor -  Double-side blur quad,"[-6.443,35.966,-7.310]","[274.769,249.844,30.549]","[0.533,0.480,0.425,-0.553]","[-6.443,35.966,-7.310]","[4.986,0.490,5.007]",[],[]
29,R22_Helicopter_V2/Rotors_Group/Back Rotor - Mast/Tail Rotor - Blur quad,"[-7.928,34.722,-8.440]","[358.042,135.648,168.442]","[-0.921,-0.100,-0.377,-0.022]","[-7.928,34.722,-8.440]","[0.517,0.708,0.484]",[],[]
29,R22_Helicopter_V2/Engines,"[-6.055,33.733,-7.038]","[355.654,45.498,1.964]","[-0.028,0.387,0.030,0.921]",[],[],[],[]
29,R22_Helicopter_V2/Collider Group/R_Skid_COL,"[-5.547,33.791,-7.561]","[355.654,45.498,1.964]","[-0.028,0.387,0.030,0.921]",[],[],"[-5.412,33.805,-7.429]","[1.268,0.224,1.248]"
30,Directional Light,"[0.000,3.000,0.000]","[50.000,330.000,0.000]","[0.408,-0.235,0.109,0.875]",[],[],[],[]
30,Canvas/Panel/Row - INFO,"[275.667,933.267,0.000]","[0.000,0.000,0.000]","[0.000,0.000,0.000,1.000]",[],[],[],[]
30,Canvas/Panel/Row - Pedal/Text (TMP) - Title,"[148.563,1073.333,0.000]","[0.000,0.000,0.000]","[0.000,0.000,0.000,1.000]",[],[],[],[]
30,Level_Manager/FX_GRP,"[0.000,0.000,0.000]","[0.000,0.000,0.000]","[0.000,0.000,0.000,1.000]",[],[],[],[]
30,Canvas/Panel/Row - Sticky Throttle,"[275.667,1340.000,0.000]","[0.000,0.000,0.000]","[0.000,0.000,0.000,1.000]",[],[],[],[]
30,Canvas/Panel/Row - Pedal/Text (TMP) - Content,"[424.230,1073.333,0.000]","[0.000,0.000,0.000]","[0.000,0.000,0.000,1.000]",[],[],[],[]
30,Level_Manager/Audio_GRP,"[0.000,0.000,0.000]","[0.000,0.000,0.000]","[0.000,0.000,0.000,1.000]",[],[],[],[]
30,Canvas/Panel/Row - Raw Throttle,"[275.667,1406.667,0.000]","[0.000,0.000,0.000]","[0.000,0.000,0.000,1.000]",[],[],[],[]
30,Canvas/Panel/Row - Raw Throttle/Text (TMP) - Content,"[424.230,1406.667,0.000]","[0.000,0.000,0.000]","[0.000,0.000,0.000,1.000]",[],[],[],[]
30,Level_Manager/PostProcessing,"[0.000,0.000,0.000]","[0.000,0.000,0.000]","[0.000,0.000,0.000,1.000]",[],[],[],[]
30,Level_Manager/Lighting_GRP,"[0.000,0.000,0.000]","[0.000,0.000,0.000]","[0.000,0.000,0.000,1.000]",[],[],[],[]
30,Canvas/Panel/Row - Sticky Throttle/Text (TMP) - Title,"[148.563,1340.000,0.000]","[0.000,0.000,0.000]","[0.000,0.000,0.000,1.000]",[],[],[],[]
30,R22_Helicopter_V2/Graphics_Group,"[-6.140,35.859,-7.187]","[311.695,45.076,4.612]","[-0.364,0.365,0.191,0.836]",[],[],[],[]
30,R22_Helicopter_V2/Audio Group,"[-6.140,35.859,-7.187]","[311.695,45.076,4.612]","[-0.364,0.365,0.191,0.836]",[],[],[],[]
30,Canvas/Panel/Row - INFO/Text (TMP) - Content,"[275.667,899.933,0.000]","[0.000,0.000,0.000]","[0.000,0.000,0.000,1.000]",[],[],[],[]
30,Level_Manager/Geo_GRP,"[0.000,0.000,0.000]","[0.000,0.000,0.000]","[0.000,0.000,0.000,1.000]",[],[],[],[]
30,Canvas,"[1720.000,720.000,0.000]","[0.000,0.000,0.000]","[0.000,0.000,0.000,1.000]",[],[],[],[]
30,Level_Manager,"[0.000,0.000,0.000]","[0.000,0.000,0.000]","[0.000,0.000,0.000,1.000]",[],[],[],[]
30,Canvas/Panel/Row - Cyclic/Text (TMP) - Content,"[424.230,1140.000,0.000]","[0.000,0.000,0.000]","[0.000,0.000,0.000,1.000]",[],[],[],[]
30,Canvas/Panel/Row - Cyclic,"[275.667,1140.000,0.000]","[0.000,0.000,0.000]","[0.000,0.000,0.000,1.000]",[],[],[],[]
30,Canvas/Panel/Row - Collective/Text (TMP) - Content,"[424.230,1273.333,0.000]","[0.000,0.000,0.000]","[0.000,0.000,0.000,1.000]",[],[],[],[]
30,HeliPad_001,"[1.550,0.000,-0.670]","[0.000,0.000,0.000]","[0.000,0.000,0.000,1.000]","[1.555,-0.012,-0.659]","[14.268,0.216,14.105]",[],[]
30,Canvas/Panel/Row - Cyclic/Text (TMP) - Title,"[148.563,1140.000,0.000]","[0.000,0.000,0.000]","[0.000,0.000,0.000,1.000]",[],[],[],[]
30,Canvas/Panel/Row - Sticky Collective/Text (TMP) - Content,"[424.230,1206.667,0.000]","[0.000,0.000,0.000]","[0.000,0.000,0.000,1.000]",[],[],[],[]
30,Canvas/Panel/Row - Pedal,"[275.667,1073.333,0.000]","[0.000,0.000,0.000]","[0.000,0.000,0.000,1.000]",[],[],[],[]
30,Main Camera,"[-11.667,41.121,-12.616]","[32.192,44.536,0.000]","[0.257,0.364,-0.105,0.889]",[],[],[],[]
30,Canvas/Panel/Row - Sticky Collective,"[275.667,1206.667,0.000]","[0.000,0.000,0.000]","[0.000,0.000,0.000,1.000]",[],[],[],[]
30,Canvas/Panel/Row - Sticky Collective/Text (TMP) - Title,"[148.563,1206.667,0.000]","[0.000,0.000,0.000]","[0.000,0.000,0.000,1.000]",[],[],[],[]
30,Plane,"[0.000,0.000,0.000]","[0.000,0.000,0.000]","[0.000,0.000,0.000,1.000]","[0.000,0.000,0.000]","[1000.000,0.000,1000.000]","[0.000,0.000,0.000]","[1000.000,0.000,1000.000]"
30,EventSystem,"[0.000,0.000,0.000]","[0.000,0.000,0.000]","[0.000,0.000,0.000,1.000]",[],[],[],[]
30,R22_Helicopter_V2/COG,"[-6.681,36.237,-7.639]","[311.695,45.076,4.612]","[-0.364,0.365,0.191,0.836]",[],[],[],[]
30,Canvas/Panel/Row - Raw Throttle/Text (TMP) - Title,"[148.563,1406.667,0.000]","[0.000,0.000,0.000]","[0.000,0.000,0.000,1.000]",[],[],[],[]
30,Canvas/Panel/Row - Sticky Throttle/Text (TMP) - Content,"[424.230,1340.000,0.000]","[0.000,0.000,0.000]","[0.000,0.000,0.000,1.000]",[],[],[],[]
30,R22_Helicopter_V2/Collider Group,"[-6.140,35.859,-7.187]","[311.695,45.076,4.612]","[-0.364,0.365,0.191,0.836]",[],[],[],[]
30,Canvas/Panel/Row - INFO/Text (TMP) - Title,"[275.667,1006.667,0.000]","[0.000,0.000,0.000]","[0.000,0.000,0.000,1.000]",[],[],[],[]
30,Canvas/Panel,"[0.000,1440.000,0.000]","[0.000,0.000,0.000]","[0.000,0.000,0.000,1.000]",[],[],[],[]
30,Canvas/Panel/Row - Collective/Text (TMP) - Title,"[148.563,1273.333,0.000]","[0.000,0.000,0.000]","[0.000,0.000,0.000,1.000]",[],[],[],[]
30,Canvas/Panel/Row - Collective,"[275.667,1273.333,0.000]","[0.000,0.000,0.000]","[0.000,0.000,0.000,1.000]",[],[],[],[]
30,R22_Helicopter_V2/Rotors_Group/Back Rotor - Mast,"[-7.922,34.963,-8.737]","[39.508,225.993,176.025]","[0.861,0.162,-0.378,0.298]",[],[],[],[]
30,R22_Helicopter_V2/Rotors_Group/Main Rotor - Mast,"[-7.526,37.053,-8.326]","[345.691,128.187,313.176]","[-0.405,0.797,-0.069,0.442]",[],[],[],[]
30,R22_Helicopter_V2/Graphics_Group/R22_Body_Gruop/R22_Body_RDoor_Geo/R22_Body_RDoorGlass_Geo,"[-6.140,35.859,-7.187]","[311.695,45.076,4.612]","[-0.364,0.365,0.191,0.836]","[-6.448,36.622,-8.087]","[0.628,0.712,0.592]",[],[]
30,R22_Helicopter_V2/Graphics_Group/R22_Body_Gruop/R22_Body_RDoor_Geo,"[-6.124,36.725,-7.916]","[311.695,45.076,4.612]","[-0.364,0.365,0.191,0.836]","[-6.331,36.546,-7.970]","[0.989,1.125,0.909]",[],[]
30,R22_Helicopter_V2/Graphics_Group/R22_Cockpit_Gruop/R22_Cockpit_Chairs_Geo,"[-6.160,36.307,-7.163]","[311.695,45.076,4.612]","[-0.364,0.365,0.191,0.836]","[-6.421,36.603,-7.373]","[1.743,1.541,1.724]",[],[]
30,R22_Helicopter_V2/Graphics_Group/R22_Body_Gruop/R22_Body_Windshield_Geo,"[-6.140,35.859,-7.187]","[311.695,45.076,4.612]","[-0.364,0.365,0.191,0.836]","[-6.472,36.965,-7.393]","[1.746,1.308,1.744]",[],[]
30,R22_Helicopter_V2/Graphics_Group/R22_Body_Gruop,"[-7.104,36.061,-8.016]","[311.695,45.076,4.612]","[-0.364,0.365,0.191,0.836]",[],[],[],[]
30,R22_Helicopter_V2/Graphics_Group/R22_Body_Gruop/R22_Body_Geo,"[-6.140,35.859,-7.187]","[311.695,45.076,4.612]","[-0.364,0.365,0.191,0.836]","[-7.104,36.061,-8.016]","[3.442,3.760,3.342]",[],[]
30,R22_Helicopter_V2/Graphics_Group/R22_Body_Gruop/R22_Body_LDoor_Geo/R22_Body_LDoorGlass_Geo,"[-6.140,35.859,-7.187]","[311.695,45.076,4.612]","[-0.364,0.365,0.191,0.836]","[-7.132,36.567,-7.314]","[0.628,0.712,0.592]",[],[]
30,R22_Helicopter_V2/Graphics_Group/R22_Body_Gruop/R22_Body_LDoor_Geo,"[-6.951,36.666,-7.004]","[311.695,45.076,4.612]","[-0.364,0.365,0.191,0.836]","[-6.996,36.492,-7.218]","[0.989,1.125,0.909]",[],[]
30,R22_Helicopter_V2/Graphics_Group/R22_Cockpit_Gruop/R22_Cockpit_LLever02_Geo,"[-6.207,36.554,-6.820]","[311.695,45.076,4.612]","[-0.364,0.365,0.191,0.836]","[-6.256,36.572,-6.826]","[0.154,0.108,0.151]",[],[]
30,R22_Helicopter_V2/Graphics_Group/R22_Cockpit_Gruop/R22_Cockpit_LLever01_Geo,"[-6.128,36.560,-6.909]","[311.695,45.076,4.612]","[-0.364,0.365,0.191,0.836]","[-6.155,36.602,-6.894]","[0.160,0.122,0.159]",[],[]
30,R22_Helicopter_V2/Graphics_Group/R22_Cockpit_Gruop/R22_Cockpit_Needle02_Geo,"[-6.147,36.980,-7.297]","[311.695,45.076,4.612]","[-0.364,0.365,0.191,0.836]","[-6.155,36.992,-7.304]","[0.018,0.019,0.016]",[],[]
30,R22_Helicopter_V2/Graphics_Group/R22_Cockpit_Gruop/R22_Cockpit_Needle01_Geo,"[-6.337,36.965,-7.082]","[311.695,45.076,4.612]","[-0.364,0.365,0.191,0.836]","[-6.345,36.977,-7.089]","[0.018,0.019,0.016]",[],[]
30,R22_Helicopter_V2/Graphics_Group/R22_Cockpit_Gruop/R22_Cockpit_Handle01_Geo,"[-6.474,36.723,-7.412]","[311.695,45.076,4.612]","[-0.364,0.365,0.191,0.836]","[-6.506,36.759,-7.437]","[0.603,0.241,0.641]",[],[]
30,R22_Helicopter_V2/Graphics_Group/R22_Cockpit_Gruop,"[-6.421,36.603,-7.373]","[311.695,45.076,4.612]","[-0.364,0.365,0.191,0.836]",[],[],[],[]
30,R22_Helicopter_V2/Graphics_Group/R22_Body_Gruop/R22_Body_LDoor_Geo/R22_Cockpit_LDoor_Geo,"[-6.872,36.392,-7.071]","[311.695,45.076,4.612]","[-0.364,0.365,0.191,0.836]","[-6.872,36.392,-7.071]","[0.579,0.686,0.544]",[],[]
30,R22_Helicopter_V2/Graphics_Group/R22_Cockpit_Gruop/R22_Cockpit_Hanlde02_Geo,"[-6.230,36.455,-7.214]","[311.695,45.076,4.612]","[-0.364,0.365,0.191,0.836]","[-6.352,36.594,-7.312]","[0.380,0.370,0.343]",[],[]
30,R22_Helicopter_V2/Graphics_Group/R22_Cockpit_Gruop/R22_Cockpit_RLever01_Geo,"[-5.922,36.577,-7.141]","[311.695,45.076,4.612]","[-0.364,0.365,0.191,0.836]","[-5.914,36.621,-7.167]","[0.160,0.121,0.159]",[],[]
30,R22_Helicopter_V2/Graphics_Group/R22_Body_Gruop/R22_Body_RDoor_Geo/R22_Cockpit_RDoor_Geo,"[-6.164,36.450,-7.873]","[311.695,45.076,4.612]","[-0.364,0.365,0.191,0.836]","[-6.164,36.450,-7.873]","[0.579,0.686,0.544]",[],[]
30,R22_Helicopter_V2,"[-6.140,35.859,-7.187]","[311.695,45.076,4.612]","[-0.364,0.365,0.191,0.836]",[],[],[],[]
30,R22_Helicopter_V2/Graphics_Group/R22_Cockpit_Gruop/R22_Cockpit_RLever02_Geo,"[-5.845,36.583,-7.231]","[311.695,45.076,4.612]","[-0.364,0.365,0.191,0.836]","[-5.857,36.605,-7.277]","[0.154,0.108,0.151]",[],[]
30,R22_Helicopter_V2/Graphics_Group/R22_Cockpit_Gruop/R22_Cockpit_Needle04_Geo,"[-6.212,36.815,-7.097]","[311.695,45.076,4.612]","[-0.364,0.365,0.191,0.836]","[-6.208,36.823,-7.093]","[0.010,0.013,0.010]",[],[]
30,R22_Helicopter_V2/Graphics_Group/R22_Cockpit_Gruop/R22_Cockpit_Needle03_Geo,"[-6.258,36.896,-7.080]","[311.695,45.076,4.612]","[-0.364,0.365,0.191,0.836]","[-6.265,36.908,-7.087]","[0.018,0.019,0.016]",[],[]
30,R22_Helicopter_V2/Graphics_Group/R22_Cockpit_Gruop/R22_Cockpit_PannelButtons_Geo,"[-6.246,36.801,-7.208]","[311.695,45.076,4.612]","[-0.364,0.365,0.191,0.836]","[-6.246,36.801,-7.208]","[0.487,0.494,0.458]",[],[]
30,R22_Helicopter_V2/Graphics_Group/R22_Cockpit_Gruop/R22_Cockpit_Needle05_Geo,"[-6.240,36.761,-7.126]","[311.695,45.076,4.612]","[-0.364,0.365,0.191,0.836]","[-6.236,36.769,-7.121]","[0.010,0.013,0.010]",[],[]
30,R22_Helicopter_V2/Rotors_Group/Main Rotor - Mast/R22_Mechanical_RBlade_Geo,"[-7.644,37.056,-8.470]","[345.691,128.187,313.176]","[-0.405,0.797,-0.069,0.442]","[-7.897,36.366,-9.146]","[0.949,1.694,1.618]",[],[]
30,R22_Helicopter_V2/Graphics_Group/R22_Mechanical_Group/R22_Mechanical_Motor_Geo,"[-6.025,36.036,-7.064]","[311.695,45.076,4.612]","[-0.364,0.365,0.191,0.836]","[-6.481,36.277,-7.450]","[2.697,2.417,2.690]",[],[]
30,R22_Helicopter_V2/Rotors_Group/Back Rotor - Mast/R22_Mechanical_TailMast_Geo,"[-7.922,34.963,-8.737]","[39.508,225.993,176.025]","[0.861,0.162,-0.378,0.298]","[-7.987,34.957,-8.662]","[0.242,0.125,0.251]",[],[]
30,R22_Helicopter_V2/Rotors_Group/Back Rotor - Mast/R22_Mechanical_RTailBlade_Geo,"[-8.044,34.934,-8.578]","[39.508,225.993,176.025]","[0.861,0.162,-0.378,0.298]","[-7.975,34.856,-8.523]","[0.182,0.250,0.152]",[],[]
30,R22_Helicopter_V2/Rotors_Group/Main Rotor - Mast/R22_Mechanical_LBlade_Geo,"[-7.569,37.233,-8.311]","[345.691,128.187,313.176]","[-0.405,0.797,-0.069,0.442]","[-7.323,37.931,-7.640]","[0.947,1.691,1.617]",[],[]
30,R22_Helicopter_V2/Graphics_Group/R22_Mechanical_Group,"[-7.123,36.184,-8.033]","[311.695,45.076,4.612]","[-0.364,0.365,0.191,0.836]",[],[],[],[]
30,R22_Helicopter_V2/Rotors_Group/Main Rotor - Mast/R22_Mechanical_Mast_Geo,"[-7.526,37.053,-8.326]","[345.691,128.187,313.176]","[-0.405,0.797,-0.069,0.442]","[-7.526,37.053,-8.326]","[0.565,0.640,0.608]",[],[]
30,R22_Helicopter_V2/Rotors_Group/Back Rotor - Mast/R22_Mechanical_LTailBlade_Geo,"[-8.070,34.974,-8.598]","[39.508,225.993,176.025]","[0.861,0.162,-0.378,0.298]","[-8.134,35.047,-8.650]","[0.182,0.250,0.152]",[],[]
30,R22_Helicopter_V2/Graphics_Group/R_22_Blendshapes,"[-6.140,35.859,-7.187]","[311.695,45.076,4.612]","[-0.364,0.365,0.191,0.836]",[],[],[],[]
30,R22_Helicopter_V2/Collider Group/Tail_COL,"[-7.513,35.452,-8.430]","[315.365,45.492,4.311]","[-0.337,0.371,0.179,0.847]",[],[],"[-7.513,35.452,-8.430]","[1.010,1.284,0.998]"
30,R22_Helicopter_V2/Rotors_Group/Back Rotor - Mast/Tail Rotor - Double-side blur quad,"[-8.058,34.952,-8.583]","[3.066,318.524,219.576]","[0.342,-0.096,-0.876,0.325]","[-8.058,34.952,-8.583]","[0.636,0.844,0.556]",[],[]
30,R22_Helicopter_V2/Collider Group/L_Skid_COL,"[-6.650,35.842,-6.647]","[311.695,45.076,4.612]","[-0.364,0.365,0.191,0.836]",[],[],"[-6.561,35.983,-6.558]","[0.873,1.326,0.871]"
30,R22_Helicopter_V2/Collider Group/Fuselage_COL,"[-6.598,36.380,-7.555]","[311.695,45.076,4.612]","[-0.364,0.365,0.191,0.836]",[],[],"[-6.598,36.380,-7.555]","[1.766,1.992,1.765]"
30,R22_Helicopter_V2/Engines/Main Engine,"[-6.140,35.859,-7.187]","[311.695,45.076,4.612]","[-0.364,0.365,0.191,0.836]",[],[],[],[]
30,R22_Helicopter_V2/Collider Group/Mast_COL,"[-7.287,36.790,-8.134]","[304.963,44.130,5.356]","[-0.412,0.353,0.212,0.813]",[],[],"[-7.287,36.790,-8.134]","[0.846,0.831,0.820]"
30,R22_Helicopter_V2/Camera LookAt Target,"[-7.062,36.907,-7.927]","[311.695,45.076,4.612]","[-0.364,0.365,0.191,0.836]",[],[],[],[]
30,R22_Helicopter_V2/Rotors_Group/Main Rotor - Mast/Main Rotor -  Blur Quad,"[-7.602,37.139,-8.386]","[41.530,51.243,289.278]","[0.027,0.515,-0.613,0.599]","[-7.602,37.139,-8.386]","[4.485,4.101,5.368]",[],[]
30,R22_Helicopter_V2/Rotors_Group,"[-6.140,35.859,-7.187]","[311.695,45.076,4.612]","[-0.364,0.365,0.191,0.836]",[],[],[],[]
30,R22_Helicopter_V2/Rotors_Group/Main Rotor - Mast/Main Rotor -  Double-side blur quad,"[-7.602,37.139,-8.386]","[318.470,231.243,250.722]","[-0.599,0.613,0.515,0.027]","[-7.602,37.139,-8.386]","[4.485,4.101,5.368]",[],[]
30,R22_Helicopter_V2/Rotors_Group/Back Rotor - Mast/Tail Rotor - Blur quad,"[-8.058,34.952,-8.583]","[356.934,138.524,140.424]","[0.876,0.325,0.342,0.096]","[-8.058,34.952,-8.583]","[0.636,0.844,0.556]",[],[]
30,R22_Helicopter_V2/Engines,"[-6.140,35.859,-7.187]","[311.695,45.076,4.612]","[-0.364,0.365,0.191,0.836]",[],[],[],[]
30,R22_Helicopter_V2/Collider Group/R_Skid_COL,"[-5.676,35.920,-7.749]","[311.695,45.076,4.612]","[-0.364,0.365,0.191,0.836]",[],[],"[-5.587,36.062,-7.660]","[0.873,1.326,0.871]"
31,Directional Light,"[0.000,3.000,0.000]","[50.000,330.000,0.000]","[0.408,-0.235,0.109,0.875]",[],[],[],[]
31,Canvas/Panel/Row - INFO,"[275.667,933.267,0.000]","[0.000,0.000,0.000]","[0.000,0.000,0.000,1.000]",[],[],[],[]
31,Canvas/Panel/Row - Pedal/Text (TMP) - Title,"[148.563,1073.333,0.000]","[0.000,0.000,0.000]","[0.000,0.000,0.000,1.000]",[],[],[],[]
31,Level_Manager/FX_GRP,"[0.000,0.000,0.000]","[0.000,0.000,0.000]","[0.000,0.000,0.000,1.000]",[],[],[],[]
31,Canvas/Panel/Row - Sticky Throttle,"[275.667,1340.000,0.000]","[0.000,0.000,0.000]","[0.000,0.000,0.000,1.000]",[],[],[],[]
31,Canvas/Panel/Row - Pedal/Text (TMP) - Content,"[424.230,1073.333,0.000]","[0.000,0.000,0.000]","[0.000,0.000,0.000,1.000]",[],[],[],[]
31,Level_Manager/Audio_GRP,"[0.000,0.000,0.000]","[0.000,0.000,0.000]","[0.000,0.000,0.000,1.000]",[],[],[],[]
31,Canvas/Panel/Row - Raw Throttle,"[275.667,1406.667,0.000]","[0.000,0.000,0.000]","[0.000,0.000,0.000,1.000]",[],[],[],[]
31,Canvas/Panel/Row - Raw Throttle/Text (TMP) - Content,"[424.230,1406.667,0.000]","[0.000,0.000,0.000]","[0.000,0.000,0.000,1.000]",[],[],[],[]
31,Level_Manager/PostProcessing,"[0.000,0.000,0.000]","[0.000,0.000,0.000]","[0.000,0.000,0.000,1.000]",[],[],[],[]
31,Level_Manager/Lighting_GRP,"[0.000,0.000,0.000]","[0.000,0.000,0.000]","[0.000,0.000,0.000,1.000]",[],[],[],[]
31,Canvas/Panel/Row - Sticky Throttle/Text (TMP) - Title,"[148.563,1340.000,0.000]","[0.000,0.000,0.000]","[0.000,0.000,0.000,1.000]",[],[],[],[]
31,R22_Helicopter_V2/Graphics_Group,"[-7.574,30.254,-8.944]","[347.673,62.991,35.800]","[0.073,0.522,0.314,0.789]",[],[],[],[]
31,R22_Helicopter_V2/Audio Group,"[-7.574,30.254,-8.944]","[347.673,62.991,35.800]","[0.073,0.522,0.314,0.789]",[],[],[],[]
31,Canvas/Panel/Row - INFO/Text (TMP) - Content,"[275.667,899.933,0.000]","[0.000,0.000,0.000]","[0.000,0.000,0.000,1.000]",[],[],[],[]
31,Level_Manager/Geo_GRP,"[0.000,0.000,0.000]","[0.000,0.000,0.000]","[0.000,0.000,0.000,1.000]",[],[],[],[]
31,Canvas,"[1720.000,720.000,0.000]","[0.000,0.000,0.000]","[0.000,0.000,0.000,1.000]",[],[],[],[]
31,Level_Manager,"[0.000,0.000,0.000]","[0.000,0.000,0.000]","[0.000,0.000,0.000,1.000]",[],[],[],[]
31,Canvas/Panel/Row - Cyclic/Text (TMP) - Content,"[424.230,1140.000,0.000]","[0.000,0.000,0.000]","[0.000,0.000,0.000,1.000]",[],[],[],[]
31,Canvas/Panel/Row - Cyclic,"[275.667,1140.000,0.000]","[0.000,0.000,0.000]","[0.000,0.000,0.000,1.000]",[],[],[],[]
31,Canvas/Panel/Row - Collective/Text (TMP) - Content,"[424.230,1273.333,0.000]","[0.000,0.000,0.000]","[0.000,0.000,0.000,1.000]",[],[],[],[]
31,HeliPad_001,"[1.550,0.000,-0.670]","[0.000,0.000,0.000]","[0.000,0.000,0.000,1.000]","[1.555,-0.012,-0.659]","[14.268,0.216,14.105]",[],[]
31,Canvas/Panel/Row - Cyclic/Text (TMP) - Title,"[148.563,1140.000,0.000]","[0.000,0.000,0.000]","[0.000,0.000,0.000,1.000]",[],[],[],[]
31,Canvas/Panel/Row - Sticky Collective/Text (TMP) - Content,"[424.230,1206.667,0.000]","[0.000,0.000,0.000]","[0.000,0.000,0.000,1.000]",[],[],[],[]
31,Canvas/Panel/Row - Pedal,"[275.667,1073.333,0.000]","[0.000,0.000,0.000]","[0.000,0.000,0.000,1.000]",[],[],[],[]
31,Main Camera,"[-13.599,37.292,-12.972]","[38.212,48.717,0.000]","[0.298,0.390,-0.135,0.861]",[],[],[],[]
31,Canvas/Panel/Row - Sticky Collective,"[275.667,1206.667,0.000]","[0.000,0.000,0.000]","[0.000,0.000,0.000,1.000]",[],[],[],[]
31,Canvas/Panel/Row - Sticky Collective/Text (TMP) - Title,"[148.563,1206.667,0.000]","[0.000,0.000,0.000]","[0.000,0.000,0.000,1.000]",[],[],[],[]
31,Plane,"[0.000,0.000,0.000]","[0.000,0.000,0.000]","[0.000,0.000,0.000,1.000]","[0.000,0.000,0.000]","[1000.000,0.000,1000.000]","[0.000,0.000,0.000]","[1000.000,0.000,1000.000]"
31,EventSystem,"[0.000,0.000,0.000]","[0.000,0.000,0.000]","[0.000,0.000,0.000,1.000]",[],[],[],[]
31,R22_Helicopter_V2/COG,"[-8.062,30.831,-8.682]","[347.673,62.991,35.800]","[0.073,0.522,0.314,0.789]",[],[],[],[]
31,Canvas/Panel/Row - Raw Throttle/Text (TMP) - Title,"[148.563,1406.667,0.000]","[0.000,0.000,0.000]","[0.000,0.000,0.000,1.000]",[],[],[],[]
31,Canvas/Panel/Row - Sticky Throttle/Text (TMP) - Content,"[424.230,1340.000,0.000]","[0.000,0.000,0.000]","[0.000,0.000,0.000,1.000]",[],[],[],[]
31,R22_Helicopter_V2/Collider Group,"[-7.574,30.254,-8.944]","[347.673,62.991,35.800]","[0.073,0.522,0.314,0.789]",[],[],[],[]
31,Canvas/Panel/Row - INFO/Text (TMP) - Title,"[275.667,1006.667,0.000]","[0.000,0.000,0.000]","[0.000,0.000,0.000,1.000]",[],[],[],[]
31,Canvas/Panel,"[0.000,1440.000,0.000]","[0.000,0.000,0.000]","[0.000,0.000,0.000,1.000]",[],[],[],[]
31,Canvas/Panel/Row - Collective/Text (TMP) - Title,"[148.563,1273.333,0.000]","[0.000,0.000,0.000]","[0.000,0.000,0.000,1.000]",[],[],[],[]
31,Canvas/Panel/Row - Collective,"[275.667,1273.333,0.000]","[0.000,0.000,0.000]","[0.000,0.000,0.000,1.000]",[],[],[],[]
31,R22_Helicopter_V2/Rotors_Group/Back Rotor - Mast,"[-10.031,30.666,-9.365]","[325.343,280.524,135.993]","[-0.652,-0.016,0.609,0.452]",[],[],[],[]
31,R22_Helicopter_V2/Rotors_Group/Main Rotor - Mast,"[-8.729,31.881,-8.130]","[33.471,347.326,18.216]","[0.266,-0.150,0.182,0.935]",[],[],[],[]
31,R22_Helicopter_V2/Graphics_Group/R22_Body_Gruop/R22_Body_RDoor_Geo/R22_Body_RDoorGlass_Geo,"[-7.574,30.254,-8.944]","[347.673,62.991,35.800]","[0.073,0.522,0.314,0.789]","[-7.907,31.423,-8.851]","[0.709,0.561,0.572]",[],[]
31,R22_Helicopter_V2/Graphics_Group/R22_Body_Gruop/R22_Body_RDoor_Geo,"[-7.529,31.382,-8.875]","[347.673,62.991,35.800]","[0.073,0.522,0.314,0.789]","[-7.791,31.288,-8.893]","[1.052,0.960,0.874]",[],[]
31,R22_Helicopter_V2/Graphics_Group/R22_Cockpit_Gruop/R22_Cockpit_Chairs_Geo,"[-7.408,30.556,-8.658]","[347.673,62.991,35.800]","[0.073,0.522,0.314,0.789]","[-7.596,30.911,-8.460]","[1.669,1.537,1.700]",[],[]
31,R22_Helicopter_V2/Graphics_Group/R22_Body_Gruop/R22_Body_Windshield_Geo,"[-7.574,30.254,-8.944]","[347.673,62.991,35.800]","[0.073,0.522,0.314,0.789]","[-7.508,31.183,-8.232]","[1.436,1.613,1.736]",[],[]
31,R22_Helicopter_V2/Graphics_Group/R22_Body_Gruop,"[-8.635,30.962,-8.766]","[347.673,62.991,35.800]","[0.073,0.522,0.314,0.789]",[],[],[],[]
31,R22_Helicopter_V2/Graphics_Group/R22_Body_Gruop/R22_Body_Geo,"[-7.574,30.254,-8.944]","[347.673,62.991,35.800]","[0.073,0.522,0.314,0.789]","[-8.635,30.962,-8.766]","[4.001,2.830,3.247]",[],[]
31,R22_Helicopter_V2/Graphics_Group/R22_Body_Gruop/R22_Body_LDoor_Geo/R22_Body_LDoorGlass_Geo,"[-7.574,30.254,-8.944]","[347.673,62.991,35.800]","[0.073,0.522,0.314,0.789]","[-8.172,30.832,-8.045]","[0.709,0.561,0.572]",[],[]
31,R22_Helicopter_V2/Graphics_Group/R22_Body_Gruop/R22_Body_LDoor_Geo,"[-7.857,30.689,-7.909]","[347.673,62.991,35.800]","[0.073,0.522,0.314,0.789]","[-8.050,30.714,-8.110]","[1.052,0.960,0.874]",[],[]
31,R22_Helicopter_V2/Graphics_Group/R22_Cockpit_Gruop/R22_Cockpit_LLever02_Geo,"[-7.210,30.494,-8.287]","[347.673,62.991,35.800]","[0.073,0.522,0.314,0.789]","[-7.246,30.509,-8.253]","[0.109,0.156,0.150]",[],[]
31,R22_Helicopter_V2/Graphics_Group/R22_Cockpit_Gruop/R22_Cockpit_LLever01_Geo,"[-7.180,30.561,-8.380]","[347.673,62.991,35.800]","[0.073,0.522,0.314,0.789]","[-7.180,30.580,-8.332]","[0.130,0.152,0.158]",[],[]
31,R22_Helicopter_V2/Graphics_Group/R22_Cockpit_Gruop/R22_Cockpit_Needle02_Geo,"[-7.194,31.132,-8.351]","[347.673,62.991,35.800]","[0.073,0.522,0.314,0.789]","[-7.198,31.145,-8.343]","[0.014,0.022,0.015]",[],[]
31,R22_Helicopter_V2/Graphics_Group/R22_Cockpit_Gruop/R22_Cockpit_Needle01_Geo,"[-7.268,30.968,-8.127]","[347.673,62.991,35.800]","[0.073,0.522,0.314,0.789]","[-7.272,30.981,-8.119]","[0.015,0.022,0.015]",[],[]
31,R22_Helicopter_V2/Graphics_Group/R22_Cockpit_Gruop/R22_Cockpit_Handle01_Geo,"[-7.610,31.023,-8.383]","[347.673,62.991,35.800]","[0.073,0.522,0.314,0.789]","[-7.633,31.066,-8.359]","[0.349,0.549,0.654]",[],[]
31,R22_Helicopter_V2/Graphics_Group/R22_Cockpit_Gruop,"[-7.596,30.911,-8.460]","[347.673,62.991,35.800]","[0.073,0.522,0.314,0.789]",[],[],[],[]
31,R22_Helicopter_V2/Graphics_Group/R22_Body_Gruop/R22_Body_LDoor_Geo/R22_Cockpit_LDoor_Geo,"[-7.925,30.542,-8.152]","[347.673,62.991,35.800]","[0.073,0.522,0.314,0.789]","[-7.925,30.542,-8.152]","[0.684,0.507,0.523]",[],[]
31,R22_Helicopter_V2/Graphics_Group/R22_Cockpit_Gruop/R22_Cockpit_Hanlde02_Geo,"[-7.430,30.697,-8.562]","[347.673,62.991,35.800]","[0.073,0.522,0.314,0.789]","[-7.518,30.863,-8.469]","[0.309,0.425,0.333]",[],[]
31,R22_Helicopter_V2/Graphics_Group/R22_Cockpit_Gruop/R22_Cockpit_RLever01_Geo,"[-7.099,30.738,-8.622]","[347.673,62.991,35.800]","[0.073,0.522,0.314,0.789]","[-7.086,30.788,-8.616]","[0.130,0.151,0.158]",[],[]
31,R22_Helicopter_V2/Graphics_Group/R22_Body_Gruop/R22_Body_RDoor_Geo/R22_Cockpit_RDoor_Geo,"[-7.650,31.155,-8.987]","[347.673,62.991,35.800]","[0.073,0.522,0.314,0.789]","[-7.650,31.155,-8.987]","[0.684,0.507,0.523]",[],[]
31,R22_Helicopter_V2,"[-7.574,30.254,-8.944]","[347.673,62.991,35.800]","[0.073,0.522,0.314,0.789]",[],[],[],[]
31,R22_Helicopter_V2/Graphics_Group/R22_Cockpit_Gruop/R22_Cockpit_RLever02_Geo,"[-7.070,30.807,-8.715]","[347.673,62.991,35.800]","[0.073,0.522,0.314,0.789]","[-7.091,30.854,-8.722]","[0.109,0.157,0.150]",[],[]
31,R22_Helicopter_V2/Graphics_Group/R22_Cockpit_Gruop/R22_Cockpit_Needle04_Geo,"[-7.229,30.874,-8.293]","[347.673,62.991,35.800]","[0.073,0.522,0.314,0.789]","[-7.220,30.876,-8.289]","[0.015,0.006,0.009]",[],[]
31,R22_Helicopter_V2/Graphics_Group/R22_Cockpit_Gruop/R22_Cockpit_Needle03_Geo,"[-7.228,30.919,-8.211]","[347.673,62.991,35.800]","[0.073,0.522,0.314,0.789]","[-7.232,30.932,-8.203]","[0.015,0.022,0.015]",[],[]
31,R22_Helicopter_V2/Graphics_Group/R22_Cockpit_Gruop/R22_Cockpit_PannelButtons_Geo,"[-7.308,30.940,-8.347]","[347.673,62.991,35.800]","[0.073,0.522,0.314,0.789]","[-7.308,30.940,-8.347]","[0.478,0.469,0.446]",[],[]
31,R22_Helicopter_V2/Graphics_Group/R22_Cockpit_Gruop/R22_Cockpit_Needle05_Geo,"[-7.284,30.854,-8.326]","[347.673,62.991,35.800]","[0.073,0.522,0.314,0.789]","[-7.276,30.857,-8.321]","[0.015,0.006,0.009]",[],[]
31,R22_Helicopter_V2/Rotors_Group/Main Rotor - Mast/R22_Mechanical_RBlade_Geo,"[-8.676,32.024,-8.025]","[33.471,347.326,18.216]","[0.266,-0.150,0.182,0.935]","[-7.799,32.267,-7.612]","[1.976,0.910,1.116]",[],[]
31,R22_Helicopter_V2/Graphics_Group/R22_Mechanical_Group/R22_Mechanical_Motor_Geo,"[-7.361,30.296,-8.834]","[347.673,62.991,35.800]","[0.073,0.522,0.314,0.789]","[-7.804,30.730,-8.662]","[2.694,2.280,2.654]",[],[]
31,R22_Helicopter_V2/Rotors_Group/Back Rotor - Mast/R22_Mechanical_TailMast_Geo,"[-10.031,30.666,-9.365]","[325.343,280.524,135.993]","[-0.652,-0.016,0.609,0.452]","[-10.057,30.609,-9.289]","[0.165,0.229,0.251]",[],[]
31,R22_Helicopter_V2/Rotors_Group/Back Rotor - Mast/R22_Mechanical_RTailBlade_Geo,"[-10.095,30.539,-9.223]","[325.343,280.524,135.993]","[-0.652,-0.016,0.609,0.452]","[-10.141,30.460,-9.296]","[0.202,0.205,0.181]",[],[]
31,R22_Helicopter_V2/Rotors_Group/Main Rotor - Mast/R22_Mechanical_LBlade_Geo,"[-8.898,31.956,-8.114]","[33.471,347.326,18.216]","[0.266,-0.150,0.182,0.935]","[-9.780,31.723,-8.522]","[1.975,0.907,1.115]",[],[]
31,R22_Helicopter_V2/Graphics_Group/R22_Mechanical_Group,"[-8.610,31.061,-8.694]","[347.673,62.991,35.800]","[0.073,0.522,0.314,0.789]",[],[],[],[]
31,R22_Helicopter_V2/Rotors_Group/Main Rotor - Mast/R22_Mechanical_Mast_Geo,"[-8.729,31.881,-8.130]","[33.471,347.326,18.216]","[0.266,-0.150,0.182,0.935]","[-8.729,31.881,-8.130]","[0.576,0.608,0.544]",[],[]
31,R22_Helicopter_V2/Rotors_Group/Back Rotor - Mast/R22_Mechanical_LTailBlade_Geo,"[-10.067,30.570,-9.191]","[325.343,280.524,135.993]","[-0.652,-0.016,0.609,0.452]","[-10.023,30.643,-9.122]","[0.202,0.205,0.181]",[],[]
31,R22_Helicopter_V2/Graphics_Group/R_22_Blendshapes,"[-7.574,30.254,-8.944]","[347.673,62.991,35.800]","[0.073,0.522,0.314,0.789]",[],[],[],[]
31,R22_Helicopter_V2/Collider Group/Tail_COL,"[-9.378,30.809,-9.132]","[350.666,65.172,35.390]","[0.098,0.532,0.297,0.787]",[],[],"[-9.378,30.809,-9.132]","[1.554,0.527,0.880]"
31,R22_Helicopter_V2/Rotors_Group/Back Rotor - Mast/Tail Rotor - Double-side blur quad,"[-10.084,30.549,-9.205]","[34.853,341.745,136.135]","[-0.030,-0.331,0.892,0.308]","[-10.084,30.549,-9.205]","[0.803,0.696,0.455]",[],[]
31,R22_Helicopter_V2/Collider Group/L_Skid_COL,"[-7.779,29.856,-8.351]","[347.673,62.991,35.800]","[0.073,0.522,0.314,0.789]",[],[],"[-7.614,29.896,-8.267]","[1.529,0.451,0.829]"
31,R22_Helicopter_V2/Collider Group/Fuselage_COL,"[-7.904,30.876,-8.597]","[347.673,62.991,35.800]","[0.073,0.522,0.314,0.789]",[],[],"[-7.904,30.876,-8.597]","[2.094,1.555,1.744]"
31,R22_Helicopter_V2/Engines/Main Engine,"[-7.574,30.254,-8.944]","[347.673,62.991,35.800]","[0.073,0.522,0.314,0.789]",[],[],[],[]
31,R22_Helicopter_V2/Collider Group/Mast_COL,"[-8.553,31.562,-8.307]","[342.227,58.846,36.878]","[0.026,0.503,0.344,0.792]",[],[],"[-8.553,31.562,-8.307]","[0.819,0.875,0.789]"
31,R22_Helicopter_V2/Camera LookAt Target,"[-8.238,31.506,-8.245]","[347.673,62.991,35.800]","[0.073,0.522,0.314,0.789]",[],[],[],[]
31,R22_Helicopter_V2/Rotors_Group/Main Rotor - Mast/Main Rotor -  Blur Quad,"[-8.783,31.983,-8.073]","[52.407,136.501,154.695]","[0.849,0.023,0.235,0.473]","[-8.783,31.983,-8.073]","[4.609,3.493,5.119]",[],[]
31,R22_Helicopter_V2/Rotors_Group,"[-7.574,30.254,-8.944]","[347.673,62.991,35.800]","[0.073,0.522,0.314,0.789]",[],[],[],[]
31,R22_Helicopter_V2/Rotors_Group/Main Rotor - Mast/Main Rotor -  Double-side blur quad,"[-8.783,31.983,-8.073]","[307.593,316.501,25.305]","[-0.473,-0.235,0.023,0.849]","[-8.783,31.983,-8.073]","[4.609,3.493,5.119]",[],[]
31,R22_Helicopter_V2/Rotors_Group/Back Rotor - Mast/Tail Rotor - Blur quad,"[-10.084,30.549,-9.205]","[325.147,161.745,223.865]","[-0.892,0.308,-0.030,0.331]","[-10.084,30.549,-9.205]","[0.803,0.696,0.455]",[],[]
31,R22_Helicopter_V2/Engines,"[-7.574,30.254,-8.944]","[347.673,62.991,35.800]","[0.073,0.522,0.314,0.789]",[],[],[],[]
31,R22_Helicopter_V2/Collider Group/R_Skid_COL,"[-7.400,30.698,-9.499]","[347.673,62.991,35.800]","[0.073,0.522,0.314,0.789]",[],[],"[-7.235,30.738,-9.415]","[1.529,0.451,0.829]"
32,Directional Light,"[0.000,3.000,0.000]","[50.000,330.000,0.000]","[0.408,-0.235,0.109,0.875]",[],[],[],[]
32,Canvas/Panel/Row - INFO,"[275.667,933.267,0.000]","[0.000,0.000,0.000]","[0.000,0.000,0.000,1.000]",[],[],[],[]
32,Canvas/Panel/Row - Pedal/Text (TMP) - Title,"[148.563,1073.333,0.000]","[0.000,0.000,0.000]","[0.000,0.000,0.000,1.000]",[],[],[],[]
32,Level_Manager/FX_GRP,"[0.000,0.000,0.000]","[0.000,0.000,0.000]","[0.000,0.000,0.000,1.000]",[],[],[],[]
32,Canvas/Panel/Row - Sticky Throttle,"[275.667,1340.000,0.000]","[0.000,0.000,0.000]","[0.000,0.000,0.000,1.000]",[],[],[],[]
32,Canvas/Panel/Row - Pedal/Text (TMP) - Content,"[424.230,1073.333,0.000]","[0.000,0.000,0.000]","[0.000,0.000,0.000,1.000]",[],[],[],[]
32,Level_Manager/Audio_GRP,"[0.000,0.000,0.000]","[0.000,0.000,0.000]","[0.000,0.000,0.000,1.000]",[],[],[],[]
32,Canvas/Panel/Row - Raw Throttle,"[275.667,1406.667,0.000]","[0.000,0.000,0.000]","[0.000,0.000,0.000,1.000]",[],[],[],[]
32,Canvas/Panel/Row - Raw Throttle/Text (TMP) - Content,"[424.230,1406.667,0.000]","[0.000,0.000,0.000]","[0.000,0.000,0.000,1.000]",[],[],[],[]
32,Level_Manager/PostProcessing,"[0.000,0.000,0.000]","[0.000,0.000,0.000]","[0.000,0.000,0.000,1.000]",[],[],[],[]
32,Level_Manager/Lighting_GRP,"[0.000,0.000,0.000]","[0.000,0.000,0.000]","[0.000,0.000,0.000,1.000]",[],[],[],[]
32,Canvas/Panel/Row - Sticky Throttle/Text (TMP) - Title,"[148.563,1340.000,0.000]","[0.000,0.000,0.000]","[0.000,0.000,0.000,1.000]",[],[],[],[]
32,R22_Helicopter_V2/Graphics_Group,"[-9.058,22.135,-8.601]","[1.353,74.229,37.353]","[0.202,0.569,0.249,0.758]",[],[],[],[]
32,R22_Helicopter_V2/Audio Group,"[-9.058,22.135,-8.601]","[1.353,74.229,37.353]","[0.202,0.569,0.249,0.758]",[],[],[],[]
32,Canvas/Panel/Row - INFO/Text (TMP) - Content,"[275.667,899.933,0.000]","[0.000,0.000,0.000]","[0.000,0.000,0.000,1.000]",[],[],[],[]
32,Level_Manager/Geo_GRP,"[0.000,0.000,0.000]","[0.000,0.000,0.000]","[0.000,0.000,0.000,1.000]",[],[],[],[]
32,Canvas,"[1720.000,720.000,0.000]","[0.000,0.000,0.000]","[0.000,0.000,0.000,1.000]",[],[],[],[]
32,Level_Manager,"[0.000,0.000,0.000]","[0.000,0.000,0.000]","[0.000,0.000,0.000,1.000]",[],[],[],[]
32,Canvas/Panel/Row - Cyclic/Text (TMP) - Content,"[424.230,1140.000,0.000]","[0.000,0.000,0.000]","[0.000,0.000,0.000,1.000]",[],[],[],[]
32,Canvas/Panel/Row - Cyclic,"[275.667,1140.000,0.000]","[0.000,0.000,0.000]","[0.000,0.000,0.000,1.000]",[],[],[],[]
32,Canvas/Panel/Row - Collective/Text (TMP) - Content,"[424.230,1273.333,0.000]","[0.000,0.000,0.000]","[0.000,0.000,0.000,1.000]",[],[],[],[]
32,HeliPad_001,"[1.550,0.000,-0.670]","[0.000,0.000,0.000]","[0.000,0.000,0.000,1.000]","[1.555,-0.012,-0.659]","[14.268,0.216,14.105]",[],[]
32,Canvas/Panel/Row - Cyclic/Text (TMP) - Title,"[148.563,1140.000,0.000]","[0.000,0.000,0.000]","[0.000,0.000,0.000,1.000]",[],[],[],[]
32,Canvas/Panel/Row - Sticky Collective/Text (TMP) - Content,"[424.230,1206.667,0.000]","[0.000,0.000,0.000]","[0.000,0.000,0.000,1.000]",[],[],[],[]
32,Canvas/Panel/Row - Pedal,"[275.667,1073.333,0.000]","[0.000,0.000,0.000]","[0.000,0.000,0.000,1.000]",[],[],[],[]
32,Main Camera,"[-16.217,29.796,-11.414]","[38.341,61.812,0.000]","[0.282,0.485,-0.169,0.810]",[],[],[],[]
32,Canvas/Panel/Row - Sticky Collective,"[275.667,1206.667,0.000]","[0.000,0.000,0.000]","[0.000,0.000,0.000,1.000]",[],[],[],[]
32,Canvas/Panel/Row - Sticky Collective/Text (TMP) - Title,"[148.563,1206.667,0.000]","[0.000,0.000,0.000]","[0.000,0.000,0.000,1.000]",[],[],[],[]
32,Plane,"[0.000,0.000,0.000]","[0.000,0.000,0.000]","[0.000,0.000,0.000,1.000]","[0.000,0.000,0.000]","[1000.000,0.000,1000.000]","[0.000,0.000,0.000]","[1000.000,0.000,1000.000]"
32,EventSystem,"[0.000,0.000,0.000]","[0.000,0.000,0.000]","[0.000,0.000,0.000,1.000]",[],[],[],[]
32,R22_Helicopter_V2/COG,"[-9.351,22.758,-8.193]","[1.353,74.229,37.353]","[0.202,0.569,0.249,0.758]",[],[],[],[]
32,Canvas/Panel/Row - Raw Throttle/Text (TMP) - Title,"[148.563,1406.667,0.000]","[0.000,0.000,0.000]","[0.000,0.000,0.000,1.000]",[],[],[],[]
32,Canvas/Panel/Row - Sticky Throttle/Text (TMP) - Content,"[424.230,1340.000,0.000]","[0.000,0.000,0.000]","[0.000,0.000,0.000,1.000]",[],[],[],[]
32,R22_Helicopter_V2/Collider Group,"[-9.058,22.135,-8.601]","[1.353,74.229,37.353]","[0.202,0.569,0.249,0.758]",[],[],[],[]
32,Canvas/Panel/Row - INFO/Text (TMP) - Title,"[275.667,1006.667,0.000]","[0.000,0.000,0.000]","[0.000,0.000,0.000,1.000]",[],[],[],[]
32,Canvas/Panel,"[0.000,1440.000,0.000]","[0.000,0.000,0.000]","[0.000,0.000,0.000,1.000]",[],[],[],[]
32,Canvas/Panel/Row - Collective/Text (TMP) - Title,"[148.563,1273.333,0.000]","[0.000,0.000,0.000]","[0.000,0.000,0.000,1.000]",[],[],[],[]
32,Canvas/Panel/Row - Collective,"[275.667,1273.333,0.000]","[0.000,0.000,0.000]","[0.000,0.000,0.000,1.000]",[],[],[],[]
32,R22_Helicopter_V2/Rotors_Group/Back Rotor - Mast,"[-11.398,23.079,-8.467]","[313.924,20.813,60.970]","[0.247,-0.339,-0.520,-0.744]",[],[],[],[]
32,R22_Helicopter_V2/Rotors_Group/Main Rotor - Mast,"[-9.657,23.838,-7.424]","[325.914,193.635,343.648]","[0.101,-0.945,-0.304,0.071]",[],[],[],[]
32,R22_Helicopter_V2/Graphics_Group/R22_Body_Gruop/R22_Body_RDoor_Geo/R22_Body_RDoorGlass_Geo,"[-9.058,22.135,-8.601]","[1.353,74.229,37.353]","[0.202,0.569,0.249,0.758]","[-9.102,23.325,-8.336]","[0.636,0.463,0.537]",[],[]
32,R22_Helicopter_V2/Graphics_Group/R22_Body_Gruop/R22_Body_RDoor_Geo,"[-8.753,23.213,-8.441]","[1.353,74.229,37.353]","[0.202,0.569,0.249,0.758]","[-9.029,23.176,-8.414]","[0.879,0.831,0.870]",[],[]
32,R22_Helicopter_V2/Graphics_Group/R22_Cockpit_Gruop/R22_Cockpit_Chairs_Geo,"[-8.780,22.359,-8.330]","[1.353,74.229,37.353]","[0.202,0.569,0.249,0.758]","[-8.846,22.714,-8.066]","[1.504,1.348,1.610]",[],[]
32,R22_Helicopter_V2/Graphics_Group/R22_Body_Gruop/R22_Body_Windshield_Geo,"[-9.058,22.135,-8.601]","[1.353,74.229,37.353]","[0.202,0.569,0.249,0.758]","[-8.660,22.931,-7.838]","[1.227,1.498,1.705]",[],[]
32,R22_Helicopter_V2/Graphics_Group/R22_Body_Gruop,"[-9.886,23.010,-8.145]","[1.353,74.229,37.353]","[0.202,0.569,0.249,0.758]",[],[],[],[]
32,R22_Helicopter_V2/Graphics_Group/R22_Body_Gruop/R22_Body_Geo,"[-9.058,22.135,-8.601]","[1.353,74.229,37.353]","[0.202,0.569,0.249,0.758]","[-9.886,23.010,-8.145]","[3.794,2.237,2.902]",[],[]
32,R22_Helicopter_V2/Graphics_Group/R22_Body_Gruop/R22_Body_LDoor_Geo/R22_Body_LDoorGlass_Geo,"[-9.058,22.135,-8.601]","[1.353,74.229,37.353]","[0.202,0.569,0.249,0.758]","[-9.340,22.698,-7.550]","[0.636,0.463,0.537]",[],[]
32,R22_Helicopter_V2/Graphics_Group/R22_Body_Gruop/R22_Body_LDoor_Geo,"[-9.044,22.478,-7.495]","[1.353,74.229,37.353]","[0.202,0.569,0.249,0.758]","[-9.260,22.567,-7.649]","[0.879,0.831,0.870]",[],[]
32,R22_Helicopter_V2/Graphics_Group/R22_Cockpit_Gruop/R22_Cockpit_LLever02_Geo,"[-8.537,22.210,-8.014]","[1.353,74.229,37.353]","[0.202,0.569,0.249,0.758]","[-8.561,22.227,-7.972]","[0.081,0.152,0.157]",[],[]
32,R22_Helicopter_V2/Graphics_Group/R22_Cockpit_Gruop/R22_Cockpit_LLever01_Geo,"[-8.509,22.281,-8.105]","[1.353,74.229,37.353]","[0.202,0.569,0.249,0.758]","[-8.496,22.293,-8.056]","[0.108,0.142,0.157]",[],[]
32,R22_Helicopter_V2/Graphics_Group/R22_Cockpit_Gruop/R22_Cockpit_Needle02_Geo,"[-8.392,22.835,-8.023]","[1.353,74.229,37.353]","[0.202,0.569,0.249,0.758]","[-8.392,22.847,-8.013]","[0.008,0.021,0.018]",[],[]
32,R22_Helicopter_V2/Graphics_Group/R22_Cockpit_Gruop/R22_Cockpit_Needle01_Geo,"[-8.458,22.661,-7.804]","[1.353,74.229,37.353]","[0.202,0.569,0.249,0.758]","[-8.458,22.673,-7.795]","[0.008,0.021,0.018]",[],[]
32,R22_Helicopter_V2/Graphics_Group/R22_Cockpit_Gruop/R22_Cockpit_Handle01_Geo,"[-8.821,22.816,-7.978]","[1.353,74.229,37.353]","[0.202,0.569,0.249,0.758]","[-8.829,22.859,-7.946]","[0.294,0.550,0.647]",[],[]
32,R22_Helicopter_V2/Graphics_Group/R22_Cockpit_Gruop,"[-8.846,22.715,-8.066]","[1.353,74.229,37.353]","[0.202,0.569,0.249,0.758]",[],[],[],[]
32,R22_Helicopter_V2/Graphics_Group/R22_Body_Gruop/R22_Body_LDoor_Geo/R22_Cockpit_LDoor_Geo,"[-9.186,22.381,-7.731]","[1.353,74.229,37.353]","[0.202,0.569,0.249,0.758]","[-9.186,22.381,-7.731]","[0.623,0.407,0.483]",[],[]
32,R22_Helicopter_V2/Graphics_Group/R22_Cockpit_Gruop/R22_Cockpit_Hanlde02_Geo,"[-8.752,22.487,-8.219]","[1.353,74.229,37.353]","[0.202,0.569,0.249,0.758]","[-8.783,22.654,-8.095]","[0.203,0.408,0.371]",[],[]
32,R22_Helicopter_V2/Graphics_Group/R22_Cockpit_Gruop/R22_Cockpit_RLever01_Geo,"[-8.438,22.469,-8.342]","[1.353,74.229,37.353]","[0.202,0.569,0.249,0.758]","[-8.412,22.514,-8.334]","[0.108,0.142,0.157]",[],[]
32,R22_Helicopter_V2/Graphics_Group/R22_Body_Gruop/R22_Body_RDoor_Geo/R22_Cockpit_RDoor_Geo,"[-8.940,23.031,-8.546]","[1.353,74.229,37.353]","[0.202,0.569,0.249,0.758]","[-8.940,23.031,-8.546]","[0.623,0.407,0.483]",[],[]
32,R22_Helicopter_V2,"[-9.058,22.135,-8.601]","[1.353,74.229,37.353]","[0.202,0.569,0.249,0.758]",[],[],[],[]
32,R22_Helicopter_V2/Graphics_Group/R22_Cockpit_Gruop/R22_Cockpit_RLever02_Geo,"[-8.412,22.542,-8.432]","[1.353,74.229,37.353]","[0.202,0.569,0.249,0.758]","[-8.422,22.593,-8.430]","[0.080,0.153,0.157]",[],[]
32,R22_Helicopter_V2/Graphics_Group/R22_Cockpit_Gruop/R22_Cockpit_Needle04_Geo,"[-8.472,22.583,-7.983]","[1.353,74.229,37.353]","[0.202,0.569,0.249,0.758]","[-8.462,22.583,-7.980]","[0.015,0.003,0.007]",[],[]
32,R22_Helicopter_V2/Graphics_Group/R22_Cockpit_Gruop/R22_Cockpit_Needle03_Geo,"[-8.446,22.616,-7.898]","[1.353,74.229,37.353]","[0.202,0.569,0.249,0.758]","[-8.446,22.628,-7.889]","[0.008,0.021,0.018]",[],[]
32,R22_Helicopter_V2/Graphics_Group/R22_Cockpit_Gruop/R22_Cockpit_PannelButtons_Geo,"[-8.543,22.670,-8.013]","[1.353,74.229,37.353]","[0.202,0.569,0.249,0.758]","[-8.543,22.670,-8.013]","[0.398,0.417,0.444]",[],[]
32,R22_Helicopter_V2/Graphics_Group/R22_Cockpit_Gruop/R22_Cockpit_Needle05_Geo,"[-8.535,22.580,-8.005]","[1.353,74.229,37.353]","[0.202,0.569,0.249,0.758]","[-8.525,22.580,-8.001]","[0.015,0.003,0.007]",[],[]
32,R22_Helicopter_V2/Rotors_Group/Main Rotor - Mast/R22_Mechanical_RBlade_Geo,"[-9.798,23.917,-7.332]","[325.914,193.635,343.648]","[0.101,-0.945,-0.304,0.071]","[-10.774,23.713,-7.288]","[2.064,0.857,0.540]",[],[]
32,R22_Helicopter_V2/Graphics_Group/R22_Mechanical_Group/R22_Mechanical_Motor_Geo,"[-8.824,22.119,-8.534]","[1.353,74.229,37.353]","[0.202,0.569,0.249,0.758]","[-9.121,22.606,-8.236]","[2.511,1.947,2.448]",[],[]
32,R22_Helicopter_V2/Rotors_Group/Back Rotor - Mast/R22_Mechanical_TailMast_Geo,"[-11.398,23.079,-8.467]","[313.924,20.813,60.970]","[0.247,-0.339,-0.520,-0.744]","[-11.422,23.019,-8.392]","[0.156,0.226,0.229]",[],[]
32,R22_Helicopter_V2/Rotors_Group/Back Rotor - Mast/R22_Mechanical_RTailBlade_Geo,"[-11.465,22.965,-8.314]","[313.924,20.813,60.970]","[0.247,-0.339,-0.520,-0.744]","[-11.578,22.991,-8.328]","[0.269,0.149,0.062]",[],[]
32,R22_Helicopter_V2/Rotors_Group/Main Rotor - Mast/R22_Mechanical_LBlade_Geo,"[-9.557,23.978,-7.354]","[325.914,193.635,343.648]","[0.101,-0.945,-0.304,0.071]","[-8.582,24.191,-7.390]","[2.065,0.854,0.537]",[],[]
32,R22_Helicopter_V2/Graphics_Group/R22_Mechanical_Group,"[-9.827,23.092,-8.071]","[1.353,74.229,37.353]","[0.202,0.569,0.249,0.758]",[],[],[],[]
32,R22_Helicopter_V2/Rotors_Group/Main Rotor - Mast/R22_Mechanical_Mast_Geo,"[-9.657,23.838,-7.424]","[325.914,193.635,343.648]","[0.101,-0.945,-0.304,0.071]","[-9.657,23.838,-7.424]","[0.477,0.601,0.500]",[],[]
32,R22_Helicopter_V2/Rotors_Group/Back Rotor - Mast/R22_Mechanical_LTailBlade_Geo,"[-11.416,22.947,-8.314]","[313.924,20.813,60.970]","[0.247,-0.339,-0.520,-0.744]","[-11.309,22.923,-8.301]","[0.269,0.149,0.062]",[],[]
32,R22_Helicopter_V2/Graphics_Group/R_22_Blendshapes,"[-9.058,22.135,-8.601]","[1.353,74.229,37.353]","[0.202,0.569,0.249,0.758]",[],[],[],[]
32,R22_Helicopter_V2/Collider Group/Tail_COL,"[-10.699,23.057,-8.362]","[4.277,76.468,37.463]","[0.226,0.576,0.230,0.751]",[],[],"[-10.699,23.057,-8.362]","[1.657,0.404,0.627]"
32,R22_Helicopter_V2/Rotors_Group/Back Rotor - Mast/Tail Rotor - Double-side blur quad,"[-11.445,22.954,-8.310]","[37.340,343.197,64.950]","[-0.193,0.287,-0.543,-0.766]","[-11.445,22.954,-8.310]","[0.713,0.634,0.399]",[],[]
32,R22_Helicopter_V2/Collider Group/L_Skid_COL,"[-9.234,21.711,-8.017]","[1.353,74.229,37.353]","[0.202,0.569,0.249,0.758]",[],[],"[-9.051,21.707,-7.965]","[1.680,0.139,0.546]"
32,R22_Helicopter_V2/Collider Group/Fuselage_COL,"[-9.174,22.759,-8.139]","[1.353,74.229,37.353]","[0.202,0.569,0.249,0.758]",[],[],"[-9.174,22.759,-8.139]","[2.169,1.399,1.603]"
32,R22_Helicopter_V2/Engines/Main Engine,"[-9.058,22.135,-8.601]","[1.353,74.229,37.353]","[0.202,0.569,0.249,0.758]",[],[],[],[]
32,R22_Helicopter_V2/Collider Group/Mast_COL,"[-9.591,23.517,-7.661]","[355.982,70.125,37.448]","[0.157,0.553,0.282,0.768]",[],[],"[-9.591,23.517,-7.661]","[0.760,0.882,0.827]"
32,R22_Helicopter_V2/Camera LookAt Target,"[-9.290,23.391,-7.670]","[1.353,74.229,37.353]","[0.202,0.569,0.249,0.758]",[],[],[],[]
32,R22_Helicopter_V2/Rotors_Group/Main Rotor - Mast/Main Rotor -  Blur Quad,"[-9.676,23.940,-7.348]","[52.627,166.001,337.410]","[0.121,-0.883,0.453,-0.021]","[-9.676,23.940,-7.348]","[5.009,3.413,3.774]",[],[]
32,R22_Helicopter_V2/Rotors_Group,"[-9.058,22.135,-8.601]","[1.353,74.229,37.353]","[0.202,0.569,0.249,0.758]",[],[],[],[]
32,R22_Helicopter_V2/Rotors_Group/Main Rotor - Mast/Main Rotor -  Double-side blur quad,"[-9.676,23.940,-7.348]","[307.373,346.001,202.590]","[0.021,-0.453,-0.883,0.121]","[-9.676,23.940,-7.348]","[5.009,3.413,3.774]",[],[]
32,R22_Helicopter_V2/Rotors_Group/Back Rotor - Mast/Tail Rotor - Blur quad,"[-11.445,22.954,-8.310]","[322.660,163.197,295.050]","[0.543,-0.766,-0.193,-0.287]","[-11.445,22.954,-8.310]","[0.713,0.634,0.399]",[],[]
32,R22_Helicopter_V2/Engines,"[-9.058,22.135,-8.601]","[1.353,74.229,37.353]","[0.202,0.569,0.249,0.758]",[],[],[],[]
32,R22_Helicopter_V2/Collider Group/R_Skid_COL,"[-8.895,22.605,-9.138]","[1.353,74.229,37.353]","[0.202,0.569,0.249,0.758]",[],[],"[-8.713,22.600,-9.086]","[1.680,0.139,0.546]"
33,Directional Light,"[0.000,3.000,0.000]","[50.000,330.000,0.000]","[0.408,-0.235,0.109,0.875]",[],[],[],[]
33,Canvas/Panel/Row - INFO,"[275.667,933.267,0.000]","[0.000,0.000,0.000]","[0.000,0.000,0.000,1.000]",[],[],[],[]
33,Canvas/Panel/Row - Pedal/Text (TMP) - Title,"[148.563,1073.333,0.000]","[0.000,0.000,0.000]","[0.000,0.000,0.000,1.000]",[],[],[],[]
33,Level_Manager/FX_GRP,"[0.000,0.000,0.000]","[0.000,0.000,0.000]","[0.000,0.000,0.000,1.000]",[],[],[],[]
33,Canvas/Panel/Row - Sticky Throttle,"[275.667,1340.000,0.000]","[0.000,0.000,0.000]","[0.000,0.000,0.000,1.000]",[],[],[],[]
33,Canvas/Panel/Row - Pedal/Text (TMP) - Content,"[424.230,1073.333,0.000]","[0.000,0.000,0.000]","[0.000,0.000,0.000,1.000]",[],[],[],[]
33,Level_Manager/Audio_GRP,"[0.000,0.000,0.000]","[0.000,0.000,0.000]","[0.000,0.000,0.000,1.000]",[],[],[],[]
33,Canvas/Panel/Row - Raw Throttle,"[275.667,1406.667,0.000]","[0.000,0.000,0.000]","[0.000,0.000,0.000,1.000]",[],[],[],[]
33,Canvas/Panel/Row - Raw Throttle/Text (TMP) - Content,"[424.230,1406.667,0.000]","[0.000,0.000,0.000]","[0.000,0.000,0.000,1.000]",[],[],[],[]
33,Level_Manager/PostProcessing,"[0.000,0.000,0.000]","[0.000,0.000,0.000]","[0.000,0.000,0.000,1.000]",[],[],[],[]
33,Level_Manager/Lighting_GRP,"[0.000,0.000,0.000]","[0.000,0.000,0.000]","[0.000,0.000,0.000,1.000]",[],[],[],[]
33,Canvas/Panel/Row - Sticky Throttle/Text (TMP) - Title,"[148.563,1340.000,0.000]","[0.000,0.000,0.000]","[0.000,0.000,0.000,1.000]",[],[],[],[]
33,R22_Helicopter_V2/Graphics_Group,"[-9.831,12.944,-6.839]","[353.539,71.828,16.021]","[0.036,0.586,0.145,0.796]",[],[],[],[]
33,R22_Helicopter_V2/Audio Group,"[-9.831,12.944,-6.839]","[353.539,71.828,16.021]","[0.036,0.586,0.145,0.796]",[],[],[],[]
33,Canvas/Panel/Row - INFO/Text (TMP) - Content,"[275.667,899.933,0.000]","[0.000,0.000,0.000]","[0.000,0.000,0.000,1.000]",[],[],[],[]
33,Level_Manager/Geo_GRP,"[0.000,0.000,0.000]","[0.000,0.000,0.000]","[0.000,0.000,0.000,1.000]",[],[],[],[]
33,Canvas,"[1720.000,720.000,0.000]","[0.000,0.000,0.000]","[0.000,0.000,0.000,1.000]",[],[],[],[]
33,Level_Manager,"[0.000,0.000,0.000]","[0.000,0.000,0.000]","[0.000,0.000,0.000,1.000]",[],[],[],[]
33,Canvas/Panel/Row - Cyclic/Text (TMP) - Content,"[424.230,1140.000,0.000]","[0.000,0.000,0.000]","[0.000,0.000,0.000,1.000]",[],[],[],[]
33,Canvas/Panel/Row - Cyclic,"[275.667,1140.000,0.000]","[0.000,0.000,0.000]","[0.000,0.000,0.000,1.000]",[],[],[],[]
33,Canvas/Panel/Row - Collective/Text (TMP) - Content,"[424.230,1273.333,0.000]","[0.000,0.000,0.000]","[0.000,0.000,0.000,1.000]",[],[],[],[]
33,HeliPad_001,"[1.550,0.000,-0.670]","[0.000,0.000,0.000]","[0.000,0.000,0.000,1.000]","[1.555,-0.012,-0.659]","[14.268,0.216,14.105]",[],[]
33,Canvas/Panel/Row - Cyclic/Text (TMP) - Title,"[148.563,1140.000,0.000]","[0.000,0.000,0.000]","[0.000,0.000,0.000,1.000]",[],[],[],[]
33,Canvas/Panel/Row - Sticky Collective/Text (TMP) - Content,"[424.230,1206.667,0.000]","[0.000,0.000,0.000]","[0.000,0.000,0.000,1.000]",[],[],[],[]
33,Canvas/Panel/Row - Pedal,"[275.667,1073.333,0.000]","[0.000,0.000,0.000]","[0.000,0.000,0.000,1.000]",[],[],[],[]
33,Main Camera,"[-17.404,20.845,-9.600]","[38.066,66.939,0.000]","[0.272,0.521,-0.180,0.789]",[],[],[],[]
33,Canvas/Panel/Row - Sticky Collective,"[275.667,1206.667,0.000]","[0.000,0.000,0.000]","[0.000,0.000,0.000,1.000]",[],[],[],[]
33,Canvas/Panel/Row - Sticky Collective/Text (TMP) - Title,"[148.563,1206.667,0.000]","[0.000,0.000,0.000]","[0.000,0.000,0.000,1.000]",[],[],[],[]
33,Plane,"[0.000,0.000,0.000]","[0.000,0.000,0.000]","[0.000,0.000,0.000,1.000]","[0.000,0.000,0.000]","[1000.000,0.000,1000.000]","[0.000,0.000,0.000]","[1000.000,0.000,1000.000]"
33,EventSystem,"[0.000,0.000,0.000]","[0.000,0.000,0.000]","[0.000,0.000,0.000,1.000]",[],[],[],[]
33,R22_Helicopter_V2/COG,"[-10.153,13.667,-6.718]","[353.539,71.828,16.021]","[0.036,0.586,0.145,0.796]",[],[],[],[]
33,Canvas/Panel/Row - Raw Throttle/Text (TMP) - Title,"[148.563,1406.667,0.000]","[0.000,0.000,0.000]","[0.000,0.000,0.000,1.000]",[],[],[],[]
33,Canvas/Panel/Row - Sticky Throttle/Text (TMP) - Content,"[424.230,1340.000,0.000]","[0.000,0.000,0.000]","[0.000,0.000,0.000,1.000]",[],[],[],[]
33,R22_Helicopter_V2/Collider Group,"[-9.831,12.944,-6.839]","[353.539,71.828,16.021]","[0.036,0.586,0.145,0.796]",[],[],[],[]
33,Canvas/Panel/Row - INFO/Text (TMP) - Title,"[275.667,1006.667,0.000]","[0.000,0.000,0.000]","[0.000,0.000,0.000,1.000]",[],[],[],[]
33,Canvas/Panel,"[0.000,1440.000,0.000]","[0.000,0.000,0.000]","[0.000,0.000,0.000,1.000]",[],[],[],[]
33,Canvas/Panel/Row - Collective/Text (TMP) - Title,"[148.563,1273.333,0.000]","[0.000,0.000,0.000]","[0.000,0.000,0.000,1.000]",[],[],[],[]
33,Canvas/Panel/Row - Collective,"[275.667,1273.333,0.000]","[0.000,0.000,0.000]","[0.000,0.000,0.000,1.000]",[],[],[],[]
33,R22_Helicopter_V2/Rotors_Group/Back Rotor - Mast,"[-12.182,13.794,-7.202]","[341.932,68.342,16.766]","[-0.048,0.568,0.206,0.796]",[],[],[],[]
33,R22_Helicopter_V2/Rotors_Group/Main Rotor - Mast,"[-10.515,14.949,-6.442]","[6.616,28.486,15.959]","[-0.089,-0.235,-0.120,-0.960]",[],[],[],[]
33,R22_Helicopter_V2/Graphics_Group/R22_Body_Gruop/R22_Body_RDoor_Geo/R22_Body_RDoorGlass_Geo,"[-9.831,12.944,-6.839]","[353.539,71.828,16.021]","[0.036,0.586,0.145,0.796]","[-9.901,14.142,-7.056]","[0.651,0.525,0.429]",[],[]
33,R22_Helicopter_V2/Graphics_Group/R22_Body_Gruop/R22_Body_RDoor_Geo,"[-9.545,14.010,-7.091]","[353.539,71.828,16.021]","[0.036,0.586,0.145,0.796]","[-9.822,13.978,-7.066]","[0.911,0.960,0.625]",[],[]
33,R22_Helicopter_V2/Graphics_Group/R22_Cockpit_Gruop/R22_Cockpit_Chairs_Geo,"[-9.572,13.264,-6.660]","[353.539,71.828,16.021]","[0.036,0.586,0.145,0.796]","[-9.657,13.691,-6.558]","[1.561,1.270,1.489]",[],[]
33,R22_Helicopter_V2/Graphics_Group/R22_Body_Gruop/R22_Body_Windshield_Geo,"[-9.831,12.944,-6.839]","[353.539,71.828,16.021]","[0.036,0.586,0.145,0.796]","[-9.486,13.984,-6.422]","[1.300,1.315,1.601]",[],[]
33,R22_Helicopter_V2/Graphics_Group/R22_Body_Gruop,"[-10.692,13.901,-6.799]","[353.539,71.828,16.021]","[0.036,0.586,0.145,0.796]",[],[],[],[]
33,R22_Helicopter_V2/Graphics_Group/R22_Body_Gruop/R22_Body_Geo,"[-9.831,12.944,-6.839]","[353.539,71.828,16.021]","[0.036,0.586,0.145,0.796]","[-10.692,13.901,-6.799]","[3.857,2.409,2.594]",[],[]
33,R22_Helicopter_V2/Graphics_Group/R22_Body_Gruop/R22_Body_LDoor_Geo/R22_Body_LDoorGlass_Geo,"[-9.831,12.944,-6.839]","[353.539,71.828,16.021]","[0.036,0.586,0.145,0.796]","[-10.180,13.859,-6.102]","[0.651,0.525,0.429]",[],[]
33,R22_Helicopter_V2/Graphics_Group/R22_Body_Gruop/R22_Body_LDoor_Geo,"[-9.887,13.687,-5.951]","[353.539,71.828,16.021]","[0.036,0.586,0.145,0.796]","[-10.094,13.702,-6.139]","[0.911,0.960,0.625]",[],[]
33,R22_Helicopter_V2/Graphics_Group/R22_Cockpit_Gruop/R22_Cockpit_LLever02_Geo,"[-9.347,13.255,-6.300]","[353.539,71.828,16.021]","[0.036,0.586,0.145,0.796]","[-9.374,13.287,-6.269]","[0.089,0.137,0.137]",[],[]
33,R22_Helicopter_V2/Graphics_Group/R22_Cockpit_Gruop/R22_Cockpit_LLever01_Geo,"[-9.315,13.287,-6.410]","[353.539,71.828,16.021]","[0.036,0.586,0.145,0.796]","[-9.304,13.317,-6.369]","[0.115,0.127,0.144]",[],[]
33,R22_Helicopter_V2/Graphics_Group/R22_Cockpit_Gruop/R22_Cockpit_Needle02_Geo,"[-9.207,13.833,-6.541]","[353.539,71.828,16.021]","[0.036,0.586,0.145,0.796]","[-9.207,13.848,-6.537]","[0.009,0.024,0.010]",[],[]
33,R22_Helicopter_V2/Graphics_Group/R22_Cockpit_Gruop/R22_Cockpit_Needle01_Geo,"[-9.285,13.754,-6.276]","[353.539,71.828,16.021]","[0.036,0.586,0.145,0.796]","[-9.285,13.769,-6.272]","[0.009,0.024,0.010]",[],[]
33,R22_Helicopter_V2/Graphics_Group/R22_Cockpit_Gruop/R22_Cockpit_Handle01_Geo,"[-9.638,13.819,-6.515]","[353.539,71.828,16.021]","[0.036,0.586,0.145,0.796]","[-9.648,13.871,-6.502]","[0.326,0.366,0.697]",[],[]
33,R22_Helicopter_V2/Graphics_Group/R22_Cockpit_Gruop,"[-9.656,13.691,-6.558]","[353.539,71.828,16.021]","[0.036,0.586,0.145,0.796]",[],[],[],[]
33,R22_Helicopter_V2/Graphics_Group/R22_Body_Gruop/R22_Body_LDoor_Geo/R22_Cockpit_LDoor_Geo,"[-10.014,13.502,-6.139]","[353.539,71.828,16.021]","[0.036,0.586,0.145,0.796]","[-10.014,13.502,-6.139]","[0.635,0.477,0.382]",[],[]
33,R22_Helicopter_V2/Graphics_Group/R22_Cockpit_Gruop/R22_Cockpit_Hanlde02_Geo,"[-9.552,13.425,-6.606]","[353.539,71.828,16.021]","[0.036,0.586,0.145,0.796]","[-9.592,13.626,-6.559]","[0.223,0.444,0.246]",[],[]
33,R22_Helicopter_V2/Graphics_Group/R22_Cockpit_Gruop/R22_Cockpit_RLever01_Geo,"[-9.230,13.371,-6.697]","[353.539,71.828,16.021]","[0.036,0.586,0.145,0.796]","[-9.206,13.417,-6.705]","[0.115,0.127,0.144]",[],[]
33,R22_Helicopter_V2/Graphics_Group/R22_Body_Gruop/R22_Body_RDoor_Geo/R22_Cockpit_RDoor_Geo,"[-9.724,13.795,-7.128]","[353.539,71.828,16.021]","[0.036,0.586,0.145,0.796]","[-9.724,13.795,-7.128]","[0.635,0.477,0.382]",[],[]
33,R22_Helicopter_V2,"[-9.831,12.944,-6.839]","[353.539,71.828,16.021]","[0.036,0.586,0.145,0.796]",[],[],[],[]
33,R22_Helicopter_V2/Graphics_Group/R22_Cockpit_Gruop/R22_Cockpit_RLever02_Geo,"[-9.199,13.405,-6.807]","[353.539,71.828,16.021]","[0.036,0.586,0.145,0.796]","[-9.211,13.452,-6.825]","[0.088,0.138,0.137]",[],[]
33,R22_Helicopter_V2/Graphics_Group/R22_Cockpit_Gruop/R22_Cockpit_Needle04_Geo,"[-9.287,13.614,-6.411]","[353.539,71.828,16.021]","[0.036,0.586,0.145,0.796]","[-9.277,13.615,-6.408]","[0.015,0.004,0.007]",[],[]
33,R22_Helicopter_V2/Graphics_Group/R22_Cockpit_Gruop/R22_Cockpit_Needle03_Geo,"[-9.266,13.677,-6.345]","[353.539,71.828,16.021]","[0.036,0.586,0.145,0.796]","[-9.267,13.692,-6.341]","[0.009,0.024,0.010]",[],[]
33,R22_Helicopter_V2/Graphics_Group/R22_Cockpit_Gruop/R22_Cockpit_PannelButtons_Geo,"[-9.357,13.680,-6.476]","[353.539,71.828,16.021]","[0.036,0.586,0.145,0.796]","[-9.357,13.680,-6.476]","[0.416,0.446,0.349]",[],[]
33,R22_Helicopter_V2/Graphics_Group/R22_Cockpit_Gruop/R22_Cockpit_Needle05_Geo,"[-9.349,13.600,-6.434]","[353.539,71.828,16.021]","[0.036,0.586,0.145,0.796]","[-9.339,13.602,-6.430]","[0.015,0.004,0.007]",[],[]
33,R22_Helicopter_V2/Rotors_Group/Main Rotor - Mast/R22_Mechanical_RBlade_Geo,"[-10.435,15.115,-6.467]","[6.616,28.486,15.959]","[-0.089,-0.235,-0.120,-0.960]","[-9.558,15.389,-6.858]","[1.931,0.862,1.181]",[],[]
33,R22_Helicopter_V2/Graphics_Group/R22_Mechanical_Group/R22_Mechanical_Motor_Geo,"[-9.602,12.963,-6.759]","[353.539,71.828,16.021]","[0.036,0.586,0.145,0.796]","[-9.920,13.518,-6.687]","[2.587,1.808,2.343]",[],[]
33,R22_Helicopter_V2/Rotors_Group/Back Rotor - Mast/R22_Mechanical_TailMast_Geo,"[-12.182,13.794,-7.202]","[341.932,68.342,16.766]","[-0.048,0.568,0.206,0.796]","[-12.210,13.767,-7.110]","[0.160,0.168,0.260]",[],[]
33,R22_Helicopter_V2/Rotors_Group/Back Rotor - Mast/R22_Mechanical_RTailBlade_Geo,"[-12.245,13.759,-7.013]","[341.932,68.342,16.766]","[-0.048,0.568,0.206,0.796]","[-12.305,13.859,-7.001]","[0.169,0.266,0.079]",[],[]
33,R22_Helicopter_V2/Rotors_Group/Main Rotor - Mast/R22_Mechanical_LBlade_Geo,"[-10.647,15.046,-6.354]","[6.616,28.486,15.959]","[-0.089,-0.235,-0.120,-0.960]","[-11.526,14.783,-5.960]","[1.931,0.858,1.180]",[],[]
33,R22_Helicopter_V2/Graphics_Group/R22_Mechanical_Group,"[-10.639,14.007,-6.759]","[353.539,71.828,16.021]","[0.036,0.586,0.145,0.796]",[],[],[],[]
33,R22_Helicopter_V2/Rotors_Group/Main Rotor - Mast/R22_Mechanical_Mast_Geo,"[-10.515,14.949,-6.442]","[6.616,28.486,15.959]","[-0.089,-0.235,-0.120,-0.960]","[-10.515,14.949,-6.442]","[0.522,0.588,0.476]",[],[]
33,R22_Helicopter_V2/Rotors_Group/Back Rotor - Mast/R22_Mechanical_LTailBlade_Geo,"[-12.225,13.712,-7.021]","[341.932,68.342,16.766]","[-0.048,0.568,0.206,0.796]","[-12.169,13.618,-7.033]","[0.169,0.266,0.079]",[],[]
33,R22_Helicopter_V2/Graphics_Group/R_22_Blendshapes,"[-9.831,12.944,-6.839]","[353.539,71.828,16.021]","[0.036,0.586,0.145,0.796]",[],[],[],[]
33,R22_Helicopter_V2/Collider Group/Tail_COL,"[-11.491,13.836,-7.060]","[357.078,72.845,15.938]","[0.062,0.591,0.127,0.795]",[],[],"[-11.491,13.836,-7.060]","[1.636,0.371,0.712]"
33,R22_Helicopter_V2/Rotors_Group/Back Rotor - Mast/Tail Rotor - Double-side blur quad,"[-12.238,13.737,-7.012]","[15.916,343.680,18.815]","[0.112,-0.161,0.180,0.964]","[-12.238,13.737,-7.012]","[0.760,0.732,0.306]",[],[]
33,R22_Helicopter_V2/Collider Group/L_Skid_COL,"[-10.038,12.772,-6.146]","[353.539,71.828,16.021]","[0.036,0.586,0.145,0.796]",[],[],"[-9.859,12.794,-6.088]","[1.650,0.285,0.609]"
33,R22_Helicopter_V2/Collider Group/Fuselage_COL,"[-9.980,13.694,-6.659]","[353.539,71.828,16.021]","[0.036,0.586,0.145,0.796]",[],[],"[-9.980,13.694,-6.659]","[2.154,1.472,1.634]"
33,R22_Helicopter_V2/Engines/Main Engine,"[-9.831,12.944,-6.839]","[353.539,71.828,16.021]","[0.036,0.586,0.145,0.796]",[],[],[],[]
33,R22_Helicopter_V2/Collider Group/Mast_COL,"[-10.432,14.564,-6.533]","[347.049,69.919,16.344]","[-0.011,0.577,0.180,0.797]",[],[],"[-10.432,14.564,-6.533]","[0.769,0.915,0.744]"
33,R22_Helicopter_V2/Camera LookAt Target,"[-10.130,14.453,-6.478]","[353.539,71.828,16.021]","[0.036,0.586,0.145,0.796]",[],[],[],[]
33,R22_Helicopter_V2/Rotors_Group/Main Rotor - Mast/Main Rotor -  Blur Quad,"[-10.539,15.072,-6.413]","[72.757,140.429,112.872]","[-0.742,-0.252,0.081,-0.616]","[-10.539,15.072,-6.413]","[5.736,1.670,5.606]",[],[]
33,R22_Helicopter_V2/Rotors_Group,"[-9.831,12.944,-6.839]","[353.539,71.828,16.021]","[0.036,0.586,0.145,0.796]",[],[],[],[]
33,R22_Helicopter_V2/Rotors_Group/Main Rotor - Mast/Main Rotor -  Double-side blur quad,"[-10.539,15.072,-6.413]","[287.243,320.429,67.128]","[0.616,-0.081,-0.252,-0.742]","[-10.539,15.072,-6.413]","[5.736,1.670,5.606]",[],[]
33,R22_Helicopter_V2/Rotors_Group/Back Rotor - Mast/Tail Rotor - Blur quad,"[-12.238,13.737,-7.012]","[344.084,163.680,341.185]","[-0.180,0.964,0.112,0.161]","[-12.238,13.737,-7.012]","[0.760,0.732,0.306]",[],[]
33,R22_Helicopter_V2/Engines,"[-9.831,12.944,-6.839]","[353.539,71.828,16.021]","[0.036,0.586,0.145,0.796]",[],[],[],[]
33,R22_Helicopter_V2/Collider Group/R_Skid_COL,"[-9.640,13.176,-7.506]","[353.539,71.828,16.021]","[0.036,0.586,0.145,0.796]",[],[],"[-9.461,13.198,-7.447]","[1.650,0.285,0.609]"
34,Directional Light,"[0.000,3.000,0.000]","[50.000,330.000,0.000]","[0.408,-0.235,0.109,0.875]",[],[],[],[]
34,Canvas/Panel/Row - INFO,"[275.667,933.267,0.000]","[0.000,0.000,0.000]","[0.000,0.000,0.000,1.000]",[],[],[],[]
34,Canvas/Panel/Row - Pedal/Text (TMP) - Title,"[148.563,1073.333,0.000]","[0.000,0.000,0.000]","[0.000,0.000,0.000,1.000]",[],[],[],[]
34,Level_Manager/FX_GRP,"[0.000,0.000,0.000]","[0.000,0.000,0.000]","[0.000,0.000,0.000,1.000]",[],[],[],[]
34,Canvas/Panel/Row - Sticky Throttle,"[275.667,1340.000,0.000]","[0.000,0.000,0.000]","[0.000,0.000,0.000,1.000]",[],[],[],[]
34,Canvas/Panel/Row - Pedal/Text (TMP) - Content,"[424.230,1073.333,0.000]","[0.000,0.000,0.000]","[0.000,0.000,0.000,1.000]",[],[],[],[]
34,Level_Manager/Audio_GRP,"[0.000,0.000,0.000]","[0.000,0.000,0.000]","[0.000,0.000,0.000,1.000]",[],[],[],[]
34,Canvas/Panel/Row - Raw Throttle,"[275.667,1406.667,0.000]","[0.000,0.000,0.000]","[0.000,0.000,0.000,1.000]",[],[],[],[]
34,Canvas/Panel/Row - Raw Throttle/Text (TMP) - Content,"[424.230,1406.667,0.000]","[0.000,0.000,0.000]","[0.000,0.000,0.000,1.000]",[],[],[],[]
34,Level_Manager/PostProcessing,"[0.000,0.000,0.000]","[0.000,0.000,0.000]","[0.000,0.000,0.000,1.000]",[],[],[],[]
34,Level_Manager/Lighting_GRP,"[0.000,0.000,0.000]","[0.000,0.000,0.000]","[0.000,0.000,0.000,1.000]",[],[],[],[]
34,Canvas/Panel/Row - Sticky Throttle/Text (TMP) - Title,"[148.563,1340.000,0.000]","[0.000,0.000,0.000]","[0.000,0.000,0.000,1.000]",[],[],[],[]
34,R22_Helicopter_V2/Graphics_Group,"[-10.842,3.619,-5.612]","[1.568,65.510,347.156]","[-0.049,0.539,-0.101,0.835]",[],[],[],[]
34,R22_Helicopter_V2/Audio Group,"[-10.842,3.619,-5.612]","[1.568,65.510,347.156]","[-0.049,0.539,-0.101,0.835]",[],[],[],[]
34,Canvas/Panel/Row - INFO/Text (TMP) - Content,"[275.667,899.933,0.000]","[0.000,0.000,0.000]","[0.000,0.000,0.000,1.000]",[],[],[],[]
34,Level_Manager/Geo_GRP,"[0.000,0.000,0.000]","[0.000,0.000,0.000]","[0.000,0.000,0.000,1.000]",[],[],[],[]
34,Canvas,"[1720.000,720.000,0.000]","[0.000,0.000,0.000]","[0.000,0.000,0.000,1.000]",[],[],[],[]
34,Level_Manager,"[0.000,0.000,0.000]","[0.000,0.000,0.000]","[0.000,0.000,0.000,1.000]",[],[],[],[]
34,Canvas/Panel/Row - Cyclic/Text (TMP) - Content,"[424.230,1140.000,0.000]","[0.000,0.000,0.000]","[0.000,0.000,0.000,1.000]",[],[],[],[]
34,Canvas/Panel/Row - Cyclic,"[275.667,1140.000,0.000]","[0.000,0.000,0.000]","[0.000,0.000,0.000,1.000]",[],[],[],[]
34,Canvas/Panel/Row - Collective/Text (TMP) - Content,"[424.230,1273.333,0.000]","[0.000,0.000,0.000]","[0.000,0.000,0.000,1.000]",[],[],[],[]
34,HeliPad_001,"[1.550,0.000,-0.670]","[0.000,0.000,0.000]","[0.000,0.000,0.000,1.000]","[1.555,-0.012,-0.659]","[14.268,0.216,14.105]",[],[]
34,Canvas/Panel/Row - Cyclic/Text (TMP) - Title,"[148.563,1140.000,0.000]","[0.000,0.000,0.000]","[0.000,0.000,0.000,1.000]",[],[],[],[]
34,Canvas/Panel/Row - Sticky Collective/Text (TMP) - Content,"[424.230,1206.667,0.000]","[0.000,0.000,0.000]","[0.000,0.000,0.000,1.000]",[],[],[],[]
34,Canvas/Panel/Row - Pedal,"[275.667,1073.333,0.000]","[0.000,0.000,0.000]","[0.000,0.000,0.000,1.000]",[],[],[],[]
34,Main Camera,"[-17.814,11.494,-8.681]","[38.778,68.900,0.000]","[0.274,0.534,-0.188,0.778]",[],[],[],[]
34,Canvas/Panel/Row - Sticky Collective,"[275.667,1206.667,0.000]","[0.000,0.000,0.000]","[0.000,0.000,0.000,1.000]",[],[],[],[]
34,Canvas/Panel/Row - Sticky Collective/Text (TMP) - Title,"[148.563,1206.667,0.000]","[0.000,0.000,0.000]","[0.000,0.000,0.000,1.000]",[],[],[],[]
34,Plane,"[0.000,0.000,0.000]","[0.000,0.000,0.000]","[0.000,0.000,0.000,1.000]","[0.000,0.000,0.000]","[1000.000,0.000,1000.000]","[0.000,0.000,0.000]","[1000.000,0.000,1000.000]"
34,EventSystem,"[0.000,0.000,0.000]","[0.000,0.000,0.000]","[0.000,0.000,0.000,1.000]",[],[],[],[]
34,R22_Helicopter_V2/COG,"[-10.919,4.382,-5.837]","[1.568,65.510,347.156]","[-0.049,0.539,-0.101,0.835]",[],[],[],[]
34,Canvas/Panel/Row - Raw Throttle/Text (TMP) - Title,"[148.563,1406.667,0.000]","[0.000,0.000,0.000]","[0.000,0.000,0.000,1.000]",[],[],[],[]
34,Canvas/Panel/Row - Sticky Throttle/Text (TMP) - Content,"[424.230,1340.000,0.000]","[0.000,0.000,0.000]","[0.000,0.000,0.000,1.000]",[],[],[],[]
34,R22_Helicopter_V2/Collider Group,"[-10.842,3.619,-5.612]","[1.568,65.510,347.156]","[-0.049,0.539,-0.101,0.835]",[],[],[],[]
34,Canvas/Panel/Row - INFO/Text (TMP) - Title,"[275.667,1006.667,0.000]","[0.000,0.000,0.000]","[0.000,0.000,0.000,1.000]",[],[],[],[]
34,Canvas/Panel,"[0.000,1440.000,0.000]","[0.000,0.000,0.000]","[0.000,0.000,0.000,1.000]",[],[],[],[]
34,Canvas/Panel/Row - Collective/Text (TMP) - Title,"[148.563,1273.333,0.000]","[0.000,0.000,0.000]","[0.000,0.000,0.000,1.000]",[],[],[],[]
34,Canvas/Panel/Row - Collective,"[275.667,1273.333,0.000]","[0.000,0.000,0.000]","[0.000,0.000,0.000,1.000]",[],[],[],[]
34,R22_Helicopter_V2/Rotors_Group/Back Rotor - Mast,"[-12.767,4.837,-6.703]","[42.712,53.722,342.395]","[-0.257,-0.466,0.290,-0.796]",[],[],[],[]
34,R22_Helicopter_V2/Rotors_Group/Main Rotor - Mast,"[-10.863,5.707,-6.142]","[4.002,220.937,12.314]","[0.088,0.932,-0.070,-0.344]",[],[],[],[]
34,R22_Helicopter_V2/Graphics_Group/R22_Body_Gruop/R22_Body_RDoor_Geo/R22_Body_RDoorGlass_Geo,"[-10.842,3.619,-5.612]","[1.568,65.510,347.156]","[-0.049,0.539,-0.101,0.835]","[-10.508,4.585,-6.277]","[0.623,0.478,0.465]",[],[]
34,R22_Helicopter_V2/Graphics_Group/R22_Body_Gruop/R22_Body_RDoor_Geo,"[-10.213,4.359,-6.192]","[1.568,65.510,347.156]","[-0.049,0.539,-0.101,0.835]","[-10.486,4.417,-6.209]","[0.852,0.903,0.662]",[],[]
34,R22_Helicopter_V2/Graphics_Group/R22_Cockpit_Gruop/R22_Cockpit_Chairs_Geo,"[-10.504,3.900,-5.523]","[1.568,65.510,347.156]","[-0.049,0.539,-0.101,0.835]","[-10.452,4.336,-5.608]","[1.581,1.135,1.547]",[],[]
34,R22_Helicopter_V2/Graphics_Group/R22_Body_Gruop/R22_Body_Windshield_Geo,"[-10.842,3.619,-5.612]","[1.568,65.510,347.156]","[-0.049,0.539,-0.101,0.835]","[-10.205,4.601,-5.564]","[1.361,1.198,1.614]",[],[]
34,R22_Helicopter_V2/Graphics_Group/R22_Body_Gruop,"[-11.348,4.697,-6.100]","[1.568,65.510,347.156]","[-0.049,0.539,-0.101,0.835]",[],[],[],[]
34,R22_Helicopter_V2/Graphics_Group/R22_Body_Gruop/R22_Body_Geo,"[-10.842,3.619,-5.612]","[1.568,65.510,347.156]","[-0.049,0.539,-0.101,0.835]","[-11.348,4.697,-6.100]","[3.772,2.091,2.840]",[],[]
34,R22_Helicopter_V2/Graphics_Group/R22_Body_Gruop/R22_Body_LDoor_Geo/R22_Body_LDoorGlass_Geo,"[-10.842,3.619,-5.612]","[1.568,65.510,347.156]","[-0.049,0.539,-0.101,0.835]","[-10.920,4.814,-5.357]","[0.623,0.478,0.465]",[],[]
34,R22_Helicopter_V2/Graphics_Group/R22_Body_Gruop/R22_Body_LDoor_Geo,"[-10.707,4.649,-5.100]","[1.568,65.510,347.156]","[-0.049,0.539,-0.101,0.835]","[-10.886,4.640,-5.314]","[0.852,0.903,0.662]",[],[]
34,R22_Helicopter_V2/Graphics_Group/R22_Cockpit_Gruop/R22_Cockpit_LLever02_Geo,"[-10.316,3.983,-5.151]","[1.568,65.510,347.156]","[-0.049,0.539,-0.101,0.835]","[-10.333,4.031,-5.140]","[0.094,0.130,0.134]",[],[]
34,R22_Helicopter_V2/Graphics_Group/R22_Cockpit_Gruop/R22_Cockpit_LLever01_Geo,"[-10.269,3.956,-5.256]","[1.568,65.510,347.156]","[-0.049,0.539,-0.101,0.835]","[-10.252,3.996,-5.229]","[0.119,0.117,0.144]",[],[]
34,R22_Helicopter_V2/Graphics_Group/R22_Cockpit_Gruop/R22_Cockpit_Needle02_Geo,"[-9.983,4.345,-5.563]","[1.568,65.510,347.156]","[-0.049,0.539,-0.101,0.835]","[-9.978,4.360,-5.565]","[0.008,0.024,0.010]",[],[]
34,R22_Helicopter_V2/Graphics_Group/R22_Cockpit_Gruop/R22_Cockpit_Needle01_Geo,"[-10.097,4.409,-5.307]","[1.568,65.510,347.156]","[-0.049,0.539,-0.101,0.835]","[-10.093,4.424,-5.310]","[0.008,0.024,0.010]",[],[]
34,R22_Helicopter_V2/Graphics_Group/R22_Cockpit_Gruop/R22_Cockpit_Handle01_Geo,"[-10.395,4.460,-5.614]","[1.568,65.510,347.156]","[-0.049,0.539,-0.101,0.835]","[-10.389,4.514,-5.625]","[0.395,0.324,0.680]",[],[]
34,R22_Helicopter_V2/Graphics_Group/R22_Cockpit_Gruop,"[-10.452,4.336,-5.609]","[1.568,65.510,347.156]","[-0.049,0.539,-0.101,0.835]",[],[],[],[]
34,R22_Helicopter_V2/Graphics_Group/R22_Body_Gruop/R22_Body_LDoor_Geo/R22_Cockpit_LDoor_Geo,"[-10.876,4.444,-5.223]","[1.568,65.510,347.156]","[-0.049,0.539,-0.101,0.835]","[-10.876,4.444,-5.223]","[0.604,0.431,0.421]",[],[]
34,R22_Helicopter_V2/Graphics_Group/R22_Cockpit_Gruop/R22_Cockpit_Hanlde02_Geo,"[-10.436,4.058,-5.532]","[1.568,65.510,347.156]","[-0.049,0.539,-0.101,0.835]","[-10.412,4.262,-5.572]","[0.205,0.436,0.239]",[],[]
34,R22_Helicopter_V2/Graphics_Group/R22_Cockpit_Gruop/R22_Cockpit_RLever01_Geo,"[-10.144,3.886,-5.533]","[1.568,65.510,347.156]","[-0.049,0.539,-0.101,0.835]","[-10.106,3.915,-5.553]","[0.119,0.117,0.144]",[],[]
34,R22_Helicopter_V2/Graphics_Group/R22_Body_Gruop/R22_Body_RDoor_Geo/R22_Cockpit_RDoor_Geo,"[-10.449,4.206,-6.177]","[1.568,65.510,347.156]","[-0.049,0.539,-0.101,0.835]","[-10.449,4.206,-6.177]","[0.604,0.431,0.421]",[],[]
34,R22_Helicopter_V2,"[-10.842,3.619,-5.612]","[1.568,65.510,347.156]","[-0.049,0.539,-0.101,0.835]",[],[],[],[]
34,R22_Helicopter_V2/Graphics_Group/R22_Cockpit_Gruop/R22_Cockpit_RLever02_Geo,"[-10.098,3.861,-5.639]","[1.568,65.510,347.156]","[-0.049,0.539,-0.101,0.835]","[-10.092,3.897,-5.676]","[0.093,0.131,0.134]",[],[]
34,R22_Helicopter_V2/Graphics_Group/R22_Cockpit_Gruop/R22_Cockpit_Needle04_Geo,"[-10.137,4.231,-5.377]","[1.568,65.510,347.156]","[-0.049,0.539,-0.101,0.835]","[-10.127,4.231,-5.373]","[0.015,0.003,0.009]",[],[]
34,R22_Helicopter_V2/Graphics_Group/R22_Cockpit_Gruop/R22_Cockpit_Needle03_Geo,"[-10.101,4.309,-5.337]","[1.568,65.510,347.156]","[-0.049,0.539,-0.101,0.835]","[-10.097,4.323,-5.339]","[0.008,0.024,0.010]",[],[]
34,R22_Helicopter_V2/Graphics_Group/R22_Cockpit_Gruop/R22_Cockpit_PannelButtons_Geo,"[-10.177,4.280,-5.474]","[1.568,65.510,347.156]","[-0.049,0.539,-0.101,0.835]","[-10.177,4.280,-5.474]","[0.401,0.417,0.362]",[],[]
34,R22_Helicopter_V2/Graphics_Group/R22_Cockpit_Gruop/R22_Cockpit_Needle05_Geo,"[-10.199,4.226,-5.403]","[1.568,65.510,347.156]","[-0.049,0.539,-0.101,0.835]","[-10.189,4.227,-5.399]","[0.015,0.003,0.009]",[],[]
34,R22_Helicopter_V2/Rotors_Group/Main Rotor - Mast/R22_Mechanical_RBlade_Geo,"[-10.939,5.868,-6.088]","[348.038,217.420,12.560]","[0.136,0.933,0.063,-0.328]","[-11.708,6.095,-5.493]","[1.767,0.765,1.499]",[],[]
34,R22_Helicopter_V2/Graphics_Group/R22_Mechanical_Group/R22_Mechanical_Motor_Geo,"[-10.624,3.606,-5.503]","[1.568,65.510,347.156]","[-0.049,0.539,-0.101,0.835]","[-10.750,4.203,-5.709]","[2.628,1.576,2.462]",[],[]
34,R22_Helicopter_V2/Rotors_Group/Back Rotor - Mast/R22_Mechanical_TailMast_Geo,"[-12.767,4.837,-6.703]","[42.712,53.722,342.395]","[-0.257,-0.466,0.290,-0.796]","[-12.806,4.860,-6.614]","[0.199,0.163,0.256]",[],[]
34,R22_Helicopter_V2/Rotors_Group/Back Rotor - Mast/R22_Mechanical_RTailBlade_Geo,"[-12.831,4.897,-6.521]","[42.712,53.722,342.395]","[-0.257,-0.466,0.290,-0.796]","[-12.760,4.990,-6.513]","[0.233,0.237,0.080]",[],[]
34,R22_Helicopter_V2/Rotors_Group/Main Rotor - Mast/R22_Mechanical_LBlade_Geo,"[-10.756,5.814,-6.249]","[19.951,224.598,13.081]","[0.038,0.913,-0.202,-0.353]","[-9.982,5.621,-6.850]","[1.721,0.786,1.574]",[],[]
34,R22_Helicopter_V2/Graphics_Group/R22_Mechanical_Group,"[-11.266,4.791,-6.094]","[1.568,65.510,347.156]","[-0.049,0.539,-0.101,0.835]",[],[],[],[]
34,R22_Helicopter_V2/Rotors_Group/Main Rotor - Mast/R22_Mechanical_Mast_Geo,"[-10.863,5.707,-6.142]","[4.002,220.937,12.314]","[0.088,0.932,-0.070,-0.344]","[-10.863,5.707,-6.142]","[0.488,0.564,0.503]",[],[]
34,R22_Helicopter_V2/Rotors_Group/Back Rotor - Mast/R22_Mechanical_LTailBlade_Geo,"[-12.867,4.860,-6.528]","[42.712,53.722,342.395]","[-0.257,-0.466,0.290,-0.796]","[-12.933,4.773,-6.536]","[0.233,0.237,0.080]",[],[]
34,R22_Helicopter_V2/Graphics_Group/R_22_Blendshapes,"[-10.842,3.619,-5.612]","[1.568,65.510,347.156]","[-0.049,0.539,-0.101,0.835]",[],[],[],[]
34,R22_Helicopter_V2/Collider Group/Tail_COL,"[-12.108,4.746,-6.461]","[5.156,64.689,347.107]","[-0.022,0.535,-0.119,0.836]",[],[],"[-12.108,4.746,-6.461]","[1.560,0.426,0.896]"
34,R22_Helicopter_V2/Rotors_Group/Back Rotor - Mast/Tail Rotor - Double-side blur quad,"[-12.849,4.883,-6.520]","[347.160,335.869,315.917]","[0.023,0.234,0.386,-0.892]","[-12.849,4.883,-6.520]","[0.776,0.827,0.344]",[],[]
34,R22_Helicopter_V2/Collider Group/L_Skid_COL,"[-11.134,3.816,-4.958]","[1.568,65.510,347.156]","[-0.049,0.539,-0.101,0.835]",[],[],"[-10.961,3.810,-4.879]","[1.594,0.145,0.780]"
34,R22_Helicopter_V2/Collider Group/Fuselage_COL,"[-10.750,4.384,-5.762]","[1.568,65.510,347.156]","[-0.049,0.539,-0.101,0.835]",[],[],"[-10.750,4.384,-5.762]","[2.126,1.402,1.720]"
34,R22_Helicopter_V2/Engines/Main Engine,"[-10.842,3.619,-5.612]","[1.568,65.510,347.156]","[-0.049,0.539,-0.101,0.835]",[],[],[],[]
34,R22_Helicopter_V2/Collider Group/Mast_COL,"[-10.904,5.313,-6.063]","[354.980,67.015,347.110]","[-0.098,0.544,-0.069,0.830]",[],[],"[-10.904,5.313,-6.063]","[0.702,0.923,0.755]"
34,R22_Helicopter_V2/Camera LookAt Target,"[-10.658,5.158,-5.914]","[1.568,65.510,347.156]","[-0.049,0.539,-0.101,0.835]",[],[],[],[]
34,R22_Helicopter_V2/Rotors_Group/Main Rotor - Mast/Main Rotor -  Blur Quad,"[-10.848,5.833,-6.167]","[77.062,328.669,108.163]","[-0.181,0.610,-0.709,-0.306]","[-10.848,5.833,-6.167]","[6.026,1.215,5.945]",[],[]
34,R22_Helicopter_V2/Rotors_Group,"[-10.842,3.619,-5.612]","[1.568,65.510,347.156]","[-0.049,0.539,-0.101,0.835]",[],[],[],[]
34,R22_Helicopter_V2/Rotors_Group/Main Rotor - Mast/Main Rotor -  Double-side blur quad,"[-10.848,5.833,-6.167]","[282.938,148.669,71.837]","[0.306,0.709,0.610,-0.181]","[-10.848,5.833,-6.167]","[6.026,1.215,5.945]",[],[]
34,R22_Helicopter_V2/Rotors_Group/Back Rotor - Mast/Tail Rotor - Blur quad,"[-12.849,4.883,-6.520]","[12.840,155.869,44.084]","[-0.386,-0.892,0.023,-0.234]","[-12.849,4.883,-6.520]","[0.776,0.827,0.344]",[],[]
34,R22_Helicopter_V2/Engines,"[-10.842,3.619,-5.612]","[1.568,65.510,347.156]","[-0.049,0.539,-0.101,0.835]",[],[],[],[]
34,R22_Helicopter_V2/Collider Group/R_Skid_COL,"[-10.547,3.488,-6.268]","[1.568,65.510,347.156]","[-0.049,0.539,-0.101,0.835]",[],[],"[-10.374,3.483,-6.190]","[1.594,0.145,0.780]"
35,Directional Light,"[0.000,3.000,0.000]","[50.000,330.000,0.000]","[0.408,-0.235,0.109,0.875]",[],[],[],[]
35,Canvas/Panel/Row - INFO,"[275.667,933.267,0.000]","[0.000,0.000,0.000]","[0.000,0.000,0.000,1.000]",[],[],[],[]
35,Canvas/Panel/Row - Pedal/Text (TMP) - Title,"[148.563,1073.333,0.000]","[0.000,0.000,0.000]","[0.000,0.000,0.000,1.000]",[],[],[],[]
35,Level_Manager/FX_GRP,"[0.000,0.000,0.000]","[0.000,0.000,0.000]","[0.000,0.000,0.000,1.000]",[],[],[],[]
35,Canvas/Panel/Row - Sticky Throttle,"[275.667,1340.000,0.000]","[0.000,0.000,0.000]","[0.000,0.000,0.000,1.000]",[],[],[],[]
35,Canvas/Panel/Row - Pedal/Text (TMP) - Content,"[424.230,1073.333,0.000]","[0.000,0.000,0.000]","[0.000,0.000,0.000,1.000]",[],[],[],[]
35,Level_Manager/Audio_GRP,"[0.000,0.000,0.000]","[0.000,0.000,0.000]","[0.000,0.000,0.000,1.000]",[],[],[],[]
35,Canvas/Panel/Row - Raw Throttle,"[275.667,1406.667,0.000]","[0.000,0.000,0.000]","[0.000,0.000,0.000,1.000]",[],[],[],[]
35,Canvas/Panel/Row - Raw Throttle/Text (TMP) - Content,"[424.230,1406.667,0.000]","[0.000,0.000,0.000]","[0.000,0.000,0.000,1.000]",[],[],[],[]
35,Level_Manager/PostProcessing,"[0.000,0.000,0.000]","[0.000,0.000,0.000]","[0.000,0.000,0.000,1.000]",[],[],[],[]
35,Level_Manager/Lighting_GRP,"[0.000,0.000,0.000]","[0.000,0.000,0.000]","[0.000,0.000,0.000,1.000]",[],[],[],[]
35,Canvas/Panel/Row - Sticky Throttle/Text (TMP) - Title,"[148.563,1340.000,0.000]","[0.000,0.000,0.000]","[0.000,0.000,0.000,1.000]",[],[],[],[]
35,R22_Helicopter_V2/Graphics_Group,"[-9.287,2.257,-5.628]","[12.664,62.437,352.394]","[0.060,0.520,-0.113,0.844]",[],[],[],[]
35,R22_Helicopter_V2/Audio Group,"[-9.287,2.257,-5.628]","[12.664,62.437,352.394]","[0.060,0.520,-0.113,0.844]",[],[],[],[]
35,Canvas/Panel/Row - INFO/Text (TMP) - Content,"[275.667,899.933,0.000]","[0.000,0.000,0.000]","[0.000,0.000,0.000,1.000]",[],[],[],[]
35,Level_Manager/Geo_GRP,"[0.000,0.000,0.000]","[0.000,0.000,0.000]","[0.000,0.000,0.000,1.000]",[],[],[],[]
35,Canvas,"[1720.000,720.000,0.000]","[0.000,0.000,0.000]","[0.000,0.000,0.000,1.000]",[],[],[],[]
35,Level_Manager,"[0.000,0.000,0.000]","[0.000,0.000,0.000]","[0.000,0.000,0.000,1.000]",[],[],[],[]
35,Canvas/Panel/Row - Cyclic/Text (TMP) - Content,"[424.230,1140.000,0.000]","[0.000,0.000,0.000]","[0.000,0.000,0.000,1.000]",[],[],[],[]
35,Canvas/Panel/Row - Cyclic,"[275.667,1140.000,0.000]","[0.000,0.000,0.000]","[0.000,0.000,0.000,1.000]",[],[],[],[]
35,Canvas/Panel/Row - Collective/Text (TMP) - Content,"[424.230,1273.333,0.000]","[0.000,0.000,0.000]","[0.000,0.000,0.000,1.000]",[],[],[],[]
35,HeliPad_001,"[1.550,0.000,-0.670]","[0.000,0.000,0.000]","[0.000,0.000,0.000,1.000]","[1.555,-0.012,-0.659]","[14.268,0.216,14.105]",[],[]
35,Canvas/Panel/Row - Cyclic/Text (TMP) - Title,"[148.563,1140.000,0.000]","[0.000,0.000,0.000]","[0.000,0.000,0.000,1.000]",[],[],[],[]
35,Canvas/Panel/Row - Sticky Collective/Text (TMP) - Content,"[424.230,1206.667,0.000]","[0.000,0.000,0.000]","[0.000,0.000,0.000,1.000]",[],[],[],[]
35,Canvas/Panel/Row - Pedal,"[275.667,1073.333,0.000]","[0.000,0.000,0.000]","[0.000,0.000,0.000,1.000]",[],[],[],[]
35,Main Camera,"[-17.444,6.255,-9.728]","[15.431,64.368,0.000]","[0.114,0.528,-0.072,0.839]",[],[],[],[]
35,Canvas/Panel/Row - Sticky Collective,"[275.667,1206.667,0.000]","[0.000,0.000,0.000]","[0.000,0.000,0.000,1.000]",[],[],[],[]
35,Canvas/Panel/Row - Sticky Collective/Text (TMP) - Title,"[148.563,1206.667,0.000]","[0.000,0.000,0.000]","[0.000,0.000,0.000,1.000]",[],[],[],[]
35,Plane,"[0.000,0.000,0.000]","[0.000,0.000,0.000]","[0.000,0.000,0.000,1.000]","[0.000,0.000,0.000]","[1000.000,0.000,1000.000]","[0.000,0.000,0.000]","[1000.000,0.000,1000.000]"
35,EventSystem,"[0.000,0.000,0.000]","[0.000,0.000,0.000]","[0.000,0.000,0.000,1.000]",[],[],[],[]
35,R22_Helicopter_V2/COG,"[-9.250,3.050,-5.724]","[12.664,62.437,352.394]","[0.060,0.520,-0.113,0.844]",[],[],[],[]
35,Canvas/Panel/Row - Raw Throttle/Text (TMP) - Title,"[148.563,1406.667,0.000]","[0.000,0.000,0.000]","[0.000,0.000,0.000,1.000]",[],[],[],[]
35,Canvas/Panel/Row - Sticky Throttle/Text (TMP) - Content,"[424.230,1340.000,0.000]","[0.000,0.000,0.000]","[0.000,0.000,0.000,1.000]",[],[],[],[]
35,R22_Helicopter_V2/Collider Group,"[-9.287,2.257,-5.628]","[12.664,62.437,352.394]","[0.060,0.520,-0.113,0.844]",[],[],[],[]
35,Canvas/Panel/Row - INFO/Text (TMP) - Title,"[275.667,1006.667,0.000]","[0.000,0.000,0.000]","[0.000,0.000,0.000,1.000]",[],[],[],[]
35,Canvas/Panel,"[0.000,1440.000,0.000]","[0.000,0.000,0.000]","[0.000,0.000,0.000,1.000]",[],[],[],[]
35,Canvas/Panel/Row - Collective/Text (TMP) - Title,"[148.563,1273.333,0.000]","[0.000,0.000,0.000]","[0.000,0.000,0.000,1.000]",[],[],[],[]
35,Canvas/Panel/Row - Collective,"[275.667,1273.333,0.000]","[0.000,0.000,0.000]","[0.000,0.000,0.000,1.000]",[],[],[],[]
35,R22_Helicopter_V2/Rotors_Group/Back Rotor - Mast,"[-10.954,3.889,-6.597]","[68.896,263.836,201.019]","[0.672,0.260,-0.465,0.514]",[],[],[],[]
35,R22_Helicopter_V2/Rotors_Group/Main Rotor - Mast,"[-9.002,4.386,-5.797]","[11.927,57.187,351.275]","[0.055,0.482,-0.116,0.867]",[],[],[],[]
35,R22_Helicopter_V2/Graphics_Group/R22_Body_Gruop/R22_Body_RDoor_Geo/R22_Body_RDoorGlass_Geo,"[-9.287,2.257,-5.628]","[12.664,62.437,352.394]","[0.060,0.520,-0.113,0.844]","[-8.784,3.262,-6.101]","[0.664,0.565,0.410]",[],[]
35,R22_Helicopter_V2/Graphics_Group/R22_Body_Gruop/R22_Body_RDoor_Geo,"[-8.527,2.987,-6.040]","[12.664,62.437,352.394]","[0.060,0.520,-0.113,0.844]","[-8.788,3.084,-6.061]","[0.944,1.016,0.540]",[],[]
35,R22_Helicopter_V2/Graphics_Group/R22_Cockpit_Gruop/R22_Cockpit_Chairs_Geo,"[-8.924,2.471,-5.475]","[12.664,62.437,352.394]","[0.060,0.520,-0.113,0.844]","[-8.811,2.904,-5.482]","[1.687,1.264,1.435]",[],[]
35,R22_Helicopter_V2/Graphics_Group/R22_Body_Gruop/R22_Body_Windshield_Geo,"[-9.287,2.257,-5.628]","[12.664,62.437,352.394]","[0.060,0.520,-0.113,0.844]","[-8.536,3.122,-5.381]","[1.493,1.238,1.486]",[],[]
35,R22_Helicopter_V2/Graphics_Group/R22_Body_Gruop,"[-9.614,3.459,-5.953]","[12.664,62.437,352.394]","[0.060,0.520,-0.113,0.844]",[],[],[],[]
35,R22_Helicopter_V2/Graphics_Group/R22_Body_Gruop/R22_Body_Geo,"[-9.287,2.257,-5.628]","[12.664,62.437,352.394]","[0.060,0.520,-0.113,0.844]","[-9.614,3.459,-5.953]","[3.906,2.611,2.660]",[],[]
35,R22_Helicopter_V2/Graphics_Group/R22_Body_Gruop/R22_Body_LDoor_Geo/R22_Body_LDoorGlass_Geo,"[-9.287,2.257,-5.628]","[12.664,62.437,352.394]","[0.060,0.520,-0.113,0.844]","[-9.231,3.395,-5.178]","[0.664,0.565,0.410]",[],[]
35,R22_Helicopter_V2/Graphics_Group/R22_Body_Gruop/R22_Body_LDoor_Geo,"[-9.061,3.163,-4.942]","[12.664,62.437,352.394]","[0.060,0.520,-0.113,0.844]","[-9.223,3.213,-5.164]","[0.944,1.016,0.540]",[],[]
35,R22_Helicopter_V2/Graphics_Group/R22_Cockpit_Gruop/R22_Cockpit_LLever02_Geo,"[-8.756,2.466,-5.084]","[12.664,62.437,352.394]","[0.060,0.520,-0.113,0.844]","[-8.767,2.513,-5.067]","[0.110,0.127,0.117]",[],[]
35,R22_Helicopter_V2/Graphics_Group/R22_Cockpit_Gruop/R22_Cockpit_LLever01_Geo,"[-8.704,2.450,-5.190]","[12.664,62.437,352.394]","[0.060,0.520,-0.113,0.844]","[-8.684,2.483,-5.156]","[0.133,0.120,0.131]",[],[]
35,R22_Helicopter_V2/Graphics_Group/R22_Cockpit_Gruop/R22_Cockpit_Needle02_Geo,"[-8.349,2.840,-5.411]","[12.664,62.437,352.394]","[0.060,0.520,-0.113,0.844]","[-8.342,2.855,-5.410]","[0.011,0.024,0.006]",[],[]
35,R22_Helicopter_V2/Graphics_Group/R22_Cockpit_Gruop/R22_Cockpit_Needle01_Geo,"[-8.473,2.877,-5.155]","[12.664,62.437,352.394]","[0.060,0.520,-0.113,0.844]","[-8.467,2.892,-5.154]","[0.011,0.024,0.006]",[],[]
35,R22_Helicopter_V2/Graphics_Group/R22_Cockpit_Gruop/R22_Cockpit_Handle01_Geo,"[-8.738,3.018,-5.464]","[12.664,62.437,352.394]","[0.060,0.520,-0.113,0.844]","[-8.725,3.071,-5.465]","[0.438,0.283,0.656]",[],[]
35,R22_Helicopter_V2/Graphics_Group/R22_Cockpit_Gruop,"[-8.811,2.904,-5.482]","[12.664,62.437,352.394]","[0.060,0.520,-0.113,0.844]",[],[],[],[]
35,R22_Helicopter_V2/Graphics_Group/R22_Body_Gruop/R22_Body_LDoor_Geo/R22_Cockpit_LDoor_Geo,"[-9.245,3.006,-5.107]","[12.664,62.437,352.394]","[0.060,0.520,-0.113,0.844]","[-9.245,3.006,-5.107]","[0.638,0.522,0.373]",[],[]
35,R22_Helicopter_V2/Graphics_Group/R22_Cockpit_Gruop/R22_Cockpit_Hanlde02_Geo,"[-8.837,2.617,-5.453]","[12.664,62.437,352.394]","[0.060,0.520,-0.113,0.844]","[-8.783,2.820,-5.457]","[0.261,0.444,0.171]",[],[]
35,R22_Helicopter_V2/Graphics_Group/R22_Cockpit_Gruop/R22_Cockpit_RLever01_Geo,"[-8.570,2.409,-5.468]","[12.664,62.437,352.394]","[0.060,0.520,-0.113,0.844]","[-8.527,2.436,-5.481]","[0.133,0.120,0.131]",[],[]
35,R22_Helicopter_V2/Graphics_Group/R22_Body_Gruop/R22_Body_RDoor_Geo/R22_Cockpit_RDoor_Geo,"[-8.781,2.868,-6.063]","[12.664,62.437,352.394]","[0.060,0.520,-0.113,0.844]","[-8.781,2.868,-6.063]","[0.638,0.522,0.373]",[],[]
35,R22_Helicopter_V2,"[-9.287,2.257,-5.628]","[12.664,62.437,352.394]","[0.060,0.520,-0.113,0.844]",[],[],[],[]
35,R22_Helicopter_V2/Graphics_Group/R22_Cockpit_Gruop/R22_Cockpit_RLever02_Geo,"[-8.519,2.395,-5.574]","[12.664,62.437,352.394]","[0.060,0.520,-0.113,0.844]","[-8.506,2.436,-5.604]","[0.110,0.128,0.117]",[],[]
35,R22_Helicopter_V2/Graphics_Group/R22_Cockpit_Gruop/R22_Cockpit_Needle04_Geo,"[-8.530,2.720,-5.255]","[12.664,62.437,352.394]","[0.060,0.520,-0.113,0.844]","[-8.521,2.719,-5.251]","[0.015,0.006,0.009]",[],[]
35,R22_Helicopter_V2/Graphics_Group/R22_Cockpit_Gruop/R22_Cockpit_Needle03_Geo,"[-8.487,2.785,-5.201]","[12.664,62.437,352.394]","[0.060,0.520,-0.113,0.844]","[-8.481,2.799,-5.201]","[0.011,0.024,0.006]",[],[]
35,R22_Helicopter_V2/Graphics_Group/R22_Cockpit_Gruop/R22_Cockpit_PannelButtons_Geo,"[-8.556,2.790,-5.345]","[12.664,62.437,352.394]","[0.060,0.520,-0.113,0.844]","[-8.556,2.790,-5.345]","[0.445,0.458,0.308]",[],[]
35,R22_Helicopter_V2/Graphics_Group/R22_Cockpit_Gruop/R22_Cockpit_Needle05_Geo,"[-8.589,2.729,-5.286]","[12.664,62.437,352.394]","[0.060,0.520,-0.113,0.844]","[-8.580,2.727,-5.281]","[0.015,0.006,0.009]",[],[]
35,R22_Helicopter_V2/Rotors_Group/Main Rotor - Mast/R22_Mechanical_RBlade_Geo,"[-8.906,4.501,-5.906]","[337.331,62.598,350.745]","[-0.208,0.494,0.034,0.843]","[-8.366,4.376,-6.736]","[1.335,0.670,1.929]",[],[]
35,R22_Helicopter_V2/Graphics_Group/R22_Mechanical_Group/R22_Mechanical_Motor_Geo,"[-9.081,2.197,-5.511]","[12.664,62.437,352.394]","[0.060,0.520,-0.113,0.844]","[-9.114,2.831,-5.619]","[2.755,1.817,2.331]",[],[]
35,R22_Helicopter_V2/Rotors_Group/Back Rotor - Mast/R22_Mechanical_TailMast_Geo,"[-10.954,3.889,-6.597]","[68.896,263.836,201.019]","[0.672,0.260,-0.465,0.514]","[-10.996,3.902,-6.508]","[0.202,0.126,0.257]",[],[]
35,R22_Helicopter_V2/Rotors_Group/Back Rotor - Mast/R22_Mechanical_RTailBlade_Geo,"[-11.022,3.907,-6.408]","[68.896,263.836,201.019]","[0.672,0.260,-0.465,0.514]","[-10.920,3.885,-6.355]","[0.250,0.159,0.132]",[],[]
35,R22_Helicopter_V2/Rotors_Group/Main Rotor - Mast/R22_Mechanical_LBlade_Geo,"[-9.029,4.537,-5.691]","[46.385,49.941,347.576]","[0.313,0.424,-0.255,0.810]","[-9.556,4.719,-4.863]","[1.373,0.692,1.926]",[],[]
35,R22_Helicopter_V2/Graphics_Group/R22_Mechanical_Group,"[-9.521,3.539,-5.926]","[12.664,62.437,352.394]","[0.060,0.520,-0.113,0.844]",[],[],[],[]
35,R22_Helicopter_V2/Rotors_Group/Main Rotor - Mast/R22_Mechanical_Mast_Geo,"[-9.002,4.386,-5.797]","[11.927,57.187,351.275]","[0.055,0.482,-0.116,0.867]","[-9.002,4.386,-5.797]","[0.505,0.569,0.448]",[],[]
35,R22_Helicopter_V2/Rotors_Group/Back Rotor - Mast/R22_Mechanical_LTailBlade_Geo,"[-11.065,3.925,-6.432]","[68.896,263.836,201.019]","[0.672,0.260,-0.465,0.514]","[-11.161,3.946,-6.481]","[0.250,0.159,0.132]",[],[]
35,R22_Helicopter_V2/Graphics_Group/R_22_Blendshapes,"[-9.287,2.257,-5.628]","[12.664,62.437,352.394]","[0.060,0.520,-0.113,0.844]",[],[],[],[]
35,R22_Helicopter_V2/Collider Group/Tail_COL,"[-10.332,3.671,-6.339]","[16.312,61.930,352.267]","[0.087,0.516,-0.130,0.842]",[],[],"[-10.332,3.671,-6.339]","[1.486,0.693,0.932]"
35,R22_Helicopter_V2/Rotors_Group/Back Rotor - Mast/Tail Rotor - Double-side blur quad,"[-11.043,3.916,-6.413]","[352.580,334.115,250.188]","[0.147,-0.180,-0.804,0.547]","[-11.043,3.916,-6.413]","[0.711,0.761,0.293]",[],[]
35,R22_Helicopter_V2/Collider Group/L_Skid_COL,"[-9.600,2.385,-4.966]","[12.664,62.437,352.394]","[0.060,0.520,-0.113,0.844]",[],[],"[-9.436,2.343,-4.881]","[1.520,0.460,0.841]"
35,R22_Helicopter_V2/Collider Group/Fuselage_COL,"[-9.088,3.016,-5.641]","[12.664,62.437,352.394]","[0.060,0.520,-0.113,0.844]",[],[],"[-9.088,3.016,-5.641]","[2.089,1.560,1.750]"
35,R22_Helicopter_V2/Engines/Main Engine,"[-9.287,2.257,-5.628]","[12.664,62.437,352.394]","[0.060,0.520,-0.113,0.844]",[],[],[],[]
35,R22_Helicopter_V2/Collider Group/Mast_COL,"[-9.099,3.994,-5.788]","[5.965,63.334,352.540]","[0.010,0.526,-0.083,0.846]",[],[],"[-9.099,3.994,-5.788]","[0.735,0.927,0.716]"
35,R22_Helicopter_V2/Camera LookAt Target,"[-8.886,3.785,-5.654]","[12.664,62.437,352.394]","[0.060,0.520,-0.113,0.844]",[],[],[],[]
35,R22_Helicopter_V2/Rotors_Group/Main Rotor - Mast/Main Rotor -  Blur Quad,"[-8.970,4.511,-5.799]","[75.260,273.783,215.683]","[0.652,0.258,-0.423,0.574]","[-8.970,4.511,-5.799]","[5.726,1.527,5.925]",[],[]
35,R22_Helicopter_V2/Rotors_Group,"[-9.287,2.257,-5.628]","[12.664,62.437,352.394]","[0.060,0.520,-0.113,0.844]",[],[],[],[]
35,R22_Helicopter_V2/Rotors_Group/Main Rotor - Mast/Main Rotor -  Double-side blur quad,"[-8.970,4.511,-5.799]","[284.740,93.783,324.317]","[-0.574,0.423,0.258,0.652]","[-8.970,4.511,-5.799]","[5.726,1.527,5.925]",[],[]
35,R22_Helicopter_V2/Rotors_Group/Back Rotor - Mast/Tail Rotor - Blur quad,"[-11.043,3.916,-6.413]","[7.420,154.115,109.812]","[0.804,0.547,0.147,0.180]","[-11.043,3.916,-6.413]","[0.711,0.761,0.293]",[],[]
35,R22_Helicopter_V2/Engines,"[-9.287,2.257,-5.628]","[12.664,62.437,352.394]","[0.060,0.520,-0.113,0.844]",[],[],[],[]
35,R22_Helicopter_V2/Collider Group/R_Skid_COL,"[-8.963,2.194,-6.280]","[12.664,62.437,352.394]","[0.060,0.520,-0.113,0.844]",[],[],"[-8.799,2.153,-6.195]","[1.520,0.460,0.841]"
36,Directional Light,"[0.000,3.000,0.000]","[50.000,330.000,0.000]","[0.408,-0.235,0.109,0.875]",[],[],[],[]
36,Canvas/Panel/Row - INFO,"[275.667,933.267,0.000]","[0.000,0.000,0.000]","[0.000,0.000,0.000,1.000]",[],[],[],[]
36,Canvas/Panel/Row - Pedal/Text (TMP) - Title,"[148.563,1073.333,0.000]","[0.000,0.000,0.000]","[0.000,0.000,0.000,1.000]",[],[],[],[]
36,Level_Manager/FX_GRP,"[0.000,0.000,0.000]","[0.000,0.000,0.000]","[0.000,0.000,0.000,1.000]",[],[],[],[]
36,Canvas/Panel/Row - Sticky Throttle,"[275.667,1340.000,0.000]","[0.000,0.000,0.000]","[0.000,0.000,0.000,1.000]",[],[],[],[]
36,Canvas/Panel/Row - Pedal/Text (TMP) - Content,"[424.230,1073.333,0.000]","[0.000,0.000,0.000]","[0.000,0.000,0.000,1.000]",[],[],[],[]
36,Level_Manager/Audio_GRP,"[0.000,0.000,0.000]","[0.000,0.000,0.000]","[0.000,0.000,0.000,1.000]",[],[],[],[]
36,Canvas/Panel/Row - Raw Throttle,"[275.667,1406.667,0.000]","[0.000,0.000,0.000]","[0.000,0.000,0.000,1.000]",[],[],[],[]
36,Canvas/Panel/Row - Raw Throttle/Text (TMP) - Content,"[424.230,1406.667,0.000]","[0.000,0.000,0.000]","[0.000,0.000,0.000,1.000]",[],[],[],[]
36,Level_Manager/PostProcessing,"[0.000,0.000,0.000]","[0.000,0.000,0.000]","[0.000,0.000,0.000,1.000]",[],[],[],[]
36,Level_Manager/Lighting_GRP,"[0.000,0.000,0.000]","[0.000,0.000,0.000]","[0.000,0.000,0.000,1.000]",[],[],[],[]
36,Canvas/Panel/Row - Sticky Throttle/Text (TMP) - Title,"[148.563,1340.000,0.000]","[0.000,0.000,0.000]","[0.000,0.000,0.000,1.000]",[],[],[],[]
36,R22_Helicopter_V2/Graphics_Group,"[-7.107,11.693,-6.485]","[309.250,64.834,4.118]","[-0.344,0.497,0.257,0.754]",[],[],[],[]
36,R22_Helicopter_V2/Audio Group,"[-7.107,11.693,-6.485]","[309.250,64.834,4.118]","[-0.344,0.497,0.257,0.754]",[],[],[],[]
36,Canvas/Panel/Row - INFO/Text (TMP) - Content,"[275.667,899.933,0.000]","[0.000,0.000,0.000]","[0.000,0.000,0.000,1.000]",[],[],[],[]
36,Level_Manager/Geo_GRP,"[0.000,0.000,0.000]","[0.000,0.000,0.000]","[0.000,0.000,0.000,1.000]",[],[],[],[]
36,Canvas,"[1720.000,720.000,0.000]","[0.000,0.000,0.000]","[0.000,0.000,0.000,1.000]",[],[],[],[]
36,Level_Manager,"[0.000,0.000,0.000]","[0.000,0.000,0.000]","[0.000,0.000,0.000,1.000]",[],[],[],[]
36,Canvas/Panel/Row - Cyclic/Text (TMP) - Content,"[424.230,1140.000,0.000]","[0.000,0.000,0.000]","[0.000,0.000,0.000,1.000]",[],[],[],[]
36,Canvas/Panel/Row - Cyclic,"[275.667,1140.000,0.000]","[0.000,0.000,0.000]","[0.000,0.000,0.000,1.000]",[],[],[],[]
36,Canvas/Panel/Row - Collective/Text (TMP) - Content,"[424.230,1273.333,0.000]","[0.000,0.000,0.000]","[0.000,0.000,0.000,1.000]",[],[],[],[]
36,HeliPad_001,"[1.550,0.000,-0.670]","[0.000,0.000,0.000]","[0.000,0.000,0.000,1.000]","[1.555,-0.012,-0.659]","[14.268,0.216,14.105]",[],[]
36,Canvas/Panel/Row - Cyclic/Text (TMP) - Title,"[148.563,1140.000,0.000]","[0.000,0.000,0.000]","[0.000,0.000,0.000,1.000]",[],[],[],[]
36,Canvas/Panel/Row - Sticky Collective/Text (TMP) - Content,"[424.230,1206.667,0.000]","[0.000,0.000,0.000]","[0.000,0.000,0.000,1.000]",[],[],[],[]
36,Canvas/Panel/Row - Pedal,"[275.667,1073.333,0.000]","[0.000,0.000,0.000]","[0.000,0.000,0.000,1.000]",[],[],[],[]
36,Main Camera,"[-13.991,13.553,-9.194]","[9.322,68.010,0.000]","[0.067,0.557,-0.045,0.826]",[],[],[],[]
36,Canvas/Panel/Row - Sticky Collective,"[275.667,1206.667,0.000]","[0.000,0.000,0.000]","[0.000,0.000,0.000,1.000]",[],[],[],[]
36,Canvas/Panel/Row - Sticky Collective/Text (TMP) - Title,"[148.563,1206.667,0.000]","[0.000,0.000,0.000]","[0.000,0.000,0.000,1.000]",[],[],[],[]
36,Plane,"[0.000,0.000,0.000]","[0.000,0.000,0.000]","[0.000,0.000,0.000,1.000]","[0.000,0.000,0.000]","[1000.000,0.000,1000.000]","[0.000,0.000,0.000]","[1000.000,0.000,1000.000]"
36,EventSystem,"[0.000,0.000,0.000]","[0.000,0.000,0.000]","[0.000,0.000,0.000,1.000]",[],[],[],[]
36,R22_Helicopter_V2/COG,"[-7.781,12.040,-6.740]","[309.250,64.834,4.118]","[-0.344,0.497,0.257,0.754]",[],[],[],[]
36,Canvas/Panel/Row - Raw Throttle/Text (TMP) - Title,"[148.563,1406.667,0.000]","[0.000,0.000,0.000]","[0.000,0.000,0.000,1.000]",[],[],[],[]
36,Canvas/Panel/Row - Sticky Throttle/Text (TMP) - Content,"[424.230,1340.000,0.000]","[0.000,0.000,0.000]","[0.000,0.000,0.000,1.000]",[],[],[],[]
36,R22_Helicopter_V2/Collider Group,"[-7.107,11.693,-6.485]","[309.250,64.834,4.118]","[-0.344,0.497,0.257,0.754]",[],[],[],[]
36,Canvas/Panel/Row - INFO/Text (TMP) - Title,"[275.667,1006.667,0.000]","[0.000,0.000,0.000]","[0.000,0.000,0.000,1.000]",[],[],[],[]
36,Canvas/Panel,"[0.000,1440.000,0.000]","[0.000,0.000,0.000]","[0.000,0.000,0.000,1.000]",[],[],[],[]
36,Canvas/Panel/Row - Collective/Text (TMP) - Title,"[148.563,1273.333,0.000]","[0.000,0.000,0.000]","[0.000,0.000,0.000,1.000]",[],[],[],[]
36,Canvas/Panel/Row - Collective,"[275.667,1273.333,0.000]","[0.000,0.000,0.000]","[0.000,0.000,0.000,1.000]",[],[],[],[]
36,R22_Helicopter_V2/Rotors_Group/Back Rotor - Mast,"[-9.269,10.697,-7.334]","[78.913,234.611,166.340]","[-0.647,-0.371,0.419,-0.519]",[],[],[],[]
36,R22_Helicopter_V2/Rotors_Group/Main Rotor - Mast,"[-8.835,12.810,-7.127]","[49.488,267.955,13.724]","[0.210,-0.684,0.374,0.590]",[],[],[],[]
36,R22_Helicopter_V2/Graphics_Group/R22_Body_Gruop/R22_Body_RDoor_Geo/R22_Body_RDoorGlass_Geo,"[-7.107,11.693,-6.485]","[309.250,64.834,4.118]","[-0.344,0.497,0.257,0.754]","[-7.724,12.416,-7.249]","[0.699,0.712,0.422]",[],[]
36,R22_Helicopter_V2/Graphics_Group/R22_Body_Gruop/R22_Body_RDoor_Geo,"[-7.365,12.533,-7.199]","[309.250,64.834,4.118]","[-0.344,0.497,0.257,0.754]","[-7.572,12.347,-7.176]","[1.125,1.116,0.626]",[],[]
36,R22_Helicopter_V2/Graphics_Group/R22_Cockpit_Gruop/R22_Cockpit_Chairs_Geo,"[-7.134,12.140,-6.467]","[309.250,64.834,4.118]","[-0.344,0.497,0.257,0.754]","[-7.461,12.422,-6.585]","[1.711,1.537,1.476]",[],[]
36,R22_Helicopter_V2/Graphics_Group/R22_Body_Gruop/R22_Body_Windshield_Geo,"[-7.107,11.693,-6.485]","[309.250,64.834,4.118]","[-0.344,0.497,0.257,0.754]","[-7.529,12.781,-6.595]","[1.615,1.292,1.603]",[],[]
36,R22_Helicopter_V2/Graphics_Group/R22_Body_Gruop,"[-8.299,11.841,-6.952]","[309.250,64.834,4.118]","[-0.344,0.497,0.257,0.754]",[],[],[],[]
36,R22_Helicopter_V2/Graphics_Group/R22_Body_Gruop/R22_Body_Geo,"[-7.107,11.693,-6.485]","[309.250,64.834,4.118]","[-0.344,0.497,0.257,0.754]","[-8.299,11.841,-6.952]","[3.687,3.788,2.522]",[],[]
36,R22_Helicopter_V2/Graphics_Group/R22_Body_Gruop/R22_Body_LDoor_Geo/R22_Body_LDoorGlass_Geo,"[-7.107,11.693,-6.485]","[309.250,64.834,4.118]","[-0.344,0.497,0.257,0.754]","[-8.110,12.369,-6.292]","[0.699,0.712,0.422]",[],[]
36,R22_Helicopter_V2/Graphics_Group/R22_Body_Gruop/R22_Body_LDoor_Geo,"[-7.841,12.483,-6.062]","[309.250,64.834,4.118]","[-0.344,0.497,0.257,0.754]","[-7.948,12.301,-6.245]","[1.125,1.116,0.626]",[],[]
36,R22_Helicopter_V2/Graphics_Group/R22_Cockpit_Gruop/R22_Cockpit_LLever02_Geo,"[-7.074,12.397,-6.134]","[309.250,64.834,4.118]","[-0.344,0.497,0.257,0.754]","[-7.123,12.413,-6.124]","[0.143,0.105,0.140]",[],[]
36,R22_Helicopter_V2/Graphics_Group/R22_Cockpit_Gruop/R22_Cockpit_LLever01_Geo,"[-7.030,12.402,-6.244]","[309.250,64.834,4.118]","[-0.344,0.497,0.257,0.754]","[-7.051,12.444,-6.222]","[0.150,0.120,0.144]",[],[]
36,R22_Helicopter_V2/Graphics_Group/R22_Cockpit_Gruop/R22_Cockpit_Needle02_Geo,"[-7.191,12.808,-6.613]","[309.250,64.834,4.118]","[-0.344,0.497,0.257,0.754]","[-7.201,12.820,-6.617]","[0.021,0.018,0.011]",[],[]
36,R22_Helicopter_V2/Graphics_Group/R22_Cockpit_Gruop/R22_Cockpit_Needle01_Geo,"[-7.298,12.795,-6.347]","[309.250,64.834,4.118]","[-0.344,0.497,0.257,0.754]","[-7.308,12.807,-6.351]","[0.021,0.018,0.011]",[],[]
36,R22_Helicopter_V2/Graphics_Group/R22_Cockpit_Gruop/R22_Cockpit_Handle01_Geo,"[-7.528,12.539,-6.606]","[309.250,64.834,4.118]","[-0.344,0.497,0.257,0.754]","[-7.568,12.573,-6.621]","[0.447,0.233,0.701]",[],[]
36,R22_Helicopter_V2/Graphics_Group/R22_Cockpit_Gruop,"[-7.461,12.422,-6.585]","[309.250,64.834,4.118]","[-0.344,0.497,0.257,0.754]",[],[],[],[]
36,R22_Helicopter_V2/Graphics_Group/R22_Body_Gruop/R22_Body_LDoor_Geo/R22_Cockpit_LDoor_Geo,"[-7.779,12.209,-6.145]","[309.250,64.834,4.118]","[-0.344,0.497,0.257,0.754]","[-7.779,12.209,-6.145]","[0.656,0.687,0.373]",[],[]
36,R22_Helicopter_V2/Graphics_Group/R22_Cockpit_Gruop/R22_Cockpit_Hanlde02_Geo,"[-7.222,12.284,-6.495]","[309.250,64.834,4.118]","[-0.344,0.497,0.257,0.754]","[-7.375,12.416,-6.551]","[0.417,0.359,0.256]",[],[]
36,R22_Helicopter_V2/Graphics_Group/R22_Cockpit_Gruop/R22_Cockpit_RLever01_Geo,"[-6.913,12.416,-6.532]","[309.250,64.834,4.118]","[-0.344,0.497,0.257,0.754]","[-6.915,12.460,-6.559]","[0.150,0.120,0.144]",[],[]
36,R22_Helicopter_V2/Graphics_Group/R22_Body_Gruop/R22_Body_RDoor_Geo/R22_Cockpit_RDoor_Geo,"[-7.378,12.258,-7.138]","[309.250,64.834,4.118]","[-0.344,0.497,0.257,0.754]","[-7.378,12.258,-7.138]","[0.656,0.687,0.373]",[],[]
36,R22_Helicopter_V2,"[-7.107,11.693,-6.485]","[309.250,64.834,4.118]","[-0.344,0.497,0.257,0.754]",[],[],[],[]
36,R22_Helicopter_V2/Graphics_Group/R22_Cockpit_Gruop/R22_Cockpit_RLever02_Geo,"[-6.870,12.421,-6.642]","[309.250,64.834,4.118]","[-0.344,0.497,0.257,0.754]","[-6.898,12.441,-6.682]","[0.143,0.105,0.140]",[],[]
36,R22_Helicopter_V2/Graphics_Group/R22_Cockpit_Gruop/R22_Cockpit_Needle04_Geo,"[-7.181,12.649,-6.399]","[309.250,64.834,4.118]","[-0.344,0.497,0.257,0.754]","[-7.175,12.657,-6.397]","[0.011,0.013,0.007]",[],[]
36,R22_Helicopter_V2/Graphics_Group/R22_Cockpit_Gruop/R22_Cockpit_Needle03_Geo,"[-7.221,12.729,-6.370]","[309.250,64.834,4.118]","[-0.344,0.497,0.257,0.754]","[-7.230,12.740,-6.374]","[0.021,0.018,0.011]",[],[]
36,R22_Helicopter_V2/Graphics_Group/R22_Cockpit_Gruop/R22_Cockpit_PannelButtons_Geo,"[-7.249,12.630,-6.492]","[309.250,64.834,4.118]","[-0.344,0.497,0.257,0.754]","[-7.249,12.630,-6.492]","[0.522,0.490,0.350]",[],[]
36,R22_Helicopter_V2/Graphics_Group/R22_Cockpit_Gruop/R22_Cockpit_Needle05_Geo,"[-7.214,12.593,-6.416]","[309.250,64.834,4.118]","[-0.344,0.497,0.257,0.754]","[-7.209,12.601,-6.413]","[0.011,0.013,0.007]",[],[]
36,R22_Helicopter_V2/Rotors_Group/Main Rotor - Mast/R22_Mechanical_RBlade_Geo,"[-8.960,12.918,-7.043]","[24.906,261.589,9.783]","[0.077,-0.749,0.217,0.622]","[-9.215,13.060,-6.088]","[0.795,0.687,2.060]",[],[]
36,R22_Helicopter_V2/Graphics_Group/R22_Mechanical_Group/R22_Mechanical_Motor_Geo,"[-6.965,11.876,-6.412]","[309.250,64.834,4.118]","[-0.344,0.497,0.257,0.754]","[-7.531,12.092,-6.630]","[2.636,2.423,2.307]",[],[]
36,R22_Helicopter_V2/Rotors_Group/Back Rotor - Mast/R22_Mechanical_TailMast_Geo,"[-9.269,10.697,-7.334]","[78.913,234.611,166.340]","[-0.647,-0.371,0.419,-0.519]","[-9.305,10.692,-7.241]","[0.182,0.096,0.262]",[],[]
36,R22_Helicopter_V2/Rotors_Group/Back Rotor - Mast/R22_Mechanical_RTailBlade_Geo,"[-9.323,10.683,-7.140]","[78.913,234.611,166.340]","[-0.647,-0.371,0.419,-0.519]","[-9.214,10.679,-7.096]","[0.257,0.122,0.114]",[],[]
36,R22_Helicopter_V2/Rotors_Group/Main Rotor - Mast/R22_Mechanical_LBlade_Geo,"[-8.910,12.875,-7.284]","[72.954,288.016,31.719]","[0.334,-0.586,0.514,0.530]","[-8.689,12.763,-8.251]","[0.779,0.647,2.054]",[],[]
36,R22_Helicopter_V2/Graphics_Group/R22_Mechanical_Group,"[-8.326,11.962,-6.964]","[309.250,64.834,4.118]","[-0.344,0.497,0.257,0.754]",[],[],[],[]
36,R22_Helicopter_V2/Rotors_Group/Main Rotor - Mast/R22_Mechanical_Mast_Geo,"[-8.835,12.810,-7.127]","[49.488,267.955,13.724]","[0.210,-0.684,0.374,0.590]","[-8.835,12.810,-7.127]","[0.584,0.540,0.491]",[],[]
36,R22_Helicopter_V2/Rotors_Group/Back Rotor - Mast/R22_Mechanical_LTailBlade_Geo,"[-9.370,10.693,-7.159]","[78.913,234.611,166.340]","[-0.647,-0.371,0.419,-0.519]","[-9.473,10.697,-7.200]","[0.257,0.122,0.115]",[],[]
36,R22_Helicopter_V2/Graphics_Group/R_22_Blendshapes,"[-7.107,11.693,-6.485]","[309.250,64.834,4.118]","[-0.344,0.497,0.257,0.754]",[],[],[],[]
36,R22_Helicopter_V2/Collider Group/Tail_COL,"[-8.799,11.207,-7.192]","[312.922,65.222,3.826]","[-0.320,0.505,0.241,0.765]",[],[],"[-8.799,11.207,-7.192]","[1.166,1.325,0.700]"
36,R22_Helicopter_V2/Rotors_Group/Back Rotor - Mast/Tail Rotor - Double-side blur quad,"[-9.346,10.688,-7.143]","[2.603,338.025,259.219]","[-0.161,0.104,0.753,-0.629]","[-9.346,10.688,-7.143]","[0.643,0.701,0.283]",[],[]
36,R22_Helicopter_V2/Collider Group/L_Skid_COL,"[-7.409,11.680,-5.807]","[309.250,64.834,4.118]","[-0.344,0.497,0.257,0.754]",[],[],"[-7.300,11.826,-5.756]","[1.040,1.372,0.542]"
36,R22_Helicopter_V2/Collider Group/Fuselage_COL,"[-7.680,12.188,-6.692]","[309.250,64.834,4.118]","[-0.344,0.497,0.257,0.754]",[],[],"[-7.680,12.188,-6.692]","[1.850,2.015,1.601]"
36,R22_Helicopter_V2/Engines/Main Engine,"[-7.107,11.693,-6.485]","[309.250,64.834,4.118]","[-0.344,0.497,0.257,0.754]",[],[],[],[]
36,R22_Helicopter_V2/Collider Group/Mast_COL,"[-8.536,12.560,-7.019]","[302.513,63.933,4.849]","[-0.388,0.481,0.286,0.732]",[],[],"[-8.536,12.560,-7.019]","[0.882,0.823,0.767]"
36,R22_Helicopter_V2/Camera LookAt Target,"[-8.260,12.690,-6.902]","[309.250,64.834,4.118]","[-0.344,0.497,0.257,0.754]",[],[],[],[]
36,R22_Helicopter_V2/Rotors_Group/Main Rotor - Mast/Main Rotor -  Blur Quad,"[-8.929,12.891,-7.161]","[39.129,70.146,168.540]","[0.566,-0.219,0.748,0.268]","[-8.929,12.891,-7.161]","[3.716,3.932,4.247]",[],[]
36,R22_Helicopter_V2/Rotors_Group,"[-7.107,11.693,-6.485]","[309.250,64.834,4.118]","[-0.344,0.497,0.257,0.754]",[],[],[],[]
36,R22_Helicopter_V2/Rotors_Group/Main Rotor - Mast/Main Rotor -  Double-side blur quad,"[-8.929,12.891,-7.161]","[320.871,250.146,11.460]","[-0.268,-0.748,-0.219,0.566]","[-8.929,12.891,-7.161]","[3.716,3.932,4.247]",[],[]
36,R22_Helicopter_V2/Rotors_Group/Back Rotor - Mast/Tail Rotor - Blur quad,"[-9.346,10.688,-7.143]","[357.397,158.025,100.781]","[-0.753,-0.629,-0.161,-0.104]","[-9.346,10.688,-7.143]","[0.643,0.701,0.283]",[],[]
36,R22_Helicopter_V2/Engines,"[-7.107,11.693,-6.485]","[309.250,64.834,4.118]","[-0.344,0.497,0.257,0.754]",[],[],[],[]
36,R22_Helicopter_V2/Collider Group/R_Skid_COL,"[-6.858,11.747,-7.171]","[309.250,64.834,4.118]","[-0.344,0.497,0.257,0.754]",[],[],"[-6.750,11.893,-7.120]","[1.040,1.372,0.542]"
37,Directional Light,"[0.000,3.000,0.000]","[50.000,330.000,0.000]","[0.408,-0.235,0.109,0.875]",[],[],[],[]
37,Canvas/Panel/Row - INFO,"[275.667,933.267,0.000]","[0.000,0.000,0.000]","[0.000,0.000,0.000,1.000]",[],[],[],[]
37,Canvas/Panel/Row - Pedal/Text (TMP) - Title,"[148.563,1073.333,0.000]","[0.000,0.000,0.000]","[0.000,0.000,0.000,1.000]",[],[],[],[]
37,Level_Manager/FX_GRP,"[0.000,0.000,0.000]","[0.000,0.000,0.000]","[0.000,0.000,0.000,1.000]",[],[],[],[]
37,Canvas/Panel/Row - Sticky Throttle,"[275.667,1340.000,0.000]","[0.000,0.000,0.000]","[0.000,0.000,0.000,1.000]",[],[],[],[]
37,Canvas/Panel/Row - Pedal/Text (TMP) - Content,"[424.230,1073.333,0.000]","[0.000,0.000,0.000]","[0.000,0.000,0.000,1.000]",[],[],[],[]
37,Level_Manager/Audio_GRP,"[0.000,0.000,0.000]","[0.000,0.000,0.000]","[0.000,0.000,0.000,1.000]",[],[],[],[]
37,Canvas/Panel/Row - Raw Throttle,"[275.667,1406.667,0.000]","[0.000,0.000,0.000]","[0.000,0.000,0.000,1.000]",[],[],[],[]
37,Canvas/Panel/Row - Raw Throttle/Text (TMP) - Content,"[424.230,1406.667,0.000]","[0.000,0.000,0.000]","[0.000,0.000,0.000,1.000]",[],[],[],[]
37,Level_Manager/PostProcessing,"[0.000,0.000,0.000]","[0.000,0.000,0.000]","[0.000,0.000,0.000,1.000]",[],[],[],[]
37,Level_Manager/Lighting_GRP,"[0.000,0.000,0.000]","[0.000,0.000,0.000]","[0.000,0.000,0.000,1.000]",[],[],[],[]
37,Canvas/Panel/Row - Sticky Throttle/Text (TMP) - Title,"[148.563,1340.000,0.000]","[0.000,0.000,0.000]","[0.000,0.000,0.000,1.000]",[],[],[],[]
37,R22_Helicopter_V2/Graphics_Group,"[-12.449,14.329,-9.319]","[336.437,67.871,3.304]","[-0.154,0.551,0.137,0.809]",[],[],[],[]
37,R22_Helicopter_V2/Audio Group,"[-12.449,14.329,-9.319]","[336.437,67.871,3.304]","[-0.154,0.551,0.137,0.809]",[],[],[],[]
37,Canvas/Panel/Row - INFO/Text (TMP) - Content,"[275.667,899.933,0.000]","[0.000,0.000,0.000]","[0.000,0.000,0.000,1.000]",[],[],[],[]
37,Level_Manager/Geo_GRP,"[0.000,0.000,0.000]","[0.000,0.000,0.000]","[0.000,0.000,0.000,1.000]",[],[],[],[]
37,Canvas,"[1720.000,720.000,0.000]","[0.000,0.000,0.000]","[0.000,0.000,0.000,1.000]",[],[],[],[]
37,Level_Manager,"[0.000,0.000,0.000]","[0.000,0.000,0.000]","[0.000,0.000,0.000,1.000]",[],[],[],[]
37,Canvas/Panel/Row - Cyclic/Text (TMP) - Content,"[424.230,1140.000,0.000]","[0.000,0.000,0.000]","[0.000,0.000,0.000,1.000]",[],[],[],[]
37,Canvas/Panel/Row - Cyclic,"[275.667,1140.000,0.000]","[0.000,0.000,0.000]","[0.000,0.000,0.000,1.000]",[],[],[],[]
37,Canvas/Panel/Row - Collective/Text (TMP) - Content,"[424.230,1273.333,0.000]","[0.000,0.000,0.000]","[0.000,0.000,0.000,1.000]",[],[],[],[]
37,HeliPad_001,"[1.550,0.000,-0.670]","[0.000,0.000,0.000]","[0.000,0.000,0.000,1.000]","[1.555,-0.012,-0.659]","[14.268,0.216,14.105]",[],[]
37,Canvas/Panel/Row - Cyclic/Text (TMP) - Title,"[148.563,1140.000,0.000]","[0.000,0.000,0.000]","[0.000,0.000,0.000,1.000]",[],[],[],[]
37,Canvas/Panel/Row - Sticky Collective/Text (TMP) - Content,"[424.230,1206.667,0.000]","[0.000,0.000,0.000]","[0.000,0.000,0.000,1.000]",[],[],[],[]
37,Canvas/Panel/Row - Pedal,"[275.667,1073.333,0.000]","[0.000,0.000,0.000]","[0.000,0.000,0.000,1.000]",[],[],[],[]
37,Main Camera,"[-17.977,19.474,-11.750]","[33.845,65.091,0.000]","[0.245,0.515,-0.157,0.806]",[],[],[],[]
37,Canvas/Panel/Row - Sticky Collective,"[275.667,1206.667,0.000]","[0.000,0.000,0.000]","[0.000,0.000,0.000,1.000]",[],[],[],[]
37,Canvas/Panel/Row - Sticky Collective/Text (TMP) - Title,"[148.563,1206.667,0.000]","[0.000,0.000,0.000]","[0.000,0.000,0.000,1.000]",[],[],[],[]
37,Plane,"[0.000,0.000,0.000]","[0.000,0.000,0.000]","[0.000,0.000,0.000,1.000]","[0.000,0.000,0.000]","[1000.000,0.000,1000.000]","[0.000,0.000,0.000]","[1000.000,0.000,1000.000]"
37,EventSystem,"[0.000,0.000,0.000]","[0.000,0.000,0.000]","[0.000,0.000,0.000,1.000]",[],[],[],[]
37,R22_Helicopter_V2/COG,"[-12.911,14.967,-9.458]","[336.437,67.871,3.304]","[-0.154,0.551,0.137,0.809]",[],[],[],[]
37,Canvas/Panel/Row - Raw Throttle/Text (TMP) - Title,"[148.563,1406.667,0.000]","[0.000,0.000,0.000]","[0.000,0.000,0.000,1.000]",[],[],[],[]
37,Canvas/Panel/Row - Sticky Throttle/Text (TMP) - Content,"[424.230,1340.000,0.000]","[0.000,0.000,0.000]","[0.000,0.000,0.000,1.000]",[],[],[],[]
37,R22_Helicopter_V2/Collider Group,"[-12.449,14.329,-9.319]","[336.437,67.871,3.304]","[-0.154,0.551,0.137,0.809]",[],[],[],[]
37,Canvas/Panel/Row - INFO/Text (TMP) - Title,"[275.667,1006.667,0.000]","[0.000,0.000,0.000]","[0.000,0.000,0.000,1.000]",[],[],[],[]
37,Canvas/Panel,"[0.000,1440.000,0.000]","[0.000,0.000,0.000]","[0.000,0.000,0.000,1.000]",[],[],[],[]
37,Canvas/Panel/Row - Collective/Text (TMP) - Title,"[148.563,1273.333,0.000]","[0.000,0.000,0.000]","[0.000,0.000,0.000,1.000]",[],[],[],[]
37,Canvas/Panel/Row - Collective,"[275.667,1273.333,0.000]","[0.000,0.000,0.000]","[0.000,0.000,0.000,1.000]",[],[],[],[]
37,R22_Helicopter_V2/Rotors_Group/Back Rotor - Mast,"[-14.831,14.504,-10.142]","[357.442,249.329,176.970]","[0.822,0.009,-0.568,-0.033]",[],[],[],[]
37,R22_Helicopter_V2/Rotors_Group/Main Rotor - Mast,"[-13.537,16.164,-9.627]","[339.001,105.501,348.578]","[0.188,-0.768,-0.085,-0.607]",[],[],[],[]
37,R22_Helicopter_V2/Graphics_Group/R22_Body_Gruop/R22_Body_RDoor_Geo/R22_Body_RDoorGlass_Geo,"[-12.449,14.329,-9.319]","[336.437,67.871,3.304]","[-0.154,0.551,0.137,0.809]","[-12.700,15.371,-9.902]","[0.701,0.629,0.393]",[],[]
37,R22_Helicopter_V2/Graphics_Group/R22_Body_Gruop/R22_Body_RDoor_Geo,"[-12.325,15.315,-9.861]","[336.437,67.871,3.304]","[-0.154,0.551,0.137,0.809]","[-12.592,15.232,-9.853]","[1.033,1.087,0.540]",[],[]
37,R22_Helicopter_V2/Graphics_Group/R22_Cockpit_Gruop/R22_Cockpit_Chairs_Geo,"[-12.282,14.735,-9.225]","[336.437,67.871,3.304]","[-0.154,0.551,0.137,0.809]","[-12.458,15.145,-9.268]","[1.715,1.356,1.423]",[],[]
37,R22_Helicopter_V2/Graphics_Group/R22_Body_Gruop/R22_Body_Windshield_Geo,"[-12.449,14.329,-9.319]","[336.437,67.871,3.304]","[-0.154,0.551,0.137,0.809]","[-12.366,15.494,-9.214]","[1.511,1.249,1.522]",[],[]
37,R22_Helicopter_V2/Graphics_Group/R22_Body_Gruop,"[-13.465,15.045,-9.657]","[336.437,67.871,3.304]","[-0.154,0.551,0.137,0.809]",[],[],[],[]
37,R22_Helicopter_V2/Graphics_Group/R22_Body_Gruop/R22_Body_Geo,"[-12.449,14.329,-9.319]","[336.437,67.871,3.304]","[-0.154,0.551,0.137,0.809]","[-13.465,15.045,-9.657]","[3.999,3.034,2.494]",[],[]
37,R22_Helicopter_V2/Graphics_Group/R22_Body_Gruop/R22_Body_LDoor_Geo/R22_Body_LDoorGlass_Geo,"[-12.449,14.329,-9.319]","[336.437,67.871,3.304]","[-0.154,0.551,0.137,0.809]","[-13.067,15.316,-8.937]","[0.701,0.629,0.393]",[],[]
37,R22_Helicopter_V2/Graphics_Group/R22_Body_Gruop/R22_Body_LDoor_Geo,"[-12.774,15.262,-8.714]","[336.437,67.871,3.304]","[-0.154,0.551,0.137,0.809]","[-12.949,15.179,-8.915]","[1.033,1.087,0.540]",[],[]
37,R22_Helicopter_V2/Graphics_Group/R22_Cockpit_Gruop/R22_Cockpit_LLever02_Geo,"[-12.117,14.878,-8.860]","[336.437,67.871,3.304]","[-0.154,0.551,0.137,0.809]","[-12.154,14.911,-8.843]","[0.116,0.121,0.126]",[],[]
37,R22_Helicopter_V2/Graphics_Group/R22_Cockpit_Gruop/R22_Cockpit_LLever01_Geo,"[-12.075,14.884,-8.971]","[336.437,67.871,3.304]","[-0.154,0.551,0.137,0.809]","[-12.077,14.926,-8.941]","[0.136,0.120,0.135]",[],[]
37,R22_Helicopter_V2/Graphics_Group/R22_Cockpit_Gruop/R22_Cockpit_Needle02_Geo,"[-12.049,15.380,-9.255]","[336.437,67.871,3.304]","[-0.154,0.551,0.137,0.809]","[-12.053,15.395,-9.256]","[0.014,0.024,0.007]",[],[]
37,R22_Helicopter_V2/Graphics_Group/R22_Cockpit_Gruop/R22_Cockpit_Needle01_Geo,"[-12.151,15.365,-8.987]","[336.437,67.871,3.304]","[-0.154,0.551,0.137,0.809]","[-12.155,15.380,-8.987]","[0.014,0.024,0.007]",[],[]
37,R22_Helicopter_V2/Graphics_Group/R22_Cockpit_Gruop/R22_Cockpit_Handle01_Geo,"[-12.469,15.281,-9.265]","[336.437,67.871,3.304]","[-0.154,0.551,0.137,0.809]","[-12.490,15.330,-9.270]","[0.407,0.244,0.685]",[],[]
37,R22_Helicopter_V2/Graphics_Group/R22_Cockpit_Gruop,"[-12.457,15.145,-9.268]","[336.437,67.871,3.304]","[-0.154,0.551,0.137,0.809]",[],[],[],[]
37,R22_Helicopter_V2/Graphics_Group/R22_Body_Gruop/R22_Body_LDoor_Geo/R22_Cockpit_LDoor_Geo,"[-12.835,15.008,-8.846]","[336.437,67.871,3.304]","[-0.154,0.551,0.137,0.809]","[-12.835,15.008,-8.846]","[0.673,0.592,0.351]",[],[]
37,R22_Helicopter_V2/Graphics_Group/R22_Cockpit_Gruop/R22_Cockpit_Hanlde02_Geo,"[-12.301,14.906,-9.222]","[336.437,67.871,3.304]","[-0.154,0.551,0.137,0.809]","[-12.383,15.097,-9.242]","[0.306,0.434,0.197]",[],[]
37,R22_Helicopter_V2/Graphics_Group/R22_Cockpit_Gruop/R22_Cockpit_RLever01_Geo,"[-11.964,14.900,-9.261]","[336.437,67.871,3.304]","[-0.154,0.551,0.137,0.809]","[-11.947,14.945,-9.281]","[0.136,0.120,0.135]",[],[]
37,R22_Helicopter_V2/Graphics_Group/R22_Body_Gruop/R22_Body_RDoor_Geo/R22_Cockpit_RDoor_Geo,"[-12.455,15.065,-9.846]","[336.437,67.871,3.304]","[-0.154,0.551,0.137,0.809]","[-12.455,15.065,-9.846]","[0.673,0.592,0.351]",[],[]
37,R22_Helicopter_V2,"[-12.449,14.329,-9.319]","[336.437,67.871,3.304]","[-0.154,0.551,0.137,0.809]",[],[],[],[]
37,R22_Helicopter_V2/Graphics_Group/R22_Cockpit_Gruop/R22_Cockpit_RLever02_Geo,"[-11.923,14.907,-9.373]","[336.437,67.871,3.304]","[-0.154,0.551,0.137,0.809]","[-11.940,14.943,-9.406]","[0.115,0.121,0.126]",[],[]
37,R22_Helicopter_V2/Graphics_Group/R22_Cockpit_Gruop/R22_Cockpit_Needle04_Geo,"[-12.107,15.195,-9.071]","[336.437,67.871,3.304]","[-0.154,0.551,0.137,0.809]","[-12.099,15.199,-9.068]","[0.014,0.008,0.008]",[],[]
37,R22_Helicopter_V2/Graphics_Group/R22_Cockpit_Gruop/R22_Cockpit_Needle03_Geo,"[-12.109,15.278,-9.026]","[336.437,67.871,3.304]","[-0.154,0.551,0.137,0.809]","[-12.113,15.293,-9.027]","[0.014,0.024,0.007]",[],[]
37,R22_Helicopter_V2/Graphics_Group/R22_Cockpit_Gruop/R22_Cockpit_PannelButtons_Geo,"[-12.177,15.223,-9.160]","[336.437,67.871,3.304]","[-0.154,0.551,0.137,0.809]","[-12.177,15.223,-9.160]","[0.478,0.481,0.312]",[],[]
37,R22_Helicopter_V2/Graphics_Group/R22_Cockpit_Gruop/R22_Cockpit_Needle05_Geo,"[-12.161,15.162,-9.094]","[336.437,67.871,3.304]","[-0.154,0.551,0.137,0.809]","[-12.153,15.167,-9.090]","[0.014,0.008,0.008]",[],[]
37,R22_Helicopter_V2/Rotors_Group/Main Rotor - Mast/R22_Mechanical_RBlade_Geo,"[-13.617,16.266,-9.760]","[320.289,110.349,346.094]","[0.286,-0.743,-0.212,-0.567]","[-13.785,16.113,-10.732]","[0.784,0.767,2.032]",[],[]
37,R22_Helicopter_V2/Graphics_Group/R22_Mechanical_Group/R22_Mechanical_Motor_Geo,"[-12.241,14.419,-9.227]","[336.437,67.871,3.304]","[-0.154,0.551,0.137,0.809]","[-12.663,14.888,-9.361]","[2.767,2.007,2.273]",[],[]
37,R22_Helicopter_V2/Rotors_Group/Back Rotor - Mast/R22_Mechanical_TailMast_Geo,"[-14.831,14.504,-10.142]","[357.442,249.329,176.970]","[0.822,0.009,-0.568,-0.033]","[-14.866,14.498,-10.049]","[0.152,0.104,0.254]",[],[]
37,R22_Helicopter_V2/Rotors_Group/Back Rotor - Mast/R22_Mechanical_RTailBlade_Geo,"[-14.903,14.471,-9.956]","[357.442,249.329,176.970]","[0.822,0.009,-0.568,-0.033]","[-14.889,14.355,-9.958]","[0.080,0.266,0.055]",[],[]
37,R22_Helicopter_V2/Rotors_Group/Main Rotor - Mast/R22_Mechanical_LBlade_Geo,"[-13.564,16.314,-9.521]","[357.819,101.771,349.338]","[0.084,-0.771,0.044,-0.629]","[-13.412,16.502,-8.551]","[0.684,0.665,2.062]",[],[]
37,R22_Helicopter_V2/Graphics_Group/R22_Mechanical_Group,"[-13.438,15.167,-9.647]","[336.437,67.871,3.304]","[-0.154,0.551,0.137,0.809]",[],[],[],[]
37,R22_Helicopter_V2/Rotors_Group/Main Rotor - Mast/R22_Mechanical_Mast_Geo,"[-13.537,16.164,-9.627]","[339.001,105.501,348.578]","[0.188,-0.768,-0.085,-0.607]","[-13.537,16.164,-9.627]","[0.472,0.593,0.464]",[],[]
37,R22_Helicopter_V2/Rotors_Group/Back Rotor - Mast/R22_Mechanical_LTailBlade_Geo,"[-14.902,14.523,-9.953]","[357.442,249.329,176.970]","[0.822,0.009,-0.568,-0.033]","[-14.915,14.632,-9.952]","[0.080,0.267,0.055]",[],[]
37,R22_Helicopter_V2/Graphics_Group/R_22_Blendshapes,"[-12.449,14.329,-9.319]","[336.437,67.871,3.304]","[-0.154,0.551,0.137,0.809]",[],[],[],[]
37,R22_Helicopter_V2/Collider Group/Tail_COL,"[-14.188,14.735,-9.957]","[340.113,68.097,3.220]","[-0.128,0.555,0.120,0.813]",[],[],"[-14.188,14.735,-9.957]","[1.521,0.776,0.791]"
37,R22_Helicopter_V2/Rotors_Group/Back Rotor - Mast/Tail Rotor - Double-side blur quad,"[-14.904,14.493,-9.950]","[3.027,339.194,177.439]","[0.180,0.030,-0.983,-0.017]","[-14.904,14.493,-9.950]","[0.575,0.625,0.251]",[],[]
37,R22_Helicopter_V2/Collider Group/L_Skid_COL,"[-12.725,14.320,-8.629]","[336.437,67.871,3.304]","[-0.154,0.551,0.137,0.809]",[],[],"[-12.564,14.396,-8.564]","[1.494,0.756,0.667]"
37,R22_Helicopter_V2/Collider Group/Fuselage_COL,"[-12.756,15.048,-9.395]","[336.437,67.871,3.304]","[-0.154,0.551,0.137,0.809]",[],[],"[-12.756,15.048,-9.395]","[2.076,1.708,1.663]"
37,R22_Helicopter_V2/Engines/Main Engine,"[-12.449,14.329,-9.319]","[336.437,67.871,3.304]","[-0.154,0.551,0.137,0.809]",[],[],[],[]
37,R22_Helicopter_V2/Collider Group/Mast_COL,"[-13.372,15.797,-9.586]","[329.692,67.421,3.508]","[-0.201,0.542,0.170,0.798]",[],[],"[-13.372,15.797,-9.586]","[0.812,0.898,0.731]"
37,R22_Helicopter_V2/Camera LookAt Target,"[-13.067,15.775,-9.472]","[336.437,67.871,3.304]","[-0.154,0.551,0.137,0.809]",[],[],[],[]
37,R22_Helicopter_V2/Rotors_Group/Main Rotor - Mast/Main Rotor -  Blur Quad,"[-13.587,16.282,-9.640]","[66.220,76.088,332.710]","[-0.296,-0.603,0.483,-0.562]","[-13.587,16.282,-9.640]","[4.701,2.336,5.216]",[],[]
37,R22_Helicopter_V2/Rotors_Group,"[-12.449,14.329,-9.319]","[336.437,67.871,3.304]","[-0.154,0.551,0.137,0.809]",[],[],[],[]
37,R22_Helicopter_V2/Rotors_Group/Main Rotor - Mast/Main Rotor -  Double-side blur quad,"[-13.587,16.282,-9.640]","[293.780,256.088,207.290]","[0.562,-0.483,-0.603,-0.296]","[-13.587,16.282,-9.640]","[4.701,2.336,5.216]",[],[]
37,R22_Helicopter_V2/Rotors_Group/Back Rotor - Mast/Tail Rotor - Blur quad,"[-14.904,14.493,-9.950]","[356.973,159.194,182.562]","[0.983,-0.017,0.180,-0.030]","[-14.904,14.493,-9.950]","[0.575,0.625,0.251]",[],[]
37,R22_Helicopter_V2/Engines,"[-12.449,14.329,-9.319]","[336.437,67.871,3.304]","[-0.154,0.551,0.137,0.809]",[],[],[],[]
37,R22_Helicopter_V2/Collider Group/R_Skid_COL,"[-12.203,14.398,-10.004]","[336.437,67.871,3.304]","[-0.154,0.551,0.137,0.809]",[],[],"[-12.042,14.474,-9.939]","[1.494,0.756,0.667]"
38,Directional Light,"[0.000,3.000,0.000]","[50.000,330.000,0.000]","[0.408,-0.235,0.109,0.875]",[],[],[],[]
38,Canvas/Panel/Row - INFO,"[275.667,933.267,0.000]","[0.000,0.000,0.000]","[0.000,0.000,0.000,1.000]",[],[],[],[]
38,Canvas/Panel/Row - Pedal/Text (TMP) - Title,"[148.563,1073.333,0.000]","[0.000,0.000,0.000]","[0.000,0.000,0.000,1.000]",[],[],[],[]
38,Level_Manager/FX_GRP,"[0.000,0.000,0.000]","[0.000,0.000,0.000]","[0.000,0.000,0.000,1.000]",[],[],[],[]
38,Canvas/Panel/Row - Sticky Throttle,"[275.667,1340.000,0.000]","[0.000,0.000,0.000]","[0.000,0.000,0.000,1.000]",[],[],[],[]
38,Canvas/Panel/Row - Pedal/Text (TMP) - Content,"[424.230,1073.333,0.000]","[0.000,0.000,0.000]","[0.000,0.000,0.000,1.000]",[],[],[],[]
38,Level_Manager/Audio_GRP,"[0.000,0.000,0.000]","[0.000,0.000,0.000]","[0.000,0.000,0.000,1.000]",[],[],[],[]
38,Canvas/Panel/Row - Raw Throttle,"[275.667,1406.667,0.000]","[0.000,0.000,0.000]","[0.000,0.000,0.000,1.000]",[],[],[],[]
38,Canvas/Panel/Row - Raw Throttle/Text (TMP) - Content,"[424.230,1406.667,0.000]","[0.000,0.000,0.000]","[0.000,0.000,0.000,1.000]",[],[],[],[]
38,Level_Manager/PostProcessing,"[0.000,0.000,0.000]","[0.000,0.000,0.000]","[0.000,0.000,0.000,1.000]",[],[],[],[]
38,Level_Manager/Lighting_GRP,"[0.000,0.000,0.000]","[0.000,0.000,0.000]","[0.000,0.000,0.000,1.000]",[],[],[],[]
38,Canvas/Panel/Row - Sticky Throttle/Text (TMP) - Title,"[148.563,1340.000,0.000]","[0.000,0.000,0.000]","[0.000,0.000,0.000,1.000]",[],[],[],[]
38,R22_Helicopter_V2/Graphics_Group,"[-14.066,16.633,-9.928]","[57.950,70.231,359.180]","[0.393,0.506,-0.284,0.714]",[],[],[],[]
38,R22_Helicopter_V2/Audio Group,"[-14.066,16.633,-9.928]","[57.950,70.231,359.180]","[0.393,0.506,-0.284,0.714]",[],[],[],[]
38,Canvas/Panel/Row - INFO/Text (TMP) - Content,"[275.667,899.933,0.000]","[0.000,0.000,0.000]","[0.000,0.000,0.000,1.000]",[],[],[],[]
38,Level_Manager/Geo_GRP,"[0.000,0.000,0.000]","[0.000,0.000,0.000]","[0.000,0.000,0.000,1.000]",[],[],[],[]
38,Canvas,"[1720.000,720.000,0.000]","[0.000,0.000,0.000]","[0.000,0.000,0.000,1.000]",[],[],[],[]
38,Level_Manager,"[0.000,0.000,0.000]","[0.000,0.000,0.000]","[0.000,0.000,0.000,1.000]",[],[],[],[]
38,Canvas/Panel/Row - Cyclic/Text (TMP) - Content,"[424.230,1140.000,0.000]","[0.000,0.000,0.000]","[0.000,0.000,0.000,1.000]",[],[],[],[]
38,Canvas/Panel/Row - Cyclic,"[275.667,1140.000,0.000]","[0.000,0.000,0.000]","[0.000,0.000,0.000,1.000]",[],[],[],[]
38,Canvas/Panel/Row - Collective/Text (TMP) - Content,"[424.230,1273.333,0.000]","[0.000,0.000,0.000]","[0.000,0.000,0.000,1.000]",[],[],[],[]
38,HeliPad_001,"[1.550,0.000,-0.670]","[0.000,0.000,0.000]","[0.000,0.000,0.000,1.000]","[1.555,-0.012,-0.659]","[14.268,0.216,14.105]",[],[]
38,Canvas/Panel/Row - Cyclic/Text (TMP) - Title,"[148.563,1140.000,0.000]","[0.000,0.000,0.000]","[0.000,0.000,0.000,1.000]",[],[],[],[]
38,Canvas/Panel/Row - Sticky Collective/Text (TMP) - Content,"[424.230,1206.667,0.000]","[0.000,0.000,0.000]","[0.000,0.000,0.000,1.000]",[],[],[],[]
38,Canvas/Panel/Row - Pedal,"[275.667,1073.333,0.000]","[0.000,0.000,0.000]","[0.000,0.000,0.000,1.000]",[],[],[],[]
38,Main Camera,"[-22.503,20.321,-13.013]","[16.106,70.075,0.000]","[0.115,0.568,-0.080,0.811]",[],[],[],[]
38,Canvas/Panel/Row - Sticky Collective,"[275.667,1206.667,0.000]","[0.000,0.000,0.000]","[0.000,0.000,0.000,1.000]",[],[],[],[]
38,Canvas/Panel/Row - Sticky Collective/Text (TMP) - Title,"[148.563,1206.667,0.000]","[0.000,0.000,0.000]","[0.000,0.000,0.000,1.000]",[],[],[],[]
38,Plane,"[0.000,0.000,0.000]","[0.000,0.000,0.000]","[0.000,0.000,0.000,1.000]","[0.000,0.000,0.000]","[1000.000,0.000,1000.000]","[0.000,0.000,0.000]","[1000.000,0.000,1000.000]"
38,EventSystem,"[0.000,0.000,0.000]","[0.000,0.000,0.000]","[0.000,0.000,0.000,1.000]",[],[],[],[]
38,R22_Helicopter_V2/COG,"[-13.534,17.203,-9.748]","[57.950,70.231,359.180]","[0.393,0.506,-0.284,0.714]",[],[],[],[]
38,Canvas/Panel/Row - Raw Throttle/Text (TMP) - Title,"[148.563,1406.667,0.000]","[0.000,0.000,0.000]","[0.000,0.000,0.000,1.000]",[],[],[],[]
38,Canvas/Panel/Row - Sticky Throttle/Text (TMP) - Content,"[424.230,1340.000,0.000]","[0.000,0.000,0.000]","[0.000,0.000,0.000,1.000]",[],[],[],[]
38,R22_Helicopter_V2/Collider Group,"[-14.066,16.633,-9.928]","[57.950,70.231,359.180]","[0.393,0.506,-0.284,0.714]",[],[],[],[]
38,Canvas/Panel/Row - INFO/Text (TMP) - Title,"[275.667,1006.667,0.000]","[0.000,0.000,0.000]","[0.000,0.000,0.000,1.000]",[],[],[],[]
38,Canvas/Panel,"[0.000,1440.000,0.000]","[0.000,0.000,0.000]","[0.000,0.000,0.000,1.000]",[],[],[],[]
38,Canvas/Panel/Row - Collective/Text (TMP) - Title,"[148.563,1273.333,0.000]","[0.000,0.000,0.000]","[0.000,0.000,0.000,1.000]",[],[],[],[]
38,Canvas/Panel/Row - Collective,"[275.667,1273.333,0.000]","[0.000,0.000,0.000]","[0.000,0.000,0.000,1.000]",[],[],[],[]
38,R22_Helicopter_V2/Rotors_Group/Back Rotor - Mast,"[-14.264,19.152,-9.946]","[318.669,71.310,359.421]","[-0.290,0.544,0.202,0.761]",[],[],[],[]
38,R22_Helicopter_V2/Rotors_Group/Main Rotor - Mast,"[-12.502,18.017,-9.397]","[330.358,320.331,307.626]","[0.071,0.401,0.479,-0.778]",[],[],[],[]
38,R22_Helicopter_V2/Graphics_Group/R22_Body_Gruop/R22_Body_RDoor_Geo/R22_Body_RDoorGlass_Geo,"[-14.066,16.633,-9.928]","[57.950,70.231,359.180]","[0.393,0.506,-0.284,0.714]","[-13.010,17.216,-10.107]","[0.682,0.702,0.380]",[],[]
38,R22_Helicopter_V2/Graphics_Group/R22_Body_Gruop/R22_Body_RDoor_Geo,"[-12.986,16.845,-10.194]","[57.950,70.231,359.180]","[0.393,0.506,-0.284,0.714]","[-13.127,17.079,-10.132]","[1.123,1.075,0.572]",[],[]
38,R22_Helicopter_V2/Graphics_Group/R22_Cockpit_Gruop/R22_Cockpit_Chairs_Geo,"[-13.662,16.506,-9.780]","[57.950,70.231,359.180]","[0.393,0.506,-0.284,0.714]","[-13.303,16.744,-9.658]","[1.643,1.495,1.397]",[],[]
38,R22_Helicopter_V2/Graphics_Group/R22_Body_Gruop/R22_Body_Windshield_Geo,"[-14.066,16.633,-9.928]","[57.950,70.231,359.180]","[0.393,0.506,-0.284,0.714]","[-12.961,16.691,-9.539]","[1.563,1.214,1.560]",[],[]
38,R22_Helicopter_V2/Graphics_Group/R22_Body_Gruop,"[-13.543,17.797,-9.749]","[57.950,70.231,359.180]","[0.393,0.506,-0.284,0.714]",[],[],[],[]
38,R22_Helicopter_V2/Graphics_Group/R22_Body_Gruop/R22_Body_Geo,"[-14.066,16.633,-9.928]","[57.950,70.231,359.180]","[0.393,0.506,-0.284,0.714]","[-13.543,17.797,-9.749]","[3.510,3.810,2.260]",[],[]
38,R22_Helicopter_V2/Graphics_Group/R22_Body_Gruop/R22_Body_LDoor_Geo/R22_Body_LDoorGlass_Geo,"[-14.066,16.633,-9.928]","[57.950,70.231,359.180]","[0.393,0.506,-0.284,0.714]","[-13.347,17.224,-9.130]","[0.682,0.702,0.380]",[],[]
38,R22_Helicopter_V2/Graphics_Group/R22_Body_Gruop/R22_Body_LDoor_Geo,"[-13.379,16.868,-9.025]","[57.950,70.231,359.180]","[0.393,0.506,-0.284,0.714]","[-13.456,17.086,-9.182]","[1.123,1.075,0.572]",[],[]
38,R22_Helicopter_V2/Graphics_Group/R22_Cockpit_Gruop/R22_Cockpit_LLever02_Geo,"[-13.565,16.251,-9.454]","[57.950,70.231,359.180]","[0.393,0.506,-0.284,0.714]","[-13.546,16.284,-9.419]","[0.142,0.093,0.139]",[],[]
38,R22_Helicopter_V2/Graphics_Group/R22_Cockpit_Gruop/R22_Cockpit_LLever01_Geo,"[-13.527,16.250,-9.566]","[57.950,70.231,359.180]","[0.393,0.506,-0.284,0.714]","[-13.494,16.247,-9.527]","[0.147,0.111,0.141]",[],[]
38,R22_Helicopter_V2/Graphics_Group/R22_Cockpit_Gruop/R22_Cockpit_Needle02_Geo,"[-12.989,16.394,-9.700]","[57.950,70.231,359.180]","[0.393,0.506,-0.284,0.714]","[-12.976,16.400,-9.695]","[0.022,0.016,0.011]",[],[]
38,R22_Helicopter_V2/Graphics_Group/R22_Cockpit_Gruop/R22_Cockpit_Needle01_Geo,"[-13.083,16.396,-9.428]","[57.950,70.231,359.180]","[0.393,0.506,-0.284,0.714]","[-13.070,16.402,-9.424]","[0.022,0.016,0.011]",[],[]
38,R22_Helicopter_V2/Graphics_Group/R22_Cockpit_Gruop/R22_Cockpit_Handle01_Geo,"[-13.177,16.773,-9.614]","[57.950,70.231,359.180]","[0.393,0.506,-0.284,0.714]","[-13.133,16.802,-9.600]","[0.420,0.198,0.704]",[],[]
38,R22_Helicopter_V2/Graphics_Group/R22_Cockpit_Gruop,"[-13.303,16.744,-9.658]","[57.950,70.231,359.180]","[0.393,0.506,-0.284,0.714]",[],[],[],[]
38,R22_Helicopter_V2/Graphics_Group/R22_Body_Gruop/R22_Body_LDoor_Geo/R22_Cockpit_LDoor_Geo,"[-13.607,16.932,-9.197]","[57.950,70.231,359.180]","[0.393,0.506,-0.284,0.714]","[-13.607,16.932,-9.197]","[0.638,0.683,0.330]",[],[]
38,R22_Helicopter_V2/Graphics_Group/R22_Cockpit_Gruop/R22_Cockpit_Hanlde02_Geo,"[-13.505,16.547,-9.726]","[57.950,70.231,359.180]","[0.393,0.506,-0.284,0.714]","[-13.336,16.658,-9.668]","[0.433,0.321,0.252]",[],[]
38,R22_Helicopter_V2/Graphics_Group/R22_Cockpit_Gruop/R22_Cockpit_RLever01_Geo,"[-13.426,16.247,-9.860]","[57.950,70.231,359.180]","[0.393,0.506,-0.284,0.714]","[-13.375,16.244,-9.871]","[0.146,0.111,0.141]",[],[]
38,R22_Helicopter_V2/Graphics_Group/R22_Body_Gruop/R22_Body_RDoor_Geo/R22_Cockpit_RDoor_Geo,"[-13.256,16.924,-10.210]","[57.950,70.231,359.180]","[0.393,0.506,-0.284,0.714]","[-13.256,16.924,-10.210]","[0.638,0.683,0.330]",[],[]
38,R22_Helicopter_V2,"[-14.066,16.633,-9.928]","[57.950,70.231,359.180]","[0.393,0.506,-0.284,0.714]",[],[],[],[]
38,R22_Helicopter_V2/Graphics_Group/R22_Cockpit_Gruop/R22_Cockpit_RLever02_Geo,"[-13.387,16.247,-9.973]","[57.950,70.231,359.180]","[0.393,0.506,-0.284,0.714]","[-13.349,16.279,-9.988]","[0.143,0.093,0.139]",[],[]
38,R22_Helicopter_V2/Graphics_Group/R22_Cockpit_Gruop/R22_Cockpit_Needle04_Geo,"[-13.217,16.359,-9.565]","[57.950,70.231,359.180]","[0.393,0.506,-0.284,0.714]","[-13.212,16.350,-9.563]","[0.010,0.014,0.005]",[],[]
38,R22_Helicopter_V2/Graphics_Group/R22_Cockpit_Gruop/R22_Cockpit_Needle03_Geo,"[-13.149,16.357,-9.500]","[57.950,70.231,359.180]","[0.393,0.506,-0.284,0.714]","[-13.135,16.363,-9.496]","[0.022,0.016,0.011]",[],[]
38,R22_Helicopter_V2/Graphics_Group/R22_Cockpit_Gruop/R22_Cockpit_PannelButtons_Geo,"[-13.187,16.458,-9.618]","[57.950,70.231,359.180]","[0.393,0.506,-0.284,0.714]","[-13.187,16.458,-9.618]","[0.519,0.468,0.329]",[],[]
38,R22_Helicopter_V2/Graphics_Group/R22_Cockpit_Gruop/R22_Cockpit_Needle05_Geo,"[-13.256,16.412,-9.578]","[57.950,70.231,359.180]","[0.393,0.506,-0.284,0.714]","[-13.250,16.404,-9.576]","[0.010,0.014,0.005]",[],[]
38,R22_Helicopter_V2/Rotors_Group/Main Rotor - Mast/R22_Mechanical_RBlade_Geo,"[-12.363,18.003,-9.275]","[314.807,0.468,282.370]","[0.302,0.238,0.577,-0.720]","[-12.136,17.347,-8.557]","[0.730,1.636,1.643]",[],[]
38,R22_Helicopter_V2/Graphics_Group/R22_Mechanical_Group/R22_Mechanical_Motor_Geo,"[-13.952,16.423,-9.880]","[57.950,70.231,359.180]","[0.393,0.506,-0.284,0.714]","[-13.574,16.928,-9.753]","[2.501,2.394,2.163]",[],[]
38,R22_Helicopter_V2/Rotors_Group/Back Rotor - Mast/R22_Mechanical_TailMast_Geo,"[-14.264,19.152,-9.946]","[318.669,71.310,359.421]","[-0.290,0.544,0.202,0.761]","[-14.298,19.153,-9.852]","[0.183,0.114,0.263]",[],[]
38,R22_Helicopter_V2/Rotors_Group/Back Rotor - Mast/R22_Mechanical_RTailBlade_Geo,"[-14.343,19.170,-9.761]","[318.669,71.310,359.421]","[-0.290,0.544,0.202,0.761]","[-14.428,19.246,-9.791]","[0.220,0.247,0.088]",[],[]
38,R22_Helicopter_V2/Rotors_Group/Main Rotor - Mast/R22_Mechanical_LBlade_Geo,"[-12.420,18.178,-9.444]","[354.215,293.162,316.220]","[-0.166,0.526,0.337,-0.763]","[-12.600,18.864,-10.147]","[0.795,1.630,1.684]",[],[]
38,R22_Helicopter_V2/Graphics_Group/R22_Mechanical_Group,"[-13.423,17.786,-9.715]","[57.950,70.231,359.180]","[0.393,0.506,-0.284,0.714]",[],[],[],[]
38,R22_Helicopter_V2/Rotors_Group/Main Rotor - Mast/R22_Mechanical_Mast_Geo,"[-12.502,18.017,-9.397]","[330.358,320.331,307.626]","[0.071,0.401,0.479,-0.778]","[-12.502,18.017,-9.397]","[0.598,0.628,0.546]",[],[]
38,R22_Helicopter_V2/Rotors_Group/Back Rotor - Mast/R22_Mechanical_LTailBlade_Geo,"[-14.311,19.132,-9.749]","[318.669,71.310,359.421]","[-0.290,0.544,0.202,0.761]","[-14.232,19.061,-9.721]","[0.221,0.247,0.088]",[],[]
38,R22_Helicopter_V2/Graphics_Group/R_22_Blendshapes,"[-14.066,16.633,-9.928]","[57.950,70.231,359.180]","[0.393,0.506,-0.284,0.714]",[],[],[],[]
38,R22_Helicopter_V2/Collider Group/Tail_COL,"[-13.939,18.526,-9.899]","[61.631,70.121,359.084]","[0.415,0.497,-0.300,0.701]",[],[],"[-13.939,18.526,-9.899]","[0.926,1.532,0.526]"
38,R22_Helicopter_V2/Rotors_Group/Back Rotor - Mast/Tail Rotor - Double-side blur quad,"[-14.332,19.153,-9.751]","[359.566,340.928,41.332]","[-0.062,-0.154,0.347,0.923]","[-14.332,19.153,-9.751]","[0.800,0.847,0.277]",[],[]
38,R22_Helicopter_V2/Collider Group/L_Skid_COL,"[-14.282,16.657,-9.218]","[57.950,70.231,359.180]","[0.393,0.506,-0.284,0.714]",[],[],"[-14.187,16.496,-9.184]","[0.920,1.492,0.395]"
38,R22_Helicopter_V2/Collider Group/Fuselage_COL,"[-13.436,17.050,-9.713]","[57.950,70.231,359.180]","[0.393,0.506,-0.284,0.714]",[],[],"[-13.436,17.050,-9.713]","[1.789,2.075,1.527]"
38,R22_Helicopter_V2/Engines/Main Engine,"[-14.066,16.633,-9.928]","[57.950,70.231,359.180]","[0.393,0.506,-0.284,0.714]",[],[],[],[]
38,R22_Helicopter_V2/Collider Group/Mast_COL,"[-12.823,17.797,-9.507]","[51.193,70.385,359.306]","[0.350,0.522,-0.253,0.735]",[],[],"[-12.823,17.797,-9.507]","[0.870,0.844,0.758]"
38,R22_Helicopter_V2/Camera LookAt Target,"[-12.798,17.472,-9.496]","[57.950,70.231,359.180]","[0.393,0.506,-0.284,0.714]",[],[],[],[]
38,R22_Helicopter_V2/Rotors_Group/Main Rotor - Mast/Main Rotor -  Blur Quad,"[-12.398,18.086,-9.362]","[32.046,251.199,305.697]","[-0.500,0.622,0.056,-0.600]","[-12.398,18.086,-9.362]","[3.331,5.087,5.849]",[],[]
38,R22_Helicopter_V2/Rotors_Group,"[-14.066,16.633,-9.928]","[57.950,70.231,359.180]","[0.393,0.506,-0.284,0.714]",[],[],[],[]
38,R22_Helicopter_V2/Rotors_Group/Main Rotor - Mast/Main Rotor -  Double-side blur quad,"[-12.398,18.086,-9.362]","[327.954,71.199,234.303]","[0.600,-0.056,0.622,-0.500]","[-12.398,18.086,-9.362]","[3.331,5.087,5.849]",[],[]
38,R22_Helicopter_V2/Rotors_Group/Back Rotor - Mast/Tail Rotor - Blur quad,"[-14.332,19.153,-9.751]","[0.435,160.928,318.668]","[-0.347,0.923,-0.062,0.154]","[-14.332,19.153,-9.751]","[0.800,0.847,0.277]",[],[]
38,R22_Helicopter_V2/Engines,"[-14.066,16.633,-9.928]","[57.950,70.231,359.180]","[0.393,0.506,-0.284,0.714]",[],[],[],[]
38,R22_Helicopter_V2/Collider Group/R_Skid_COL,"[-13.800,16.645,-10.610]","[57.950,70.231,359.180]","[0.393,0.506,-0.284,0.714]",[],[],"[-13.706,16.485,-10.576]","[0.920,1.492,0.395]"
