Frame,ObjectName,Position,RotationEuler,RotationQuat,RendererCenter,RendererSize,ColliderCenter,ColliderSize
14,Environment/SceneSetup,"[0.000,0.000,0.000]","[0.000,0.000,0.000]","[0.000,0.000,0.000,1.000]",[],[],[],[]
14,Environment/====== STATIC ======,"[0.000,0.000,0.000]","[0.000,0.000,0.000]","[0.000,0.000,0.000,1.000]",[],[],[],[]
14,Environment/====== DYNAMIC ======,"[0.000,0.000,0.000]","[0.000,0.000,0.000]","[0.000,0.000,0.000,1.000]",[],[],[],[]
14,Environment/TrackMirror/SetDepthOnly,"[0.000,0.000,7.800]","[0.000,0.000,0.000]","[0.000,0.000,0.000,1.000]","[0.000,0.000,131.375]","[4.750,0.000,247.250]",[],[]
14,Environment/====== LIGHTS ======,"[0.000,0.000,0.000]","[0.000,0.000,0.000]","[0.000,0.000,0.000,1.000]",[],[],[],[]
14,Environment/TrackMirror,"[0.000,0.000,7.800]","[0.000,0.000,0.000]","[0.000,0.000,0.000,1.000]","[0.000,0.000,131.375]","[4.750,0.000,247.250]",[],[]
14,Environment/GradientBackground,"[0.000,0.000,0.000]","[0.000,0.000,0.000]","[0.000,0.000,0.000,1.000]",[],[],[],[]
14,Environment/CoreLighting,"[0.000,0.000,0.000]","[0.000,0.000,0.000]","[0.000,0.000,0.000,1.000]",[],[],[],[]
14,Environment/DecoratorContext,"[0.000,0.000,0.000]","[0.000,0.000,0.000]","[0.000,0.000,0.000,1.000]",[],[],[],[]
14,Environment/TrackConstruction,"[0.000,0.000,0.000]","[0.000,0.000,0.000]","[0.000,0.000,0.000,1.000]","[0.000,-80.125,0.000]","[29.100,160.750,1000.000]",[],[]
14,Environment,"[0.000,0.000,0.000]","[0.000,0.000,0.000]","[0.000,0.000,0.000,1.000]",[],[],[],[]
14,Environment/CoreLighting/LightManager,"[0.000,0.000,0.000]","[0.000,0.000,0.000]","[0.000,0.000,0.000,1.000]",[],[],[],[]
14,Environment/BasicGameHUD/RightPanel/MultiplierCanvas/BGCircle,"[3.200,1.700,7.000]","[0.000,0.000,0.000]","[0.000,0.000,0.000,1.000]",[],[],[],[]
14,Environment/BasicGameHUD/LeftPanel/ScoreCanvas/ImmediateRankText,"[-3.200,0.890,7.000]","[0.000,0.000,0.000]","[0.000,0.000,0.000,1.000]",[],[],[],[]
14,Environment/RotatingLasersPair/BaseR,"[7.000,2.000,50.000]","[0.000,0.000,0.000]","[0.000,0.000,0.000,1.000]",[],[],[],[]
14,Environment/BasicGameHUD/RightPanel/MultiplierCanvas,"[3.200,1.700,7.000]","[0.000,0.000,0.000]","[0.000,0.000,0.000,1.000]",[],[],[],[]
14,Environment/BackColumns/BackColumnNeon/BoxLight,"[3.000,0.239,-19.100]","[340.000,0.000,0.000]","[-0.174,0.000,0.000,0.985]","[3.000,0.239,-19.100]","[0.200,94.038,34.390]",[],[]
14,Environment/BasicGameHUD/RightPanel/MultiplierCanvas/TextPanel/NumText,"[2.987,1.642,7.000]","[0.000,0.000,0.000]","[0.000,0.000,0.000,1.000]",[],[],[],[]
14,Environment/BasicGameHUD/LeftPanel/ScoreCanvas/ScoreText,"[-3.200,1.300,7.000]","[0.000,0.000,0.000]","[0.000,0.000,0.000,1.000]",[],[],[],[]
14,Environment/DoubleColorLaserR/TopBoxLight,"[44.423,60.500,179.648]","[60.000,23.000,0.000]","[0.490,0.173,-0.100,0.849]","[44.423,60.500,179.648]","[84.707,125.087,199.380]",[],[]
14,Environment/RotatingLasersPair,"[0.000,2.000,50.000]","[0.000,0.000,0.000]","[0.000,0.000,0.000,1.000]",[],[],[],[]
14,Environment/BasicGameHUD/EnergyPanel/EnergyIconFull,"[1.140,-0.640,7.750]","[0.000,0.000,0.000]","[0.000,0.000,0.000,1.000]",[],[],[],[]
14,Environment/BasicGameHUD/LeftPanel/ComboPanel/ComboCanvas/NumText,"[-3.200,1.870,7.000]","[0.000,0.000,0.000]","[0.000,0.000,0.000,1.000]",[],[],[],[]
14,Environment/LightEffects,"[0.000,0.000,0.000]","[0.000,0.000,0.000]","[0.000,0.000,0.000,1.000]",[],[],[],[]
14,Environment/RotatingLasersPair/BaseL,"[-7.000,2.000,50.000]","[0.000,0.000,0.000]","[0.000,0.000,0.000,1.000]",[],[],[],[]
14,Environment/BasicGameHUD/LeftPanel/ScoreCanvas/RelativeScoreText,"[-3.200,0.952,7.000]","[0.000,0.000,0.000]","[0.000,0.000,0.000,1.000]",[],[],[],[]
14,Environment/BasicGameHUD/RightPanel/MultiplierCanvas/TextPanel,"[3.187,1.642,7.000]","[0.000,0.000,0.000]","[0.000,0.000,0.000,1.000]",[],[],[],[]
14,Environment/BackColumns/BackColumnNeon/BakedBloom,"[-3.000,0.239,-19.100]","[20.000,180.000,0.000]","[0.000,0.985,-0.174,0.000]","[-3.000,0.239,-19.100]","[0.000,0.000,0.000]",[],[]
14,Environment/BackColumns/BackColumnNeon/BakedBloom,"[3.000,0.239,-19.100]","[20.000,180.000,0.000]","[0.000,0.985,-0.174,0.000]","[3.000,0.239,-19.100]","[0.000,0.000,0.000]",[],[]
14,Environment/DoubleColorLaserR/BottomBakedBloom,"[2.125,-2.000,80.000]","[60.000,23.000,0.000]","[0.490,0.173,-0.100,0.849]","[2.125,-2.000,80.000]","[0.000,0.000,0.000]",[],[]
14,Environment/BasicGameHUD/LeftPanel/ComboPanel/ComboCanvas,"[-3.200,1.830,7.000]","[0.000,0.000,0.000]","[0.000,0.000,0.000,1.000]",[],[],[],[]
14,Environment/BigTrackLaneRings,"[0.000,5.000,7.000]","[0.000,0.000,0.000]","[0.000,0.000,0.000,1.000]",[],[],[],[]
14,Environment/BasicGameHUD/LeftPanel/BG,"[-3.200,-27.600,7.010]","[0.000,0.000,0.000]","[0.000,0.000,0.000,1.000]","[-3.200,-27.600,7.010]","[1.400,60.000,0.200]",[],[]
14,Environment/BackColumns,"[0.000,0.000,0.000]","[0.000,0.000,0.000]","[0.000,0.000,0.000,1.000]","[0.000,0.000,-20.000]","[19.000,400.002,157.748]",[],[]
14,Environment/SmallTrackLaneRings,"[0.000,1.400,14.000]","[0.000,0.000,0.000]","[0.000,0.000,0.000,1.000]",[],[],[],[]
14,Environment/BigSmokePS,"[0.000,0.000,0.000]","[0.000,0.000,0.000]","[0.000,0.000,0.000,1.000]","[0.000,0.000,0.000]","[0.000,0.000,0.000]",[],[]
14,Environment/BasicGameHUD/EnergyPanel/BG,"[0.000,-0.640,7.750]","[0.000,0.000,0.000]","[0.000,0.000,0.000,1.000]",[],[],[],[]
14,Environment/BasicGameHUD/LeftPanel,"[-3.200,0.400,7.000]","[0.000,0.000,0.000]","[0.000,0.000,0.000,1.000]",[],[],[],[]
14,Environment/BasicGameHUD/RightPanel/MultiplierCanvas/TextOverlayPanelOutline1,"[3.187,1.642,7.000]","[0.000,0.000,0.000]","[0.000,0.000,0.000,1.000]",[],[],[],[]
14,Environment/BackColumns/BackColumnNeon/BoxLight,"[-3.000,0.239,-19.100]","[340.000,0.000,0.000]","[-0.174,0.000,0.000,0.985]","[-3.000,0.239,-19.100]","[0.200,94.038,34.390]",[],[]
14,Environment/BasicGameHUD/RightPanel/BG,"[3.200,-27.600,7.010]","[0.000,0.000,0.000]","[0.000,0.000,0.000,1.000]","[3.200,-27.600,7.010]","[1.400,60.000,0.200]",[],[]
14,Environment/PlayersPlace,"[0.000,0.000,0.000]","[0.000,0.000,0.000]","[0.000,0.000,0.000,1.000]",[],[],"[0.000,0.000,0.000]","[0.000,0.000,0.000]"
14,Environment/BasicGameHUD/RightPanel/MultiplierCanvas/TextOverlayPanelOutline1/XText,"[3.210,1.854,7.000]","[0.000,0.000,0.000]","[0.000,0.000,0.000,1.000]",[],[],[],[]
14,Environment/BasicGameHUD/RightPanel/MultiplierCanvas/TextOverlayPanelOutline0,"[3.187,1.642,7.000]","[0.000,0.000,0.000]","[0.000,0.000,0.000,1.000]",[],[],[],[]
14,Environment/BasicGameHUD/RightPanel/MultiplierCanvas/FGCircle,"[3.200,1.700,7.000]","[0.000,0.000,0.000]","[0.000,0.000,0.000,1.000]",[],[],[],[]
14,Environment/BasicGameHUD/RightPanel/MultiplierCanvas/AnimationCircle,"[3.200,1.700,7.000]","[0.000,0.000,0.000]","[0.000,0.000,0.000,1.000]",[],[],[],[]
14,Environment/BackColumns/BackColumnNeon,"[-3.000,0.239,-19.100]","[340.000,0.000,0.000]","[-0.174,0.000,0.000,0.985]",[],[],[],[]
14,Environment/BasicGameHUD/RightPanel/Top,"[3.200,2.500,7.000]","[0.000,0.000,0.000]","[0.000,0.000,0.000,1.000]","[3.200,2.500,7.000]","[1.400,0.100,0.200]",[],[]
14,Environment/FrontLights,"[0.000,1.000,15.000]","[0.000,0.000,0.000]","[0.000,0.000,0.000,1.000]",[],[],[],[]
14,Environment/BasicGameHUD/LeftPanel/Top,"[-3.200,2.500,7.000]","[0.000,0.000,0.000]","[0.000,0.000,0.000,1.000]","[-3.200,2.500,7.000]","[1.400,0.100,0.200]",[],[]
14,Environment/BasicGameHUD/LeftPanel/ComboPanel/ComboText,"[-3.200,1.960,7.000]","[0.000,0.000,0.000]","[0.000,0.000,0.000,1.000]",[],[],[],[]
14,Environment/BasicGameHUD/RightPanel/MultiplierCanvas/TextPanel/XText,"[3.210,1.854,7.000]","[0.000,0.000,0.000]","[0.000,0.000,0.000,1.000]",[],[],[],[]
14,Environment/DoubleColorLaserR/TopBakedBloom,"[2.125,-2.000,80.000]","[60.000,23.000,0.000]","[0.490,0.173,-0.100,0.849]","[2.125,-2.000,80.000]","[0.000,0.000,0.000]",[],[]
14,Environment/BasicGameHUD/EnergyPanel,"[0.000,-0.640,7.750]","[0.000,0.000,0.000]","[0.000,0.000,0.000,1.000]",[],[],[],[]
14,Environment/PlayersPlace/Mirror,"[0.000,0.005,0.000]","[0.000,0.000,0.000]","[0.000,0.000,0.000,1.000]","[0.000,0.005,0.000]","[3.000,0.000,2.000]",[],[]
14,Environment/BasicGameHUD/RightPanel/MultiplierCanvas/TextOverlayPanelOutline1/NumText,"[2.987,1.642,7.000]","[0.000,0.000,0.000]","[0.000,0.000,0.000,1.000]",[],[],[],[]
14,Environment/BackColumns/BackColumnNeon,"[3.000,0.239,-19.100]","[340.000,0.000,0.000]","[-0.174,0.000,0.000,0.985]",[],[],[],[]
14,Environment/BasicGameHUD/RightPanel/MultiplierCanvas/TextOverlayPanelOutline0/XText,"[3.210,1.854,7.000]","[0.000,0.000,0.000]","[0.000,0.000,0.000,1.000]",[],[],[],[]
14,Environment/DoubleColorLaserR,"[2.125,-2.000,80.000]","[60.000,23.000,0.000]","[0.490,0.173,-0.100,0.849]",[],[],[],[]
14,Environment/BasicGameHUD/RightPanel/MultiplierCanvas/TextOverlayPanelOutline0/NumText,"[2.987,1.642,7.000]","[0.000,0.000,0.000]","[0.000,0.000,0.000,1.000]",[],[],[],[]
14,Environment/BasicGameHUD/RightPanel,"[3.200,0.400,7.000]","[0.000,0.000,0.000]","[0.000,0.000,0.000,1.000]",[],[],[],[]
14,Environment/BasicGameHUD/EnergyPanel/EnergyBarWrapper/EnergyBar,"[-0.954,-0.640,7.750]","[0.000,0.000,0.000]","[0.000,0.000,0.000,1.000]",[],[],[],[]
14,Environment/PlayersPlace/Construction,"[0.000,0.000,0.000]","[0.000,0.000,0.000]","[0.000,0.000,0.000,1.000]","[0.000,-56.373,0.000]","[3.000,112.755,2.000]",[],[]
14,Environment/BasicGameHUD/LeftPanel/ScoreCanvas,"[-3.200,0.900,7.000]","[0.000,0.000,0.000]","[0.000,0.000,0.000,1.000]",[],[],[],[]
14,Environment/DoubleColorLaserR/BottomBoxLight,"[-40.173,-64.500,-19.648]","[60.000,23.000,0.000]","[0.490,0.173,-0.100,0.849]","[-40.173,-64.500,-19.648]","[84.707,125.087,199.380]",[],[]
14,Environment/BasicGameHUD/EnergyPanel/EnergyIconEmpty,"[-1.180,-0.640,7.750]","[0.000,0.000,0.000]","[0.000,0.000,0.000,1.000]",[],[],[],[]
14,Environment/BasicGameHUD,"[0.000,0.000,0.000]","[0.000,0.000,0.000]","[0.000,0.000,0.000,1.000]",[],[],[],[]
14,Environment/PlayersPlace/Feet,"[0.000,0.005,0.000]","[90.000,0.000,0.000]","[0.707,0.000,0.000,0.707]","[0.000,0.005,0.000]","[0.356,0.200,0.356]",[],[]
14,Environment/CoreLighting/DirectionalLight,"[0.000,2.000,20.000]","[7.000,180.000,180.000]","[0.998,0.000,0.000,0.061]",[],[],[],[]
14,Environment/BasicGameHUD/LeftPanel/ComboPanel,"[-3.200,1.830,7.000]","[0.000,0.000,0.000]","[0.000,0.000,0.000,1.000]",[],[],[],[]
14,Environment/NearBuildingLeft (1)/NeonTubeDirectional (1),"[-7.450,-5.500,-18.000]","[0.000,0.000,0.000]","[0.000,0.000,0.000,1.000]",[],[],[],[]
14,Environment/NearBuildingLeft (2)/NeonTubeDirectional (1),"[-17.450,-2.500,15.000]","[0.000,0.000,0.000]","[0.000,0.000,0.000,1.000]",[],[],[],[]
14,Environment/NearBuildingLeft (1)/NeonTubeDirectional (1)/BakedBloom,"[-7.450,-5.500,-18.000]","[0.000,270.000,0.000]","[0.000,-0.707,0.000,0.707]","[-7.450,-5.500,-18.000]","[0.000,0.000,0.000]",[],[]
14,Environment/NearBuildingLeft (2)/NeonTubeDirectional (1)/BakedBloom,"[-17.450,-2.500,15.000]","[0.000,270.000,0.000]","[0.000,-0.707,0.000,0.707]","[-17.450,-2.500,15.000]","[0.000,0.000,0.000]",[],[]
14,Environment/NearBuildingLeft (2)/NeonTubeDirectional (1)/BoxLight,"[-17.450,-2.500,15.000]","[0.000,0.000,0.000]","[0.000,0.000,0.000,1.000]","[-17.450,-2.500,15.000]","[0.200,20.000,0.200]",[],[]
14,Environment/NearBuildingLeft (1)/NeonTubeDirectional (1)/BoxLight,"[-7.450,-5.500,-18.000]","[0.000,0.000,0.000]","[0.000,0.000,0.000,1.000]","[-7.450,-5.500,-18.000]","[0.200,20.000,0.200]",[],[]
14,Environment/NearBuildingLeft (2),"[-20.000,3.000,15.000]","[0.000,0.000,0.000]","[0.000,0.000,0.000,1.000]",[],[],[],[]
14,Environment/NearBuildingLeft (1),"[-10.000,0.000,-18.000]","[0.000,0.000,0.000]","[0.000,0.000,0.000,1.000]",[],[],[],[]
14,Environment/NearBuildingLeft (2)/Mesh,"[6.000,-17.000,-10.000]","[0.000,0.000,0.000]","[0.000,0.000,0.000,1.000]","[-22.000,-57.250,19.000]","[9.000,174.500,25.000]",[],[]
14,Environment/NearBuildingLeft (1)/Mesh,"[16.000,-20.000,-43.000]","[0.000,0.000,0.000]","[0.000,0.000,0.000,1.000]","[-12.000,-60.250,-14.000]","[9.000,174.500,25.000]",[],[]
14,Environment/BasicGameHUD/RightPanel/SongProgressCanvas/ProgressText/Separator,"[3.185,0.645,6.990]","[0.000,0.000,0.000]","[0.000,0.000,0.000,1.000]",[],[],[],[]
14,Environment/NearBuildingRight (1)/Mesh,"[-16.000,-20.000,-43.000]","[0.000,0.000,0.000]","[0.000,0.000,0.000,1.000]","[12.000,-60.250,-14.000]","[9.000,174.500,25.000]",[],[]
14,Environment/NearBuildingRight (2)/Mesh,"[-6.000,-17.000,-10.000]","[0.000,0.000,0.000]","[0.000,0.000,0.000,1.000]","[22.000,-57.250,19.000]","[9.000,174.500,25.000]",[],[]
14,Environment/NearBuildingRight (1),"[10.000,0.000,-18.000]","[0.000,0.000,0.000]","[0.000,0.000,0.000,1.000]",[],[],[],[]
14,Environment/NearBuildingRight (2),"[20.000,3.000,15.000]","[0.000,0.000,0.000]","[0.000,0.000,0.000,1.000]",[],[],[],[]
14,Environment/LightWithIdManager,"[0.000,0.000,0.000]","[0.000,0.000,0.000]","[0.000,0.000,0.000,1.000]",[],[],[],[]
14,Environment/FakeMirrorObjectsInstaller,"[0.000,0.000,0.000]","[0.000,0.000,0.000]","[0.000,0.000,0.000,1.000]",[],[],[],[]
14,Environment/DustPS,"[0.000,0.000,0.000]","[90.000,0.000,0.000]","[0.707,0.000,0.000,0.707]","[0.000,0.000,0.000]","[0.000,0.000,0.000]",[],[]
14,Environment/Spectrograms/Spectrogram,"[12.000,4.000,30.000]","[0.000,0.000,0.000]","[0.000,0.000,0.000,1.000]",[],[],[],[]
14,Environment/Spectrograms/Spectrogram,"[-12.000,4.000,30.000]","[0.000,0.000,0.000]","[0.000,0.000,0.000,1.000]",[],[],[],[]
14,Environment/Spectrograms,"[0.000,4.000,0.000]","[0.000,0.000,0.000]","[0.000,0.000,0.000,1.000]",[],[],[],[]
14,Environment/PlayersPlace/SaberBurnMarksParticles,"[0.000,0.005,0.000]","[0.000,0.000,0.000]","[0.000,0.000,0.000,1.000]",[],[],[],[]
14,Environment/PlayersPlace/SaberBurnMarksParticles/SaberBurnMarkSparklePS,"[0.000,0.005,0.000]","[0.000,0.000,0.000]","[0.000,0.000,0.000,1.000]","[0.000,0.000,0.000]","[0.000,0.000,0.000]",[],[]
14,Environment/PlayersPlace/SaberBurnMarksArea,"[0.000,0.010,0.000]","[0.000,0.000,0.000]","[0.000,0.000,0.000,1.000]","[0.000,0.010,0.000]","[3.000,0.000,2.000]",[],[]
14,Environment/PlayersPlace/RectangleFakeGlow,"[0.000,0.008,0.000]","[90.000,0.000,0.000]","[0.707,0.000,0.000,0.707]","[0.000,0.008,0.000]","[4.485,0.000,2.985]",[],[]
14,Environment/BasicGameHUD/RightPanel/RecordingPanel/RecordingCircle,"[2.911,0.230,7.000]","[0.000,0.000,0.000]","[0.000,0.000,0.000,1.000]",[],[],[],[]
14,Environment/RotatingLasersPair/BaseR/Laser/BoxLight,"[-189.597,139.658,50.000]","[0.000,0.000,55.000]","[0.000,0.000,0.462,0.887]","[-189.597,139.658,50.000]","[409.633,286.870,0.100]",[],[]
14,Environment/RotatingLasersPair/BaseR/Laser/BakedBloom,"[7.000,2.000,50.000]","[305.000,90.000,0.000]","[-0.327,0.627,0.327,0.627]","[7.000,2.000,50.000]","[0.000,0.000,0.000]",[],[]
14,Environment/RotatingLasersPair/BaseR/Laser,"[7.000,2.000,50.000]","[0.000,0.000,55.000]","[0.000,0.000,0.462,0.887]",[],[],[],[]
14,Environment/RotatingLasersPair/BaseL/Laser/BakedBloom,"[-7.000,2.000,50.000]","[55.000,90.000,0.000]","[0.327,0.627,-0.327,0.627]","[-7.000,2.000,50.000]","[0.000,0.000,0.000]",[],[]
14,Environment/RotatingLasersPair/BaseL/Laser,"[-7.000,2.000,50.000]","[0.000,0.000,305.000]","[0.000,0.000,-0.462,0.887]",[],[],[],[]
14,Environment/BasicGameHUD/RightPanel/SongProgressCanvas/ProgressText,"[3.200,0.760,6.990]","[0.000,0.000,0.000]","[0.000,0.000,0.000,1.000]",[],[],[],[]
14,Environment/RotatingLasersPair/BaseL/Laser/BoxLight,"[189.597,139.658,50.000]","[0.000,0.000,305.000]","[0.000,0.000,-0.462,0.887]","[189.597,139.658,50.000]","[409.633,286.870,0.100]",[],[]
14,Environment/DoubleColorLaserL (3)/BottomBakedBloom,"[-2.125,-2.000,50.000]","[60.000,337.000,0.000]","[0.490,-0.173,0.100,0.849]","[-2.125,-2.000,50.000]","[0.000,0.000,0.000]",[],[]
14,Environment/DoubleColorLaserL (4)/BottomBakedBloom,"[-2.125,-2.000,90.000]","[60.000,337.000,0.000]","[0.490,-0.173,0.100,0.849]","[-2.125,-2.000,90.000]","[0.000,0.000,0.000]",[],[]
14,Environment/DoubleColorLaserR (3)/BottomBakedBloom,"[2.125,-2.000,50.000]","[60.000,23.000,0.000]","[0.490,0.173,-0.100,0.849]","[2.125,-2.000,50.000]","[0.000,0.000,0.000]",[],[]
14,Environment/DoubleColorLaserL/BottomBakedBloom,"[-2.125,-2.000,80.000]","[60.000,337.000,0.000]","[0.490,-0.173,0.100,0.849]","[-2.125,-2.000,80.000]","[0.000,0.000,0.000]",[],[]
14,Environment/DoubleColorLaserR (1)/BottomBakedBloom,"[2.125,-2.000,70.000]","[60.000,23.000,0.000]","[0.490,0.173,-0.100,0.849]","[2.125,-2.000,70.000]","[0.000,0.000,0.000]",[],[]
14,Environment/DoubleColorLaserL (1)/BottomBakedBloom,"[-2.125,-2.000,70.000]","[60.000,337.000,0.000]","[0.490,-0.173,0.100,0.849]","[-2.125,-2.000,70.000]","[0.000,0.000,0.000]",[],[]
14,Environment/DoubleColorLaserR (4)/BottomBakedBloom,"[2.125,-2.000,90.000]","[60.000,23.000,0.000]","[0.490,0.173,-0.100,0.849]","[2.125,-2.000,90.000]","[0.000,0.000,0.000]",[],[]
14,Environment/DoubleColorLaserL (2)/BottomBakedBloom,"[-2.125,-2.000,60.000]","[60.000,337.000,0.000]","[0.490,-0.173,0.100,0.849]","[-2.125,-2.000,60.000]","[0.000,0.000,0.000]",[],[]
14,Environment/DoubleColorLaserR (2)/BottomBakedBloom,"[2.125,-2.000,60.000]","[60.000,23.000,0.000]","[0.490,0.173,-0.100,0.849]","[2.125,-2.000,60.000]","[0.000,0.000,0.000]",[],[]
14,Environment/DoubleColorLaserR (2)/TopBoxLight,"[44.423,60.500,159.648]","[60.000,23.000,0.000]","[0.490,0.173,-0.100,0.849]","[44.423,60.500,159.648]","[84.707,125.087,199.380]",[],[]
14,Environment/DoubleColorLaserL (1)/TopBoxLight,"[-44.423,60.500,169.648]","[60.000,337.000,0.000]","[0.490,-0.173,0.100,0.849]","[-44.423,60.500,169.648]","[84.707,125.087,199.380]",[],[]
14,Environment/DoubleColorLaserR (4)/TopBoxLight,"[44.423,60.500,189.648]","[60.000,23.000,0.000]","[0.490,0.173,-0.100,0.849]","[44.423,60.500,189.648]","[84.707,125.087,199.380]",[],[]
14,Environment/DoubleColorLaserL (2)/TopBoxLight,"[-44.423,60.500,159.648]","[60.000,337.000,0.000]","[0.490,-0.173,0.100,0.849]","[-44.423,60.500,159.648]","[84.707,125.087,199.380]",[],[]
14,Environment/DoubleColorLaserR (1)/TopBoxLight,"[44.423,60.500,169.648]","[60.000,23.000,0.000]","[0.490,0.173,-0.100,0.849]","[44.423,60.500,169.648]","[84.707,125.087,199.380]",[],[]
14,Environment/DoubleColorLaserL/TopBoxLight,"[-44.423,60.500,179.648]","[60.000,337.000,0.000]","[0.490,-0.173,0.100,0.849]","[-44.423,60.500,179.648]","[84.707,125.087,199.380]",[],[]
14,Environment/DoubleColorLaserR (3)/TopBoxLight,"[44.423,60.500,149.648]","[60.000,23.000,0.000]","[0.490,0.173,-0.100,0.849]","[44.423,60.500,149.648]","[84.707,125.087,199.380]",[],[]
14,Environment/DoubleColorLaserL (3)/TopBoxLight,"[-44.423,60.500,149.648]","[60.000,337.000,0.000]","[0.490,-0.173,0.100,0.849]","[-44.423,60.500,149.648]","[84.707,125.087,199.380]",[],[]
14,Environment/DoubleColorLaserL (4)/TopBoxLight,"[-44.423,60.500,189.648]","[60.000,337.000,0.000]","[0.490,-0.173,0.100,0.849]","[-44.423,60.500,189.648]","[84.707,125.087,199.380]",[],[]
14,Environment/DoubleColorLaserR (2)/BottomBoxLight,"[-40.173,-64.500,-39.648]","[60.000,23.000,0.000]","[0.490,0.173,-0.100,0.849]","[-40.173,-64.500,-39.648]","[84.707,125.087,199.380]",[],[]
14,Environment/DoubleColorLaserR (1)/BottomBoxLight,"[-40.173,-64.500,-29.648]","[60.000,23.000,0.000]","[0.490,0.173,-0.100,0.849]","[-40.173,-64.500,-29.648]","[84.707,125.087,199.380]",[],[]
14,Environment/DoubleColorLaserR (4)/BottomBoxLight,"[-40.173,-64.500,-9.648]","[60.000,23.000,0.000]","[0.490,0.173,-0.100,0.849]","[-40.173,-64.500,-9.648]","[84.707,125.087,199.380]",[],[]
14,Environment/DoubleColorLaserL (1)/BottomBoxLight,"[40.173,-64.500,-29.648]","[60.000,337.000,0.000]","[0.490,-0.173,0.100,0.849]","[40.173,-64.500,-29.648]","[84.707,125.087,199.380]",[],[]
14,Environment/DoubleColorLaserL (2)/BottomBoxLight,"[40.173,-64.500,-39.648]","[60.000,337.000,0.000]","[0.490,-0.173,0.100,0.849]","[40.173,-64.500,-39.648]","[84.707,125.087,199.380]",[],[]
14,Environment/DoubleColorLaserL/BottomBoxLight,"[40.173,-64.500,-19.648]","[60.000,337.000,0.000]","[0.490,-0.173,0.100,0.849]","[40.173,-64.500,-19.648]","[84.707,125.087,199.380]",[],[]
14,Environment/DoubleColorLaserL (3)/BottomBoxLight,"[40.173,-64.500,-49.648]","[60.000,337.000,0.000]","[0.490,-0.173,0.100,0.849]","[40.173,-64.500,-49.648]","[84.707,125.087,199.380]",[],[]
14,Environment/DoubleColorLaserL (4)/BottomBoxLight,"[40.173,-64.500,-9.648]","[60.000,337.000,0.000]","[0.490,-0.173,0.100,0.849]","[40.173,-64.500,-9.648]","[84.707,125.087,199.380]",[],[]
14,Environment/DoubleColorLaserR (3)/BottomBoxLight,"[-40.173,-64.500,-49.648]","[60.000,23.000,0.000]","[0.490,0.173,-0.100,0.849]","[-40.173,-64.500,-49.648]","[84.707,125.087,199.380]",[],[]
14,Environment/DoubleColorLaserL,"[-2.125,-2.000,80.000]","[60.000,337.000,0.000]","[0.490,-0.173,0.100,0.849]",[],[],[],[]
14,Environment/DoubleColorLaserL (3),"[-2.125,-2.000,50.000]","[60.000,337.000,0.000]","[0.490,-0.173,0.100,0.849]",[],[],[],[]
14,Environment/DoubleColorLaserL (4),"[-2.125,-2.000,90.000]","[60.000,337.000,0.000]","[0.490,-0.173,0.100,0.849]",[],[],[],[]
14,Environment/DoubleColorLaserR (3),"[2.125,-2.000,50.000]","[60.000,23.000,0.000]","[0.490,0.173,-0.100,0.849]",[],[],[],[]
14,Environment/DoubleColorLaserR (2),"[2.125,-2.000,60.000]","[60.000,23.000,0.000]","[0.490,0.173,-0.100,0.849]",[],[],[],[]
14,Environment/DoubleColorLaserR (1),"[2.125,-2.000,70.000]","[60.000,23.000,0.000]","[0.490,0.173,-0.100,0.849]",[],[],[],[]
14,Environment/DoubleColorLaserL (1),"[-2.125,-2.000,70.000]","[60.000,337.000,0.000]","[0.490,-0.173,0.100,0.849]",[],[],[],[]
14,Environment/DoubleColorLaserR (4),"[2.125,-2.000,90.000]","[60.000,23.000,0.000]","[0.490,0.173,-0.100,0.849]",[],[],[],[]
14,Environment/DoubleColorLaserL (2),"[-2.125,-2.000,60.000]","[60.000,337.000,0.000]","[0.490,-0.173,0.100,0.849]",[],[],[],[]
14,Environment/DoubleColorLaserR (1)/TopBakedBloom,"[2.125,-2.000,70.000]","[60.000,23.000,0.000]","[0.490,0.173,-0.100,0.849]","[2.125,-2.000,70.000]","[0.000,0.000,0.000]",[],[]
14,Environment/DoubleColorLaserL (2)/TopBakedBloom,"[-2.125,-2.000,60.000]","[60.000,337.000,0.000]","[0.490,-0.173,0.100,0.849]","[-2.125,-2.000,60.000]","[0.000,0.000,0.000]",[],[]
14,Environment/DoubleColorLaserL (1)/TopBakedBloom,"[-2.125,-2.000,70.000]","[60.000,337.000,0.000]","[0.490,-0.173,0.100,0.849]","[-2.125,-2.000,70.000]","[0.000,0.000,0.000]",[],[]
14,Environment/DoubleColorLaserR (4)/TopBakedBloom,"[2.125,-2.000,90.000]","[60.000,23.000,0.000]","[0.490,0.173,-0.100,0.849]","[2.125,-2.000,90.000]","[0.000,0.000,0.000]",[],[]
14,Environment/DoubleColorLaserR (2)/TopBakedBloom,"[2.125,-2.000,60.000]","[60.000,23.000,0.000]","[0.490,0.173,-0.100,0.849]","[2.125,-2.000,60.000]","[0.000,0.000,0.000]",[],[]
14,Environment/DoubleColorLaserL (4)/TopBakedBloom,"[-2.125,-2.000,90.000]","[60.000,337.000,0.000]","[0.490,-0.173,0.100,0.849]","[-2.125,-2.000,90.000]","[0.000,0.000,0.000]",[],[]
14,Environment/DoubleColorLaserL (3)/TopBakedBloom,"[-2.125,-2.000,50.000]","[60.000,337.000,0.000]","[0.490,-0.173,0.100,0.849]","[-2.125,-2.000,50.000]","[0.000,0.000,0.000]",[],[]
14,Environment/DoubleColorLaserR (3)/TopBakedBloom,"[2.125,-2.000,50.000]","[60.000,23.000,0.000]","[0.490,0.173,-0.100,0.849]","[2.125,-2.000,50.000]","[0.000,0.000,0.000]",[],[]
14,Environment/DoubleColorLaserL/TopBakedBloom,"[-2.125,-2.000,80.000]","[60.000,337.000,0.000]","[0.490,-0.173,0.100,0.849]","[-2.125,-2.000,80.000]","[0.000,0.000,0.000]",[],[]
14,Environment/BasicGameHUD/EnergyPanel/Laser,"[0.000,-0.640,6.950]","[0.000,0.000,90.000]","[0.000,0.000,0.707,0.707]",[],[],[],[]
14,Environment/BasicGameHUD/EnergyPanel/Laser/BoxLight,"[0.000,-0.640,6.950]","[0.000,0.000,90.000]","[0.000,0.000,0.707,0.707]","[0.000,-0.640,6.950]","[10.000,0.000,0.000]",[],[]
14,Environment/BasicGameHUD/EnergyPanel/Laser/BakedBloom,"[0.000,-0.640,6.950]","[0.000,0.000,90.000]","[0.000,0.000,0.707,0.707]","[0.000,-0.640,6.950]","[0.000,0.000,0.000]",[],[]
14,Environment/BasicGameHUD/RightPanel/SongProgressCanvas/ProgressText/Progress/ProgressColon,"[2.881,0.635,6.990]","[0.000,0.000,0.000]","[0.000,0.000,0.000,1.000]",[],[],[],[]
14,Environment/BasicGameHUD/RightPanel/SongProgressCanvas/ProgressText/Duration/DurationColon,"[3.396,0.635,6.990]","[0.000,0.000,0.000]","[0.000,0.000,0.000,1.000]",[],[],[],[]
14,Environment/CoreLighting/DirectionalLight,"[0.000,18.600,30.000]","[90.000,0.000,0.000]","[0.707,0.000,0.000,0.707]",[],[],[],[]
14,Environment/BasicGameHUD/LeftPanel/ComboPanel/Line0,"[-3.200,2.180,7.000]","[0.000,0.000,0.000]","[0.000,0.000,0.000,1.000]",[],[],[],[]
14,Environment/Spectrograms/Spectrogram/Spectrogram0,"[12.000,4.000,27.750]","[270.020,0.000,0.000]","[-0.707,0.000,0.000,0.707]","[12.000,-26.000,-43.125]","[0.900,60.000,142.650]",[],[]
14,Environment/Spectrograms/Spectrogram/Spectrogram0,"[-12.000,4.000,27.750]","[270.020,0.000,0.000]","[-0.707,0.000,0.000,0.707]","[-12.000,-26.000,-43.125]","[0.900,60.000,142.650]",[],[]
14,Environment/BasicGameHUD/RightPanel/SongProgressCanvas/ProgressText/Progress,"[2.935,0.760,6.990]","[0.000,0.000,0.000]","[0.000,0.000,0.000,1.000]",[],[],[],[]
14,Environment/CoreLighting/LightWrapper0,"[6.000,5.000,20.000]","[0.000,0.000,0.000]","[0.000,0.000,0.000,1.000]",[],[],[],[]
14,Environment/CoreLighting/DirectionalLight,"[0.000,-2.000,30.000]","[333.000,180.000,180.000]","[-0.972,0.000,0.000,0.233]",[],[],[],[]
14,Environment/CoreLighting/LightWrapper1,"[-6.000,5.000,20.000]","[0.000,0.000,0.000]","[0.000,0.000,0.000,1.000]",[],[],[],[]
14,Environment/NearBuildingLeft (2)/NeonTube (2)/BoxLight,"[-20.000,180.000,19.000]","[0.000,0.000,0.000]","[0.000,0.000,0.000,1.000]","[-20.000,180.000,19.000]","[0.200,300.000,0.200]",[],[]
14,Environment/NearBuildingLeft (1)/NeonTube (2)/BoxLight,"[-10.000,177.000,-14.000]","[0.000,0.000,0.000]","[0.000,0.000,0.000,1.000]","[-10.000,177.000,-14.000]","[0.200,300.000,0.200]",[],[]
14,Environment/NearBuildingLeft (1)/NeonTube (2),"[-10.000,27.000,-14.000]","[0.000,0.000,0.000]","[0.000,0.000,0.000,1.000]",[],[],[],[]
14,Environment/NearBuildingLeft (2)/NeonTube (2),"[-20.000,30.000,19.000]","[0.000,0.000,0.000]","[0.000,0.000,0.000,1.000]",[],[],[],[]
14,Environment/NearBuildingLeft (1)/NeonTube (2)/BakedBloom,"[-10.000,27.000,-14.000]","[0.000,90.000,0.000]","[0.000,0.707,0.000,0.707]","[-10.000,27.000,-14.000]","[0.000,0.000,0.000]",[],[]
14,Environment/NearBuildingLeft (2)/NeonTube (2)/BakedBloom,"[-20.000,30.000,19.000]","[0.000,90.000,0.000]","[0.000,0.707,0.000,0.707]","[-20.000,30.000,19.000]","[0.000,0.000,0.000]",[],[]
14,Environment/BasicGameHUD/EnergyPanel/FailIcon,"[0.000,-0.650,7.750]","[0.000,0.000,0.000]","[0.000,0.000,0.000,1.000]",[],[],[],[]
14,Environment/BasicGameHUD/EnergyPanel/BarBG,"[0.000,-0.640,7.750]","[0.000,0.000,0.000]","[0.000,0.000,0.000,1.000]",[],[],[],[]
14,Environment/BasicGameHUD/RightPanel/RecordingPanel,"[3.200,0.230,7.000]","[0.000,0.000,0.000]","[0.000,0.000,0.000,1.000]",[],[],[],[]
14,Environment/NearBuildingRight (1)/NeonTubeDirectional (1)/BoxLight,"[7.450,-5.500,-18.000]","[0.000,180.000,0.000]","[0.000,1.000,0.000,0.000]","[7.450,-5.500,-18.000]","[0.200,20.000,0.200]",[],[]
14,Environment/NearBuildingRight (2)/NeonTubeDirectional (1)/BoxLight,"[17.450,-2.500,15.000]","[0.000,180.000,0.000]","[0.000,1.000,0.000,0.000]","[17.450,-2.500,15.000]","[0.200,20.000,0.200]",[],[]
14,Environment/NearBuildingRight (2)/NeonTubeDirectional (1)/BakedBloom,"[17.450,-2.500,15.000]","[0.000,90.000,0.000]","[0.000,0.707,0.000,0.707]","[17.450,-2.500,15.000]","[0.000,0.000,0.000]",[],[]
14,Environment/NearBuildingRight (1)/NeonTubeDirectional (1)/BakedBloom,"[7.450,-5.500,-18.000]","[0.000,90.000,0.000]","[0.000,0.707,0.000,0.707]","[7.450,-5.500,-18.000]","[0.000,0.000,0.000]",[],[]
14,Environment/NearBuildingRight (2)/NeonTubeDirectional (1),"[17.450,-2.500,15.000]","[0.000,180.000,0.000]","[0.000,1.000,0.000,0.000]",[],[],[],[]
14,Environment/NearBuildingRight (1)/NeonTubeDirectional (1),"[7.450,-5.500,-18.000]","[0.000,180.000,0.000]","[0.000,1.000,0.000,0.000]",[],[],[],[]
14,Environment/BasicGameHUD/RightPanel/RecordingPanel/RecordingText,"[3.292,0.216,7.000]","[0.000,0.000,0.000]","[0.000,0.000,0.000,1.000]",[],[],[],[]
14,Environment/NearBuildingLeft (2)/NeonTubeDirectional/BoxLight,"[-17.450,0.000,19.000]","[0.000,0.000,0.000]","[0.000,0.000,0.000,1.000]","[-17.450,0.000,19.000]","[0.200,20.000,0.200]",[],[]
14,Environment/NearBuildingLeft (1)/NeonTubeDirectional/BoxLight,"[-7.450,-3.000,-14.000]","[0.000,0.000,0.000]","[0.000,0.000,0.000,1.000]","[-7.450,-3.000,-14.000]","[0.200,20.000,0.200]",[],[]
14,Environment/NearBuildingLeft (1)/NeonTubeDirectional,"[-7.450,-3.000,-14.000]","[0.000,0.000,0.000]","[0.000,0.000,0.000,1.000]",[],[],[],[]
14,Environment/NearBuildingLeft (2)/NeonTubeDirectional,"[-17.450,0.000,19.000]","[0.000,0.000,0.000]","[0.000,0.000,0.000,1.000]",[],[],[],[]
14,Environment/NearBuildingLeft (1)/NeonTubeDirectional/BakedBloom,"[-7.450,-3.000,-14.000]","[0.000,270.000,0.000]","[0.000,-0.707,0.000,0.707]","[-7.450,-3.000,-14.000]","[0.000,0.000,0.000]",[],[]
14,Environment/NearBuildingLeft (2)/NeonTubeDirectional/BakedBloom,"[-17.450,0.000,19.000]","[0.000,270.000,0.000]","[0.000,-0.707,0.000,0.707]","[-17.450,0.000,19.000]","[0.000,0.000,0.000]",[],[]
14,Environment/PlayersPlace/Collider,"[0.000,-0.090,0.000]","[0.000,0.000,0.000]","[0.000,0.000,0.000,1.000]",[],[],"[0.000,-0.090,0.000]","[0.000,0.000,0.000]"
14,Environment/LightmapLightWithIds,"[0.000,0.000,0.000]","[0.000,0.000,0.000]","[0.000,0.000,0.000,1.000]",[],[],[],[]
14,Environment/BakedReflectionProbe,"[0.000,1.500,5.000]","[0.000,0.000,0.000]","[0.000,0.000,0.000,1.000]",[],[],[],[]
14,Environment/NearBuildingRight (1)/NeonTube (2),"[10.000,27.000,-14.000]","[0.000,0.000,0.000]","[0.000,0.000,0.000,1.000]",[],[],[],[]
14,Environment/NearBuildingRight (2)/NeonTube (2),"[20.000,30.000,19.000]","[0.000,0.000,0.000]","[0.000,0.000,0.000,1.000]",[],[],[],[]
14,Environment/NearBuildingRight (1)/NeonTube (2)/BakedBloom,"[10.000,27.000,-14.000]","[0.000,90.000,0.000]","[0.000,0.707,0.000,0.707]","[10.000,27.000,-14.000]","[0.000,0.000,0.000]",[],[]
14,Environment/NearBuildingRight (2)/NeonTube (2)/BakedBloom,"[20.000,30.000,19.000]","[0.000,90.000,0.000]","[0.000,0.707,0.000,0.707]","[20.000,30.000,19.000]","[0.000,0.000,0.000]",[],[]
14,Environment/NearBuildingRight (2)/NeonTube (2)/BoxLight,"[20.000,180.000,19.000]","[0.000,0.000,0.000]","[0.000,0.000,0.000,1.000]","[20.000,180.000,19.000]","[0.200,300.000,0.200]",[],[]
14,Environment/NearBuildingRight (1)/NeonTube (2)/BoxLight,"[10.000,177.000,-14.000]","[0.000,0.000,0.000]","[0.000,0.000,0.000,1.000]","[10.000,177.000,-14.000]","[0.200,300.000,0.200]",[],[]
14,Environment/BasicGameHUD/RightPanel/SongProgressCanvas/Slider/Handle Slide Area,"[3.200,0.940,6.990]","[0.000,0.000,0.000]","[0.000,0.000,0.000,1.000]",[],[],[],[]
14,Environment/BasicGameHUD/RightPanel/SongProgressCanvas/ProgressText/Progress/ProgressSeconds,"[3.050,0.620,6.990]","[0.000,0.000,0.000]","[0.000,0.000,0.000,1.000]",[],[],[],[]
14,Environment/BasicGameHUD/RightPanel/SongProgressCanvas/Slider/Background,"[3.200,0.940,6.990]","[0.000,0.000,0.000]","[0.000,0.000,0.000,1.000]",[],[],[],[]
14,Environment/BasicGameHUD/RightPanel/SongProgressCanvas/Progress,"[2.700,0.970,6.990]","[0.000,0.000,0.000]","[0.000,0.000,0.000,1.000]",[],[],[],[]
14,Environment/BasicGameHUD/RightPanel/SongProgressCanvas/Slider,"[3.200,0.980,6.990]","[0.000,0.000,0.000]","[0.000,0.000,0.000,1.000]",[],[],[],[]
14,Environment/BasicGameHUD/RightPanel/SongProgressCanvas/ProgressText/Duration/DurationMinutes,"[3.280,0.620,6.990]","[0.000,0.000,0.000]","[0.000,0.000,0.000,1.000]",[],[],[],[]
14,Environment/BasicGameHUD/RightPanel/SongProgressCanvas,"[3.200,0.800,6.990]","[0.000,0.000,0.000]","[0.000,0.000,0.000,1.000]",[],[],[],[]
14,Environment/BasicGameHUD/RightPanel/SongProgressCanvas/ProgressText/Duration/DurationSeconds,"[3.560,0.620,6.990]","[0.000,0.000,0.000]","[0.000,0.000,0.000,1.000]",[],[],[],[]
14,Environment/BasicGameHUD/RightPanel/SongProgressCanvas/Slider/Handle Slide Area/Handle,"[2.700,0.900,6.990]","[0.000,0.000,0.000]","[0.000,0.000,0.000,1.000]",[],[],[],[]
14,Environment/BasicGameHUD/RightPanel/SongProgressCanvas/ProgressText/Progress/ProgressMinutes,"[2.764,0.620,6.990]","[0.000,0.000,0.000]","[0.000,0.000,0.000,1.000]",[],[],[],[]
14,Environment/BasicGameHUD/LeftPanel/ComboPanel/Line1,"[-3.200,1.480,7.000]","[0.000,0.000,0.000]","[0.000,0.000,0.000,1.000]",[],[],[],[]
14,Environment/NeonTubeL,"[-4.250,-0.100,8.300]","[90.000,0.000,0.000]","[0.707,0.000,0.000,0.707]",[],[],[],[]
14,Environment/NeonTubeR,"[4.250,-0.100,8.300]","[90.000,0.000,0.000]","[0.707,0.000,0.000,0.707]",[],[],[],[]
14,Environment/NeonTubeL/BakedBloom,"[-4.250,-0.100,8.300]","[0.000,90.000,90.000]","[0.500,0.500,0.500,0.500]","[-4.250,-0.100,8.300]","[0.000,0.000,0.000]",[],[]
14,Environment/NeonTubeR/BakedBloom,"[4.250,-0.100,8.300]","[0.000,90.000,90.000]","[0.500,0.500,0.500,0.500]","[4.250,-0.100,8.300]","[0.000,0.000,0.000]",[],[]
14,Environment/NeonTubeR/BoxLight,"[4.250,-0.100,258.300]","[90.000,0.000,0.000]","[0.707,0.000,0.000,0.707]","[4.250,-0.100,258.300]","[0.040,0.040,500.000]",[],[]
14,Environment/NeonTubeL/BoxLight,"[-4.250,-0.100,258.300]","[90.000,0.000,0.000]","[0.707,0.000,0.000,0.707]","[-4.250,-0.100,258.300]","[0.040,0.040,500.000]",[],[]
14,Environment/FakeMirrorSettings,"[0.000,0.000,0.000]","[0.000,0.000,0.000]","[0.000,0.000,0.000,1.000]",[],[],[],[]
14,Environment/BasicGameHUD/EnergyPanel/EnergyBarWrapper,"[0.000,-0.640,7.750]","[0.000,0.000,0.000]","[0.000,0.000,0.000,1.000]",[],[],[],[]
14,Environment/FrontLights/NeonTube (1)/BoxLight,"[-0.974,3.933,65.000]","[0.000,0.000,305.000]","[0.000,0.000,-0.462,0.887]","[-0.974,3.933,65.000]","[2.163,1.598,0.200]",[],[]
14,Environment/FrontLights/NeonTube (1)/BakedBloom,"[0.050,4.650,65.000]","[55.000,90.000,0.000]","[0.327,0.627,-0.327,0.627]","[0.050,4.650,65.000]","[0.000,0.000,0.000]",[],[]
14,Environment/FrontLights/NeonTube (1),"[0.050,4.650,65.000]","[0.000,0.000,305.000]","[0.000,0.000,-0.462,0.887]",[],[],[],[]
14,Environment/Spectrograms/Spectrogram/Spectrogram1,"[-12.000,4.000,30.000]","[270.020,0.000,0.000]","[-0.707,0.000,0.000,0.707]","[-12.000,-26.000,100.875]","[0.900,60.000,142.650]",[],[]
14,Environment/Spectrograms/Spectrogram/Spectrogram1,"[12.000,4.000,30.000]","[270.020,0.000,0.000]","[-0.707,0.000,0.000,0.707]","[12.000,-26.000,100.875]","[0.900,60.000,142.650]",[],[]
14,Environment/RotatingLasersPair (1)/BaseR/Laser,"[7.000,2.000,45.000]","[0.000,0.000,55.000]","[0.000,0.000,0.462,0.887]",[],[],[],[]
14,Environment/RotatingLasersPair (2)/BaseR/Laser,"[7.000,2.000,40.000]","[0.000,0.000,55.000]","[0.000,0.000,0.462,0.887]",[],[],[],[]
14,Environment/RotatingLasersPair (3)/BaseR/Laser,"[7.000,2.000,35.000]","[0.000,0.000,55.000]","[0.000,0.000,0.462,0.887]",[],[],[],[]
14,Environment/RotatingLasersPair (1)/BaseR/Laser/BakedBloom,"[7.000,2.000,45.000]","[305.000,90.000,0.000]","[-0.327,0.627,0.327,0.627]","[7.000,2.000,45.000]","[0.000,0.000,0.000]",[],[]
14,Environment/RotatingLasersPair (2)/BaseR/Laser/BakedBloom,"[7.000,2.000,40.000]","[305.000,90.000,0.000]","[-0.327,0.627,0.327,0.627]","[7.000,2.000,40.000]","[0.000,0.000,0.000]",[],[]
14,Environment/RotatingLasersPair (3)/BaseR/Laser/BakedBloom,"[7.000,2.000,35.000]","[305.000,90.000,0.000]","[-0.327,0.627,0.327,0.627]","[7.000,2.000,35.000]","[0.000,0.000,0.000]",[],[]
14,Environment/RotatingLasersPair (3)/BaseR/Laser/BoxLight,"[-189.597,139.658,35.000]","[0.000,0.000,55.000]","[0.000,0.000,0.462,0.887]","[-189.597,139.658,35.000]","[409.633,286.870,0.100]",[],[]
14,Environment/RotatingLasersPair (2)/BaseR/Laser/BoxLight,"[-189.597,139.658,40.000]","[0.000,0.000,55.000]","[0.000,0.000,0.462,0.887]","[-189.597,139.658,40.000]","[409.633,286.870,0.100]",[],[]
14,Environment/RotatingLasersPair (1)/BaseR/Laser/BoxLight,"[-189.597,139.658,45.000]","[0.000,0.000,55.000]","[0.000,0.000,0.462,0.887]","[-189.597,139.658,45.000]","[409.633,286.870,0.100]",[],[]
14,Environment/RotatingLasersPair (3)/BaseL/Laser/BoxLight,"[189.597,139.658,35.000]","[0.000,0.000,305.000]","[0.000,0.000,-0.462,0.887]","[189.597,139.658,35.000]","[409.633,286.870,0.100]",[],[]
14,Environment/RotatingLasersPair (1)/BaseL/Laser/BoxLight,"[189.597,139.658,45.000]","[0.000,0.000,305.000]","[0.000,0.000,-0.462,0.887]","[189.597,139.658,45.000]","[409.633,286.870,0.100]",[],[]
14,Environment/RotatingLasersPair (2)/BaseL/Laser/BoxLight,"[189.597,139.658,40.000]","[0.000,0.000,305.000]","[0.000,0.000,-0.462,0.887]","[189.597,139.658,40.000]","[409.633,286.870,0.100]",[],[]
14,Environment/RotatingLasersPair (2)/BaseL/Laser,"[-7.000,2.000,40.000]","[0.000,0.000,305.000]","[0.000,0.000,-0.462,0.887]",[],[],[],[]
14,Environment/RotatingLasersPair (1)/BaseL/Laser,"[-7.000,2.000,45.000]","[0.000,0.000,305.000]","[0.000,0.000,-0.462,0.887]",[],[],[],[]
14,Environment/RotatingLasersPair (3)/BaseL/Laser,"[-7.000,2.000,35.000]","[0.000,0.000,305.000]","[0.000,0.000,-0.462,0.887]",[],[],[],[]
14,Environment/RotatingLasersPair (2)/BaseL/Laser/BakedBloom,"[-7.000,2.000,40.000]","[55.000,90.000,0.000]","[0.327,0.627,-0.327,0.627]","[-7.000,2.000,40.000]","[0.000,0.000,0.000]",[],[]
14,Environment/RotatingLasersPair (1)/BaseL/Laser/BakedBloom,"[-7.000,2.000,45.000]","[55.000,90.000,0.000]","[0.327,0.627,-0.327,0.627]","[-7.000,2.000,45.000]","[0.000,0.000,0.000]",[],[]
14,Environment/RotatingLasersPair (3)/BaseL/Laser/BakedBloom,"[-7.000,2.000,35.000]","[55.000,90.000,0.000]","[0.327,0.627,-0.327,0.627]","[-7.000,2.000,35.000]","[0.000,0.000,0.000]",[],[]
14,Environment/FrontLights/NeonTube/BakedBloom,"[-0.050,4.650,65.000]","[305.000,90.000,0.000]","[-0.327,0.627,0.327,0.627]","[-0.050,4.650,65.000]","[0.000,0.000,0.000]",[],[]
14,Environment/FrontLights/NeonTube,"[-0.050,4.650,65.000]","[0.000,0.000,55.000]","[0.000,0.000,0.462,0.887]",[],[],[],[]
14,Environment/FrontLights/NeonTube/BoxLight,"[0.974,3.933,65.000]","[0.000,0.000,55.000]","[0.000,0.000,0.462,0.887]","[0.974,3.933,65.000]","[2.163,1.598,0.200]",[],[]
14,Environment/CoreLighting/LightWrapper0/DirectionalLight,"[6.000,5.000,20.000]","[4.000,215.000,180.000]","[0.953,0.010,-0.301,0.033]",[],[],[],[]
14,Environment/CoreLighting/LightWrapper1/DirectionalLight,"[-6.000,5.000,20.000]","[4.000,145.000,180.000]","[0.953,-0.010,0.301,0.033]",[],[],[],[]
14,Environment/RotatingLasersPair (2),"[0.000,2.000,40.000]","[0.000,0.000,0.000]","[0.000,0.000,0.000,1.000]",[],[],[],[]
14,Environment/RotatingLasersPair (1),"[0.000,2.000,45.000]","[0.000,0.000,0.000]","[0.000,0.000,0.000,1.000]",[],[],[],[]
14,Environment/RotatingLasersPair (3),"[0.000,2.000,35.000]","[0.000,0.000,0.000]","[0.000,0.000,0.000,1.000]",[],[],[],[]
14,Environment/RotatingLasersPair (1)/BaseL,"[-7.000,2.000,45.000]","[0.000,0.000,0.000]","[0.000,0.000,0.000,1.000]",[],[],[],[]
14,Environment/RotatingLasersPair (2)/BaseL,"[-7.000,2.000,40.000]","[0.000,0.000,0.000]","[0.000,0.000,0.000,1.000]",[],[],[],[]
14,Environment/RotatingLasersPair (3)/BaseL,"[-7.000,2.000,35.000]","[0.000,0.000,0.000]","[0.000,0.000,0.000,1.000]",[],[],[],[]
14,Environment/RotatingLasersPair (3)/BaseR,"[7.000,2.000,35.000]","[0.000,0.000,0.000]","[0.000,0.000,0.000,1.000]",[],[],[],[]
14,Environment/RotatingLasersPair (2)/BaseR,"[7.000,2.000,40.000]","[0.000,0.000,0.000]","[0.000,0.000,0.000,1.000]",[],[],[],[]
14,Environment/RotatingLasersPair (1)/BaseR,"[7.000,2.000,45.000]","[0.000,0.000,0.000]","[0.000,0.000,0.000,1.000]",[],[],[],[]
14,Environment/NearBuildingRight (2)/NeonTubeDirectional/BoxLight,"[17.450,0.000,19.000]","[0.000,180.000,0.000]","[0.000,1.000,0.000,0.000]","[17.450,0.000,19.000]","[0.200,20.000,0.200]",[],[]
14,Environment/NearBuildingRight (1)/NeonTubeDirectional/BoxLight,"[7.450,-3.000,-14.000]","[0.000,180.000,0.000]","[0.000,1.000,0.000,0.000]","[7.450,-3.000,-14.000]","[0.200,20.000,0.200]",[],[]
14,Environment/NearBuildingRight (1)/NeonTubeDirectional,"[7.450,-3.000,-14.000]","[0.000,180.000,0.000]","[0.000,1.000,0.000,0.000]",[],[],[],[]
14,Environment/NearBuildingRight (2)/NeonTubeDirectional,"[17.450,0.000,19.000]","[0.000,180.000,0.000]","[0.000,1.000,0.000,0.000]",[],[],[],[]
14,Environment/NearBuildingRight (1)/NeonTubeDirectional/BakedBloom,"[7.450,-3.000,-14.000]","[0.000,90.000,0.000]","[0.000,0.707,0.000,0.707]","[7.450,-3.000,-14.000]","[0.000,0.000,0.000]",[],[]
14,Environment/NearBuildingRight (2)/NeonTubeDirectional/BakedBloom,"[17.450,0.000,19.000]","[0.000,90.000,0.000]","[0.000,0.707,0.000,0.707]","[17.450,0.000,19.000]","[0.000,0.000,0.000]",[],[]
14,Environment/BasicGameHUD/RightPanel/SongProgressCanvas/ProgressText/Duration,"[3.180,0.760,6.990]","[0.000,0.000,0.000]","[0.000,0.000,0.000,1.000]",[],[],[],[]
15,Environment/SceneSetup,"[0.000,0.000,0.000]","[0.000,0.000,0.000]","[0.000,0.000,0.000,1.000]",[],[],[],[]
15,Environment/====== STATIC ======,"[0.000,0.000,0.000]","[0.000,0.000,0.000]","[0.000,0.000,0.000,1.000]",[],[],[],[]
15,Environment/====== DYNAMIC ======,"[0.000,0.000,0.000]","[0.000,0.000,0.000]","[0.000,0.000,0.000,1.000]",[],[],[],[]
15,Environment/TrackMirror/SetDepthOnly,"[0.000,0.000,7.800]","[0.000,0.000,0.000]","[0.000,0.000,0.000,1.000]","[0.000,0.000,131.375]","[4.750,0.000,247.250]",[],[]
15,Environment/====== LIGHTS ======,"[0.000,0.000,0.000]","[0.000,0.000,0.000]","[0.000,0.000,0.000,1.000]",[],[],[],[]
15,Environment/TrackMirror,"[0.000,0.000,7.800]","[0.000,0.000,0.000]","[0.000,0.000,0.000,1.000]","[0.000,0.000,131.375]","[4.750,0.000,247.250]",[],[]
15,Environment/GradientBackground,"[0.000,0.000,0.000]","[0.000,0.000,0.000]","[0.000,0.000,0.000,1.000]",[],[],[],[]
15,Environment/CoreLighting,"[0.000,0.000,0.000]","[0.000,0.000,0.000]","[0.000,0.000,0.000,1.000]",[],[],[],[]
15,Environment/DecoratorContext,"[0.000,0.000,0.000]","[0.000,0.000,0.000]","[0.000,0.000,0.000,1.000]",[],[],[],[]
15,Environment/TrackConstruction,"[0.000,0.000,0.000]","[0.000,0.000,0.000]","[0.000,0.000,0.000,1.000]","[0.000,-80.125,0.000]","[29.100,160.750,1000.000]",[],[]
15,Environment,"[0.000,0.000,0.000]","[0.000,0.000,0.000]","[0.000,0.000,0.000,1.000]",[],[],[],[]
15,Environment/CoreLighting/LightManager,"[0.000,0.000,0.000]","[0.000,0.000,0.000]","[0.000,0.000,0.000,1.000]",[],[],[],[]
15,Environment/BasicGameHUD/RightPanel/MultiplierCanvas/BGCircle,"[3.200,1.700,7.000]","[0.000,0.000,0.000]","[0.000,0.000,0.000,1.000]",[],[],[],[]
15,Environment/BasicGameHUD/LeftPanel/ScoreCanvas/ImmediateRankText,"[-3.200,0.890,7.000]","[0.000,0.000,0.000]","[0.000,0.000,0.000,1.000]",[],[],[],[]
15,Environment/RotatingLasersPair/BaseR,"[7.000,2.000,50.000]","[0.000,0.000,0.000]","[0.000,0.000,0.000,1.000]",[],[],[],[]
15,Environment/BasicGameHUD/RightPanel/MultiplierCanvas,"[3.200,1.700,7.000]","[0.000,0.000,0.000]","[0.000,0.000,0.000,1.000]",[],[],[],[]
15,Environment/BackColumns/BackColumnNeon/BoxLight,"[3.000,0.239,-19.100]","[340.000,0.000,0.000]","[-0.174,0.000,0.000,0.985]","[3.000,0.239,-19.100]","[0.200,94.038,34.390]",[],[]
15,Environment/BasicGameHUD/RightPanel/MultiplierCanvas/TextPanel/NumText,"[2.987,1.642,7.000]","[0.000,0.000,0.000]","[0.000,0.000,0.000,1.000]",[],[],[],[]
15,Environment/BasicGameHUD/LeftPanel/ScoreCanvas/ScoreText,"[-3.200,1.300,7.000]","[0.000,0.000,0.000]","[0.000,0.000,0.000,1.000]",[],[],[],[]
15,Environment/DoubleColorLaserR/TopBoxLight,"[44.423,60.500,179.648]","[60.000,23.000,0.000]","[0.490,0.173,-0.100,0.849]","[44.423,60.500,179.648]","[84.707,125.087,199.380]",[],[]
15,Environment/RotatingLasersPair,"[0.000,2.000,50.000]","[0.000,0.000,0.000]","[0.000,0.000,0.000,1.000]",[],[],[],[]
15,Environment/BasicGameHUD/EnergyPanel/EnergyIconFull,"[1.140,-0.640,7.750]","[0.000,0.000,0.000]","[0.000,0.000,0.000,1.000]",[],[],[],[]
15,Environment/BasicGameHUD/LeftPanel/ComboPanel/ComboCanvas/NumText,"[-3.200,1.870,7.000]","[0.000,0.000,0.000]","[0.000,0.000,0.000,1.000]",[],[],[],[]
15,Environment/LightEffects,"[0.000,0.000,0.000]","[0.000,0.000,0.000]","[0.000,0.000,0.000,1.000]",[],[],[],[]
15,Environment/RotatingLasersPair/BaseL,"[-7.000,2.000,50.000]","[0.000,0.000,0.000]","[0.000,0.000,0.000,1.000]",[],[],[],[]
15,Environment/BasicGameHUD/LeftPanel/ScoreCanvas/RelativeScoreText,"[-3.200,0.952,7.000]","[0.000,0.000,0.000]","[0.000,0.000,0.000,1.000]",[],[],[],[]
15,Environment/BasicGameHUD/RightPanel/MultiplierCanvas/TextPanel,"[3.187,1.642,7.000]","[0.000,0.000,0.000]","[0.000,0.000,0.000,1.000]",[],[],[],[]
15,Environment/BackColumns/BackColumnNeon/BakedBloom,"[-3.000,0.239,-19.100]","[20.000,180.000,0.000]","[0.000,0.985,-0.174,0.000]","[-3.000,0.239,-19.100]","[0.000,0.000,0.000]",[],[]
15,Environment/BackColumns/BackColumnNeon/BakedBloom,"[3.000,0.239,-19.100]","[20.000,180.000,0.000]","[0.000,0.985,-0.174,0.000]","[3.000,0.239,-19.100]","[0.000,0.000,0.000]",[],[]
15,Environment/DoubleColorLaserR/BottomBakedBloom,"[2.125,-2.000,80.000]","[60.000,23.000,0.000]","[0.490,0.173,-0.100,0.849]","[2.125,-2.000,80.000]","[0.000,0.000,0.000]",[],[]
15,Environment/BasicGameHUD/LeftPanel/ComboPanel/ComboCanvas,"[-3.200,1.830,7.000]","[0.000,0.000,0.000]","[0.000,0.000,0.000,1.000]",[],[],[],[]
15,Environment/BigTrackLaneRings,"[0.000,5.000,7.000]","[0.000,0.000,0.000]","[0.000,0.000,0.000,1.000]",[],[],[],[]
15,Environment/BasicGameHUD/LeftPanel/BG,"[-3.200,-27.600,7.010]","[0.000,0.000,0.000]","[0.000,0.000,0.000,1.000]","[-3.200,-27.600,7.010]","[1.400,60.000,0.200]",[],[]
15,Environment/BackColumns,"[0.000,0.000,0.000]","[0.000,0.000,0.000]","[0.000,0.000,0.000,1.000]","[0.000,0.000,-20.000]","[19.000,400.002,157.748]",[],[]
15,Environment/SmallTrackLaneRings,"[0.000,1.400,14.000]","[0.000,0.000,0.000]","[0.000,0.000,0.000,1.000]",[],[],[],[]
15,Environment/BigSmokePS,"[0.000,0.000,0.000]","[0.000,0.000,0.000]","[0.000,0.000,0.000,1.000]","[0.000,0.000,0.000]","[35.520,35.520,35.520]",[],[]
15,Environment/BasicGameHUD/EnergyPanel/BG,"[0.000,-0.640,7.750]","[0.000,0.000,0.000]","[0.000,0.000,0.000,1.000]",[],[],[],[]
15,Environment/BasicGameHUD/LeftPanel,"[-3.200,0.400,7.000]","[0.000,0.000,0.000]","[0.000,0.000,0.000,1.000]",[],[],[],[]
15,Environment/BasicGameHUD/RightPanel/MultiplierCanvas/TextOverlayPanelOutline1,"[3.187,1.642,7.000]","[0.000,0.000,0.000]","[0.000,0.000,0.000,1.000]",[],[],[],[]
15,Environment/BackColumns/BackColumnNeon/BoxLight,"[-3.000,0.239,-19.100]","[340.000,0.000,0.000]","[-0.174,0.000,0.000,0.985]","[-3.000,0.239,-19.100]","[0.200,94.038,34.390]",[],[]
15,Environment/BasicGameHUD/RightPanel/BG,"[3.200,-27.600,7.010]","[0.000,0.000,0.000]","[0.000,0.000,0.000,1.000]","[3.200,-27.600,7.010]","[1.400,60.000,0.200]",[],[]
15,Environment/PlayersPlace,"[0.000,0.000,0.000]","[0.000,0.000,0.000]","[0.000,0.000,0.000,1.000]",[],[],"[0.000,-2.000,0.000]","[3.000,4.000,2.000]"
15,Environment/BasicGameHUD/RightPanel/MultiplierCanvas/TextOverlayPanelOutline1/XText,"[3.210,1.854,7.000]","[0.000,0.000,0.000]","[0.000,0.000,0.000,1.000]",[],[],[],[]
15,Environment/BasicGameHUD/RightPanel/MultiplierCanvas/TextOverlayPanelOutline0,"[3.187,1.642,7.000]","[0.000,0.000,0.000]","[0.000,0.000,0.000,1.000]",[],[],[],[]
15,Environment/BasicGameHUD/RightPanel/MultiplierCanvas/FGCircle,"[3.200,1.700,7.000]","[0.000,0.000,0.000]","[0.000,0.000,0.000,1.000]",[],[],[],[]
15,Environment/BasicGameHUD/RightPanel/MultiplierCanvas/AnimationCircle,"[3.200,1.700,7.000]","[0.000,0.000,0.000]","[0.000,0.000,0.000,1.000]",[],[],[],[]
15,Environment/BackColumns/BackColumnNeon,"[-3.000,0.239,-19.100]","[340.000,0.000,0.000]","[-0.174,0.000,0.000,0.985]",[],[],[],[]
15,Environment/BasicGameHUD/RightPanel/Top,"[3.200,2.500,7.000]","[0.000,0.000,0.000]","[0.000,0.000,0.000,1.000]","[3.200,2.500,7.000]","[1.400,0.100,0.200]",[],[]
15,Environment/FrontLights,"[0.000,1.000,15.000]","[0.000,0.000,0.000]","[0.000,0.000,0.000,1.000]",[],[],[],[]
15,Environment/BasicGameHUD/LeftPanel/Top,"[-3.200,2.500,7.000]","[0.000,0.000,0.000]","[0.000,0.000,0.000,1.000]","[-3.200,2.500,7.000]","[1.400,0.100,0.200]",[],[]
15,Environment/BasicGameHUD/LeftPanel/ComboPanel/ComboText,"[-3.200,1.960,7.000]","[0.000,0.000,0.000]","[0.000,0.000,0.000,1.000]",[],[],[],[]
15,Environment/BasicGameHUD/RightPanel/MultiplierCanvas/TextPanel/XText,"[3.210,1.854,7.000]","[0.000,0.000,0.000]","[0.000,0.000,0.000,1.000]",[],[],[],[]
15,Environment/DoubleColorLaserR/TopBakedBloom,"[2.125,-2.000,80.000]","[60.000,23.000,0.000]","[0.490,0.173,-0.100,0.849]","[2.125,-2.000,80.000]","[0.000,0.000,0.000]",[],[]
15,Environment/BasicGameHUD/EnergyPanel,"[0.000,-0.640,7.750]","[0.000,0.000,0.000]","[0.000,0.000,0.000,1.000]",[],[],[],[]
15,Environment/PlayersPlace/Mirror,"[0.000,0.005,0.000]","[0.000,0.000,0.000]","[0.000,0.000,0.000,1.000]","[0.000,0.005,0.000]","[3.000,0.000,2.000]",[],[]
15,Environment/BasicGameHUD/RightPanel/MultiplierCanvas/TextOverlayPanelOutline1/NumText,"[2.987,1.642,7.000]","[0.000,0.000,0.000]","[0.000,0.000,0.000,1.000]",[],[],[],[]
15,Environment/BackColumns/BackColumnNeon,"[3.000,0.239,-19.100]","[340.000,0.000,0.000]","[-0.174,0.000,0.000,0.985]",[],[],[],[]
15,Environment/BasicGameHUD/RightPanel/MultiplierCanvas/TextOverlayPanelOutline0/XText,"[3.210,1.854,7.000]","[0.000,0.000,0.000]","[0.000,0.000,0.000,1.000]",[],[],[],[]
15,Environment/DoubleColorLaserR,"[2.125,-2.000,80.000]","[60.000,23.000,0.000]","[0.490,0.173,-0.100,0.849]",[],[],[],[]
15,Environment/BasicGameHUD/RightPanel/MultiplierCanvas/TextOverlayPanelOutline0/NumText,"[2.987,1.642,7.000]","[0.000,0.000,0.000]","[0.000,0.000,0.000,1.000]",[],[],[],[]
15,Environment/BasicGameHUD/RightPanel,"[3.200,0.400,7.000]","[0.000,0.000,0.000]","[0.000,0.000,0.000,1.000]",[],[],[],[]
15,Environment/BasicGameHUD/EnergyPanel/EnergyBarWrapper/EnergyBar,"[-0.954,-0.640,7.750]","[0.000,0.000,0.000]","[0.000,0.000,0.000,1.000]",[],[],[],[]
15,Environment/PlayersPlace/Construction,"[0.000,0.000,0.000]","[0.000,0.000,0.000]","[0.000,0.000,0.000,1.000]","[0.000,-56.373,0.000]","[3.000,112.755,2.000]",[],[]
15,Environment/BasicGameHUD/LeftPanel/ScoreCanvas,"[-3.200,0.900,7.000]","[0.000,0.000,0.000]","[0.000,0.000,0.000,1.000]",[],[],[],[]
15,Environment/DoubleColorLaserR/BottomBoxLight,"[-40.173,-64.500,-19.648]","[60.000,23.000,0.000]","[0.490,0.173,-0.100,0.849]","[-40.173,-64.500,-19.648]","[84.707,125.087,199.380]",[],[]
15,Environment/BasicGameHUD/EnergyPanel/EnergyIconEmpty,"[-1.180,-0.640,7.750]","[0.000,0.000,0.000]","[0.000,0.000,0.000,1.000]",[],[],[],[]
15,Environment/BasicGameHUD,"[0.000,0.000,0.000]","[0.000,0.000,0.000]","[0.000,0.000,0.000,1.000]",[],[],[],[]
15,Environment/PlayersPlace/Feet,"[0.000,0.005,0.000]","[90.000,0.000,0.000]","[0.707,0.000,0.000,0.707]","[0.000,0.005,0.000]","[0.356,0.200,0.356]",[],[]
15,Environment/CoreLighting/DirectionalLight,"[0.000,2.000,20.000]","[7.000,180.000,180.000]","[0.998,0.000,0.000,0.061]",[],[],[],[]
15,Environment/BasicGameHUD/LeftPanel/ComboPanel,"[-3.200,1.830,7.000]","[0.000,0.000,0.000]","[0.000,0.000,0.000,1.000]",[],[],[],[]
15,Environment/NearBuildingLeft (1)/NeonTubeDirectional (1),"[-7.450,-5.500,-18.000]","[0.000,0.000,0.000]","[0.000,0.000,0.000,1.000]",[],[],[],[]
15,Environment/NearBuildingLeft (2)/NeonTubeDirectional (1),"[-17.450,-2.500,15.000]","[0.000,0.000,0.000]","[0.000,0.000,0.000,1.000]",[],[],[],[]
15,Environment/NearBuildingLeft (1)/NeonTubeDirectional (1)/BakedBloom,"[-7.450,-5.500,-18.000]","[0.000,270.000,0.000]","[0.000,-0.707,0.000,0.707]","[-7.450,-5.500,-18.000]","[0.000,0.000,0.000]",[],[]
15,Environment/NearBuildingLeft (2)/NeonTubeDirectional (1)/BakedBloom,"[-17.450,-2.500,15.000]","[0.000,270.000,0.000]","[0.000,-0.707,0.000,0.707]","[-17.450,-2.500,15.000]","[0.000,0.000,0.000]",[],[]
15,Environment/NearBuildingLeft (2)/NeonTubeDirectional (1)/BoxLight,"[-17.450,-2.500,15.000]","[0.000,0.000,0.000]","[0.000,0.000,0.000,1.000]","[-17.450,-2.500,15.000]","[0.200,20.000,0.200]",[],[]
15,Environment/NearBuildingLeft (1)/NeonTubeDirectional (1)/BoxLight,"[-7.450,-5.500,-18.000]","[0.000,0.000,0.000]","[0.000,0.000,0.000,1.000]","[-7.450,-5.500,-18.000]","[0.200,20.000,0.200]",[],[]
15,Environment/NearBuildingLeft (2),"[-20.000,3.000,15.000]","[0.000,0.000,0.000]","[0.000,0.000,0.000,1.000]",[],[],[],[]
15,Environment/NearBuildingLeft (1),"[-10.000,0.000,-18.000]","[0.000,0.000,0.000]","[0.000,0.000,0.000,1.000]",[],[],[],[]
15,Environment/NearBuildingLeft (2)/Mesh,"[6.000,-17.000,-10.000]","[0.000,0.000,0.000]","[0.000,0.000,0.000,1.000]","[-22.000,-57.250,19.000]","[9.000,174.500,25.000]",[],[]
15,Environment/NearBuildingLeft (1)/Mesh,"[16.000,-20.000,-43.000]","[0.000,0.000,0.000]","[0.000,0.000,0.000,1.000]","[-12.000,-60.250,-14.000]","[9.000,174.500,25.000]",[],[]
15,Environment/BasicGameHUD/RightPanel/SongProgressCanvas/ProgressText/Separator,"[3.185,0.645,6.990]","[0.000,0.000,0.000]","[0.000,0.000,0.000,1.000]",[],[],[],[]
15,Environment/NearBuildingRight (1)/Mesh,"[-16.000,-20.000,-43.000]","[0.000,0.000,0.000]","[0.000,0.000,0.000,1.000]","[12.000,-60.250,-14.000]","[9.000,174.500,25.000]",[],[]
15,Environment/NearBuildingRight (2)/Mesh,"[-6.000,-17.000,-10.000]","[0.000,0.000,0.000]","[0.000,0.000,0.000,1.000]","[22.000,-57.250,19.000]","[9.000,174.500,25.000]",[],[]
15,Environment/NearBuildingRight (1),"[10.000,0.000,-18.000]","[0.000,0.000,0.000]","[0.000,0.000,0.000,1.000]",[],[],[],[]
15,Environment/NearBuildingRight (2),"[20.000,3.000,15.000]","[0.000,0.000,0.000]","[0.000,0.000,0.000,1.000]",[],[],[],[]
15,Environment/LightWithIdManager,"[0.000,0.000,0.000]","[0.000,0.000,0.000]","[0.000,0.000,0.000,1.000]",[],[],[],[]
15,Environment/FakeMirrorObjectsInstaller,"[0.000,0.000,0.000]","[0.000,0.000,0.000]","[0.000,0.000,0.000,1.000]",[],[],[],[]
15,Environment/DustPS,"[0.037,1.190,-0.087]","[87.827,1.679,5.113]","[0.693,-0.020,0.022,0.720]","[0.032,1.275,3.318]","[7.504,3.645,4.042]",[],[]
15,Environment/Spectrograms/Spectrogram,"[12.000,4.000,30.000]","[0.000,0.000,0.000]","[0.000,0.000,0.000,1.000]",[],[],[],[]
15,Environment/Spectrograms/Spectrogram,"[-12.000,4.000,30.000]","[0.000,0.000,0.000]","[0.000,0.000,0.000,1.000]",[],[],[],[]
15,Environment/Spectrograms,"[0.000,4.000,0.000]","[0.000,0.000,0.000]","[0.000,0.000,0.000,1.000]",[],[],[],[]
15,Environment/PlayersPlace/SaberBurnMarksParticles,"[0.000,0.005,0.000]","[0.000,0.000,0.000]","[0.000,0.000,0.000,1.000]",[],[],[],[]
15,Environment/PlayersPlace/SaberBurnMarksParticles/SaberBurnMarkSparklePS,"[0.000,0.005,0.000]","[0.000,0.000,0.000]","[0.000,0.000,0.000,1.000]","[0.000,0.000,0.000]","[0.000,0.000,0.000]",[],[]
15,Environment/PlayersPlace/SaberBurnMarksArea,"[0.000,0.010,0.000]","[0.000,0.000,0.000]","[0.000,0.000,0.000,1.000]","[0.000,0.010,0.000]","[3.000,0.000,2.000]",[],[]
15,Environment/PlayersPlace/RectangleFakeGlow,"[0.000,0.008,0.000]","[90.000,0.000,0.000]","[0.707,0.000,0.000,0.707]","[0.000,0.008,0.000]","[4.485,0.000,2.985]",[],[]
15,Environment/BasicGameHUD/RightPanel/RecordingPanel/RecordingCircle,"[2.911,0.230,7.000]","[0.000,0.000,0.000]","[0.000,0.000,0.000,1.000]",[],[],[],[]
15,Environment/RotatingLasersPair/BaseR/Laser/BoxLight,"[-189.597,139.658,50.000]","[0.000,0.000,55.000]","[0.000,0.000,0.462,0.887]","[-189.597,139.658,50.000]","[409.633,286.870,0.100]",[],[]
15,Environment/RotatingLasersPair/BaseR/Laser/BakedBloom,"[7.000,2.000,50.000]","[305.000,90.000,0.000]","[-0.327,0.627,0.327,0.627]","[7.000,2.000,50.000]","[0.000,0.000,0.000]",[],[]
15,Environment/RotatingLasersPair/BaseR/Laser,"[7.000,2.000,50.000]","[0.000,0.000,55.000]","[0.000,0.000,0.462,0.887]",[],[],[],[]
15,Environment/RotatingLasersPair/BaseL/Laser/BakedBloom,"[-7.000,2.000,50.000]","[55.000,90.000,0.000]","[0.327,0.627,-0.327,0.627]","[-7.000,2.000,50.000]","[0.000,0.000,0.000]",[],[]
15,Environment/RotatingLasersPair/BaseL/Laser,"[-7.000,2.000,50.000]","[0.000,0.000,305.000]","[0.000,0.000,-0.462,0.887]",[],[],[],[]
15,Environment/BasicGameHUD/RightPanel/SongProgressCanvas/ProgressText,"[3.200,0.760,6.990]","[0.000,0.000,0.000]","[0.000,0.000,0.000,1.000]",[],[],[],[]
15,Environment/RotatingLasersPair/BaseL/Laser/BoxLight,"[189.597,139.658,50.000]","[0.000,0.000,305.000]","[0.000,0.000,-0.462,0.887]","[189.597,139.658,50.000]","[409.633,286.870,0.100]",[],[]
15,Environment/DoubleColorLaserL (3)/BottomBakedBloom,"[-2.125,-2.000,50.000]","[60.000,337.000,0.000]","[0.490,-0.173,0.100,0.849]","[-2.125,-2.000,50.000]","[0.000,0.000,0.000]",[],[]
15,Environment/DoubleColorLaserL (4)/BottomBakedBloom,"[-2.125,-2.000,90.000]","[60.000,337.000,0.000]","[0.490,-0.173,0.100,0.849]","[-2.125,-2.000,90.000]","[0.000,0.000,0.000]",[],[]
15,Environment/DoubleColorLaserR (3)/BottomBakedBloom,"[2.125,-2.000,50.000]","[60.000,23.000,0.000]","[0.490,0.173,-0.100,0.849]","[2.125,-2.000,50.000]","[0.000,0.000,0.000]",[],[]
15,Environment/DoubleColorLaserL/BottomBakedBloom,"[-2.125,-2.000,80.000]","[60.000,337.000,0.000]","[0.490,-0.173,0.100,0.849]","[-2.125,-2.000,80.000]","[0.000,0.000,0.000]",[],[]
15,Environment/DoubleColorLaserR (1)/BottomBakedBloom,"[2.125,-2.000,70.000]","[60.000,23.000,0.000]","[0.490,0.173,-0.100,0.849]","[2.125,-2.000,70.000]","[0.000,0.000,0.000]",[],[]
15,Environment/DoubleColorLaserL (1)/BottomBakedBloom,"[-2.125,-2.000,70.000]","[60.000,337.000,0.000]","[0.490,-0.173,0.100,0.849]","[-2.125,-2.000,70.000]","[0.000,0.000,0.000]",[],[]
15,Environment/DoubleColorLaserR (4)/BottomBakedBloom,"[2.125,-2.000,90.000]","[60.000,23.000,0.000]","[0.490,0.173,-0.100,0.849]","[2.125,-2.000,90.000]","[0.000,0.000,0.000]",[],[]
15,Environment/DoubleColorLaserL (2)/BottomBakedBloom,"[-2.125,-2.000,60.000]","[60.000,337.000,0.000]","[0.490,-0.173,0.100,0.849]","[-2.125,-2.000,60.000]","[0.000,0.000,0.000]",[],[]
15,Environment/DoubleColorLaserR (2)/BottomBakedBloom,"[2.125,-2.000,60.000]","[60.000,23.000,0.000]","[0.490,0.173,-0.100,0.849]","[2.125,-2.000,60.000]","[0.000,0.000,0.000]",[],[]
15,Environment/DoubleColorLaserR (2)/TopBoxLight,"[44.423,60.500,159.648]","[60.000,23.000,0.000]","[0.490,0.173,-0.100,0.849]","[44.423,60.500,159.648]","[84.707,125.087,199.380]",[],[]
15,Environment/DoubleColorLaserL (1)/TopBoxLight,"[-44.423,60.500,169.648]","[60.000,337.000,0.000]","[0.490,-0.173,0.100,0.849]","[-44.423,60.500,169.648]","[84.707,125.087,199.380]",[],[]
15,Environment/DoubleColorLaserR (4)/TopBoxLight,"[44.423,60.500,189.648]","[60.000,23.000,0.000]","[0.490,0.173,-0.100,0.849]","[44.423,60.500,189.648]","[84.707,125.087,199.380]",[],[]
15,Environment/DoubleColorLaserL (2)/TopBoxLight,"[-44.423,60.500,159.648]","[60.000,337.000,0.000]","[0.490,-0.173,0.100,0.849]","[-44.423,60.500,159.648]","[84.707,125.087,199.380]",[],[]
15,Environment/DoubleColorLaserR (1)/TopBoxLight,"[44.423,60.500,169.648]","[60.000,23.000,0.000]","[0.490,0.173,-0.100,0.849]","[44.423,60.500,169.648]","[84.707,125.087,199.380]",[],[]
15,Environment/DoubleColorLaserL/TopBoxLight,"[-44.423,60.500,179.648]","[60.000,337.000,0.000]","[0.490,-0.173,0.100,0.849]","[-44.423,60.500,179.648]","[84.707,125.087,199.380]",[],[]
15,Environment/DoubleColorLaserR (3)/TopBoxLight,"[44.423,60.500,149.648]","[60.000,23.000,0.000]","[0.490,0.173,-0.100,0.849]","[44.423,60.500,149.648]","[84.707,125.087,199.380]",[],[]
15,Environment/DoubleColorLaserL (3)/TopBoxLight,"[-44.423,60.500,149.648]","[60.000,337.000,0.000]","[0.490,-0.173,0.100,0.849]","[-44.423,60.500,149.648]","[84.707,125.087,199.380]",[],[]
15,Environment/DoubleColorLaserL (4)/TopBoxLight,"[-44.423,60.500,189.648]","[60.000,337.000,0.000]","[0.490,-0.173,0.100,0.849]","[-44.423,60.500,189.648]","[84.707,125.087,199.380]",[],[]
15,Environment/DoubleColorLaserR (2)/BottomBoxLight,"[-40.173,-64.500,-39.648]","[60.000,23.000,0.000]","[0.490,0.173,-0.100,0.849]","[-40.173,-64.500,-39.648]","[84.707,125.087,199.380]",[],[]
15,Environment/DoubleColorLaserR (1)/BottomBoxLight,"[-40.173,-64.500,-29.648]","[60.000,23.000,0.000]","[0.490,0.173,-0.100,0.849]","[-40.173,-64.500,-29.648]","[84.707,125.087,199.380]",[],[]
15,Environment/DoubleColorLaserR (4)/BottomBoxLight,"[-40.173,-64.500,-9.648]","[60.000,23.000,0.000]","[0.490,0.173,-0.100,0.849]","[-40.173,-64.500,-9.648]","[84.707,125.087,199.380]",[],[]
15,Environment/DoubleColorLaserL (1)/BottomBoxLight,"[40.173,-64.500,-29.648]","[60.000,337.000,0.000]","[0.490,-0.173,0.100,0.849]","[40.173,-64.500,-29.648]","[84.707,125.087,199.380]",[],[]
15,Environment/DoubleColorLaserL (2)/BottomBoxLight,"[40.173,-64.500,-39.648]","[60.000,337.000,0.000]","[0.490,-0.173,0.100,0.849]","[40.173,-64.500,-39.648]","[84.707,125.087,199.380]",[],[]
15,Environment/DoubleColorLaserL/BottomBoxLight,"[40.173,-64.500,-19.648]","[60.000,337.000,0.000]","[0.490,-0.173,0.100,0.849]","[40.173,-64.500,-19.648]","[84.707,125.087,199.380]",[],[]
15,Environment/DoubleColorLaserL (3)/BottomBoxLight,"[40.173,-64.500,-49.648]","[60.000,337.000,0.000]","[0.490,-0.173,0.100,0.849]","[40.173,-64.500,-49.648]","[84.707,125.087,199.380]",[],[]
15,Environment/DoubleColorLaserL (4)/BottomBoxLight,"[40.173,-64.500,-9.648]","[60.000,337.000,0.000]","[0.490,-0.173,0.100,0.849]","[40.173,-64.500,-9.648]","[84.707,125.087,199.380]",[],[]
15,Environment/DoubleColorLaserR (3)/BottomBoxLight,"[-40.173,-64.500,-49.648]","[60.000,23.000,0.000]","[0.490,0.173,-0.100,0.849]","[-40.173,-64.500,-49.648]","[84.707,125.087,199.380]",[],[]
15,Environment/DoubleColorLaserL,"[-2.125,-2.000,80.000]","[60.000,337.000,0.000]","[0.490,-0.173,0.100,0.849]",[],[],[],[]
15,Environment/DoubleColorLaserL (3),"[-2.125,-2.000,50.000]","[60.000,337.000,0.000]","[0.490,-0.173,0.100,0.849]",[],[],[],[]
15,Environment/DoubleColorLaserL (4),"[-2.125,-2.000,90.000]","[60.000,337.000,0.000]","[0.490,-0.173,0.100,0.849]",[],[],[],[]
15,Environment/DoubleColorLaserR (3),"[2.125,-2.000,50.000]","[60.000,23.000,0.000]","[0.490,0.173,-0.100,0.849]",[],[],[],[]
15,Environment/DoubleColorLaserR (2),"[2.125,-2.000,60.000]","[60.000,23.000,0.000]","[0.490,0.173,-0.100,0.849]",[],[],[],[]
15,Environment/DoubleColorLaserR (1),"[2.125,-2.000,70.000]","[60.000,23.000,0.000]","[0.490,0.173,-0.100,0.849]",[],[],[],[]
15,Environment/DoubleColorLaserL (1),"[-2.125,-2.000,70.000]","[60.000,337.000,0.000]","[0.490,-0.173,0.100,0.849]",[],[],[],[]
15,Environment/DoubleColorLaserR (4),"[2.125,-2.000,90.000]","[60.000,23.000,0.000]","[0.490,0.173,-0.100,0.849]",[],[],[],[]
15,Environment/DoubleColorLaserL (2),"[-2.125,-2.000,60.000]","[60.000,337.000,0.000]","[0.490,-0.173,0.100,0.849]",[],[],[],[]
15,Environment/DoubleColorLaserR (1)/TopBakedBloom,"[2.125,-2.000,70.000]","[60.000,23.000,0.000]","[0.490,0.173,-0.100,0.849]","[2.125,-2.000,70.000]","[0.000,0.000,0.000]",[],[]
15,Environment/DoubleColorLaserL (2)/TopBakedBloom,"[-2.125,-2.000,60.000]","[60.000,337.000,0.000]","[0.490,-0.173,0.100,0.849]","[-2.125,-2.000,60.000]","[0.000,0.000,0.000]",[],[]
15,Environment/DoubleColorLaserL (1)/TopBakedBloom,"[-2.125,-2.000,70.000]","[60.000,337.000,0.000]","[0.490,-0.173,0.100,0.849]","[-2.125,-2.000,70.000]","[0.000,0.000,0.000]",[],[]
15,Environment/DoubleColorLaserR (4)/TopBakedBloom,"[2.125,-2.000,90.000]","[60.000,23.000,0.000]","[0.490,0.173,-0.100,0.849]","[2.125,-2.000,90.000]","[0.000,0.000,0.000]",[],[]
15,Environment/DoubleColorLaserR (2)/TopBakedBloom,"[2.125,-2.000,60.000]","[60.000,23.000,0.000]","[0.490,0.173,-0.100,0.849]","[2.125,-2.000,60.000]","[0.000,0.000,0.000]",[],[]
15,Environment/DoubleColorLaserL (4)/TopBakedBloom,"[-2.125,-2.000,90.000]","[60.000,337.000,0.000]","[0.490,-0.173,0.100,0.849]","[-2.125,-2.000,90.000]","[0.000,0.000,0.000]",[],[]
15,Environment/DoubleColorLaserL (3)/TopBakedBloom,"[-2.125,-2.000,50.000]","[60.000,337.000,0.000]","[0.490,-0.173,0.100,0.849]","[-2.125,-2.000,50.000]","[0.000,0.000,0.000]",[],[]
15,Environment/DoubleColorLaserR (3)/TopBakedBloom,"[2.125,-2.000,50.000]","[60.000,23.000,0.000]","[0.490,0.173,-0.100,0.849]","[2.125,-2.000,50.000]","[0.000,0.000,0.000]",[],[]
15,Environment/DoubleColorLaserL/TopBakedBloom,"[-2.125,-2.000,80.000]","[60.000,337.000,0.000]","[0.490,-0.173,0.100,0.849]","[-2.125,-2.000,80.000]","[0.000,0.000,0.000]",[],[]
15,Environment/BasicGameHUD/EnergyPanel/Laser,"[0.000,-0.640,6.950]","[0.000,0.000,90.000]","[0.000,0.000,0.707,0.707]",[],[],[],[]
15,Environment/BasicGameHUD/EnergyPanel/Laser/BoxLight,"[0.000,-0.640,6.950]","[0.000,0.000,90.000]","[0.000,0.000,0.707,0.707]","[0.000,-0.640,6.950]","[10.000,0.000,0.000]",[],[]
15,Environment/BasicGameHUD/EnergyPanel/Laser/BakedBloom,"[0.000,-0.640,6.950]","[0.000,0.000,90.000]","[0.000,0.000,0.707,0.707]","[0.000,-0.640,6.950]","[0.000,0.000,0.000]",[],[]
15,Environment/BasicGameHUD/RightPanel/SongProgressCanvas/ProgressText/Progress/ProgressColon,"[2.881,0.635,6.990]","[0.000,0.000,0.000]","[0.000,0.000,0.000,1.000]",[],[],[],[]
15,Environment/BasicGameHUD/RightPanel/SongProgressCanvas/ProgressText/Duration/DurationColon,"[3.396,0.635,6.990]","[0.000,0.000,0.000]","[0.000,0.000,0.000,1.000]",[],[],[],[]
15,Environment/CoreLighting/DirectionalLight,"[0.000,18.600,30.000]","[90.000,0.000,0.000]","[0.707,0.000,0.000,0.707]",[],[],[],[]
15,Environment/BasicGameHUD/LeftPanel/ComboPanel/Line0,"[-3.200,2.180,7.000]","[0.000,0.000,0.000]","[0.000,0.000,0.000,1.000]",[],[],[],[]
15,Environment/Spectrograms/Spectrogram/Spectrogram0,"[12.000,4.000,27.750]","[270.020,0.000,0.000]","[-0.707,0.000,0.000,0.707]","[12.000,-26.000,-43.125]","[0.900,60.000,142.650]",[],[]
15,Environment/Spectrograms/Spectrogram/Spectrogram0,"[-12.000,4.000,27.750]","[270.020,0.000,0.000]","[-0.707,0.000,0.000,0.707]","[-12.000,-26.000,-43.125]","[0.900,60.000,142.650]",[],[]
15,Environment/BasicGameHUD/RightPanel/SongProgressCanvas/ProgressText/Progress,"[2.935,0.760,6.990]","[0.000,0.000,0.000]","[0.000,0.000,0.000,1.000]",[],[],[],[]
15,Environment/CoreLighting/LightWrapper0,"[6.000,5.000,20.000]","[0.000,0.000,0.000]","[0.000,0.000,0.000,1.000]",[],[],[],[]
15,Environment/CoreLighting/DirectionalLight,"[0.000,-2.000,30.000]","[333.000,180.000,180.000]","[-0.972,0.000,0.000,0.233]",[],[],[],[]
15,Environment/CoreLighting/LightWrapper1,"[-6.000,5.000,20.000]","[0.000,0.000,0.000]","[0.000,0.000,0.000,1.000]",[],[],[],[]
15,Environment/NearBuildingLeft (2)/NeonTube (2)/BoxLight,"[-20.000,180.000,19.000]","[0.000,0.000,0.000]","[0.000,0.000,0.000,1.000]","[-20.000,180.000,19.000]","[0.200,300.000,0.200]",[],[]
15,Environment/NearBuildingLeft (1)/NeonTube (2)/BoxLight,"[-10.000,177.000,-14.000]","[0.000,0.000,0.000]","[0.000,0.000,0.000,1.000]","[-10.000,177.000,-14.000]","[0.200,300.000,0.200]",[],[]
15,Environment/NearBuildingLeft (1)/NeonTube (2),"[-10.000,27.000,-14.000]","[0.000,0.000,0.000]","[0.000,0.000,0.000,1.000]",[],[],[],[]
15,Environment/NearBuildingLeft (2)/NeonTube (2),"[-20.000,30.000,19.000]","[0.000,0.000,0.000]","[0.000,0.000,0.000,1.000]",[],[],[],[]
15,Environment/NearBuildingLeft (1)/NeonTube (2)/BakedBloom,"[-10.000,27.000,-14.000]","[0.000,90.000,0.000]","[0.000,0.707,0.000,0.707]","[-10.000,27.000,-14.000]","[0.000,0.000,0.000]",[],[]
15,Environment/NearBuildingLeft (2)/NeonTube (2)/BakedBloom,"[-20.000,30.000,19.000]","[0.000,90.000,0.000]","[0.000,0.707,0.000,0.707]","[-20.000,30.000,19.000]","[0.000,0.000,0.000]",[],[]
15,Environment/BasicGameHUD/EnergyPanel/FailIcon,"[0.000,-0.650,7.750]","[0.000,0.000,0.000]","[0.000,0.000,0.000,1.000]",[],[],[],[]
15,Environment/BasicGameHUD/EnergyPanel/BarBG,"[0.000,-0.640,7.750]","[0.000,0.000,0.000]","[0.000,0.000,0.000,1.000]",[],[],[],[]
15,Environment/BasicGameHUD/RightPanel/RecordingPanel,"[3.200,0.230,7.000]","[0.000,0.000,0.000]","[0.000,0.000,0.000,1.000]",[],[],[],[]
15,Environment/NearBuildingRight (1)/NeonTubeDirectional (1)/BoxLight,"[7.450,-5.500,-18.000]","[0.000,180.000,0.000]","[0.000,1.000,0.000,0.000]","[7.450,-5.500,-18.000]","[0.200,20.000,0.200]",[],[]
15,Environment/NearBuildingRight (2)/NeonTubeDirectional (1)/BoxLight,"[17.450,-2.500,15.000]","[0.000,180.000,0.000]","[0.000,1.000,0.000,0.000]","[17.450,-2.500,15.000]","[0.200,20.000,0.200]",[],[]
15,Environment/NearBuildingRight (2)/NeonTubeDirectional (1)/BakedBloom,"[17.450,-2.500,15.000]","[0.000,90.000,0.000]","[0.000,0.707,0.000,0.707]","[17.450,-2.500,15.000]","[0.000,0.000,0.000]",[],[]
15,Environment/NearBuildingRight (1)/NeonTubeDirectional (1)/BakedBloom,"[7.450,-5.500,-18.000]","[0.000,90.000,0.000]","[0.000,0.707,0.000,0.707]","[7.450,-5.500,-18.000]","[0.000,0.000,0.000]",[],[]
15,Environment/NearBuildingRight (2)/NeonTubeDirectional (1),"[17.450,-2.500,15.000]","[0.000,180.000,0.000]","[0.000,1.000,0.000,0.000]",[],[],[],[]
15,Environment/NearBuildingRight (1)/NeonTubeDirectional (1),"[7.450,-5.500,-18.000]","[0.000,180.000,0.000]","[0.000,1.000,0.000,0.000]",[],[],[],[]
15,Environment/BasicGameHUD/RightPanel/RecordingPanel/RecordingText,"[3.292,0.216,7.000]","[0.000,0.000,0.000]","[0.000,0.000,0.000,1.000]",[],[],[],[]
15,Environment/NearBuildingLeft (2)/NeonTubeDirectional/BoxLight,"[-17.450,0.000,19.000]","[0.000,0.000,0.000]","[0.000,0.000,0.000,1.000]","[-17.450,0.000,19.000]","[0.200,20.000,0.200]",[],[]
15,Environment/NearBuildingLeft (1)/NeonTubeDirectional/BoxLight,"[-7.450,-3.000,-14.000]","[0.000,0.000,0.000]","[0.000,0.000,0.000,1.000]","[-7.450,-3.000,-14.000]","[0.200,20.000,0.200]",[],[]
15,Environment/NearBuildingLeft (1)/NeonTubeDirectional,"[-7.450,-3.000,-14.000]","[0.000,0.000,0.000]","[0.000,0.000,0.000,1.000]",[],[],[],[]
15,Environment/NearBuildingLeft (2)/NeonTubeDirectional,"[-17.450,0.000,19.000]","[0.000,0.000,0.000]","[0.000,0.000,0.000,1.000]",[],[],[],[]
15,Environment/NearBuildingLeft (1)/NeonTubeDirectional/BakedBloom,"[-7.450,-3.000,-14.000]","[0.000,270.000,0.000]","[0.000,-0.707,0.000,0.707]","[-7.450,-3.000,-14.000]","[0.000,0.000,0.000]",[],[]
15,Environment/NearBuildingLeft (2)/NeonTubeDirectional/BakedBloom,"[-17.450,0.000,19.000]","[0.000,270.000,0.000]","[0.000,-0.707,0.000,0.707]","[-17.450,0.000,19.000]","[0.000,0.000,0.000]",[],[]
15,Environment/PlayersPlace/Collider,"[0.000,-0.090,0.000]","[0.000,0.000,0.000]","[0.000,0.000,0.000,1.000]",[],[],"[0.000,-0.090,0.000]","[3.000,0.200,2.000]"
15,Environment/LightmapLightWithIds,"[0.000,0.000,0.000]","[0.000,0.000,0.000]","[0.000,0.000,0.000,1.000]",[],[],[],[]
15,Environment/BakedReflectionProbe,"[0.000,1.500,5.000]","[0.000,0.000,0.000]","[0.000,0.000,0.000,1.000]",[],[],[],[]
15,Environment/NearBuildingRight (1)/NeonTube (2),"[10.000,27.000,-14.000]","[0.000,0.000,0.000]","[0.000,0.000,0.000,1.000]",[],[],[],[]
15,Environment/NearBuildingRight (2)/NeonTube (2),"[20.000,30.000,19.000]","[0.000,0.000,0.000]","[0.000,0.000,0.000,1.000]",[],[],[],[]
15,Environment/NearBuildingRight (1)/NeonTube (2)/BakedBloom,"[10.000,27.000,-14.000]","[0.000,90.000,0.000]","[0.000,0.707,0.000,0.707]","[10.000,27.000,-14.000]","[0.000,0.000,0.000]",[],[]
15,Environment/NearBuildingRight (2)/NeonTube (2)/BakedBloom,"[20.000,30.000,19.000]","[0.000,90.000,0.000]","[0.000,0.707,0.000,0.707]","[20.000,30.000,19.000]","[0.000,0.000,0.000]",[],[]
15,Environment/NearBuildingRight (2)/NeonTube (2)/BoxLight,"[20.000,180.000,19.000]","[0.000,0.000,0.000]","[0.000,0.000,0.000,1.000]","[20.000,180.000,19.000]","[0.200,300.000,0.200]",[],[]
15,Environment/NearBuildingRight (1)/NeonTube (2)/BoxLight,"[10.000,177.000,-14.000]","[0.000,0.000,0.000]","[0.000,0.000,0.000,1.000]","[10.000,177.000,-14.000]","[0.200,300.000,0.200]",[],[]
15,Environment/BasicGameHUD/RightPanel/SongProgressCanvas/Slider/Handle Slide Area,"[3.200,0.940,6.990]","[0.000,0.000,0.000]","[0.000,0.000,0.000,1.000]",[],[],[],[]
15,Environment/BasicGameHUD/RightPanel/SongProgressCanvas/ProgressText/Progress/ProgressSeconds,"[3.050,0.620,6.990]","[0.000,0.000,0.000]","[0.000,0.000,0.000,1.000]",[],[],[],[]
15,Environment/BasicGameHUD/RightPanel/SongProgressCanvas/Slider/Background,"[3.200,0.940,6.990]","[0.000,0.000,0.000]","[0.000,0.000,0.000,1.000]",[],[],[],[]
15,Environment/BasicGameHUD/RightPanel/SongProgressCanvas/Progress,"[2.700,0.970,6.990]","[0.000,0.000,0.000]","[0.000,0.000,0.000,1.000]",[],[],[],[]
15,Environment/BasicGameHUD/RightPanel/SongProgressCanvas/Slider,"[3.200,0.980,6.990]","[0.000,0.000,0.000]","[0.000,0.000,0.000,1.000]",[],[],[],[]
15,Environment/BasicGameHUD/RightPanel/SongProgressCanvas/ProgressText/Duration/DurationMinutes,"[3.280,0.620,6.990]","[0.000,0.000,0.000]","[0.000,0.000,0.000,1.000]",[],[],[],[]
15,Environment/BasicGameHUD/RightPanel/SongProgressCanvas,"[3.200,0.800,6.990]","[0.000,0.000,0.000]","[0.000,0.000,0.000,1.000]",[],[],[],[]
15,Environment/BasicGameHUD/RightPanel/SongProgressCanvas/ProgressText/Duration/DurationSeconds,"[3.560,0.620,6.990]","[0.000,0.000,0.000]","[0.000,0.000,0.000,1.000]",[],[],[],[]
15,Environment/BasicGameHUD/RightPanel/SongProgressCanvas/Slider/Handle Slide Area/Handle,"[2.700,0.940,6.990]","[0.000,0.000,0.000]","[0.000,0.000,0.000,1.000]",[],[],[],[]
15,Environment/BasicGameHUD/RightPanel/SongProgressCanvas/ProgressText/Progress/ProgressMinutes,"[2.764,0.620,6.990]","[0.000,0.000,0.000]","[0.000,0.000,0.000,1.000]",[],[],[],[]
15,Environment/BasicGameHUD/LeftPanel/ComboPanel/Line1,"[-3.200,1.480,7.000]","[0.000,0.000,0.000]","[0.000,0.000,0.000,1.000]",[],[],[],[]
15,Environment/NeonTubeL,"[-4.250,-0.100,8.300]","[90.000,0.000,0.000]","[0.707,0.000,0.000,0.707]",[],[],[],[]
15,Environment/NeonTubeR,"[4.250,-0.100,8.300]","[90.000,0.000,0.000]","[0.707,0.000,0.000,0.707]",[],[],[],[]
15,Environment/NeonTubeL/BakedBloom,"[-4.250,-0.100,8.300]","[0.000,90.000,90.000]","[0.500,0.500,0.500,0.500]","[-4.250,-0.100,8.300]","[0.000,0.000,0.000]",[],[]
15,Environment/NeonTubeR/BakedBloom,"[4.250,-0.100,8.300]","[0.000,90.000,90.000]","[0.500,0.500,0.500,0.500]","[4.250,-0.100,8.300]","[0.000,0.000,0.000]",[],[]
15,Environment/NeonTubeR/BoxLight,"[4.250,-0.100,258.300]","[90.000,0.000,0.000]","[0.707,0.000,0.000,0.707]","[4.250,-0.100,258.300]","[0.040,0.040,500.000]",[],[]
15,Environment/NeonTubeL/BoxLight,"[-4.250,-0.100,258.300]","[90.000,0.000,0.000]","[0.707,0.000,0.000,0.707]","[-4.250,-0.100,258.300]","[0.040,0.040,500.000]",[],[]
15,Environment/FakeMirrorSettings,"[0.000,0.000,0.000]","[0.000,0.000,0.000]","[0.000,0.000,0.000,1.000]",[],[],[],[]
15,Environment/BasicGameHUD/EnergyPanel/EnergyBarWrapper,"[0.000,-0.640,7.750]","[0.000,0.000,0.000]","[0.000,0.000,0.000,1.000]",[],[],[],[]
15,Environment/FrontLights/NeonTube (1)/BoxLight,"[-0.974,3.933,65.000]","[0.000,0.000,305.000]","[0.000,0.000,-0.462,0.887]","[-0.974,3.933,65.000]","[2.163,1.598,0.200]",[],[]
15,Environment/FrontLights/NeonTube (1)/BakedBloom,"[0.050,4.650,65.000]","[55.000,90.000,0.000]","[0.327,0.627,-0.327,0.627]","[0.050,4.650,65.000]","[0.000,0.000,0.000]",[],[]
15,Environment/FrontLights/NeonTube (1),"[0.050,4.650,65.000]","[0.000,0.000,305.000]","[0.000,0.000,-0.462,0.887]",[],[],[],[]
15,Environment/Spectrograms/Spectrogram/Spectrogram1,"[-12.000,4.000,30.000]","[270.020,0.000,0.000]","[-0.707,0.000,0.000,0.707]","[-12.000,-26.000,100.875]","[0.900,60.000,142.650]",[],[]
15,Environment/Spectrograms/Spectrogram/Spectrogram1,"[12.000,4.000,30.000]","[270.020,0.000,0.000]","[-0.707,0.000,0.000,0.707]","[12.000,-26.000,100.875]","[0.900,60.000,142.650]",[],[]
15,Environment/RotatingLasersPair (1)/BaseR/Laser,"[7.000,2.000,45.000]","[0.000,0.000,55.000]","[0.000,0.000,0.462,0.887]",[],[],[],[]
15,Environment/RotatingLasersPair (2)/BaseR/Laser,"[7.000,2.000,40.000]","[0.000,0.000,55.000]","[0.000,0.000,0.462,0.887]",[],[],[],[]
15,Environment/RotatingLasersPair (3)/BaseR/Laser,"[7.000,2.000,35.000]","[0.000,0.000,55.000]","[0.000,0.000,0.462,0.887]",[],[],[],[]
15,Environment/RotatingLasersPair (1)/BaseR/Laser/BakedBloom,"[7.000,2.000,45.000]","[305.000,90.000,0.000]","[-0.327,0.627,0.327,0.627]","[7.000,2.000,45.000]","[0.000,0.000,0.000]",[],[]
15,Environment/RotatingLasersPair (2)/BaseR/Laser/BakedBloom,"[7.000,2.000,40.000]","[305.000,90.000,0.000]","[-0.327,0.627,0.327,0.627]","[7.000,2.000,40.000]","[0.000,0.000,0.000]",[],[]
15,Environment/RotatingLasersPair (3)/BaseR/Laser/BakedBloom,"[7.000,2.000,35.000]","[305.000,90.000,0.000]","[-0.327,0.627,0.327,0.627]","[7.000,2.000,35.000]","[0.000,0.000,0.000]",[],[]
15,Environment/RotatingLasersPair (3)/BaseR/Laser/BoxLight,"[-189.597,139.658,35.000]","[0.000,0.000,55.000]","[0.000,0.000,0.462,0.887]","[-189.597,139.658,35.000]","[409.633,286.870,0.100]",[],[]
15,Environment/RotatingLasersPair (2)/BaseR/Laser/BoxLight,"[-189.597,139.658,40.000]","[0.000,0.000,55.000]","[0.000,0.000,0.462,0.887]","[-189.597,139.658,40.000]","[409.633,286.870,0.100]",[],[]
15,Environment/RotatingLasersPair (1)/BaseR/Laser/BoxLight,"[-189.597,139.658,45.000]","[0.000,0.000,55.000]","[0.000,0.000,0.462,0.887]","[-189.597,139.658,45.000]","[409.633,286.870,0.100]",[],[]
15,Environment/RotatingLasersPair (3)/BaseL/Laser/BoxLight,"[189.597,139.658,35.000]","[0.000,0.000,305.000]","[0.000,0.000,-0.462,0.887]","[189.597,139.658,35.000]","[409.633,286.870,0.100]",[],[]
15,Environment/RotatingLasersPair (1)/BaseL/Laser/BoxLight,"[189.597,139.658,45.000]","[0.000,0.000,305.000]","[0.000,0.000,-0.462,0.887]","[189.597,139.658,45.000]","[409.633,286.870,0.100]",[],[]
15,Environment/RotatingLasersPair (2)/BaseL/Laser/BoxLight,"[189.597,139.658,40.000]","[0.000,0.000,305.000]","[0.000,0.000,-0.462,0.887]","[189.597,139.658,40.000]","[409.633,286.870,0.100]",[],[]
15,Environment/RotatingLasersPair (2)/BaseL/Laser,"[-7.000,2.000,40.000]","[0.000,0.000,305.000]","[0.000,0.000,-0.462,0.887]",[],[],[],[]
15,Environment/RotatingLasersPair (1)/BaseL/Laser,"[-7.000,2.000,45.000]","[0.000,0.000,305.000]","[0.000,0.000,-0.462,0.887]",[],[],[],[]
15,Environment/RotatingLasersPair (3)/BaseL/Laser,"[-7.000,2.000,35.000]","[0.000,0.000,305.000]","[0.000,0.000,-0.462,0.887]",[],[],[],[]
15,Environment/RotatingLasersPair (2)/BaseL/Laser/BakedBloom,"[-7.000,2.000,40.000]","[55.000,90.000,0.000]","[0.327,0.627,-0.327,0.627]","[-7.000,2.000,40.000]","[0.000,0.000,0.000]",[],[]
15,Environment/RotatingLasersPair (1)/BaseL/Laser/BakedBloom,"[-7.000,2.000,45.000]","[55.000,90.000,0.000]","[0.327,0.627,-0.327,0.627]","[-7.000,2.000,45.000]","[0.000,0.000,0.000]",[],[]
15,Environment/RotatingLasersPair (3)/BaseL/Laser/BakedBloom,"[-7.000,2.000,35.000]","[55.000,90.000,0.000]","[0.327,0.627,-0.327,0.627]","[-7.000,2.000,35.000]","[0.000,0.000,0.000]",[],[]
15,Environment/FrontLights/NeonTube/BakedBloom,"[-0.050,4.650,65.000]","[305.000,90.000,0.000]","[-0.327,0.627,0.327,0.627]","[-0.050,4.650,65.000]","[0.000,0.000,0.000]",[],[]
15,Environment/FrontLights/NeonTube,"[-0.050,4.650,65.000]","[0.000,0.000,55.000]","[0.000,0.000,0.462,0.887]",[],[],[],[]
15,Environment/FrontLights/NeonTube/BoxLight,"[0.974,3.933,65.000]","[0.000,0.000,55.000]","[0.000,0.000,0.462,0.887]","[0.974,3.933,65.000]","[2.163,1.598,0.200]",[],[]
15,Environment/CoreLighting/LightWrapper0/DirectionalLight,"[6.000,5.000,20.000]","[4.000,215.000,180.000]","[0.953,0.010,-0.301,0.033]",[],[],[],[]
15,Environment/CoreLighting/LightWrapper1/DirectionalLight,"[-6.000,5.000,20.000]","[4.000,145.000,180.000]","[0.953,-0.010,0.301,0.033]",[],[],[],[]
15,Environment/RotatingLasersPair (2),"[0.000,2.000,40.000]","[0.000,0.000,0.000]","[0.000,0.000,0.000,1.000]",[],[],[],[]
15,Environment/RotatingLasersPair (1),"[0.000,2.000,45.000]","[0.000,0.000,0.000]","[0.000,0.000,0.000,1.000]",[],[],[],[]
15,Environment/RotatingLasersPair (3),"[0.000,2.000,35.000]","[0.000,0.000,0.000]","[0.000,0.000,0.000,1.000]",[],[],[],[]
15,Environment/RotatingLasersPair (1)/BaseL,"[-7.000,2.000,45.000]","[0.000,0.000,0.000]","[0.000,0.000,0.000,1.000]",[],[],[],[]
15,Environment/RotatingLasersPair (2)/BaseL,"[-7.000,2.000,40.000]","[0.000,0.000,0.000]","[0.000,0.000,0.000,1.000]",[],[],[],[]
15,Environment/RotatingLasersPair (3)/BaseL,"[-7.000,2.000,35.000]","[0.000,0.000,0.000]","[0.000,0.000,0.000,1.000]",[],[],[],[]
15,Environment/RotatingLasersPair (3)/BaseR,"[7.000,2.000,35.000]","[0.000,0.000,0.000]","[0.000,0.000,0.000,1.000]",[],[],[],[]
15,Environment/RotatingLasersPair (2)/BaseR,"[7.000,2.000,40.000]","[0.000,0.000,0.000]","[0.000,0.000,0.000,1.000]",[],[],[],[]
15,Environment/RotatingLasersPair (1)/BaseR,"[7.000,2.000,45.000]","[0.000,0.000,0.000]","[0.000,0.000,0.000,1.000]",[],[],[],[]
15,Environment/NearBuildingRight (2)/NeonTubeDirectional/BoxLight,"[17.450,0.000,19.000]","[0.000,180.000,0.000]","[0.000,1.000,0.000,0.000]","[17.450,0.000,19.000]","[0.200,20.000,0.200]",[],[]
15,Environment/NearBuildingRight (1)/NeonTubeDirectional/BoxLight,"[7.450,-3.000,-14.000]","[0.000,180.000,0.000]","[0.000,1.000,0.000,0.000]","[7.450,-3.000,-14.000]","[0.200,20.000,0.200]",[],[]
15,Environment/NearBuildingRight (1)/NeonTubeDirectional,"[7.450,-3.000,-14.000]","[0.000,180.000,0.000]","[0.000,1.000,0.000,0.000]",[],[],[],[]
15,Environment/NearBuildingRight (2)/NeonTubeDirectional,"[17.450,0.000,19.000]","[0.000,180.000,0.000]","[0.000,1.000,0.000,0.000]",[],[],[],[]
15,Environment/NearBuildingRight (1)/NeonTubeDirectional/BakedBloom,"[7.450,-3.000,-14.000]","[0.000,90.000,0.000]","[0.000,0.707,0.000,0.707]","[7.450,-3.000,-14.000]","[0.000,0.000,0.000]",[],[]
15,Environment/NearBuildingRight (2)/NeonTubeDirectional/BakedBloom,"[17.450,0.000,19.000]","[0.000,90.000,0.000]","[0.000,0.707,0.000,0.707]","[17.450,0.000,19.000]","[0.000,0.000,0.000]",[],[]
15,Environment/BasicGameHUD/RightPanel/SongProgressCanvas/ProgressText/Duration,"[3.180,0.760,6.990]","[0.000,0.000,0.000]","[0.000,0.000,0.000,1.000]",[],[],[],[]
16,Environment/SceneSetup,"[0.000,0.000,0.000]","[0.000,0.000,0.000]","[0.000,0.000,0.000,1.000]",[],[],[],[]
16,Environment/====== STATIC ======,"[0.000,0.000,0.000]","[0.000,0.000,0.000]","[0.000,0.000,0.000,1.000]",[],[],[],[]
16,Environment/====== DYNAMIC ======,"[0.000,0.000,0.000]","[0.000,0.000,0.000]","[0.000,0.000,0.000,1.000]",[],[],[],[]
16,Environment/TrackMirror/SetDepthOnly,"[0.000,0.000,7.800]","[0.000,0.000,0.000]","[0.000,0.000,0.000,1.000]","[0.000,0.000,131.375]","[4.750,0.000,247.250]",[],[]
16,Environment/====== LIGHTS ======,"[0.000,0.000,0.000]","[0.000,0.000,0.000]","[0.000,0.000,0.000,1.000]",[],[],[],[]
16,Environment/TrackMirror,"[0.000,0.000,7.800]","[0.000,0.000,0.000]","[0.000,0.000,0.000,1.000]","[0.000,0.000,131.375]","[4.750,0.000,247.250]",[],[]
16,Environment/GradientBackground,"[0.000,0.000,0.000]","[0.000,0.000,0.000]","[0.000,0.000,0.000,1.000]",[],[],[],[]
16,Environment/CoreLighting,"[0.000,0.000,0.000]","[0.000,0.000,0.000]","[0.000,0.000,0.000,1.000]",[],[],[],[]
16,Environment/DecoratorContext,"[0.000,0.000,0.000]","[0.000,0.000,0.000]","[0.000,0.000,0.000,1.000]",[],[],[],[]
16,Environment/TrackConstruction,"[0.000,0.000,0.000]","[0.000,0.000,0.000]","[0.000,0.000,0.000,1.000]","[0.000,-80.125,0.000]","[29.100,160.750,1000.000]",[],[]
16,Environment,"[0.000,0.000,0.000]","[0.000,0.000,0.000]","[0.000,0.000,0.000,1.000]",[],[],[],[]
16,Environment/CoreLighting/LightManager,"[0.000,0.000,0.000]","[0.000,0.000,0.000]","[0.000,0.000,0.000,1.000]",[],[],[],[]
16,Environment/BasicGameHUD/RightPanel/MultiplierCanvas/BGCircle,"[3.200,1.700,7.000]","[0.000,0.000,0.000]","[0.000,0.000,0.000,1.000]",[],[],[],[]
16,Environment/BasicGameHUD/LeftPanel/ScoreCanvas/ImmediateRankText,"[-3.200,0.890,7.000]","[0.000,0.000,0.000]","[0.000,0.000,0.000,1.000]",[],[],[],[]
16,Environment/RotatingLasersPair/BaseR,"[7.000,2.000,50.000]","[0.000,0.000,0.000]","[0.000,0.000,0.000,1.000]",[],[],[],[]
16,Environment/BasicGameHUD/RightPanel/MultiplierCanvas,"[3.200,1.700,7.000]","[0.000,0.000,0.000]","[0.000,0.000,0.000,1.000]",[],[],[],[]
16,Environment/BackColumns/BackColumnNeon/BoxLight,"[3.000,0.239,-19.100]","[340.000,0.000,0.000]","[-0.174,0.000,0.000,0.985]","[3.000,0.239,-19.100]","[0.200,94.038,34.390]",[],[]
16,Environment/BasicGameHUD/RightPanel/MultiplierCanvas/TextPanel/NumText,"[2.987,1.642,7.000]","[0.000,0.000,0.000]","[0.000,0.000,0.000,1.000]",[],[],[],[]
16,Environment/BasicGameHUD/LeftPanel/ScoreCanvas/ScoreText,"[-3.200,1.300,7.000]","[0.000,0.000,0.000]","[0.000,0.000,0.000,1.000]",[],[],[],[]
16,Environment/DoubleColorLaserR/TopBoxLight,"[44.423,60.500,179.648]","[60.000,23.000,0.000]","[0.490,0.173,-0.100,0.849]","[44.423,60.500,179.648]","[84.707,125.087,199.380]",[],[]
16,Environment/RotatingLasersPair,"[0.000,2.000,50.000]","[0.000,0.000,0.000]","[0.000,0.000,0.000,1.000]",[],[],[],[]
16,Environment/BasicGameHUD/EnergyPanel/EnergyIconFull,"[1.140,-0.640,7.750]","[0.000,0.000,0.000]","[0.000,0.000,0.000,1.000]",[],[],[],[]
16,Environment/BasicGameHUD/LeftPanel/ComboPanel/ComboCanvas/NumText,"[-3.200,1.870,7.000]","[0.000,0.000,0.000]","[0.000,0.000,0.000,1.000]",[],[],[],[]
16,Environment/LightEffects,"[0.000,0.000,0.000]","[0.000,0.000,0.000]","[0.000,0.000,0.000,1.000]",[],[],[],[]
16,Environment/RotatingLasersPair/BaseL,"[-7.000,2.000,50.000]","[0.000,0.000,0.000]","[0.000,0.000,0.000,1.000]",[],[],[],[]
16,Environment/BasicGameHUD/LeftPanel/ScoreCanvas/RelativeScoreText,"[-3.200,0.952,7.000]","[0.000,0.000,0.000]","[0.000,0.000,0.000,1.000]",[],[],[],[]
16,Environment/BasicGameHUD/RightPanel/MultiplierCanvas/TextPanel,"[3.187,1.642,7.000]","[0.000,0.000,0.000]","[0.000,0.000,0.000,1.000]",[],[],[],[]
16,Environment/BackColumns/BackColumnNeon/BakedBloom,"[-3.000,0.239,-19.100]","[20.000,180.000,0.000]","[0.000,0.985,-0.174,0.000]","[-3.000,0.239,-19.100]","[0.000,0.000,0.000]",[],[]
16,Environment/BackColumns/BackColumnNeon/BakedBloom,"[3.000,0.239,-19.100]","[20.000,180.000,0.000]","[0.000,0.985,-0.174,0.000]","[3.000,0.239,-19.100]","[0.000,0.000,0.000]",[],[]
16,Environment/DoubleColorLaserR/BottomBakedBloom,"[2.125,-2.000,80.000]","[60.000,23.000,0.000]","[0.490,0.173,-0.100,0.849]","[2.125,-2.000,80.000]","[0.000,0.000,0.000]",[],[]
16,Environment/BasicGameHUD/LeftPanel/ComboPanel/ComboCanvas,"[-3.200,1.830,7.000]","[0.000,0.000,0.000]","[0.000,0.000,0.000,1.000]",[],[],[],[]
16,Environment/BigTrackLaneRings,"[0.000,5.000,7.000]","[0.000,0.000,0.000]","[0.000,0.000,0.000,1.000]",[],[],[],[]
16,Environment/BasicGameHUD/LeftPanel/BG,"[-3.200,-27.600,7.010]","[0.000,0.000,0.000]","[0.000,0.000,0.000,1.000]","[-3.200,-27.600,7.010]","[1.400,60.000,0.200]",[],[]
16,Environment/BackColumns,"[0.000,0.000,0.000]","[0.000,0.000,0.000]","[0.000,0.000,0.000,1.000]","[0.000,0.000,-20.000]","[19.000,400.002,157.748]",[],[]
16,Environment/SmallTrackLaneRings,"[0.000,1.400,14.000]","[0.000,0.000,0.000]","[0.000,0.000,0.000,1.000]",[],[],[],[]
16,Environment/BigSmokePS,"[0.000,0.000,0.000]","[0.000,0.000,0.000]","[0.000,0.000,0.000,1.000]","[0.000,0.000,0.000]","[35.520,35.520,35.520]",[],[]
16,Environment/BasicGameHUD/EnergyPanel/BG,"[0.000,-0.640,7.750]","[0.000,0.000,0.000]","[0.000,0.000,0.000,1.000]",[],[],[],[]
16,Environment/BasicGameHUD/LeftPanel,"[-3.200,0.400,7.000]","[0.000,0.000,0.000]","[0.000,0.000,0.000,1.000]",[],[],[],[]
16,Environment/BasicGameHUD/RightPanel/MultiplierCanvas/TextOverlayPanelOutline1,"[3.187,1.642,7.000]","[0.000,0.000,0.000]","[0.000,0.000,0.000,1.000]",[],[],[],[]
16,Environment/BackColumns/BackColumnNeon/BoxLight,"[-3.000,0.239,-19.100]","[340.000,0.000,0.000]","[-0.174,0.000,0.000,0.985]","[-3.000,0.239,-19.100]","[0.200,94.038,34.390]",[],[]
16,Environment/BasicGameHUD/RightPanel/BG,"[3.200,-27.600,7.010]","[0.000,0.000,0.000]","[0.000,0.000,0.000,1.000]","[3.200,-27.600,7.010]","[1.400,60.000,0.200]",[],[]
16,Environment/PlayersPlace,"[0.000,0.000,0.000]","[0.000,0.000,0.000]","[0.000,0.000,0.000,1.000]",[],[],"[0.000,-2.000,0.000]","[3.000,4.000,2.000]"
16,Environment/BasicGameHUD/RightPanel/MultiplierCanvas/TextOverlayPanelOutline1/XText,"[3.210,1.854,7.000]","[0.000,0.000,0.000]","[0.000,0.000,0.000,1.000]",[],[],[],[]
16,Environment/BasicGameHUD/RightPanel/MultiplierCanvas/TextOverlayPanelOutline0,"[3.187,1.642,7.000]","[0.000,0.000,0.000]","[0.000,0.000,0.000,1.000]",[],[],[],[]
16,Environment/BasicGameHUD/RightPanel/MultiplierCanvas/FGCircle,"[3.200,1.700,7.000]","[0.000,0.000,0.000]","[0.000,0.000,0.000,1.000]",[],[],[],[]
16,Environment/BasicGameHUD/RightPanel/MultiplierCanvas/AnimationCircle,"[3.200,1.700,7.000]","[0.000,0.000,0.000]","[0.000,0.000,0.000,1.000]",[],[],[],[]
16,Environment/BackColumns/BackColumnNeon,"[-3.000,0.239,-19.100]","[340.000,0.000,0.000]","[-0.174,0.000,0.000,0.985]",[],[],[],[]
16,Environment/BasicGameHUD/RightPanel/Top,"[3.200,2.500,7.000]","[0.000,0.000,0.000]","[0.000,0.000,0.000,1.000]","[3.200,2.500,7.000]","[1.400,0.100,0.200]",[],[]
16,Environment/FrontLights,"[0.000,1.000,15.000]","[0.000,0.000,0.000]","[0.000,0.000,0.000,1.000]",[],[],[],[]
16,Environment/BasicGameHUD/LeftPanel/Top,"[-3.200,2.500,7.000]","[0.000,0.000,0.000]","[0.000,0.000,0.000,1.000]","[-3.200,2.500,7.000]","[1.400,0.100,0.200]",[],[]
16,Environment/BasicGameHUD/LeftPanel/ComboPanel/ComboText,"[-3.200,1.960,7.000]","[0.000,0.000,0.000]","[0.000,0.000,0.000,1.000]",[],[],[],[]
16,Environment/BasicGameHUD/RightPanel/MultiplierCanvas/TextPanel/XText,"[3.210,1.854,7.000]","[0.000,0.000,0.000]","[0.000,0.000,0.000,1.000]",[],[],[],[]
16,Environment/DoubleColorLaserR/TopBakedBloom,"[2.125,-2.000,80.000]","[60.000,23.000,0.000]","[0.490,0.173,-0.100,0.849]","[2.125,-2.000,80.000]","[0.000,0.000,0.000]",[],[]
16,Environment/BasicGameHUD/EnergyPanel,"[0.000,-0.640,7.750]","[0.000,0.000,0.000]","[0.000,0.000,0.000,1.000]",[],[],[],[]
16,Environment/PlayersPlace/Mirror,"[0.000,0.005,0.000]","[0.000,0.000,0.000]","[0.000,0.000,0.000,1.000]","[0.000,0.005,0.000]","[3.000,0.000,2.000]",[],[]
16,Environment/BasicGameHUD/RightPanel/MultiplierCanvas/TextOverlayPanelOutline1/NumText,"[2.987,1.642,7.000]","[0.000,0.000,0.000]","[0.000,0.000,0.000,1.000]",[],[],[],[]
16,Environment/BackColumns/BackColumnNeon,"[3.000,0.239,-19.100]","[340.000,0.000,0.000]","[-0.174,0.000,0.000,0.985]",[],[],[],[]
16,Environment/BasicGameHUD/RightPanel/MultiplierCanvas/TextOverlayPanelOutline0/XText,"[3.210,1.854,7.000]","[0.000,0.000,0.000]","[0.000,0.000,0.000,1.000]",[],[],[],[]
16,Environment/DoubleColorLaserR,"[2.125,-2.000,80.000]","[60.000,23.000,0.000]","[0.490,0.173,-0.100,0.849]",[],[],[],[]
16,Environment/BasicGameHUD/RightPanel/MultiplierCanvas/TextOverlayPanelOutline0/NumText,"[2.987,1.642,7.000]","[0.000,0.000,0.000]","[0.000,0.000,0.000,1.000]",[],[],[],[]
16,Environment/BasicGameHUD/RightPanel,"[3.200,0.400,7.000]","[0.000,0.000,0.000]","[0.000,0.000,0.000,1.000]",[],[],[],[]
16,Environment/BasicGameHUD/EnergyPanel/EnergyBarWrapper/EnergyBar,"[-0.954,-0.640,7.750]","[0.000,0.000,0.000]","[0.000,0.000,0.000,1.000]",[],[],[],[]
16,Environment/PlayersPlace/Construction,"[0.000,0.000,0.000]","[0.000,0.000,0.000]","[0.000,0.000,0.000,1.000]","[0.000,-56.373,0.000]","[3.000,112.755,2.000]",[],[]
16,Environment/BasicGameHUD/LeftPanel/ScoreCanvas,"[-3.200,0.900,7.000]","[0.000,0.000,0.000]","[0.000,0.000,0.000,1.000]",[],[],[],[]
16,Environment/DoubleColorLaserR/BottomBoxLight,"[-40.173,-64.500,-19.648]","[60.000,23.000,0.000]","[0.490,0.173,-0.100,0.849]","[-40.173,-64.500,-19.648]","[84.707,125.087,199.380]",[],[]
16,Environment/BasicGameHUD/EnergyPanel/EnergyIconEmpty,"[-1.180,-0.640,7.750]","[0.000,0.000,0.000]","[0.000,0.000,0.000,1.000]",[],[],[],[]
16,Environment/BasicGameHUD,"[0.000,0.000,0.000]","[0.000,0.000,0.000]","[0.000,0.000,0.000,1.000]",[],[],[],[]
16,Environment/PlayersPlace/Feet,"[0.000,0.005,0.000]","[90.000,0.000,0.000]","[0.707,0.000,0.000,0.707]","[0.000,0.005,0.000]","[0.356,0.200,0.356]",[],[]
16,Environment/CoreLighting/DirectionalLight,"[0.000,2.000,20.000]","[7.000,180.000,180.000]","[0.998,0.000,0.000,0.061]",[],[],[],[]
16,Environment/BasicGameHUD/LeftPanel/ComboPanel,"[-3.200,1.830,7.000]","[0.000,0.000,0.000]","[0.000,0.000,0.000,1.000]",[],[],[],[]
16,Environment/NearBuildingLeft (1)/NeonTubeDirectional (1),"[-7.450,-5.500,-18.000]","[0.000,0.000,0.000]","[0.000,0.000,0.000,1.000]",[],[],[],[]
16,Environment/NearBuildingLeft (2)/NeonTubeDirectional (1),"[-17.450,-2.500,15.000]","[0.000,0.000,0.000]","[0.000,0.000,0.000,1.000]",[],[],[],[]
16,Environment/NearBuildingLeft (1)/NeonTubeDirectional (1)/BakedBloom,"[-7.450,-5.500,-18.000]","[0.000,270.000,0.000]","[0.000,-0.707,0.000,0.707]","[-7.450,-5.500,-18.000]","[0.000,0.000,0.000]",[],[]
16,Environment/NearBuildingLeft (2)/NeonTubeDirectional (1)/BakedBloom,"[-17.450,-2.500,15.000]","[0.000,270.000,0.000]","[0.000,-0.707,0.000,0.707]","[-17.450,-2.500,15.000]","[0.000,0.000,0.000]",[],[]
16,Environment/NearBuildingLeft (2)/NeonTubeDirectional (1)/BoxLight,"[-17.450,-2.500,15.000]","[0.000,0.000,0.000]","[0.000,0.000,0.000,1.000]","[-17.450,-2.500,15.000]","[0.200,20.000,0.200]",[],[]
16,Environment/NearBuildingLeft (1)/NeonTubeDirectional (1)/BoxLight,"[-7.450,-5.500,-18.000]","[0.000,0.000,0.000]","[0.000,0.000,0.000,1.000]","[-7.450,-5.500,-18.000]","[0.200,20.000,0.200]",[],[]
16,Environment/NearBuildingLeft (2),"[-20.000,3.000,15.000]","[0.000,0.000,0.000]","[0.000,0.000,0.000,1.000]",[],[],[],[]
16,Environment/NearBuildingLeft (1),"[-10.000,0.000,-18.000]","[0.000,0.000,0.000]","[0.000,0.000,0.000,1.000]",[],[],[],[]
16,Environment/NearBuildingLeft (2)/Mesh,"[6.000,-17.000,-10.000]","[0.000,0.000,0.000]","[0.000,0.000,0.000,1.000]","[-22.000,-57.250,19.000]","[9.000,174.500,25.000]",[],[]
16,Environment/NearBuildingLeft (1)/Mesh,"[16.000,-20.000,-43.000]","[0.000,0.000,0.000]","[0.000,0.000,0.000,1.000]","[-12.000,-60.250,-14.000]","[9.000,174.500,25.000]",[],[]
16,Environment/BasicGameHUD/RightPanel/SongProgressCanvas/ProgressText/Separator,"[3.185,0.645,6.990]","[0.000,0.000,0.000]","[0.000,0.000,0.000,1.000]",[],[],[],[]
16,Environment/NearBuildingRight (1)/Mesh,"[-16.000,-20.000,-43.000]","[0.000,0.000,0.000]","[0.000,0.000,0.000,1.000]","[12.000,-60.250,-14.000]","[9.000,174.500,25.000]",[],[]
16,Environment/NearBuildingRight (2)/Mesh,"[-6.000,-17.000,-10.000]","[0.000,0.000,0.000]","[0.000,0.000,0.000,1.000]","[22.000,-57.250,19.000]","[9.000,174.500,25.000]",[],[]
16,Environment/NearBuildingRight (1),"[10.000,0.000,-18.000]","[0.000,0.000,0.000]","[0.000,0.000,0.000,1.000]",[],[],[],[]
16,Environment/NearBuildingRight (2),"[20.000,3.000,15.000]","[0.000,0.000,0.000]","[0.000,0.000,0.000,1.000]",[],[],[],[]
16,Environment/LightWithIdManager,"[0.000,0.000,0.000]","[0.000,0.000,0.000]","[0.000,0.000,0.000,1.000]",[],[],[],[]
16,Environment/FakeMirrorObjectsInstaller,"[0.000,0.000,0.000]","[0.000,0.000,0.000]","[0.000,0.000,0.000,1.000]",[],[],[],[]
16,Environment/DustPS,"[-0.014,1.190,-0.084]","[86.991,82.645,95.279]","[0.702,-0.059,0.096,0.703]","[-0.354,1.236,3.110]","[7.616,3.656,4.413]",[],[]
16,Environment/Spectrograms/Spectrogram,"[12.000,4.000,30.000]","[0.000,0.000,0.000]","[0.000,0.000,0.000,1.000]",[],[],[],[]
16,Environment/Spectrograms/Spectrogram,"[-12.000,4.000,30.000]","[0.000,0.000,0.000]","[0.000,0.000,0.000,1.000]",[],[],[],[]
16,Environment/Spectrograms,"[0.000,4.000,0.000]","[0.000,0.000,0.000]","[0.000,0.000,0.000,1.000]",[],[],[],[]
16,Environment/PlayersPlace/SaberBurnMarksParticles,"[0.000,0.005,0.000]","[0.000,0.000,0.000]","[0.000,0.000,0.000,1.000]",[],[],[],[]
16,Environment/PlayersPlace/SaberBurnMarksParticles/SaberBurnMarkSparklePS,"[0.000,0.005,0.000]","[0.000,0.000,0.000]","[0.000,0.000,0.000,1.000]","[0.000,0.000,0.000]","[0.000,0.000,0.000]",[],[]
16,Environment/PlayersPlace/SaberBurnMarksArea,"[0.000,0.010,0.000]","[0.000,0.000,0.000]","[0.000,0.000,0.000,1.000]","[0.000,0.010,0.000]","[3.000,0.000,2.000]",[],[]
16,Environment/PlayersPlace/RectangleFakeGlow,"[0.000,0.008,0.000]","[90.000,0.000,0.000]","[0.707,0.000,0.000,0.707]","[0.000,0.008,0.000]","[4.485,0.000,2.985]",[],[]
16,Environment/BasicGameHUD/RightPanel/RecordingPanel/RecordingCircle,"[2.911,0.230,7.000]","[0.000,0.000,0.000]","[0.000,0.000,0.000,1.000]",[],[],[],[]
16,Environment/RotatingLasersPair/BaseR/Laser/BoxLight,"[-189.597,139.658,50.000]","[0.000,0.000,55.000]","[0.000,0.000,0.462,0.887]","[-189.597,139.658,50.000]","[409.633,286.870,0.100]",[],[]
16,Environment/RotatingLasersPair/BaseR/Laser/BakedBloom,"[7.000,2.000,50.000]","[305.000,90.000,0.000]","[-0.327,0.627,0.327,0.627]","[7.000,2.000,50.000]","[0.000,0.000,0.000]",[],[]
16,Environment/RotatingLasersPair/BaseR/Laser,"[7.000,2.000,50.000]","[0.000,0.000,55.000]","[0.000,0.000,0.462,0.887]",[],[],[],[]
16,Environment/RotatingLasersPair/BaseL/Laser/BakedBloom,"[-7.000,2.000,50.000]","[55.000,90.000,0.000]","[0.327,0.627,-0.327,0.627]","[-7.000,2.000,50.000]","[0.000,0.000,0.000]",[],[]
16,Environment/RotatingLasersPair/BaseL/Laser,"[-7.000,2.000,50.000]","[0.000,0.000,305.000]","[0.000,0.000,-0.462,0.887]",[],[],[],[]
16,Environment/BasicGameHUD/RightPanel/SongProgressCanvas/ProgressText,"[3.200,0.760,6.990]","[0.000,0.000,0.000]","[0.000,0.000,0.000,1.000]",[],[],[],[]
16,Environment/RotatingLasersPair/BaseL/Laser/BoxLight,"[189.597,139.658,50.000]","[0.000,0.000,305.000]","[0.000,0.000,-0.462,0.887]","[189.597,139.658,50.000]","[409.633,286.870,0.100]",[],[]
16,Environment/DoubleColorLaserL (3)/BottomBakedBloom,"[-2.125,-2.000,50.000]","[60.000,337.000,0.000]","[0.490,-0.173,0.100,0.849]","[-2.125,-2.000,50.000]","[0.000,0.000,0.000]",[],[]
16,Environment/DoubleColorLaserL (4)/BottomBakedBloom,"[-2.125,-2.000,90.000]","[60.000,337.000,0.000]","[0.490,-0.173,0.100,0.849]","[-2.125,-2.000,90.000]","[0.000,0.000,0.000]",[],[]
16,Environment/DoubleColorLaserR (3)/BottomBakedBloom,"[2.125,-2.000,50.000]","[60.000,23.000,0.000]","[0.490,0.173,-0.100,0.849]","[2.125,-2.000,50.000]","[0.000,0.000,0.000]",[],[]
16,Environment/DoubleColorLaserL/BottomBakedBloom,"[-2.125,-2.000,80.000]","[60.000,337.000,0.000]","[0.490,-0.173,0.100,0.849]","[-2.125,-2.000,80.000]","[0.000,0.000,0.000]",[],[]
16,Environment/DoubleColorLaserR (1)/BottomBakedBloom,"[2.125,-2.000,70.000]","[60.000,23.000,0.000]","[0.490,0.173,-0.100,0.849]","[2.125,-2.000,70.000]","[0.000,0.000,0.000]",[],[]
16,Environment/DoubleColorLaserL (1)/BottomBakedBloom,"[-2.125,-2.000,70.000]","[60.000,337.000,0.000]","[0.490,-0.173,0.100,0.849]","[-2.125,-2.000,70.000]","[0.000,0.000,0.000]",[],[]
16,Environment/DoubleColorLaserR (4)/BottomBakedBloom,"[2.125,-2.000,90.000]","[60.000,23.000,0.000]","[0.490,0.173,-0.100,0.849]","[2.125,-2.000,90.000]","[0.000,0.000,0.000]",[],[]
16,Environment/DoubleColorLaserL (2)/BottomBakedBloom,"[-2.125,-2.000,60.000]","[60.000,337.000,0.000]","[0.490,-0.173,0.100,0.849]","[-2.125,-2.000,60.000]","[0.000,0.000,0.000]",[],[]
16,Environment/DoubleColorLaserR (2)/BottomBakedBloom,"[2.125,-2.000,60.000]","[60.000,23.000,0.000]","[0.490,0.173,-0.100,0.849]","[2.125,-2.000,60.000]","[0.000,0.000,0.000]",[],[]
16,Environment/DoubleColorLaserR (2)/TopBoxLight,"[44.423,60.500,159.648]","[60.000,23.000,0.000]","[0.490,0.173,-0.100,0.849]","[44.423,60.500,159.648]","[84.707,125.087,199.380]",[],[]
16,Environment/DoubleColorLaserL (1)/TopBoxLight,"[-44.423,60.500,169.648]","[60.000,337.000,0.000]","[0.490,-0.173,0.100,0.849]","[-44.423,60.500,169.648]","[84.707,125.087,199.380]",[],[]
16,Environment/DoubleColorLaserR (4)/TopBoxLight,"[44.423,60.500,189.648]","[60.000,23.000,0.000]","[0.490,0.173,-0.100,0.849]","[44.423,60.500,189.648]","[84.707,125.087,199.380]",[],[]
16,Environment/DoubleColorLaserL (2)/TopBoxLight,"[-44.423,60.500,159.648]","[60.000,337.000,0.000]","[0.490,-0.173,0.100,0.849]","[-44.423,60.500,159.648]","[84.707,125.087,199.380]",[],[]
16,Environment/DoubleColorLaserR (1)/TopBoxLight,"[44.423,60.500,169.648]","[60.000,23.000,0.000]","[0.490,0.173,-0.100,0.849]","[44.423,60.500,169.648]","[84.707,125.087,199.380]",[],[]
16,Environment/DoubleColorLaserL/TopBoxLight,"[-44.423,60.500,179.648]","[60.000,337.000,0.000]","[0.490,-0.173,0.100,0.849]","[-44.423,60.500,179.648]","[84.707,125.087,199.380]",[],[]
16,Environment/DoubleColorLaserR (3)/TopBoxLight,"[44.423,60.500,149.648]","[60.000,23.000,0.000]","[0.490,0.173,-0.100,0.849]","[44.423,60.500,149.648]","[84.707,125.087,199.380]",[],[]
16,Environment/DoubleColorLaserL (3)/TopBoxLight,"[-44.423,60.500,149.648]","[60.000,337.000,0.000]","[0.490,-0.173,0.100,0.849]","[-44.423,60.500,149.648]","[84.707,125.087,199.380]",[],[]
16,Environment/DoubleColorLaserL (4)/TopBoxLight,"[-44.423,60.500,189.648]","[60.000,337.000,0.000]","[0.490,-0.173,0.100,0.849]","[-44.423,60.500,189.648]","[84.707,125.087,199.380]",[],[]
16,Environment/DoubleColorLaserR (2)/BottomBoxLight,"[-40.173,-64.500,-39.648]","[60.000,23.000,0.000]","[0.490,0.173,-0.100,0.849]","[-40.173,-64.500,-39.648]","[84.707,125.087,199.380]",[],[]
16,Environment/DoubleColorLaserR (1)/BottomBoxLight,"[-40.173,-64.500,-29.648]","[60.000,23.000,0.000]","[0.490,0.173,-0.100,0.849]","[-40.173,-64.500,-29.648]","[84.707,125.087,199.380]",[],[]
16,Environment/DoubleColorLaserR (4)/BottomBoxLight,"[-40.173,-64.500,-9.648]","[60.000,23.000,0.000]","[0.490,0.173,-0.100,0.849]","[-40.173,-64.500,-9.648]","[84.707,125.087,199.380]",[],[]
16,Environment/DoubleColorLaserL (1)/BottomBoxLight,"[40.173,-64.500,-29.648]","[60.000,337.000,0.000]","[0.490,-0.173,0.100,0.849]","[40.173,-64.500,-29.648]","[84.707,125.087,199.380]",[],[]
16,Environment/DoubleColorLaserL (2)/BottomBoxLight,"[40.173,-64.500,-39.648]","[60.000,337.000,0.000]","[0.490,-0.173,0.100,0.849]","[40.173,-64.500,-39.648]","[84.707,125.087,199.380]",[],[]
16,Environment/DoubleColorLaserL/BottomBoxLight,"[40.173,-64.500,-19.648]","[60.000,337.000,0.000]","[0.490,-0.173,0.100,0.849]","[40.173,-64.500,-19.648]","[84.707,125.087,199.380]",[],[]
16,Environment/DoubleColorLaserL (3)/BottomBoxLight,"[40.173,-64.500,-49.648]","[60.000,337.000,0.000]","[0.490,-0.173,0.100,0.849]","[40.173,-64.500,-49.648]","[84.707,125.087,199.380]",[],[]
16,Environment/DoubleColorLaserL (4)/BottomBoxLight,"[40.173,-64.500,-9.648]","[60.000,337.000,0.000]","[0.490,-0.173,0.100,0.849]","[40.173,-64.500,-9.648]","[84.707,125.087,199.380]",[],[]
16,Environment/DoubleColorLaserR (3)/BottomBoxLight,"[-40.173,-64.500,-49.648]","[60.000,23.000,0.000]","[0.490,0.173,-0.100,0.849]","[-40.173,-64.500,-49.648]","[84.707,125.087,199.380]",[],[]
16,Environment/DoubleColorLaserL,"[-2.125,-2.000,80.000]","[60.000,337.000,0.000]","[0.490,-0.173,0.100,0.849]",[],[],[],[]
16,Environment/DoubleColorLaserL (3),"[-2.125,-2.000,50.000]","[60.000,337.000,0.000]","[0.490,-0.173,0.100,0.849]",[],[],[],[]
16,Environment/DoubleColorLaserL (4),"[-2.125,-2.000,90.000]","[60.000,337.000,0.000]","[0.490,-0.173,0.100,0.849]",[],[],[],[]
16,Environment/DoubleColorLaserR (3),"[2.125,-2.000,50.000]","[60.000,23.000,0.000]","[0.490,0.173,-0.100,0.849]",[],[],[],[]
16,Environment/DoubleColorLaserR (2),"[2.125,-2.000,60.000]","[60.000,23.000,0.000]","[0.490,0.173,-0.100,0.849]",[],[],[],[]
16,Environment/DoubleColorLaserR (1),"[2.125,-2.000,70.000]","[60.000,23.000,0.000]","[0.490,0.173,-0.100,0.849]",[],[],[],[]
16,Environment/DoubleColorLaserL (1),"[-2.125,-2.000,70.000]","[60.000,337.000,0.000]","[0.490,-0.173,0.100,0.849]",[],[],[],[]
16,Environment/DoubleColorLaserR (4),"[2.125,-2.000,90.000]","[60.000,23.000,0.000]","[0.490,0.173,-0.100,0.849]",[],[],[],[]
16,Environment/DoubleColorLaserL (2),"[-2.125,-2.000,60.000]","[60.000,337.000,0.000]","[0.490,-0.173,0.100,0.849]",[],[],[],[]
16,Environment/DoubleColorLaserR (1)/TopBakedBloom,"[2.125,-2.000,70.000]","[60.000,23.000,0.000]","[0.490,0.173,-0.100,0.849]","[2.125,-2.000,70.000]","[0.000,0.000,0.000]",[],[]
16,Environment/DoubleColorLaserL (2)/TopBakedBloom,"[-2.125,-2.000,60.000]","[60.000,337.000,0.000]","[0.490,-0.173,0.100,0.849]","[-2.125,-2.000,60.000]","[0.000,0.000,0.000]",[],[]
16,Environment/DoubleColorLaserL (1)/TopBakedBloom,"[-2.125,-2.000,70.000]","[60.000,337.000,0.000]","[0.490,-0.173,0.100,0.849]","[-2.125,-2.000,70.000]","[0.000,0.000,0.000]",[],[]
16,Environment/DoubleColorLaserR (4)/TopBakedBloom,"[2.125,-2.000,90.000]","[60.000,23.000,0.000]","[0.490,0.173,-0.100,0.849]","[2.125,-2.000,90.000]","[0.000,0.000,0.000]",[],[]
16,Environment/DoubleColorLaserR (2)/TopBakedBloom,"[2.125,-2.000,60.000]","[60.000,23.000,0.000]","[0.490,0.173,-0.100,0.849]","[2.125,-2.000,60.000]","[0.000,0.000,0.000]",[],[]
16,Environment/DoubleColorLaserL (4)/TopBakedBloom,"[-2.125,-2.000,90.000]","[60.000,337.000,0.000]","[0.490,-0.173,0.100,0.849]","[-2.125,-2.000,90.000]","[0.000,0.000,0.000]",[],[]
16,Environment/DoubleColorLaserL (3)/TopBakedBloom,"[-2.125,-2.000,50.000]","[60.000,337.000,0.000]","[0.490,-0.173,0.100,0.849]","[-2.125,-2.000,50.000]","[0.000,0.000,0.000]",[],[]
16,Environment/DoubleColorLaserR (3)/TopBakedBloom,"[2.125,-2.000,50.000]","[60.000,23.000,0.000]","[0.490,0.173,-0.100,0.849]","[2.125,-2.000,50.000]","[0.000,0.000,0.000]",[],[]
16,Environment/DoubleColorLaserL/TopBakedBloom,"[-2.125,-2.000,80.000]","[60.000,337.000,0.000]","[0.490,-0.173,0.100,0.849]","[-2.125,-2.000,80.000]","[0.000,0.000,0.000]",[],[]
16,Environment/BasicGameHUD/EnergyPanel/Laser,"[0.000,-0.640,6.950]","[0.000,0.000,90.000]","[0.000,0.000,0.707,0.707]",[],[],[],[]
16,Environment/BasicGameHUD/EnergyPanel/Laser/BoxLight,"[0.000,-0.640,6.950]","[0.000,0.000,90.000]","[0.000,0.000,0.707,0.707]","[0.000,-0.640,6.950]","[10.000,0.000,0.000]",[],[]
16,Environment/BasicGameHUD/EnergyPanel/Laser/BakedBloom,"[0.000,-0.640,6.950]","[0.000,0.000,90.000]","[0.000,0.000,0.707,0.707]","[0.000,-0.640,6.950]","[0.000,0.000,0.000]",[],[]
16,Environment/BasicGameHUD/RightPanel/SongProgressCanvas/ProgressText/Progress/ProgressColon,"[2.881,0.635,6.990]","[0.000,0.000,0.000]","[0.000,0.000,0.000,1.000]",[],[],[],[]
16,Environment/BasicGameHUD/RightPanel/SongProgressCanvas/ProgressText/Duration/DurationColon,"[3.396,0.635,6.990]","[0.000,0.000,0.000]","[0.000,0.000,0.000,1.000]",[],[],[],[]
16,Environment/CoreLighting/DirectionalLight,"[0.000,18.600,30.000]","[90.000,0.000,0.000]","[0.707,0.000,0.000,0.707]",[],[],[],[]
16,Environment/BasicGameHUD/LeftPanel/ComboPanel/Line0,"[-3.200,2.180,7.000]","[0.000,0.000,0.000]","[0.000,0.000,0.000,1.000]",[],[],[],[]
16,Environment/Spectrograms/Spectrogram/Spectrogram0,"[12.000,4.000,27.750]","[270.020,0.000,0.000]","[-0.707,0.000,0.000,0.707]","[12.000,-26.000,-43.125]","[0.900,60.000,142.650]",[],[]
16,Environment/Spectrograms/Spectrogram/Spectrogram0,"[-12.000,4.000,27.750]","[270.020,0.000,0.000]","[-0.707,0.000,0.000,0.707]","[-12.000,-26.000,-43.125]","[0.900,60.000,142.650]",[],[]
16,Environment/BasicGameHUD/RightPanel/SongProgressCanvas/ProgressText/Progress,"[2.935,0.760,6.990]","[0.000,0.000,0.000]","[0.000,0.000,0.000,1.000]",[],[],[],[]
16,Environment/CoreLighting/LightWrapper0,"[6.000,5.000,20.000]","[0.000,0.000,0.000]","[0.000,0.000,0.000,1.000]",[],[],[],[]
16,Environment/CoreLighting/DirectionalLight,"[0.000,-2.000,30.000]","[333.000,180.000,180.000]","[-0.972,0.000,0.000,0.233]",[],[],[],[]
16,Environment/CoreLighting/LightWrapper1,"[-6.000,5.000,20.000]","[0.000,0.000,0.000]","[0.000,0.000,0.000,1.000]",[],[],[],[]
16,Environment/NearBuildingLeft (2)/NeonTube (2)/BoxLight,"[-20.000,180.000,19.000]","[0.000,0.000,0.000]","[0.000,0.000,0.000,1.000]","[-20.000,180.000,19.000]","[0.200,300.000,0.200]",[],[]
16,Environment/NearBuildingLeft (1)/NeonTube (2)/BoxLight,"[-10.000,177.000,-14.000]","[0.000,0.000,0.000]","[0.000,0.000,0.000,1.000]","[-10.000,177.000,-14.000]","[0.200,300.000,0.200]",[],[]
16,Environment/NearBuildingLeft (1)/NeonTube (2),"[-10.000,27.000,-14.000]","[0.000,0.000,0.000]","[0.000,0.000,0.000,1.000]",[],[],[],[]
16,Environment/NearBuildingLeft (2)/NeonTube (2),"[-20.000,30.000,19.000]","[0.000,0.000,0.000]","[0.000,0.000,0.000,1.000]",[],[],[],[]
16,Environment/NearBuildingLeft (1)/NeonTube (2)/BakedBloom,"[-10.000,27.000,-14.000]","[0.000,90.000,0.000]","[0.000,0.707,0.000,0.707]","[-10.000,27.000,-14.000]","[0.000,0.000,0.000]",[],[]
16,Environment/NearBuildingLeft (2)/NeonTube (2)/BakedBloom,"[-20.000,30.000,19.000]","[0.000,90.000,0.000]","[0.000,0.707,0.000,0.707]","[-20.000,30.000,19.000]","[0.000,0.000,0.000]",[],[]
16,Environment/BasicGameHUD/EnergyPanel/FailIcon,"[0.000,-0.650,7.750]","[0.000,0.000,0.000]","[0.000,0.000,0.000,1.000]",[],[],[],[]
16,Environment/BasicGameHUD/EnergyPanel/BarBG,"[0.000,-0.640,7.750]","[0.000,0.000,0.000]","[0.000,0.000,0.000,1.000]",[],[],[],[]
16,Environment/BasicGameHUD/RightPanel/RecordingPanel,"[3.200,0.230,7.000]","[0.000,0.000,0.000]","[0.000,0.000,0.000,1.000]",[],[],[],[]
16,Environment/NearBuildingRight (1)/NeonTubeDirectional (1)/BoxLight,"[7.450,-5.500,-18.000]","[0.000,180.000,0.000]","[0.000,1.000,0.000,0.000]","[7.450,-5.500,-18.000]","[0.200,20.000,0.200]",[],[]
16,Environment/NearBuildingRight (2)/NeonTubeDirectional (1)/BoxLight,"[17.450,-2.500,15.000]","[0.000,180.000,0.000]","[0.000,1.000,0.000,0.000]","[17.450,-2.500,15.000]","[0.200,20.000,0.200]",[],[]
16,Environment/NearBuildingRight (2)/NeonTubeDirectional (1)/BakedBloom,"[17.450,-2.500,15.000]","[0.000,90.000,0.000]","[0.000,0.707,0.000,0.707]","[17.450,-2.500,15.000]","[0.000,0.000,0.000]",[],[]
16,Environment/NearBuildingRight (1)/NeonTubeDirectional (1)/BakedBloom,"[7.450,-5.500,-18.000]","[0.000,90.000,0.000]","[0.000,0.707,0.000,0.707]","[7.450,-5.500,-18.000]","[0.000,0.000,0.000]",[],[]
16,Environment/NearBuildingRight (2)/NeonTubeDirectional (1),"[17.450,-2.500,15.000]","[0.000,180.000,0.000]","[0.000,1.000,0.000,0.000]",[],[],[],[]
16,Environment/NearBuildingRight (1)/NeonTubeDirectional (1),"[7.450,-5.500,-18.000]","[0.000,180.000,0.000]","[0.000,1.000,0.000,0.000]",[],[],[],[]
16,Environment/BasicGameHUD/RightPanel/RecordingPanel/RecordingText,"[3.292,0.216,7.000]","[0.000,0.000,0.000]","[0.000,0.000,0.000,1.000]",[],[],[],[]
16,Environment/NearBuildingLeft (2)/NeonTubeDirectional/BoxLight,"[-17.450,0.000,19.000]","[0.000,0.000,0.000]","[0.000,0.000,0.000,1.000]","[-17.450,0.000,19.000]","[0.200,20.000,0.200]",[],[]
16,Environment/NearBuildingLeft (1)/NeonTubeDirectional/BoxLight,"[-7.450,-3.000,-14.000]","[0.000,0.000,0.000]","[0.000,0.000,0.000,1.000]","[-7.450,-3.000,-14.000]","[0.200,20.000,0.200]",[],[]
16,Environment/NearBuildingLeft (1)/NeonTubeDirectional,"[-7.450,-3.000,-14.000]","[0.000,0.000,0.000]","[0.000,0.000,0.000,1.000]",[],[],[],[]
16,Environment/NearBuildingLeft (2)/NeonTubeDirectional,"[-17.450,0.000,19.000]","[0.000,0.000,0.000]","[0.000,0.000,0.000,1.000]",[],[],[],[]
16,Environment/NearBuildingLeft (1)/NeonTubeDirectional/BakedBloom,"[-7.450,-3.000,-14.000]","[0.000,270.000,0.000]","[0.000,-0.707,0.000,0.707]","[-7.450,-3.000,-14.000]","[0.000,0.000,0.000]",[],[]
16,Environment/NearBuildingLeft (2)/NeonTubeDirectional/BakedBloom,"[-17.450,0.000,19.000]","[0.000,270.000,0.000]","[0.000,-0.707,0.000,0.707]","[-17.450,0.000,19.000]","[0.000,0.000,0.000]",[],[]
16,Environment/PlayersPlace/Collider,"[0.000,-0.090,0.000]","[0.000,0.000,0.000]","[0.000,0.000,0.000,1.000]",[],[],"[0.000,-0.090,0.000]","[3.000,0.200,2.000]"
16,Environment/LightmapLightWithIds,"[0.000,0.000,0.000]","[0.000,0.000,0.000]","[0.000,0.000,0.000,1.000]",[],[],[],[]
16,Environment/BakedReflectionProbe,"[0.000,1.500,5.000]","[0.000,0.000,0.000]","[0.000,0.000,0.000,1.000]",[],[],[],[]
16,Environment/NearBuildingRight (1)/NeonTube (2),"[10.000,27.000,-14.000]","[0.000,0.000,0.000]","[0.000,0.000,0.000,1.000]",[],[],[],[]
16,Environment/NearBuildingRight (2)/NeonTube (2),"[20.000,30.000,19.000]","[0.000,0.000,0.000]","[0.000,0.000,0.000,1.000]",[],[],[],[]
16,Environment/NearBuildingRight (1)/NeonTube (2)/BakedBloom,"[10.000,27.000,-14.000]","[0.000,90.000,0.000]","[0.000,0.707,0.000,0.707]","[10.000,27.000,-14.000]","[0.000,0.000,0.000]",[],[]
16,Environment/NearBuildingRight (2)/NeonTube (2)/BakedBloom,"[20.000,30.000,19.000]","[0.000,90.000,0.000]","[0.000,0.707,0.000,0.707]","[20.000,30.000,19.000]","[0.000,0.000,0.000]",[],[]
16,Environment/NearBuildingRight (2)/NeonTube (2)/BoxLight,"[20.000,180.000,19.000]","[0.000,0.000,0.000]","[0.000,0.000,0.000,1.000]","[20.000,180.000,19.000]","[0.200,300.000,0.200]",[],[]
16,Environment/NearBuildingRight (1)/NeonTube (2)/BoxLight,"[10.000,177.000,-14.000]","[0.000,0.000,0.000]","[0.000,0.000,0.000,1.000]","[10.000,177.000,-14.000]","[0.200,300.000,0.200]",[],[]
16,Environment/BasicGameHUD/RightPanel/SongProgressCanvas/Slider/Handle Slide Area,"[3.200,0.940,6.990]","[0.000,0.000,0.000]","[0.000,0.000,0.000,1.000]",[],[],[],[]
16,Environment/BasicGameHUD/RightPanel/SongProgressCanvas/ProgressText/Progress/ProgressSeconds,"[3.050,0.620,6.990]","[0.000,0.000,0.000]","[0.000,0.000,0.000,1.000]",[],[],[],[]
16,Environment/BasicGameHUD/RightPanel/SongProgressCanvas/Slider/Background,"[3.200,0.940,6.990]","[0.000,0.000,0.000]","[0.000,0.000,0.000,1.000]",[],[],[],[]
16,Environment/BasicGameHUD/RightPanel/SongProgressCanvas/Progress,"[2.700,0.970,6.990]","[0.000,0.000,0.000]","[0.000,0.000,0.000,1.000]",[],[],[],[]
16,Environment/BasicGameHUD/RightPanel/SongProgressCanvas/Slider,"[3.200,0.980,6.990]","[0.000,0.000,0.000]","[0.000,0.000,0.000,1.000]",[],[],[],[]
16,Environment/BasicGameHUD/RightPanel/SongProgressCanvas/ProgressText/Duration/DurationMinutes,"[3.280,0.620,6.990]","[0.000,0.000,0.000]","[0.000,0.000,0.000,1.000]",[],[],[],[]
16,Environment/BasicGameHUD/RightPanel/SongProgressCanvas,"[3.200,0.800,6.990]","[0.000,0.000,0.000]","[0.000,0.000,0.000,1.000]",[],[],[],[]
16,Environment/BasicGameHUD/RightPanel/SongProgressCanvas/ProgressText/Duration/DurationSeconds,"[3.560,0.620,6.990]","[0.000,0.000,0.000]","[0.000,0.000,0.000,1.000]",[],[],[],[]
16,Environment/BasicGameHUD/RightPanel/SongProgressCanvas/Slider/Handle Slide Area/Handle,"[2.700,0.940,6.990]","[0.000,0.000,0.000]","[0.000,0.000,0.000,1.000]",[],[],[],[]
16,Environment/BasicGameHUD/RightPanel/SongProgressCanvas/ProgressText/Progress/ProgressMinutes,"[2.764,0.620,6.990]","[0.000,0.000,0.000]","[0.000,0.000,0.000,1.000]",[],[],[],[]
16,Environment/BasicGameHUD/LeftPanel/ComboPanel/Line1,"[-3.200,1.480,7.000]","[0.000,0.000,0.000]","[0.000,0.000,0.000,1.000]",[],[],[],[]
16,Environment/NeonTubeL,"[-4.250,-0.100,8.300]","[90.000,0.000,0.000]","[0.707,0.000,0.000,0.707]",[],[],[],[]
16,Environment/NeonTubeR,"[4.250,-0.100,8.300]","[90.000,0.000,0.000]","[0.707,0.000,0.000,0.707]",[],[],[],[]
16,Environment/NeonTubeL/BakedBloom,"[-4.250,-0.100,8.300]","[0.000,90.000,90.000]","[0.500,0.500,0.500,0.500]","[-4.250,-0.100,8.300]","[0.000,0.000,0.000]",[],[]
16,Environment/NeonTubeR/BakedBloom,"[4.250,-0.100,8.300]","[0.000,90.000,90.000]","[0.500,0.500,0.500,0.500]","[4.250,-0.100,8.300]","[0.000,0.000,0.000]",[],[]
16,Environment/NeonTubeR/BoxLight,"[4.250,-0.100,258.300]","[90.000,0.000,0.000]","[0.707,0.000,0.000,0.707]","[4.250,-0.100,258.300]","[0.040,0.040,500.000]",[],[]
16,Environment/NeonTubeL/BoxLight,"[-4.250,-0.100,258.300]","[90.000,0.000,0.000]","[0.707,0.000,0.000,0.707]","[-4.250,-0.100,258.300]","[0.040,0.040,500.000]",[],[]
16,Environment/FakeMirrorSettings,"[0.000,0.000,0.000]","[0.000,0.000,0.000]","[0.000,0.000,0.000,1.000]",[],[],[],[]
16,Environment/BasicGameHUD/EnergyPanel/EnergyBarWrapper,"[0.000,-0.640,7.750]","[0.000,0.000,0.000]","[0.000,0.000,0.000,1.000]",[],[],[],[]
16,Environment/FrontLights/NeonTube (1)/BoxLight,"[-0.974,3.933,65.000]","[0.000,0.000,305.000]","[0.000,0.000,-0.462,0.887]","[-0.974,3.933,65.000]","[2.163,1.598,0.200]",[],[]
16,Environment/FrontLights/NeonTube (1)/BakedBloom,"[0.050,4.650,65.000]","[55.000,90.000,0.000]","[0.327,0.627,-0.327,0.627]","[0.050,4.650,65.000]","[0.000,0.000,0.000]",[],[]
16,Environment/FrontLights/NeonTube (1),"[0.050,4.650,65.000]","[0.000,0.000,305.000]","[0.000,0.000,-0.462,0.887]",[],[],[],[]
16,Environment/Spectrograms/Spectrogram/Spectrogram1,"[-12.000,4.000,30.000]","[270.020,0.000,0.000]","[-0.707,0.000,0.000,0.707]","[-12.000,-26.000,100.875]","[0.900,60.000,142.650]",[],[]
16,Environment/Spectrograms/Spectrogram/Spectrogram1,"[12.000,4.000,30.000]","[270.020,0.000,0.000]","[-0.707,0.000,0.000,0.707]","[12.000,-26.000,100.875]","[0.900,60.000,142.650]",[],[]
16,Environment/RotatingLasersPair (1)/BaseR/Laser,"[7.000,2.000,45.000]","[0.000,0.000,55.000]","[0.000,0.000,0.462,0.887]",[],[],[],[]
16,Environment/RotatingLasersPair (2)/BaseR/Laser,"[7.000,2.000,40.000]","[0.000,0.000,55.000]","[0.000,0.000,0.462,0.887]",[],[],[],[]
16,Environment/RotatingLasersPair (3)/BaseR/Laser,"[7.000,2.000,35.000]","[0.000,0.000,55.000]","[0.000,0.000,0.462,0.887]",[],[],[],[]
16,Environment/RotatingLasersPair (1)/BaseR/Laser/BakedBloom,"[7.000,2.000,45.000]","[305.000,90.000,0.000]","[-0.327,0.627,0.327,0.627]","[7.000,2.000,45.000]","[0.000,0.000,0.000]",[],[]
16,Environment/RotatingLasersPair (2)/BaseR/Laser/BakedBloom,"[7.000,2.000,40.000]","[305.000,90.000,0.000]","[-0.327,0.627,0.327,0.627]","[7.000,2.000,40.000]","[0.000,0.000,0.000]",[],[]
16,Environment/RotatingLasersPair (3)/BaseR/Laser/BakedBloom,"[7.000,2.000,35.000]","[305.000,90.000,0.000]","[-0.327,0.627,0.327,0.627]","[7.000,2.000,35.000]","[0.000,0.000,0.000]",[],[]
16,Environment/RotatingLasersPair (3)/BaseR/Laser/BoxLight,"[-189.597,139.658,35.000]","[0.000,0.000,55.000]","[0.000,0.000,0.462,0.887]","[-189.597,139.658,35.000]","[409.633,286.870,0.100]",[],[]
16,Environment/RotatingLasersPair (2)/BaseR/Laser/BoxLight,"[-189.597,139.658,40.000]","[0.000,0.000,55.000]","[0.000,0.000,0.462,0.887]","[-189.597,139.658,40.000]","[409.633,286.870,0.100]",[],[]
16,Environment/RotatingLasersPair (1)/BaseR/Laser/BoxLight,"[-189.597,139.658,45.000]","[0.000,0.000,55.000]","[0.000,0.000,0.462,0.887]","[-189.597,139.658,45.000]","[409.633,286.870,0.100]",[],[]
16,Environment/RotatingLasersPair (3)/BaseL/Laser/BoxLight,"[189.597,139.658,35.000]","[0.000,0.000,305.000]","[0.000,0.000,-0.462,0.887]","[189.597,139.658,35.000]","[409.633,286.870,0.100]",[],[]
16,Environment/RotatingLasersPair (1)/BaseL/Laser/BoxLight,"[189.597,139.658,45.000]","[0.000,0.000,305.000]","[0.000,0.000,-0.462,0.887]","[189.597,139.658,45.000]","[409.633,286.870,0.100]",[],[]
16,Environment/RotatingLasersPair (2)/BaseL/Laser/BoxLight,"[189.597,139.658,40.000]","[0.000,0.000,305.000]","[0.000,0.000,-0.462,0.887]","[189.597,139.658,40.000]","[409.633,286.870,0.100]",[],[]
16,Environment/RotatingLasersPair (2)/BaseL/Laser,"[-7.000,2.000,40.000]","[0.000,0.000,305.000]","[0.000,0.000,-0.462,0.887]",[],[],[],[]
16,Environment/RotatingLasersPair (1)/BaseL/Laser,"[-7.000,2.000,45.000]","[0.000,0.000,305.000]","[0.000,0.000,-0.462,0.887]",[],[],[],[]
16,Environment/RotatingLasersPair (3)/BaseL/Laser,"[-7.000,2.000,35.000]","[0.000,0.000,305.000]","[0.000,0.000,-0.462,0.887]",[],[],[],[]
16,Environment/RotatingLasersPair (2)/BaseL/Laser/BakedBloom,"[-7.000,2.000,40.000]","[55.000,90.000,0.000]","[0.327,0.627,-0.327,0.627]","[-7.000,2.000,40.000]","[0.000,0.000,0.000]",[],[]
16,Environment/RotatingLasersPair (1)/BaseL/Laser/BakedBloom,"[-7.000,2.000,45.000]","[55.000,90.000,0.000]","[0.327,0.627,-0.327,0.627]","[-7.000,2.000,45.000]","[0.000,0.000,0.000]",[],[]
16,Environment/RotatingLasersPair (3)/BaseL/Laser/BakedBloom,"[-7.000,2.000,35.000]","[55.000,90.000,0.000]","[0.327,0.627,-0.327,0.627]","[-7.000,2.000,35.000]","[0.000,0.000,0.000]",[],[]
16,Environment/FrontLights/NeonTube/BakedBloom,"[-0.050,4.650,65.000]","[305.000,90.000,0.000]","[-0.327,0.627,0.327,0.627]","[-0.050,4.650,65.000]","[0.000,0.000,0.000]",[],[]
16,Environment/FrontLights/NeonTube,"[-0.050,4.650,65.000]","[0.000,0.000,55.000]","[0.000,0.000,0.462,0.887]",[],[],[],[]
16,Environment/FrontLights/NeonTube/BoxLight,"[0.974,3.933,65.000]","[0.000,0.000,55.000]","[0.000,0.000,0.462,0.887]","[0.974,3.933,65.000]","[2.163,1.598,0.200]",[],[]
16,Environment/CoreLighting/LightWrapper0/DirectionalLight,"[6.000,5.000,20.000]","[4.000,215.000,180.000]","[0.953,0.010,-0.301,0.033]",[],[],[],[]
16,Environment/CoreLighting/LightWrapper1/DirectionalLight,"[-6.000,5.000,20.000]","[4.000,145.000,180.000]","[0.953,-0.010,0.301,0.033]",[],[],[],[]
16,Environment/RotatingLasersPair (2),"[0.000,2.000,40.000]","[0.000,0.000,0.000]","[0.000,0.000,0.000,1.000]",[],[],[],[]
16,Environment/RotatingLasersPair (1),"[0.000,2.000,45.000]","[0.000,0.000,0.000]","[0.000,0.000,0.000,1.000]",[],[],[],[]
16,Environment/RotatingLasersPair (3),"[0.000,2.000,35.000]","[0.000,0.000,0.000]","[0.000,0.000,0.000,1.000]",[],[],[],[]
16,Environment/RotatingLasersPair (1)/BaseL,"[-7.000,2.000,45.000]","[0.000,0.000,0.000]","[0.000,0.000,0.000,1.000]",[],[],[],[]
16,Environment/RotatingLasersPair (2)/BaseL,"[-7.000,2.000,40.000]","[0.000,0.000,0.000]","[0.000,0.000,0.000,1.000]",[],[],[],[]
16,Environment/RotatingLasersPair (3)/BaseL,"[-7.000,2.000,35.000]","[0.000,0.000,0.000]","[0.000,0.000,0.000,1.000]",[],[],[],[]
16,Environment/RotatingLasersPair (3)/BaseR,"[7.000,2.000,35.000]","[0.000,0.000,0.000]","[0.000,0.000,0.000,1.000]",[],[],[],[]
16,Environment/RotatingLasersPair (2)/BaseR,"[7.000,2.000,40.000]","[0.000,0.000,0.000]","[0.000,0.000,0.000,1.000]",[],[],[],[]
16,Environment/RotatingLasersPair (1)/BaseR,"[7.000,2.000,45.000]","[0.000,0.000,0.000]","[0.000,0.000,0.000,1.000]",[],[],[],[]
16,Environment/NearBuildingRight (2)/NeonTubeDirectional/BoxLight,"[17.450,0.000,19.000]","[0.000,180.000,0.000]","[0.000,1.000,0.000,0.000]","[17.450,0.000,19.000]","[0.200,20.000,0.200]",[],[]
16,Environment/NearBuildingRight (1)/NeonTubeDirectional/BoxLight,"[7.450,-3.000,-14.000]","[0.000,180.000,0.000]","[0.000,1.000,0.000,0.000]","[7.450,-3.000,-14.000]","[0.200,20.000,0.200]",[],[]
16,Environment/NearBuildingRight (1)/NeonTubeDirectional,"[7.450,-3.000,-14.000]","[0.000,180.000,0.000]","[0.000,1.000,0.000,0.000]",[],[],[],[]
16,Environment/NearBuildingRight (2)/NeonTubeDirectional,"[17.450,0.000,19.000]","[0.000,180.000,0.000]","[0.000,1.000,0.000,0.000]",[],[],[],[]
16,Environment/NearBuildingRight (1)/NeonTubeDirectional/BakedBloom,"[7.450,-3.000,-14.000]","[0.000,90.000,0.000]","[0.000,0.707,0.000,0.707]","[7.450,-3.000,-14.000]","[0.000,0.000,0.000]",[],[]
16,Environment/NearBuildingRight (2)/NeonTubeDirectional/BakedBloom,"[17.450,0.000,19.000]","[0.000,90.000,0.000]","[0.000,0.707,0.000,0.707]","[17.450,0.000,19.000]","[0.000,0.000,0.000]",[],[]
16,Environment/BasicGameHUD/RightPanel/SongProgressCanvas/ProgressText/Duration,"[3.180,0.760,6.990]","[0.000,0.000,0.000]","[0.000,0.000,0.000,1.000]",[],[],[],[]
17,Environment/SceneSetup,"[0.000,0.000,0.000]","[0.000,0.000,0.000]","[0.000,0.000,0.000,1.000]",[],[],[],[]
17,Environment/====== STATIC ======,"[0.000,0.000,0.000]","[0.000,0.000,0.000]","[0.000,0.000,0.000,1.000]",[],[],[],[]
17,Environment/====== DYNAMIC ======,"[0.000,0.000,0.000]","[0.000,0.000,0.000]","[0.000,0.000,0.000,1.000]",[],[],[],[]
17,Environment/TrackMirror/SetDepthOnly,"[0.000,0.000,7.800]","[0.000,0.000,0.000]","[0.000,0.000,0.000,1.000]","[0.000,0.000,131.375]","[4.750,0.000,247.250]",[],[]
17,Environment/====== LIGHTS ======,"[0.000,0.000,0.000]","[0.000,0.000,0.000]","[0.000,0.000,0.000,1.000]",[],[],[],[]
17,Environment/TrackMirror,"[0.000,0.000,7.800]","[0.000,0.000,0.000]","[0.000,0.000,0.000,1.000]","[0.000,0.000,131.375]","[4.750,0.000,247.250]",[],[]
17,Environment/GradientBackground,"[0.000,0.000,0.000]","[0.000,0.000,0.000]","[0.000,0.000,0.000,1.000]",[],[],[],[]
17,Environment/CoreLighting,"[0.000,0.000,0.000]","[0.000,0.000,0.000]","[0.000,0.000,0.000,1.000]",[],[],[],[]
17,Environment/DecoratorContext,"[0.000,0.000,0.000]","[0.000,0.000,0.000]","[0.000,0.000,0.000,1.000]",[],[],[],[]
17,Environment/TrackConstruction,"[0.000,0.000,0.000]","[0.000,0.000,0.000]","[0.000,0.000,0.000,1.000]","[0.000,-80.125,0.000]","[29.100,160.750,1000.000]",[],[]
17,Environment,"[0.000,0.000,0.000]","[0.000,0.000,0.000]","[0.000,0.000,0.000,1.000]",[],[],[],[]
17,Environment/CoreLighting/LightManager,"[0.000,0.000,0.000]","[0.000,0.000,0.000]","[0.000,0.000,0.000,1.000]",[],[],[],[]
17,Environment/BasicGameHUD/RightPanel/MultiplierCanvas/BGCircle,"[3.200,1.700,7.000]","[0.000,0.000,0.000]","[0.000,0.000,0.000,1.000]",[],[],[],[]
17,Environment/BasicGameHUD/LeftPanel/ScoreCanvas/ImmediateRankText,"[-3.200,0.890,7.000]","[0.000,0.000,0.000]","[0.000,0.000,0.000,1.000]",[],[],[],[]
17,Environment/RotatingLasersPair/BaseR,"[7.000,2.000,50.000]","[0.000,0.000,0.000]","[0.000,0.000,0.000,1.000]",[],[],[],[]
17,Environment/BasicGameHUD/RightPanel/MultiplierCanvas,"[3.200,1.700,7.000]","[0.000,0.000,0.000]","[0.000,0.000,0.000,1.000]",[],[],[],[]
17,Environment/BackColumns/BackColumnNeon/BoxLight,"[3.000,0.239,-19.100]","[340.000,0.000,0.000]","[-0.174,0.000,0.000,0.985]","[3.000,0.239,-19.100]","[0.200,94.038,34.390]",[],[]
17,Environment/BasicGameHUD/RightPanel/MultiplierCanvas/TextPanel/NumText,"[2.987,1.642,7.000]","[0.000,0.000,0.000]","[0.000,0.000,0.000,1.000]",[],[],[],[]
17,Environment/BasicGameHUD/LeftPanel/ScoreCanvas/ScoreText,"[-3.200,1.300,7.000]","[0.000,0.000,0.000]","[0.000,0.000,0.000,1.000]",[],[],[],[]
17,Environment/DoubleColorLaserR/TopBoxLight,"[44.423,60.500,179.648]","[60.000,23.000,0.000]","[0.490,0.173,-0.100,0.849]","[44.423,60.500,179.648]","[84.707,125.087,199.380]",[],[]
17,Environment/RotatingLasersPair,"[0.000,2.000,50.000]","[0.000,0.000,0.000]","[0.000,0.000,0.000,1.000]",[],[],[],[]
17,Environment/BasicGameHUD/EnergyPanel/EnergyIconFull,"[5.870,-0.640,7.750]","[0.000,0.000,0.000]","[0.000,0.000,0.000,1.000]",[],[],[],[]
17,Environment/BasicGameHUD/LeftPanel/ComboPanel/ComboCanvas/NumText,"[-3.200,1.870,7.000]","[0.000,0.000,0.000]","[0.000,0.000,0.000,1.000]",[],[],[],[]
17,Environment/LightEffects,"[0.000,0.000,0.000]","[0.000,0.000,0.000]","[0.000,0.000,0.000,1.000]",[],[],[],[]
17,Environment/RotatingLasersPair/BaseL,"[-7.000,2.000,50.000]","[0.000,0.000,0.000]","[0.000,0.000,0.000,1.000]",[],[],[],[]
17,Environment/BasicGameHUD/LeftPanel/ScoreCanvas/RelativeScoreText,"[-3.200,0.952,7.000]","[0.000,0.000,0.000]","[0.000,0.000,0.000,1.000]",[],[],[],[]
17,Environment/BasicGameHUD/RightPanel/MultiplierCanvas/TextPanel,"[3.187,1.642,7.000]","[0.000,0.000,0.000]","[0.000,0.000,0.000,1.000]",[],[],[],[]
17,Environment/BackColumns/BackColumnNeon/BakedBloom,"[-3.000,0.239,-19.100]","[20.000,180.000,0.000]","[0.000,0.985,-0.174,0.000]","[-3.000,0.239,-19.100]","[0.000,0.000,0.000]",[],[]
17,Environment/BackColumns/BackColumnNeon/BakedBloom,"[3.000,0.239,-19.100]","[20.000,180.000,0.000]","[0.000,0.985,-0.174,0.000]","[3.000,0.239,-19.100]","[0.000,0.000,0.000]",[],[]
17,Environment/DoubleColorLaserR/BottomBakedBloom,"[2.125,-2.000,80.000]","[60.000,23.000,0.000]","[0.490,0.173,-0.100,0.849]","[2.125,-2.000,80.000]","[0.000,0.000,0.000]",[],[]
17,Environment/BasicGameHUD/LeftPanel/ComboPanel/ComboCanvas,"[-3.200,1.830,7.000]","[0.000,0.000,0.000]","[0.000,0.000,0.000,1.000]",[],[],[],[]
17,Environment/BigTrackLaneRings,"[0.000,5.000,7.000]","[0.000,0.000,0.000]","[0.000,0.000,0.000,1.000]",[],[],[],[]
17,Environment/BasicGameHUD/LeftPanel/BG,"[-3.200,-27.600,7.010]","[0.000,0.000,0.000]","[0.000,0.000,0.000,1.000]","[-3.200,-27.600,7.010]","[1.400,60.000,0.200]",[],[]
17,Environment/BackColumns,"[0.000,0.000,0.000]","[0.000,0.000,0.000]","[0.000,0.000,0.000,1.000]","[0.000,0.000,-20.000]","[19.000,400.002,157.748]",[],[]
17,Environment/SmallTrackLaneRings,"[0.000,1.400,14.000]","[0.000,0.000,0.000]","[0.000,0.000,0.000,1.000]",[],[],[],[]
17,Environment/BigSmokePS,"[0.000,0.000,0.000]","[0.000,0.000,0.000]","[0.000,0.000,0.000,1.000]","[0.000,0.000,0.000]","[35.520,35.520,35.520]",[],[]
17,Environment/BasicGameHUD/EnergyPanel/BG,"[0.000,-0.640,7.750]","[0.000,0.000,0.000]","[0.000,0.000,0.000,1.000]",[],[],[],[]
17,Environment/BasicGameHUD/LeftPanel,"[-3.200,0.400,7.000]","[0.000,0.000,0.000]","[0.000,0.000,0.000,1.000]",[],[],[],[]
17,Environment/BasicGameHUD/RightPanel/MultiplierCanvas/TextOverlayPanelOutline1,"[3.187,1.642,7.000]","[0.000,0.000,0.000]","[0.000,0.000,0.000,1.000]",[],[],[],[]
17,Environment/BackColumns/BackColumnNeon/BoxLight,"[-3.000,0.239,-19.100]","[340.000,0.000,0.000]","[-0.174,0.000,0.000,0.985]","[-3.000,0.239,-19.100]","[0.200,94.038,34.390]",[],[]
17,Environment/BasicGameHUD/RightPanel/BG,"[3.200,-27.600,7.010]","[0.000,0.000,0.000]","[0.000,0.000,0.000,1.000]","[3.200,-27.600,7.010]","[1.400,60.000,0.200]",[],[]
17,Environment/PlayersPlace,"[0.000,0.000,0.000]","[0.000,0.000,0.000]","[0.000,0.000,0.000,1.000]",[],[],"[0.000,-2.000,0.000]","[3.000,4.000,2.000]"
17,Environment/BasicGameHUD/RightPanel/MultiplierCanvas/TextOverlayPanelOutline1/XText,"[3.210,1.854,7.000]","[0.000,0.000,0.000]","[0.000,0.000,0.000,1.000]",[],[],[],[]
17,Environment/BasicGameHUD/RightPanel/MultiplierCanvas/TextOverlayPanelOutline0,"[3.187,1.642,7.000]","[0.000,0.000,0.000]","[0.000,0.000,0.000,1.000]",[],[],[],[]
17,Environment/BasicGameHUD/RightPanel/MultiplierCanvas/FGCircle,"[3.200,1.700,7.000]","[0.000,0.000,0.000]","[0.000,0.000,0.000,1.000]",[],[],[],[]
17,Environment/BasicGameHUD/RightPanel/MultiplierCanvas/AnimationCircle,"[3.200,1.700,7.000]","[0.000,0.000,0.000]","[0.000,0.000,0.000,1.000]",[],[],[],[]
17,Environment/BackColumns/BackColumnNeon,"[-3.000,0.239,-19.100]","[340.000,0.000,0.000]","[-0.174,0.000,0.000,0.985]",[],[],[],[]
17,Environment/BasicGameHUD/RightPanel/Top,"[3.200,2.500,7.000]","[0.000,0.000,0.000]","[0.000,0.000,0.000,1.000]","[3.200,2.500,7.000]","[1.400,0.100,0.200]",[],[]
17,Environment/FrontLights,"[0.000,1.000,15.000]","[0.000,0.000,0.000]","[0.000,0.000,0.000,1.000]",[],[],[],[]
17,Environment/BasicGameHUD/LeftPanel/Top,"[-3.200,2.500,7.000]","[0.000,0.000,0.000]","[0.000,0.000,0.000,1.000]","[-3.200,2.500,7.000]","[1.400,0.100,0.200]",[],[]
17,Environment/BasicGameHUD/LeftPanel/ComboPanel/ComboText,"[-3.200,1.960,7.000]","[0.000,0.000,0.000]","[0.000,0.000,0.000,1.000]",[],[],[],[]
17,Environment/BasicGameHUD/RightPanel/MultiplierCanvas/TextPanel/XText,"[3.210,1.854,7.000]","[0.000,0.000,0.000]","[0.000,0.000,0.000,1.000]",[],[],[],[]
17,Environment/DoubleColorLaserR/TopBakedBloom,"[2.125,-2.000,80.000]","[60.000,23.000,0.000]","[0.490,0.173,-0.100,0.849]","[2.125,-2.000,80.000]","[0.000,0.000,0.000]",[],[]
17,Environment/BasicGameHUD/EnergyPanel,"[0.000,-0.640,7.750]","[0.000,0.000,0.000]","[0.000,0.000,0.000,1.000]",[],[],[],[]
17,Environment/PlayersPlace/Mirror,"[0.000,0.005,0.000]","[0.000,0.000,0.000]","[0.000,0.000,0.000,1.000]","[0.000,0.005,0.000]","[3.000,0.000,2.000]",[],[]
17,Environment/BasicGameHUD/RightPanel/MultiplierCanvas/TextOverlayPanelOutline1/NumText,"[2.987,1.642,7.000]","[0.000,0.000,0.000]","[0.000,0.000,0.000,1.000]",[],[],[],[]
17,Environment/BackColumns/BackColumnNeon,"[3.000,0.239,-19.100]","[340.000,0.000,0.000]","[-0.174,0.000,0.000,0.985]",[],[],[],[]
17,Environment/BasicGameHUD/RightPanel/MultiplierCanvas/TextOverlayPanelOutline0/XText,"[3.210,1.854,7.000]","[0.000,0.000,0.000]","[0.000,0.000,0.000,1.000]",[],[],[],[]
17,Environment/DoubleColorLaserR,"[2.125,-2.000,80.000]","[60.000,23.000,0.000]","[0.490,0.173,-0.100,0.849]",[],[],[],[]
17,Environment/BasicGameHUD/RightPanel/MultiplierCanvas/TextOverlayPanelOutline0/NumText,"[2.987,1.642,7.000]","[0.000,0.000,0.000]","[0.000,0.000,0.000,1.000]",[],[],[],[]
17,Environment/BasicGameHUD/RightPanel,"[3.200,0.400,7.000]","[0.000,0.000,0.000]","[0.000,0.000,0.000,1.000]",[],[],[],[]
17,Environment/BasicGameHUD/EnergyPanel/EnergyBarWrapper/EnergyBar,"[-0.954,-0.640,7.750]","[0.000,0.000,0.000]","[0.000,0.000,0.000,1.000]",[],[],[],[]
17,Environment/PlayersPlace/Construction,"[0.000,0.000,0.000]","[0.000,0.000,0.000]","[0.000,0.000,0.000,1.000]","[0.000,-56.373,0.000]","[3.000,112.755,2.000]",[],[]
17,Environment/BasicGameHUD/LeftPanel/ScoreCanvas,"[-3.200,0.900,7.000]","[0.000,0.000,0.000]","[0.000,0.000,0.000,1.000]",[],[],[],[]
17,Environment/DoubleColorLaserR/BottomBoxLight,"[-40.173,-64.500,-19.648]","[60.000,23.000,0.000]","[0.490,0.173,-0.100,0.849]","[-40.173,-64.500,-19.648]","[84.707,125.087,199.380]",[],[]
17,Environment/BasicGameHUD/EnergyPanel/EnergyIconEmpty,"[-5.870,-0.640,7.750]","[0.000,0.000,0.000]","[0.000,0.000,0.000,1.000]",[],[],[],[]
17,Environment/BasicGameHUD,"[0.000,0.000,0.000]","[0.000,0.000,0.000]","[0.000,0.000,0.000,1.000]",[],[],[],[]
17,Environment/PlayersPlace/Feet,"[0.000,0.005,0.000]","[90.000,0.000,0.000]","[0.707,0.000,0.000,0.707]","[0.000,0.005,0.000]","[0.356,0.200,0.356]",[],[]
17,Environment/CoreLighting/DirectionalLight,"[0.000,2.000,20.000]","[7.000,180.000,180.000]","[0.998,0.000,0.000,0.061]",[],[],[],[]
17,Environment/BasicGameHUD/LeftPanel/ComboPanel,"[-3.200,1.830,7.000]","[0.000,0.000,0.000]","[0.000,0.000,0.000,1.000]",[],[],[],[]
17,Environment/NearBuildingLeft (1)/NeonTubeDirectional (1),"[-7.450,-5.500,-18.000]","[0.000,0.000,0.000]","[0.000,0.000,0.000,1.000]",[],[],[],[]
17,Environment/NearBuildingLeft (2)/NeonTubeDirectional (1),"[-17.450,-2.500,15.000]","[0.000,0.000,0.000]","[0.000,0.000,0.000,1.000]",[],[],[],[]
17,Environment/NearBuildingLeft (1)/NeonTubeDirectional (1)/BakedBloom,"[-7.450,-5.500,-18.000]","[0.000,270.000,0.000]","[0.000,-0.707,0.000,0.707]","[-7.450,-5.500,-18.000]","[0.000,0.000,0.000]",[],[]
17,Environment/NearBuildingLeft (2)/NeonTubeDirectional (1)/BakedBloom,"[-17.450,-2.500,15.000]","[0.000,270.000,0.000]","[0.000,-0.707,0.000,0.707]","[-17.450,-2.500,15.000]","[0.000,0.000,0.000]",[],[]
17,Environment/NearBuildingLeft (2)/NeonTubeDirectional (1)/BoxLight,"[-17.450,-2.500,15.000]","[0.000,0.000,0.000]","[0.000,0.000,0.000,1.000]","[-17.450,-2.500,15.000]","[0.200,20.000,0.200]",[],[]
17,Environment/NearBuildingLeft (1)/NeonTubeDirectional (1)/BoxLight,"[-7.450,-5.500,-18.000]","[0.000,0.000,0.000]","[0.000,0.000,0.000,1.000]","[-7.450,-5.500,-18.000]","[0.200,20.000,0.200]",[],[]
17,Environment/NearBuildingLeft (2),"[-20.000,3.000,15.000]","[0.000,0.000,0.000]","[0.000,0.000,0.000,1.000]",[],[],[],[]
17,Environment/NearBuildingLeft (1),"[-10.000,0.000,-18.000]","[0.000,0.000,0.000]","[0.000,0.000,0.000,1.000]",[],[],[],[]
17,Environment/NearBuildingLeft (2)/Mesh,"[6.000,-17.000,-10.000]","[0.000,0.000,0.000]","[0.000,0.000,0.000,1.000]","[-22.000,-57.250,19.000]","[9.000,174.500,25.000]",[],[]
17,Environment/NearBuildingLeft (1)/Mesh,"[16.000,-20.000,-43.000]","[0.000,0.000,0.000]","[0.000,0.000,0.000,1.000]","[-12.000,-60.250,-14.000]","[9.000,174.500,25.000]",[],[]
17,Environment/BasicGameHUD/RightPanel/SongProgressCanvas/ProgressText/Separator,"[3.185,0.645,6.990]","[0.000,0.000,0.000]","[0.000,0.000,0.000,1.000]",[],[],[],[]
17,Environment/NearBuildingRight (1)/Mesh,"[-16.000,-20.000,-43.000]","[0.000,0.000,0.000]","[0.000,0.000,0.000,1.000]","[12.000,-60.250,-14.000]","[9.000,174.500,25.000]",[],[]
17,Environment/NearBuildingRight (2)/Mesh,"[-6.000,-17.000,-10.000]","[0.000,0.000,0.000]","[0.000,0.000,0.000,1.000]","[22.000,-57.250,19.000]","[9.000,174.500,25.000]",[],[]
17,Environment/NearBuildingRight (1),"[10.000,0.000,-18.000]","[0.000,0.000,0.000]","[0.000,0.000,0.000,1.000]",[],[],[],[]
17,Environment/NearBuildingRight (2),"[20.000,3.000,15.000]","[0.000,0.000,0.000]","[0.000,0.000,0.000,1.000]",[],[],[],[]
17,Environment/LightWithIdManager,"[0.000,0.000,0.000]","[0.000,0.000,0.000]","[0.000,0.000,0.000,1.000]",[],[],[],[]
17,Environment/FakeMirrorObjectsInstaller,"[0.000,0.000,0.000]","[0.000,0.000,0.000]","[0.000,0.000,0.000,1.000]",[],[],[],[]
17,Environment/DustPS,"[0.010,1.195,-0.080]","[87.043,15.037,21.474]","[0.688,-0.034,0.045,0.723]","[0.257,1.129,3.038]","[8.149,3.640,3.895]",[],[]
17,Environment/Spectrograms/Spectrogram,"[12.000,4.000,30.000]","[0.000,0.000,0.000]","[0.000,0.000,0.000,1.000]",[],[],[],[]
17,Environment/Spectrograms/Spectrogram,"[-12.000,4.000,30.000]","[0.000,0.000,0.000]","[0.000,0.000,0.000,1.000]",[],[],[],[]
17,Environment/Spectrograms,"[0.000,4.000,0.000]","[0.000,0.000,0.000]","[0.000,0.000,0.000,1.000]",[],[],[],[]
17,Environment/PlayersPlace/SaberBurnMarksParticles,"[0.000,0.005,0.000]","[0.000,0.000,0.000]","[0.000,0.000,0.000,1.000]",[],[],[],[]
17,Environment/PlayersPlace/SaberBurnMarksParticles/SaberBurnMarkSparklePS,"[0.000,0.005,0.000]","[0.000,0.000,0.000]","[0.000,0.000,0.000,1.000]","[0.000,0.000,0.000]","[0.000,0.000,0.000]",[],[]
17,Environment/PlayersPlace/SaberBurnMarksArea,"[0.000,0.010,0.000]","[0.000,0.000,0.000]","[0.000,0.000,0.000,1.000]","[0.000,0.010,0.000]","[3.000,0.000,2.000]",[],[]
17,Environment/PlayersPlace/RectangleFakeGlow,"[0.000,0.008,0.000]","[90.000,0.000,0.000]","[0.707,0.000,0.000,0.707]","[0.000,0.008,0.000]","[4.485,0.000,2.985]",[],[]
17,Environment/BasicGameHUD/RightPanel/RecordingPanel/RecordingCircle,"[2.911,0.230,7.000]","[0.000,0.000,0.000]","[0.000,0.000,0.000,1.000]",[],[],[],[]
17,Environment/RotatingLasersPair/BaseR/Laser/BoxLight,"[-189.597,139.658,50.000]","[0.000,0.000,55.000]","[0.000,0.000,0.462,0.887]","[-189.597,139.658,50.000]","[409.633,286.870,0.100]",[],[]
17,Environment/RotatingLasersPair/BaseR/Laser/BakedBloom,"[7.000,2.000,50.000]","[305.000,90.000,0.000]","[-0.327,0.627,0.327,0.627]","[7.000,2.000,50.000]","[0.000,0.000,0.000]",[],[]
17,Environment/RotatingLasersPair/BaseR/Laser,"[7.000,2.000,50.000]","[0.000,0.000,55.000]","[0.000,0.000,0.462,0.887]",[],[],[],[]
17,Environment/RotatingLasersPair/BaseL/Laser/BakedBloom,"[-7.000,2.000,50.000]","[55.000,90.000,0.000]","[0.327,0.627,-0.327,0.627]","[-7.000,2.000,50.000]","[0.000,0.000,0.000]",[],[]
17,Environment/RotatingLasersPair/BaseL/Laser,"[-7.000,2.000,50.000]","[0.000,0.000,305.000]","[0.000,0.000,-0.462,0.887]",[],[],[],[]
17,Environment/BasicGameHUD/RightPanel/SongProgressCanvas/ProgressText,"[3.200,0.760,6.990]","[0.000,0.000,0.000]","[0.000,0.000,0.000,1.000]",[],[],[],[]
17,Environment/RotatingLasersPair/BaseL/Laser/BoxLight,"[189.597,139.658,50.000]","[0.000,0.000,305.000]","[0.000,0.000,-0.462,0.887]","[189.597,139.658,50.000]","[409.633,286.870,0.100]",[],[]
17,Environment/DoubleColorLaserL (3)/BottomBakedBloom,"[-2.125,-2.000,50.000]","[60.000,337.000,0.000]","[0.490,-0.173,0.100,0.849]","[-2.125,-2.000,50.000]","[0.000,0.000,0.000]",[],[]
17,Environment/DoubleColorLaserL (4)/BottomBakedBloom,"[-2.125,-2.000,90.000]","[60.000,337.000,0.000]","[0.490,-0.173,0.100,0.849]","[-2.125,-2.000,90.000]","[0.000,0.000,0.000]",[],[]
17,Environment/DoubleColorLaserR (3)/BottomBakedBloom,"[2.125,-2.000,50.000]","[60.000,23.000,0.000]","[0.490,0.173,-0.100,0.849]","[2.125,-2.000,50.000]","[0.000,0.000,0.000]",[],[]
17,Environment/DoubleColorLaserL/BottomBakedBloom,"[-2.125,-2.000,80.000]","[60.000,337.000,0.000]","[0.490,-0.173,0.100,0.849]","[-2.125,-2.000,80.000]","[0.000,0.000,0.000]",[],[]
17,Environment/DoubleColorLaserR (1)/BottomBakedBloom,"[2.125,-2.000,70.000]","[60.000,23.000,0.000]","[0.490,0.173,-0.100,0.849]","[2.125,-2.000,70.000]","[0.000,0.000,0.000]",[],[]
17,Environment/DoubleColorLaserL (1)/BottomBakedBloom,"[-2.125,-2.000,70.000]","[60.000,337.000,0.000]","[0.490,-0.173,0.100,0.849]","[-2.125,-2.000,70.000]","[0.000,0.000,0.000]",[],[]
17,Environment/DoubleColorLaserR (4)/BottomBakedBloom,"[2.125,-2.000,90.000]","[60.000,23.000,0.000]","[0.490,0.173,-0.100,0.849]","[2.125,-2.000,90.000]","[0.000,0.000,0.000]",[],[]
17,Environment/DoubleColorLaserL (2)/BottomBakedBloom,"[-2.125,-2.000,60.000]","[60.000,337.000,0.000]","[0.490,-0.173,0.100,0.849]","[-2.125,-2.000,60.000]","[0.000,0.000,0.000]",[],[]
17,Environment/DoubleColorLaserR (2)/BottomBakedBloom,"[2.125,-2.000,60.000]","[60.000,23.000,0.000]","[0.490,0.173,-0.100,0.849]","[2.125,-2.000,60.000]","[0.000,0.000,0.000]",[],[]
17,Environment/DoubleColorLaserR (2)/TopBoxLight,"[44.423,60.500,159.648]","[60.000,23.000,0.000]","[0.490,0.173,-0.100,0.849]","[44.423,60.500,159.648]","[84.707,125.087,199.380]",[],[]
17,Environment/DoubleColorLaserL (1)/TopBoxLight,"[-44.423,60.500,169.648]","[60.000,337.000,0.000]","[0.490,-0.173,0.100,0.849]","[-44.423,60.500,169.648]","[84.707,125.087,199.380]",[],[]
17,Environment/DoubleColorLaserR (4)/TopBoxLight,"[44.423,60.500,189.648]","[60.000,23.000,0.000]","[0.490,0.173,-0.100,0.849]","[44.423,60.500,189.648]","[84.707,125.087,199.380]",[],[]
17,Environment/DoubleColorLaserL (2)/TopBoxLight,"[-44.423,60.500,159.648]","[60.000,337.000,0.000]","[0.490,-0.173,0.100,0.849]","[-44.423,60.500,159.648]","[84.707,125.087,199.380]",[],[]
17,Environment/DoubleColorLaserR (1)/TopBoxLight,"[44.423,60.500,169.648]","[60.000,23.000,0.000]","[0.490,0.173,-0.100,0.849]","[44.423,60.500,169.648]","[84.707,125.087,199.380]",[],[]
17,Environment/DoubleColorLaserL/TopBoxLight,"[-44.423,60.500,179.648]","[60.000,337.000,0.000]","[0.490,-0.173,0.100,0.849]","[-44.423,60.500,179.648]","[84.707,125.087,199.380]",[],[]
17,Environment/DoubleColorLaserR (3)/TopBoxLight,"[44.423,60.500,149.648]","[60.000,23.000,0.000]","[0.490,0.173,-0.100,0.849]","[44.423,60.500,149.648]","[84.707,125.087,199.380]",[],[]
17,Environment/DoubleColorLaserL (3)/TopBoxLight,"[-44.423,60.500,149.648]","[60.000,337.000,0.000]","[0.490,-0.173,0.100,0.849]","[-44.423,60.500,149.648]","[84.707,125.087,199.380]",[],[]
17,Environment/DoubleColorLaserL (4)/TopBoxLight,"[-44.423,60.500,189.648]","[60.000,337.000,0.000]","[0.490,-0.173,0.100,0.849]","[-44.423,60.500,189.648]","[84.707,125.087,199.380]",[],[]
17,Environment/DoubleColorLaserR (2)/BottomBoxLight,"[-40.173,-64.500,-39.648]","[60.000,23.000,0.000]","[0.490,0.173,-0.100,0.849]","[-40.173,-64.500,-39.648]","[84.707,125.087,199.380]",[],[]
17,Environment/DoubleColorLaserR (1)/BottomBoxLight,"[-40.173,-64.500,-29.648]","[60.000,23.000,0.000]","[0.490,0.173,-0.100,0.849]","[-40.173,-64.500,-29.648]","[84.707,125.087,199.380]",[],[]
17,Environment/DoubleColorLaserR (4)/BottomBoxLight,"[-40.173,-64.500,-9.648]","[60.000,23.000,0.000]","[0.490,0.173,-0.100,0.849]","[-40.173,-64.500,-9.648]","[84.707,125.087,199.380]",[],[]
17,Environment/DoubleColorLaserL (1)/BottomBoxLight,"[40.173,-64.500,-29.648]","[60.000,337.000,0.000]","[0.490,-0.173,0.100,0.849]","[40.173,-64.500,-29.648]","[84.707,125.087,199.380]",[],[]
17,Environment/DoubleColorLaserL (2)/BottomBoxLight,"[40.173,-64.500,-39.648]","[60.000,337.000,0.000]","[0.490,-0.173,0.100,0.849]","[40.173,-64.500,-39.648]","[84.707,125.087,199.380]",[],[]
17,Environment/DoubleColorLaserL/BottomBoxLight,"[40.173,-64.500,-19.648]","[60.000,337.000,0.000]","[0.490,-0.173,0.100,0.849]","[40.173,-64.500,-19.648]","[84.707,125.087,199.380]",[],[]
17,Environment/DoubleColorLaserL (3)/BottomBoxLight,"[40.173,-64.500,-49.648]","[60.000,337.000,0.000]","[0.490,-0.173,0.100,0.849]","[40.173,-64.500,-49.648]","[84.707,125.087,199.380]",[],[]
17,Environment/DoubleColorLaserL (4)/BottomBoxLight,"[40.173,-64.500,-9.648]","[60.000,337.000,0.000]","[0.490,-0.173,0.100,0.849]","[40.173,-64.500,-9.648]","[84.707,125.087,199.380]",[],[]
17,Environment/DoubleColorLaserR (3)/BottomBoxLight,"[-40.173,-64.500,-49.648]","[60.000,23.000,0.000]","[0.490,0.173,-0.100,0.849]","[-40.173,-64.500,-49.648]","[84.707,125.087,199.380]",[],[]
17,Environment/DoubleColorLaserL,"[-2.125,-2.000,80.000]","[60.000,337.000,0.000]","[0.490,-0.173,0.100,0.849]",[],[],[],[]
17,Environment/DoubleColorLaserL (3),"[-2.125,-2.000,50.000]","[60.000,337.000,0.000]","[0.490,-0.173,0.100,0.849]",[],[],[],[]
17,Environment/DoubleColorLaserL (4),"[-2.125,-2.000,90.000]","[60.000,337.000,0.000]","[0.490,-0.173,0.100,0.849]",[],[],[],[]
17,Environment/DoubleColorLaserR (3),"[2.125,-2.000,50.000]","[60.000,23.000,0.000]","[0.490,0.173,-0.100,0.849]",[],[],[],[]
17,Environment/DoubleColorLaserR (2),"[2.125,-2.000,60.000]","[60.000,23.000,0.000]","[0.490,0.173,-0.100,0.849]",[],[],[],[]
17,Environment/DoubleColorLaserR (1),"[2.125,-2.000,70.000]","[60.000,23.000,0.000]","[0.490,0.173,-0.100,0.849]",[],[],[],[]
17,Environment/DoubleColorLaserL (1),"[-2.125,-2.000,70.000]","[60.000,337.000,0.000]","[0.490,-0.173,0.100,0.849]",[],[],[],[]
17,Environment/DoubleColorLaserR (4),"[2.125,-2.000,90.000]","[60.000,23.000,0.000]","[0.490,0.173,-0.100,0.849]",[],[],[],[]
17,Environment/DoubleColorLaserL (2),"[-2.125,-2.000,60.000]","[60.000,337.000,0.000]","[0.490,-0.173,0.100,0.849]",[],[],[],[]
17,Environment/DoubleColorLaserR (1)/TopBakedBloom,"[2.125,-2.000,70.000]","[60.000,23.000,0.000]","[0.490,0.173,-0.100,0.849]","[2.125,-2.000,70.000]","[0.000,0.000,0.000]",[],[]
17,Environment/DoubleColorLaserL (2)/TopBakedBloom,"[-2.125,-2.000,60.000]","[60.000,337.000,0.000]","[0.490,-0.173,0.100,0.849]","[-2.125,-2.000,60.000]","[0.000,0.000,0.000]",[],[]
17,Environment/DoubleColorLaserL (1)/TopBakedBloom,"[-2.125,-2.000,70.000]","[60.000,337.000,0.000]","[0.490,-0.173,0.100,0.849]","[-2.125,-2.000,70.000]","[0.000,0.000,0.000]",[],[]
17,Environment/DoubleColorLaserR (4)/TopBakedBloom,"[2.125,-2.000,90.000]","[60.000,23.000,0.000]","[0.490,0.173,-0.100,0.849]","[2.125,-2.000,90.000]","[0.000,0.000,0.000]",[],[]
17,Environment/DoubleColorLaserR (2)/TopBakedBloom,"[2.125,-2.000,60.000]","[60.000,23.000,0.000]","[0.490,0.173,-0.100,0.849]","[2.125,-2.000,60.000]","[0.000,0.000,0.000]",[],[]
17,Environment/DoubleColorLaserL (4)/TopBakedBloom,"[-2.125,-2.000,90.000]","[60.000,337.000,0.000]","[0.490,-0.173,0.100,0.849]","[-2.125,-2.000,90.000]","[0.000,0.000,0.000]",[],[]
17,Environment/DoubleColorLaserL (3)/TopBakedBloom,"[-2.125,-2.000,50.000]","[60.000,337.000,0.000]","[0.490,-0.173,0.100,0.849]","[-2.125,-2.000,50.000]","[0.000,0.000,0.000]",[],[]
17,Environment/DoubleColorLaserR (3)/TopBakedBloom,"[2.125,-2.000,50.000]","[60.000,23.000,0.000]","[0.490,0.173,-0.100,0.849]","[2.125,-2.000,50.000]","[0.000,0.000,0.000]",[],[]
17,Environment/DoubleColorLaserL/TopBakedBloom,"[-2.125,-2.000,80.000]","[60.000,337.000,0.000]","[0.490,-0.173,0.100,0.849]","[-2.125,-2.000,80.000]","[0.000,0.000,0.000]",[],[]
17,Environment/BasicGameHUD/EnergyPanel/Laser,"[0.000,-0.640,6.950]","[0.000,0.000,90.000]","[0.000,0.000,0.707,0.707]",[],[],[],[]
17,Environment/BasicGameHUD/EnergyPanel/Laser/BoxLight,"[0.000,-0.640,6.950]","[0.000,0.000,90.000]","[0.000,0.000,0.707,0.707]","[0.000,-0.640,6.950]","[134.340,0.005,0.005]",[],[]
17,Environment/BasicGameHUD/EnergyPanel/Laser/BakedBloom,"[0.000,-0.640,6.950]","[0.000,0.000,90.000]","[0.000,0.000,0.707,0.707]","[0.000,-0.640,6.950]","[0.000,0.000,0.000]",[],[]
17,Environment/BasicGameHUD/RightPanel/SongProgressCanvas/ProgressText/Progress/ProgressColon,"[2.881,0.635,6.990]","[0.000,0.000,0.000]","[0.000,0.000,0.000,1.000]",[],[],[],[]
17,Environment/BasicGameHUD/RightPanel/SongProgressCanvas/ProgressText/Duration/DurationColon,"[3.396,0.635,6.990]","[0.000,0.000,0.000]","[0.000,0.000,0.000,1.000]",[],[],[],[]
17,Environment/CoreLighting/DirectionalLight,"[0.000,18.600,30.000]","[90.000,0.000,0.000]","[0.707,0.000,0.000,0.707]",[],[],[],[]
17,Environment/BasicGameHUD/LeftPanel/ComboPanel/Line0,"[-3.200,2.180,7.000]","[0.000,0.000,0.000]","[0.000,0.000,0.000,1.000]",[],[],[],[]
17,Environment/Spectrograms/Spectrogram/Spectrogram0,"[12.000,4.000,27.750]","[270.020,0.000,0.000]","[-0.707,0.000,0.000,0.707]","[12.000,-26.000,-43.125]","[0.900,60.000,142.650]",[],[]
17,Environment/Spectrograms/Spectrogram/Spectrogram0,"[-12.000,4.000,27.750]","[270.020,0.000,0.000]","[-0.707,0.000,0.000,0.707]","[-12.000,-26.000,-43.125]","[0.900,60.000,142.650]",[],[]
17,Environment/BasicGameHUD/RightPanel/SongProgressCanvas/ProgressText/Progress,"[2.935,0.760,6.990]","[0.000,0.000,0.000]","[0.000,0.000,0.000,1.000]",[],[],[],[]
17,Environment/CoreLighting/LightWrapper0,"[6.000,5.000,20.000]","[0.000,0.000,0.000]","[0.000,0.000,0.000,1.000]",[],[],[],[]
17,Environment/CoreLighting/DirectionalLight,"[0.000,-2.000,30.000]","[333.000,180.000,180.000]","[-0.972,0.000,0.000,0.233]",[],[],[],[]
17,Environment/CoreLighting/LightWrapper1,"[-6.000,5.000,20.000]","[0.000,0.000,0.000]","[0.000,0.000,0.000,1.000]",[],[],[],[]
17,Environment/NearBuildingLeft (2)/NeonTube (2)/BoxLight,"[-20.000,180.000,19.000]","[0.000,0.000,0.000]","[0.000,0.000,0.000,1.000]","[-20.000,180.000,19.000]","[0.200,300.000,0.200]",[],[]
17,Environment/NearBuildingLeft (1)/NeonTube (2)/BoxLight,"[-10.000,177.000,-14.000]","[0.000,0.000,0.000]","[0.000,0.000,0.000,1.000]","[-10.000,177.000,-14.000]","[0.200,300.000,0.200]",[],[]
17,Environment/NearBuildingLeft (1)/NeonTube (2),"[-10.000,27.000,-14.000]","[0.000,0.000,0.000]","[0.000,0.000,0.000,1.000]",[],[],[],[]
17,Environment/NearBuildingLeft (2)/NeonTube (2),"[-20.000,30.000,19.000]","[0.000,0.000,0.000]","[0.000,0.000,0.000,1.000]",[],[],[],[]
17,Environment/NearBuildingLeft (1)/NeonTube (2)/BakedBloom,"[-10.000,27.000,-14.000]","[0.000,90.000,0.000]","[0.000,0.707,0.000,0.707]","[-10.000,27.000,-14.000]","[0.000,0.000,0.000]",[],[]
17,Environment/NearBuildingLeft (2)/NeonTube (2)/BakedBloom,"[-20.000,30.000,19.000]","[0.000,90.000,0.000]","[0.000,0.707,0.000,0.707]","[-20.000,30.000,19.000]","[0.000,0.000,0.000]",[],[]
17,Environment/BasicGameHUD/EnergyPanel/FailIcon,"[0.000,-0.650,7.750]","[0.000,0.000,0.000]","[0.000,0.000,0.000,1.000]",[],[],[],[]
17,Environment/BasicGameHUD/EnergyPanel/BarBG,"[0.000,-0.640,7.750]","[0.000,0.000,0.000]","[0.000,0.000,0.000,1.000]",[],[],[],[]
17,Environment/BasicGameHUD/RightPanel/RecordingPanel,"[3.200,0.230,7.000]","[0.000,0.000,0.000]","[0.000,0.000,0.000,1.000]",[],[],[],[]
17,Environment/NearBuildingRight (1)/NeonTubeDirectional (1)/BoxLight,"[7.450,-5.500,-18.000]","[0.000,180.000,0.000]","[0.000,1.000,0.000,0.000]","[7.450,-5.500,-18.000]","[0.200,20.000,0.200]",[],[]
17,Environment/NearBuildingRight (2)/NeonTubeDirectional (1)/BoxLight,"[17.450,-2.500,15.000]","[0.000,180.000,0.000]","[0.000,1.000,0.000,0.000]","[17.450,-2.500,15.000]","[0.200,20.000,0.200]",[],[]
17,Environment/NearBuildingRight (2)/NeonTubeDirectional (1)/BakedBloom,"[17.450,-2.500,15.000]","[0.000,90.000,0.000]","[0.000,0.707,0.000,0.707]","[17.450,-2.500,15.000]","[0.000,0.000,0.000]",[],[]
17,Environment/NearBuildingRight (1)/NeonTubeDirectional (1)/BakedBloom,"[7.450,-5.500,-18.000]","[0.000,90.000,0.000]","[0.000,0.707,0.000,0.707]","[7.450,-5.500,-18.000]","[0.000,0.000,0.000]",[],[]
17,Environment/NearBuildingRight (2)/NeonTubeDirectional (1),"[17.450,-2.500,15.000]","[0.000,180.000,0.000]","[0.000,1.000,0.000,0.000]",[],[],[],[]
17,Environment/NearBuildingRight (1)/NeonTubeDirectional (1),"[7.450,-5.500,-18.000]","[0.000,180.000,0.000]","[0.000,1.000,0.000,0.000]",[],[],[],[]
17,Environment/BasicGameHUD/RightPanel/RecordingPanel/RecordingText,"[3.292,0.216,7.000]","[0.000,0.000,0.000]","[0.000,0.000,0.000,1.000]",[],[],[],[]
17,Environment/NearBuildingLeft (2)/NeonTubeDirectional/BoxLight,"[-17.450,0.000,19.000]","[0.000,0.000,0.000]","[0.000,0.000,0.000,1.000]","[-17.450,0.000,19.000]","[0.200,20.000,0.200]",[],[]
17,Environment/NearBuildingLeft (1)/NeonTubeDirectional/BoxLight,"[-7.450,-3.000,-14.000]","[0.000,0.000,0.000]","[0.000,0.000,0.000,1.000]","[-7.450,-3.000,-14.000]","[0.200,20.000,0.200]",[],[]
17,Environment/NearBuildingLeft (1)/NeonTubeDirectional,"[-7.450,-3.000,-14.000]","[0.000,0.000,0.000]","[0.000,0.000,0.000,1.000]",[],[],[],[]
17,Environment/NearBuildingLeft (2)/NeonTubeDirectional,"[-17.450,0.000,19.000]","[0.000,0.000,0.000]","[0.000,0.000,0.000,1.000]",[],[],[],[]
17,Environment/NearBuildingLeft (1)/NeonTubeDirectional/BakedBloom,"[-7.450,-3.000,-14.000]","[0.000,270.000,0.000]","[0.000,-0.707,0.000,0.707]","[-7.450,-3.000,-14.000]","[0.000,0.000,0.000]",[],[]
17,Environment/NearBuildingLeft (2)/NeonTubeDirectional/BakedBloom,"[-17.450,0.000,19.000]","[0.000,270.000,0.000]","[0.000,-0.707,0.000,0.707]","[-17.450,0.000,19.000]","[0.000,0.000,0.000]",[],[]
17,Environment/PlayersPlace/Collider,"[0.000,-0.090,0.000]","[0.000,0.000,0.000]","[0.000,0.000,0.000,1.000]",[],[],"[0.000,-0.090,0.000]","[3.000,0.200,2.000]"
17,Environment/LightmapLightWithIds,"[0.000,0.000,0.000]","[0.000,0.000,0.000]","[0.000,0.000,0.000,1.000]",[],[],[],[]
17,Environment/BakedReflectionProbe,"[0.000,1.500,5.000]","[0.000,0.000,0.000]","[0.000,0.000,0.000,1.000]",[],[],[],[]
17,Environment/NearBuildingRight (1)/NeonTube (2),"[10.000,27.000,-14.000]","[0.000,0.000,0.000]","[0.000,0.000,0.000,1.000]",[],[],[],[]
17,Environment/NearBuildingRight (2)/NeonTube (2),"[20.000,30.000,19.000]","[0.000,0.000,0.000]","[0.000,0.000,0.000,1.000]",[],[],[],[]
17,Environment/NearBuildingRight (1)/NeonTube (2)/BakedBloom,"[10.000,27.000,-14.000]","[0.000,90.000,0.000]","[0.000,0.707,0.000,0.707]","[10.000,27.000,-14.000]","[0.000,0.000,0.000]",[],[]
17,Environment/NearBuildingRight (2)/NeonTube (2)/BakedBloom,"[20.000,30.000,19.000]","[0.000,90.000,0.000]","[0.000,0.707,0.000,0.707]","[20.000,30.000,19.000]","[0.000,0.000,0.000]",[],[]
17,Environment/NearBuildingRight (2)/NeonTube (2)/BoxLight,"[20.000,180.000,19.000]","[0.000,0.000,0.000]","[0.000,0.000,0.000,1.000]","[20.000,180.000,19.000]","[0.200,300.000,0.200]",[],[]
17,Environment/NearBuildingRight (1)/NeonTube (2)/BoxLight,"[10.000,177.000,-14.000]","[0.000,0.000,0.000]","[0.000,0.000,0.000,1.000]","[10.000,177.000,-14.000]","[0.200,300.000,0.200]",[],[]
17,Environment/BasicGameHUD/RightPanel/SongProgressCanvas/Slider/Handle Slide Area,"[3.200,0.940,6.990]","[0.000,0.000,0.000]","[0.000,0.000,0.000,1.000]",[],[],[],[]
17,Environment/BasicGameHUD/RightPanel/SongProgressCanvas/ProgressText/Progress/ProgressSeconds,"[3.050,0.620,6.990]","[0.000,0.000,0.000]","[0.000,0.000,0.000,1.000]",[],[],[],[]
17,Environment/BasicGameHUD/RightPanel/SongProgressCanvas/Slider/Background,"[3.200,0.940,6.990]","[0.000,0.000,0.000]","[0.000,0.000,0.000,1.000]",[],[],[],[]
17,Environment/BasicGameHUD/RightPanel/SongProgressCanvas/Progress,"[2.700,0.970,6.990]","[0.000,0.000,0.000]","[0.000,0.000,0.000,1.000]",[],[],[],[]
17,Environment/BasicGameHUD/RightPanel/SongProgressCanvas/Slider,"[3.200,0.980,6.990]","[0.000,0.000,0.000]","[0.000,0.000,0.000,1.000]",[],[],[],[]
17,Environment/BasicGameHUD/RightPanel/SongProgressCanvas/ProgressText/Duration/DurationMinutes,"[3.280,0.620,6.990]","[0.000,0.000,0.000]","[0.000,0.000,0.000,1.000]",[],[],[],[]
17,Environment/BasicGameHUD/RightPanel/SongProgressCanvas,"[3.200,0.800,6.990]","[0.000,0.000,0.000]","[0.000,0.000,0.000,1.000]",[],[],[],[]
17,Environment/BasicGameHUD/RightPanel/SongProgressCanvas/ProgressText/Duration/DurationSeconds,"[3.560,0.620,6.990]","[0.000,0.000,0.000]","[0.000,0.000,0.000,1.000]",[],[],[],[]
17,Environment/BasicGameHUD/RightPanel/SongProgressCanvas/Slider/Handle Slide Area/Handle,"[2.700,0.940,6.990]","[0.000,0.000,0.000]","[0.000,0.000,0.000,1.000]",[],[],[],[]
17,Environment/BasicGameHUD/RightPanel/SongProgressCanvas/ProgressText/Progress/ProgressMinutes,"[2.764,0.620,6.990]","[0.000,0.000,0.000]","[0.000,0.000,0.000,1.000]",[],[],[],[]
17,Environment/BasicGameHUD/LeftPanel/ComboPanel/Line1,"[-3.200,1.480,7.000]","[0.000,0.000,0.000]","[0.000,0.000,0.000,1.000]",[],[],[],[]
17,Environment/NeonTubeL,"[-4.250,-0.100,8.300]","[90.000,0.000,0.000]","[0.707,0.000,0.000,0.707]",[],[],[],[]
17,Environment/NeonTubeR,"[4.250,-0.100,8.300]","[90.000,0.000,0.000]","[0.707,0.000,0.000,0.707]",[],[],[],[]
17,Environment/NeonTubeL/BakedBloom,"[-4.250,-0.100,8.300]","[0.000,90.000,90.000]","[0.500,0.500,0.500,0.500]","[-4.250,-0.100,8.300]","[0.000,0.000,0.000]",[],[]
17,Environment/NeonTubeR/BakedBloom,"[4.250,-0.100,8.300]","[0.000,90.000,90.000]","[0.500,0.500,0.500,0.500]","[4.250,-0.100,8.300]","[0.000,0.000,0.000]",[],[]
17,Environment/NeonTubeR/BoxLight,"[4.250,-0.100,258.300]","[90.000,0.000,0.000]","[0.707,0.000,0.000,0.707]","[4.250,-0.100,258.300]","[0.040,0.040,500.000]",[],[]
17,Environment/NeonTubeL/BoxLight,"[-4.250,-0.100,258.300]","[90.000,0.000,0.000]","[0.707,0.000,0.000,0.707]","[-4.250,-0.100,258.300]","[0.040,0.040,500.000]",[],[]
17,Environment/FakeMirrorSettings,"[0.000,0.000,0.000]","[0.000,0.000,0.000]","[0.000,0.000,0.000,1.000]",[],[],[],[]
17,Environment/BasicGameHUD/EnergyPanel/EnergyBarWrapper,"[0.000,-0.640,7.750]","[0.000,0.000,0.000]","[0.000,0.000,0.000,1.000]",[],[],[],[]
17,Environment/FrontLights/NeonTube (1)/BoxLight,"[-0.974,3.933,65.000]","[0.000,0.000,305.000]","[0.000,0.000,-0.462,0.887]","[-0.974,3.933,65.000]","[2.163,1.598,0.200]",[],[]
17,Environment/FrontLights/NeonTube (1)/BakedBloom,"[0.050,4.650,65.000]","[55.000,90.000,0.000]","[0.327,0.627,-0.327,0.627]","[0.050,4.650,65.000]","[0.000,0.000,0.000]",[],[]
17,Environment/FrontLights/NeonTube (1),"[0.050,4.650,65.000]","[0.000,0.000,305.000]","[0.000,0.000,-0.462,0.887]",[],[],[],[]
17,Environment/Spectrograms/Spectrogram/Spectrogram1,"[-12.000,4.000,30.000]","[270.020,0.000,0.000]","[-0.707,0.000,0.000,0.707]","[-12.000,-26.000,100.875]","[0.900,60.000,142.650]",[],[]
17,Environment/Spectrograms/Spectrogram/Spectrogram1,"[12.000,4.000,30.000]","[270.020,0.000,0.000]","[-0.707,0.000,0.000,0.707]","[12.000,-26.000,100.875]","[0.900,60.000,142.650]",[],[]
17,Environment/RotatingLasersPair (1)/BaseR/Laser,"[7.000,2.000,45.000]","[0.000,0.000,55.000]","[0.000,0.000,0.462,0.887]",[],[],[],[]
17,Environment/RotatingLasersPair (2)/BaseR/Laser,"[7.000,2.000,40.000]","[0.000,0.000,55.000]","[0.000,0.000,0.462,0.887]",[],[],[],[]
17,Environment/RotatingLasersPair (3)/BaseR/Laser,"[7.000,2.000,35.000]","[0.000,0.000,55.000]","[0.000,0.000,0.462,0.887]",[],[],[],[]
17,Environment/RotatingLasersPair (1)/BaseR/Laser/BakedBloom,"[7.000,2.000,45.000]","[305.000,90.000,0.000]","[-0.327,0.627,0.327,0.627]","[7.000,2.000,45.000]","[0.000,0.000,0.000]",[],[]
17,Environment/RotatingLasersPair (2)/BaseR/Laser/BakedBloom,"[7.000,2.000,40.000]","[305.000,90.000,0.000]","[-0.327,0.627,0.327,0.627]","[7.000,2.000,40.000]","[0.000,0.000,0.000]",[],[]
17,Environment/RotatingLasersPair (3)/BaseR/Laser/BakedBloom,"[7.000,2.000,35.000]","[305.000,90.000,0.000]","[-0.327,0.627,0.327,0.627]","[7.000,2.000,35.000]","[0.000,0.000,0.000]",[],[]
17,Environment/RotatingLasersPair (3)/BaseR/Laser/BoxLight,"[-189.597,139.658,35.000]","[0.000,0.000,55.000]","[0.000,0.000,0.462,0.887]","[-189.597,139.658,35.000]","[409.633,286.870,0.100]",[],[]
17,Environment/RotatingLasersPair (2)/BaseR/Laser/BoxLight,"[-189.597,139.658,40.000]","[0.000,0.000,55.000]","[0.000,0.000,0.462,0.887]","[-189.597,139.658,40.000]","[409.633,286.870,0.100]",[],[]
17,Environment/RotatingLasersPair (1)/BaseR/Laser/BoxLight,"[-189.597,139.658,45.000]","[0.000,0.000,55.000]","[0.000,0.000,0.462,0.887]","[-189.597,139.658,45.000]","[409.633,286.870,0.100]",[],[]
17,Environment/RotatingLasersPair (3)/BaseL/Laser/BoxLight,"[189.597,139.658,35.000]","[0.000,0.000,305.000]","[0.000,0.000,-0.462,0.887]","[189.597,139.658,35.000]","[409.633,286.870,0.100]",[],[]
17,Environment/RotatingLasersPair (1)/BaseL/Laser/BoxLight,"[189.597,139.658,45.000]","[0.000,0.000,305.000]","[0.000,0.000,-0.462,0.887]","[189.597,139.658,45.000]","[409.633,286.870,0.100]",[],[]
17,Environment/RotatingLasersPair (2)/BaseL/Laser/BoxLight,"[189.597,139.658,40.000]","[0.000,0.000,305.000]","[0.000,0.000,-0.462,0.887]","[189.597,139.658,40.000]","[409.633,286.870,0.100]",[],[]
17,Environment/RotatingLasersPair (2)/BaseL/Laser,"[-7.000,2.000,40.000]","[0.000,0.000,305.000]","[0.000,0.000,-0.462,0.887]",[],[],[],[]
17,Environment/RotatingLasersPair (1)/BaseL/Laser,"[-7.000,2.000,45.000]","[0.000,0.000,305.000]","[0.000,0.000,-0.462,0.887]",[],[],[],[]
17,Environment/RotatingLasersPair (3)/BaseL/Laser,"[-7.000,2.000,35.000]","[0.000,0.000,305.000]","[0.000,0.000,-0.462,0.887]",[],[],[],[]
17,Environment/RotatingLasersPair (2)/BaseL/Laser/BakedBloom,"[-7.000,2.000,40.000]","[55.000,90.000,0.000]","[0.327,0.627,-0.327,0.627]","[-7.000,2.000,40.000]","[0.000,0.000,0.000]",[],[]
17,Environment/RotatingLasersPair (1)/BaseL/Laser/BakedBloom,"[-7.000,2.000,45.000]","[55.000,90.000,0.000]","[0.327,0.627,-0.327,0.627]","[-7.000,2.000,45.000]","[0.000,0.000,0.000]",[],[]
17,Environment/RotatingLasersPair (3)/BaseL/Laser/BakedBloom,"[-7.000,2.000,35.000]","[55.000,90.000,0.000]","[0.327,0.627,-0.327,0.627]","[-7.000,2.000,35.000]","[0.000,0.000,0.000]",[],[]
17,Environment/FrontLights/NeonTube/BakedBloom,"[-0.050,4.650,65.000]","[305.000,90.000,0.000]","[-0.327,0.627,0.327,0.627]","[-0.050,4.650,65.000]","[0.000,0.000,0.000]",[],[]
17,Environment/FrontLights/NeonTube,"[-0.050,4.650,65.000]","[0.000,0.000,55.000]","[0.000,0.000,0.462,0.887]",[],[],[],[]
17,Environment/FrontLights/NeonTube/BoxLight,"[0.974,3.933,65.000]","[0.000,0.000,55.000]","[0.000,0.000,0.462,0.887]","[0.974,3.933,65.000]","[2.163,1.598,0.200]",[],[]
17,Environment/CoreLighting/LightWrapper0/DirectionalLight,"[6.000,5.000,20.000]","[4.000,215.000,180.000]","[0.953,0.010,-0.301,0.033]",[],[],[],[]
17,Environment/CoreLighting/LightWrapper1/DirectionalLight,"[-6.000,5.000,20.000]","[4.000,145.000,180.000]","[0.953,-0.010,0.301,0.033]",[],[],[],[]
17,Environment/RotatingLasersPair (2),"[0.000,2.000,40.000]","[0.000,0.000,0.000]","[0.000,0.000,0.000,1.000]",[],[],[],[]
17,Environment/RotatingLasersPair (1),"[0.000,2.000,45.000]","[0.000,0.000,0.000]","[0.000,0.000,0.000,1.000]",[],[],[],[]
17,Environment/RotatingLasersPair (3),"[0.000,2.000,35.000]","[0.000,0.000,0.000]","[0.000,0.000,0.000,1.000]",[],[],[],[]
17,Environment/RotatingLasersPair (1)/BaseL,"[-7.000,2.000,45.000]","[0.000,0.000,0.000]","[0.000,0.000,0.000,1.000]",[],[],[],[]
17,Environment/RotatingLasersPair (2)/BaseL,"[-7.000,2.000,40.000]","[0.000,0.000,0.000]","[0.000,0.000,0.000,1.000]",[],[],[],[]
17,Environment/RotatingLasersPair (3)/BaseL,"[-7.000,2.000,35.000]","[0.000,0.000,0.000]","[0.000,0.000,0.000,1.000]",[],[],[],[]
17,Environment/RotatingLasersPair (3)/BaseR,"[7.000,2.000,35.000]","[0.000,0.000,0.000]","[0.000,0.000,0.000,1.000]",[],[],[],[]
17,Environment/RotatingLasersPair (2)/BaseR,"[7.000,2.000,40.000]","[0.000,0.000,0.000]","[0.000,0.000,0.000,1.000]",[],[],[],[]
17,Environment/RotatingLasersPair (1)/BaseR,"[7.000,2.000,45.000]","[0.000,0.000,0.000]","[0.000,0.000,0.000,1.000]",[],[],[],[]
17,Environment/NearBuildingRight (2)/NeonTubeDirectional/BoxLight,"[17.450,0.000,19.000]","[0.000,180.000,0.000]","[0.000,1.000,0.000,0.000]","[17.450,0.000,19.000]","[0.200,20.000,0.200]",[],[]
17,Environment/NearBuildingRight (1)/NeonTubeDirectional/BoxLight,"[7.450,-3.000,-14.000]","[0.000,180.000,0.000]","[0.000,1.000,0.000,0.000]","[7.450,-3.000,-14.000]","[0.200,20.000,0.200]",[],[]
17,Environment/NearBuildingRight (1)/NeonTubeDirectional,"[7.450,-3.000,-14.000]","[0.000,180.000,0.000]","[0.000,1.000,0.000,0.000]",[],[],[],[]
17,Environment/NearBuildingRight (2)/NeonTubeDirectional,"[17.450,0.000,19.000]","[0.000,180.000,0.000]","[0.000,1.000,0.000,0.000]",[],[],[],[]
17,Environment/NearBuildingRight (1)/NeonTubeDirectional/BakedBloom,"[7.450,-3.000,-14.000]","[0.000,90.000,0.000]","[0.000,0.707,0.000,0.707]","[7.450,-3.000,-14.000]","[0.000,0.000,0.000]",[],[]
17,Environment/NearBuildingRight (2)/NeonTubeDirectional/BakedBloom,"[17.450,0.000,19.000]","[0.000,90.000,0.000]","[0.000,0.707,0.000,0.707]","[17.450,0.000,19.000]","[0.000,0.000,0.000]",[],[]
17,Environment/BasicGameHUD/RightPanel/SongProgressCanvas/ProgressText/Duration,"[3.180,0.760,6.990]","[0.000,0.000,0.000]","[0.000,0.000,0.000,1.000]",[],[],[],[]
18,Environment/SceneSetup,"[0.000,0.000,0.000]","[0.000,0.000,0.000]","[0.000,0.000,0.000,1.000]",[],[],[],[]
18,Environment/====== STATIC ======,"[0.000,0.000,0.000]","[0.000,0.000,0.000]","[0.000,0.000,0.000,1.000]",[],[],[],[]
18,Environment/====== DYNAMIC ======,"[0.000,0.000,0.000]","[0.000,0.000,0.000]","[0.000,0.000,0.000,1.000]",[],[],[],[]
18,Environment/TrackMirror/SetDepthOnly,"[0.000,0.000,7.800]","[0.000,0.000,0.000]","[0.000,0.000,0.000,1.000]","[0.000,0.000,131.375]","[4.750,0.000,247.250]",[],[]
18,Environment/====== LIGHTS ======,"[0.000,0.000,0.000]","[0.000,0.000,0.000]","[0.000,0.000,0.000,1.000]",[],[],[],[]
18,Environment/TrackMirror,"[0.000,0.000,7.800]","[0.000,0.000,0.000]","[0.000,0.000,0.000,1.000]","[0.000,0.000,131.375]","[4.750,0.000,247.250]",[],[]
18,Environment/GradientBackground,"[0.000,0.000,0.000]","[0.000,0.000,0.000]","[0.000,0.000,0.000,1.000]",[],[],[],[]
18,Environment/CoreLighting,"[0.000,0.000,0.000]","[0.000,0.000,0.000]","[0.000,0.000,0.000,1.000]",[],[],[],[]
18,Environment/DecoratorContext,"[0.000,0.000,0.000]","[0.000,0.000,0.000]","[0.000,0.000,0.000,1.000]",[],[],[],[]
18,Environment/TrackConstruction,"[0.000,0.000,0.000]","[0.000,0.000,0.000]","[0.000,0.000,0.000,1.000]","[0.000,-80.125,0.000]","[29.100,160.750,1000.000]",[],[]
18,Environment,"[0.000,0.000,0.000]","[0.000,0.000,0.000]","[0.000,0.000,0.000,1.000]",[],[],[],[]
18,Environment/CoreLighting/LightManager,"[0.000,0.000,0.000]","[0.000,0.000,0.000]","[0.000,0.000,0.000,1.000]",[],[],[],[]
18,Environment/BasicGameHUD/RightPanel/MultiplierCanvas/BGCircle,"[3.200,1.700,7.000]","[0.000,0.000,0.000]","[0.000,0.000,0.000,1.000]",[],[],[],[]
18,Environment/BasicGameHUD/LeftPanel/ScoreCanvas/ImmediateRankText,"[-3.200,0.890,7.000]","[0.000,0.000,0.000]","[0.000,0.000,0.000,1.000]",[],[],[],[]
18,Environment/RotatingLasersPair/BaseR,"[7.000,2.000,50.000]","[0.000,0.000,0.000]","[0.000,0.000,0.000,1.000]",[],[],[],[]
18,Environment/BasicGameHUD/RightPanel/MultiplierCanvas,"[3.200,1.700,7.000]","[0.000,0.000,0.000]","[0.000,0.000,0.000,1.000]",[],[],[],[]
18,Environment/BackColumns/BackColumnNeon/BoxLight,"[3.000,0.239,-19.100]","[340.000,0.000,0.000]","[-0.174,0.000,0.000,0.985]","[3.000,0.239,-19.100]","[0.200,94.038,34.390]",[],[]
18,Environment/BasicGameHUD/RightPanel/MultiplierCanvas/TextPanel/NumText,"[2.987,1.642,7.000]","[0.000,0.000,0.000]","[0.000,0.000,0.000,1.000]",[],[],[],[]
18,Environment/BasicGameHUD/LeftPanel/ScoreCanvas/ScoreText,"[-3.200,1.300,7.000]","[0.000,0.000,0.000]","[0.000,0.000,0.000,1.000]",[],[],[],[]
18,Environment/DoubleColorLaserR/TopBoxLight,"[44.423,60.500,179.648]","[60.000,23.000,0.000]","[0.490,0.173,-0.100,0.849]","[44.423,60.500,179.648]","[84.707,125.087,199.380]",[],[]
18,Environment/RotatingLasersPair,"[0.000,2.000,50.000]","[0.000,0.000,0.000]","[0.000,0.000,0.000,1.000]",[],[],[],[]
18,Environment/BasicGameHUD/EnergyPanel/EnergyIconFull,"[5.870,-0.640,7.750]","[0.000,0.000,0.000]","[0.000,0.000,0.000,1.000]",[],[],[],[]
18,Environment/BasicGameHUD/LeftPanel/ComboPanel/ComboCanvas/NumText,"[-3.200,1.870,7.000]","[0.000,0.000,0.000]","[0.000,0.000,0.000,1.000]",[],[],[],[]
18,Environment/LightEffects,"[0.000,0.000,0.000]","[0.000,0.000,0.000]","[0.000,0.000,0.000,1.000]",[],[],[],[]
18,Environment/RotatingLasersPair/BaseL,"[-7.000,2.000,50.000]","[0.000,0.000,0.000]","[0.000,0.000,0.000,1.000]",[],[],[],[]
18,Environment/BasicGameHUD/LeftPanel/ScoreCanvas/RelativeScoreText,"[-3.200,0.952,7.000]","[0.000,0.000,0.000]","[0.000,0.000,0.000,1.000]",[],[],[],[]
18,Environment/BasicGameHUD/RightPanel/MultiplierCanvas/TextPanel,"[3.187,1.642,7.000]","[0.000,0.000,0.000]","[0.000,0.000,0.000,1.000]",[],[],[],[]
18,Environment/BackColumns/BackColumnNeon/BakedBloom,"[-3.000,0.239,-19.100]","[20.000,180.000,0.000]","[0.000,0.985,-0.174,0.000]","[-3.000,0.239,-19.100]","[0.000,0.000,0.000]",[],[]
18,Environment/BackColumns/BackColumnNeon/BakedBloom,"[3.000,0.239,-19.100]","[20.000,180.000,0.000]","[0.000,0.985,-0.174,0.000]","[3.000,0.239,-19.100]","[0.000,0.000,0.000]",[],[]
18,Environment/DoubleColorLaserR/BottomBakedBloom,"[2.125,-2.000,80.000]","[60.000,23.000,0.000]","[0.490,0.173,-0.100,0.849]","[2.125,-2.000,80.000]","[0.000,0.000,0.000]",[],[]
18,Environment/BasicGameHUD/LeftPanel/ComboPanel/ComboCanvas,"[-3.200,1.830,7.000]","[0.000,0.000,0.000]","[0.000,0.000,0.000,1.000]",[],[],[],[]
18,Environment/BigTrackLaneRings,"[0.000,5.000,7.000]","[0.000,0.000,0.000]","[0.000,0.000,0.000,1.000]",[],[],[],[]
18,Environment/BasicGameHUD/LeftPanel/BG,"[-3.200,-27.600,7.010]","[0.000,0.000,0.000]","[0.000,0.000,0.000,1.000]","[-3.200,-27.600,7.010]","[1.400,60.000,0.200]",[],[]
18,Environment/BackColumns,"[0.000,0.000,0.000]","[0.000,0.000,0.000]","[0.000,0.000,0.000,1.000]","[0.000,0.000,-20.000]","[19.000,400.002,157.748]",[],[]
18,Environment/SmallTrackLaneRings,"[0.000,1.400,14.000]","[0.000,0.000,0.000]","[0.000,0.000,0.000,1.000]",[],[],[],[]
18,Environment/BigSmokePS,"[0.000,0.000,0.000]","[0.000,0.000,0.000]","[0.000,0.000,0.000,1.000]","[0.000,0.000,0.000]","[35.520,35.520,35.520]",[],[]
18,Environment/BasicGameHUD/EnergyPanel/BG,"[0.000,-0.640,7.750]","[0.000,0.000,0.000]","[0.000,0.000,0.000,1.000]",[],[],[],[]
18,Environment/BasicGameHUD/LeftPanel,"[-3.200,0.400,7.000]","[0.000,0.000,0.000]","[0.000,0.000,0.000,1.000]",[],[],[],[]
18,Environment/BasicGameHUD/RightPanel/MultiplierCanvas/TextOverlayPanelOutline1,"[3.187,1.642,7.000]","[0.000,0.000,0.000]","[0.000,0.000,0.000,1.000]",[],[],[],[]
18,Environment/BackColumns/BackColumnNeon/BoxLight,"[-3.000,0.239,-19.100]","[340.000,0.000,0.000]","[-0.174,0.000,0.000,0.985]","[-3.000,0.239,-19.100]","[0.200,94.038,34.390]",[],[]
18,Environment/BasicGameHUD/RightPanel/BG,"[3.200,-27.600,7.010]","[0.000,0.000,0.000]","[0.000,0.000,0.000,1.000]","[3.200,-27.600,7.010]","[1.400,60.000,0.200]",[],[]
18,Environment/PlayersPlace,"[0.000,0.000,0.000]","[0.000,0.000,0.000]","[0.000,0.000,0.000,1.000]",[],[],"[0.000,-2.000,0.000]","[3.000,4.000,2.000]"
18,Environment/BasicGameHUD/RightPanel/MultiplierCanvas/TextOverlayPanelOutline1/XText,"[3.210,1.854,7.000]","[0.000,0.000,0.000]","[0.000,0.000,0.000,1.000]",[],[],[],[]
18,Environment/BasicGameHUD/RightPanel/MultiplierCanvas/TextOverlayPanelOutline0,"[3.187,1.642,7.000]","[0.000,0.000,0.000]","[0.000,0.000,0.000,1.000]",[],[],[],[]
18,Environment/BasicGameHUD/RightPanel/MultiplierCanvas/FGCircle,"[3.200,1.700,7.000]","[0.000,0.000,0.000]","[0.000,0.000,0.000,1.000]",[],[],[],[]
18,Environment/BasicGameHUD/RightPanel/MultiplierCanvas/AnimationCircle,"[3.200,1.700,7.000]","[0.000,0.000,0.000]","[0.000,0.000,0.000,1.000]",[],[],[],[]
18,Environment/BackColumns/BackColumnNeon,"[-3.000,0.239,-19.100]","[340.000,0.000,0.000]","[-0.174,0.000,0.000,0.985]",[],[],[],[]
18,Environment/BasicGameHUD/RightPanel/Top,"[3.200,2.500,7.000]","[0.000,0.000,0.000]","[0.000,0.000,0.000,1.000]","[3.200,2.500,7.000]","[1.400,0.100,0.200]",[],[]
18,Environment/FrontLights,"[0.000,1.000,15.000]","[0.000,0.000,0.000]","[0.000,0.000,0.000,1.000]",[],[],[],[]
18,Environment/BasicGameHUD/LeftPanel/Top,"[-3.200,2.500,7.000]","[0.000,0.000,0.000]","[0.000,0.000,0.000,1.000]","[-3.200,2.500,7.000]","[1.400,0.100,0.200]",[],[]
18,Environment/BasicGameHUD/LeftPanel/ComboPanel/ComboText,"[-3.200,1.960,7.000]","[0.000,0.000,0.000]","[0.000,0.000,0.000,1.000]",[],[],[],[]
18,Environment/BasicGameHUD/RightPanel/MultiplierCanvas/TextPanel/XText,"[3.210,1.854,7.000]","[0.000,0.000,0.000]","[0.000,0.000,0.000,1.000]",[],[],[],[]
18,Environment/DoubleColorLaserR/TopBakedBloom,"[2.125,-2.000,80.000]","[60.000,23.000,0.000]","[0.490,0.173,-0.100,0.849]","[2.125,-2.000,80.000]","[0.000,0.000,0.000]",[],[]
18,Environment/BasicGameHUD/EnergyPanel,"[0.000,-0.640,7.750]","[0.000,0.000,0.000]","[0.000,0.000,0.000,1.000]",[],[],[],[]
18,Environment/PlayersPlace/Mirror,"[0.000,0.005,0.000]","[0.000,0.000,0.000]","[0.000,0.000,0.000,1.000]","[0.000,0.005,0.000]","[3.000,0.000,2.000]",[],[]
18,Environment/BasicGameHUD/RightPanel/MultiplierCanvas/TextOverlayPanelOutline1/NumText,"[2.987,1.642,7.000]","[0.000,0.000,0.000]","[0.000,0.000,0.000,1.000]",[],[],[],[]
18,Environment/BackColumns/BackColumnNeon,"[3.000,0.239,-19.100]","[340.000,0.000,0.000]","[-0.174,0.000,0.000,0.985]",[],[],[],[]
18,Environment/BasicGameHUD/RightPanel/MultiplierCanvas/TextOverlayPanelOutline0/XText,"[3.210,1.854,7.000]","[0.000,0.000,0.000]","[0.000,0.000,0.000,1.000]",[],[],[],[]
18,Environment/DoubleColorLaserR,"[2.125,-2.000,80.000]","[60.000,23.000,0.000]","[0.490,0.173,-0.100,0.849]",[],[],[],[]
18,Environment/BasicGameHUD/RightPanel/MultiplierCanvas/TextOverlayPanelOutline0/NumText,"[2.987,1.642,7.000]","[0.000,0.000,0.000]","[0.000,0.000,0.000,1.000]",[],[],[],[]
18,Environment/BasicGameHUD/RightPanel,"[3.200,0.400,7.000]","[0.000,0.000,0.000]","[0.000,0.000,0.000,1.000]",[],[],[],[]
18,Environment/BasicGameHUD/EnergyPanel/EnergyBarWrapper/EnergyBar,"[-0.954,-0.640,7.750]","[0.000,0.000,0.000]","[0.000,0.000,0.000,1.000]",[],[],[],[]
18,Environment/PlayersPlace/Construction,"[0.000,0.000,0.000]","[0.000,0.000,0.000]","[0.000,0.000,0.000,1.000]","[0.000,-56.373,0.000]","[3.000,112.755,2.000]",[],[]
18,Environment/BasicGameHUD/LeftPanel/ScoreCanvas,"[-3.200,0.900,7.000]","[0.000,0.000,0.000]","[0.000,0.000,0.000,1.000]",[],[],[],[]
18,Environment/DoubleColorLaserR/BottomBoxLight,"[-40.173,-64.500,-19.648]","[60.000,23.000,0.000]","[0.490,0.173,-0.100,0.849]","[-40.173,-64.500,-19.648]","[84.707,125.087,199.380]",[],[]
18,Environment/BasicGameHUD/EnergyPanel/EnergyIconEmpty,"[-5.870,-0.640,7.750]","[0.000,0.000,0.000]","[0.000,0.000,0.000,1.000]",[],[],[],[]
18,Environment/BasicGameHUD,"[0.000,0.000,0.000]","[0.000,0.000,0.000]","[0.000,0.000,0.000,1.000]",[],[],[],[]
18,Environment/PlayersPlace/Feet,"[0.000,0.005,0.000]","[90.000,0.000,0.000]","[0.707,0.000,0.000,0.707]","[0.000,0.005,0.000]","[0.356,0.200,0.356]",[],[]
18,Environment/CoreLighting/DirectionalLight,"[0.000,2.000,20.000]","[7.000,180.000,180.000]","[0.998,0.000,0.000,0.061]",[],[],[],[]
18,Environment/BasicGameHUD/LeftPanel/ComboPanel,"[-3.200,1.830,7.000]","[0.000,0.000,0.000]","[0.000,0.000,0.000,1.000]",[],[],[],[]
18,Environment/NearBuildingLeft (1)/NeonTubeDirectional (1),"[-7.450,-5.500,-18.000]","[0.000,0.000,0.000]","[0.000,0.000,0.000,1.000]",[],[],[],[]
18,Environment/NearBuildingLeft (2)/NeonTubeDirectional (1),"[-17.450,-2.500,15.000]","[0.000,0.000,0.000]","[0.000,0.000,0.000,1.000]",[],[],[],[]
18,Environment/NearBuildingLeft (1)/NeonTubeDirectional (1)/BakedBloom,"[-7.450,-5.500,-18.000]","[0.000,270.000,0.000]","[0.000,-0.707,0.000,0.707]","[-7.450,-5.500,-18.000]","[0.000,0.000,0.000]",[],[]
18,Environment/NearBuildingLeft (2)/NeonTubeDirectional (1)/BakedBloom,"[-17.450,-2.500,15.000]","[0.000,270.000,0.000]","[0.000,-0.707,0.000,0.707]","[-17.450,-2.500,15.000]","[0.000,0.000,0.000]",[],[]
18,Environment/NearBuildingLeft (2)/NeonTubeDirectional (1)/BoxLight,"[-17.450,-2.500,15.000]","[0.000,0.000,0.000]","[0.000,0.000,0.000,1.000]","[-17.450,-2.500,15.000]","[0.200,20.000,0.200]",[],[]
18,Environment/NearBuildingLeft (1)/NeonTubeDirectional (1)/BoxLight,"[-7.450,-5.500,-18.000]","[0.000,0.000,0.000]","[0.000,0.000,0.000,1.000]","[-7.450,-5.500,-18.000]","[0.200,20.000,0.200]",[],[]
18,Environment/NearBuildingLeft (2),"[-20.000,3.000,15.000]","[0.000,0.000,0.000]","[0.000,0.000,0.000,1.000]",[],[],[],[]
18,Environment/NearBuildingLeft (1),"[-10.000,0.000,-18.000]","[0.000,0.000,0.000]","[0.000,0.000,0.000,1.000]",[],[],[],[]
18,Environment/NearBuildingLeft (2)/Mesh,"[6.000,-17.000,-10.000]","[0.000,0.000,0.000]","[0.000,0.000,0.000,1.000]","[-22.000,-57.250,19.000]","[9.000,174.500,25.000]",[],[]
18,Environment/NearBuildingLeft (1)/Mesh,"[16.000,-20.000,-43.000]","[0.000,0.000,0.000]","[0.000,0.000,0.000,1.000]","[-12.000,-60.250,-14.000]","[9.000,174.500,25.000]",[],[]
18,Environment/BasicGameHUD/RightPanel/SongProgressCanvas/ProgressText/Separator,"[3.185,0.645,6.990]","[0.000,0.000,0.000]","[0.000,0.000,0.000,1.000]",[],[],[],[]
18,Environment/NearBuildingRight (1)/Mesh,"[-16.000,-20.000,-43.000]","[0.000,0.000,0.000]","[0.000,0.000,0.000,1.000]","[12.000,-60.250,-14.000]","[9.000,174.500,25.000]",[],[]
18,Environment/NearBuildingRight (2)/Mesh,"[-6.000,-17.000,-10.000]","[0.000,0.000,0.000]","[0.000,0.000,0.000,1.000]","[22.000,-57.250,19.000]","[9.000,174.500,25.000]",[],[]
18,Environment/NearBuildingRight (1),"[10.000,0.000,-18.000]","[0.000,0.000,0.000]","[0.000,0.000,0.000,1.000]",[],[],[],[]
18,Environment/NearBuildingRight (2),"[20.000,3.000,15.000]","[0.000,0.000,0.000]","[0.000,0.000,0.000,1.000]",[],[],[],[]
18,Environment/LightWithIdManager,"[0.000,0.000,0.000]","[0.000,0.000,0.000]","[0.000,0.000,0.000,1.000]",[],[],[],[]
18,Environment/FakeMirrorObjectsInstaller,"[0.000,0.000,0.000]","[0.000,0.000,0.000]","[0.000,0.000,0.000,1.000]",[],[],[],[]
18,Environment/DustPS,"[0.027,1.192,-0.069]","[86.421,74.969,79.996]","[0.701,-0.009,0.053,0.711]","[-0.562,1.061,2.354]","[8.022,4.321,5.320]",[],[]
18,Environment/Spectrograms/Spectrogram,"[12.000,4.000,30.000]","[0.000,0.000,0.000]","[0.000,0.000,0.000,1.000]",[],[],[],[]
18,Environment/Spectrograms/Spectrogram,"[-12.000,4.000,30.000]","[0.000,0.000,0.000]","[0.000,0.000,0.000,1.000]",[],[],[],[]
18,Environment/Spectrograms,"[0.000,4.000,0.000]","[0.000,0.000,0.000]","[0.000,0.000,0.000,1.000]",[],[],[],[]
18,Environment/PlayersPlace/SaberBurnMarksParticles,"[0.000,0.005,0.000]","[0.000,0.000,0.000]","[0.000,0.000,0.000,1.000]",[],[],[],[]
18,Environment/PlayersPlace/SaberBurnMarksParticles/SaberBurnMarkSparklePS,"[0.000,0.005,0.000]","[0.000,0.000,0.000]","[0.000,0.000,0.000,1.000]","[0.000,0.000,0.000]","[0.000,0.000,0.000]",[],[]
18,Environment/PlayersPlace/SaberBurnMarksArea,"[0.000,0.010,0.000]","[0.000,0.000,0.000]","[0.000,0.000,0.000,1.000]","[0.000,0.010,0.000]","[3.000,0.000,2.000]",[],[]
18,Environment/PlayersPlace/RectangleFakeGlow,"[0.000,0.008,0.000]","[90.000,0.000,0.000]","[0.707,0.000,0.000,0.707]","[0.000,0.008,0.000]","[4.485,0.000,2.985]",[],[]
18,Environment/BasicGameHUD/RightPanel/RecordingPanel/RecordingCircle,"[2.911,0.230,7.000]","[0.000,0.000,0.000]","[0.000,0.000,0.000,1.000]",[],[],[],[]
18,Environment/RotatingLasersPair/BaseR/Laser/BoxLight,"[-189.597,139.658,50.000]","[0.000,0.000,55.000]","[0.000,0.000,0.462,0.887]","[-189.597,139.658,50.000]","[409.633,286.870,0.100]",[],[]
18,Environment/RotatingLasersPair/BaseR/Laser/BakedBloom,"[7.000,2.000,50.000]","[305.000,90.000,0.000]","[-0.327,0.627,0.327,0.627]","[7.000,2.000,50.000]","[0.000,0.000,0.000]",[],[]
18,Environment/RotatingLasersPair/BaseR/Laser,"[7.000,2.000,50.000]","[0.000,0.000,55.000]","[0.000,0.000,0.462,0.887]",[],[],[],[]
18,Environment/RotatingLasersPair/BaseL/Laser/BakedBloom,"[-7.000,2.000,50.000]","[55.000,90.000,0.000]","[0.327,0.627,-0.327,0.627]","[-7.000,2.000,50.000]","[0.000,0.000,0.000]",[],[]
18,Environment/RotatingLasersPair/BaseL/Laser,"[-7.000,2.000,50.000]","[0.000,0.000,305.000]","[0.000,0.000,-0.462,0.887]",[],[],[],[]
18,Environment/BasicGameHUD/RightPanel/SongProgressCanvas/ProgressText,"[3.200,0.760,6.990]","[0.000,0.000,0.000]","[0.000,0.000,0.000,1.000]",[],[],[],[]
18,Environment/RotatingLasersPair/BaseL/Laser/BoxLight,"[189.597,139.658,50.000]","[0.000,0.000,305.000]","[0.000,0.000,-0.462,0.887]","[189.597,139.658,50.000]","[409.633,286.870,0.100]",[],[]
18,Environment/DoubleColorLaserL (3)/BottomBakedBloom,"[-2.125,-2.000,50.000]","[60.000,337.000,0.000]","[0.490,-0.173,0.100,0.849]","[-2.125,-2.000,50.000]","[0.000,0.000,0.000]",[],[]
18,Environment/DoubleColorLaserL (4)/BottomBakedBloom,"[-2.125,-2.000,90.000]","[60.000,337.000,0.000]","[0.490,-0.173,0.100,0.849]","[-2.125,-2.000,90.000]","[0.000,0.000,0.000]",[],[]
18,Environment/DoubleColorLaserR (3)/BottomBakedBloom,"[2.125,-2.000,50.000]","[60.000,23.000,0.000]","[0.490,0.173,-0.100,0.849]","[2.125,-2.000,50.000]","[0.000,0.000,0.000]",[],[]
18,Environment/DoubleColorLaserL/BottomBakedBloom,"[-2.125,-2.000,80.000]","[60.000,337.000,0.000]","[0.490,-0.173,0.100,0.849]","[-2.125,-2.000,80.000]","[0.000,0.000,0.000]",[],[]
18,Environment/DoubleColorLaserR (1)/BottomBakedBloom,"[2.125,-2.000,70.000]","[60.000,23.000,0.000]","[0.490,0.173,-0.100,0.849]","[2.125,-2.000,70.000]","[0.000,0.000,0.000]",[],[]
18,Environment/DoubleColorLaserL (1)/BottomBakedBloom,"[-2.125,-2.000,70.000]","[60.000,337.000,0.000]","[0.490,-0.173,0.100,0.849]","[-2.125,-2.000,70.000]","[0.000,0.000,0.000]",[],[]
18,Environment/DoubleColorLaserR (4)/BottomBakedBloom,"[2.125,-2.000,90.000]","[60.000,23.000,0.000]","[0.490,0.173,-0.100,0.849]","[2.125,-2.000,90.000]","[0.000,0.000,0.000]",[],[]
18,Environment/DoubleColorLaserL (2)/BottomBakedBloom,"[-2.125,-2.000,60.000]","[60.000,337.000,0.000]","[0.490,-0.173,0.100,0.849]","[-2.125,-2.000,60.000]","[0.000,0.000,0.000]",[],[]
18,Environment/DoubleColorLaserR (2)/BottomBakedBloom,"[2.125,-2.000,60.000]","[60.000,23.000,0.000]","[0.490,0.173,-0.100,0.849]","[2.125,-2.000,60.000]","[0.000,0.000,0.000]",[],[]
18,Environment/DoubleColorLaserR (2)/TopBoxLight,"[44.423,60.500,159.648]","[60.000,23.000,0.000]","[0.490,0.173,-0.100,0.849]","[44.423,60.500,159.648]","[84.707,125.087,199.380]",[],[]
18,Environment/DoubleColorLaserL (1)/TopBoxLight,"[-44.423,60.500,169.648]","[60.000,337.000,0.000]","[0.490,-0.173,0.100,0.849]","[-44.423,60.500,169.648]","[84.707,125.087,199.380]",[],[]
18,Environment/DoubleColorLaserR (4)/TopBoxLight,"[44.423,60.500,189.648]","[60.000,23.000,0.000]","[0.490,0.173,-0.100,0.849]","[44.423,60.500,189.648]","[84.707,125.087,199.380]",[],[]
18,Environment/DoubleColorLaserL (2)/TopBoxLight,"[-44.423,60.500,159.648]","[60.000,337.000,0.000]","[0.490,-0.173,0.100,0.849]","[-44.423,60.500,159.648]","[84.707,125.087,199.380]",[],[]
18,Environment/DoubleColorLaserR (1)/TopBoxLight,"[44.423,60.500,169.648]","[60.000,23.000,0.000]","[0.490,0.173,-0.100,0.849]","[44.423,60.500,169.648]","[84.707,125.087,199.380]",[],[]
18,Environment/DoubleColorLaserL/TopBoxLight,"[-44.423,60.500,179.648]","[60.000,337.000,0.000]","[0.490,-0.173,0.100,0.849]","[-44.423,60.500,179.648]","[84.707,125.087,199.380]",[],[]
18,Environment/DoubleColorLaserR (3)/TopBoxLight,"[44.423,60.500,149.648]","[60.000,23.000,0.000]","[0.490,0.173,-0.100,0.849]","[44.423,60.500,149.648]","[84.707,125.087,199.380]",[],[]
18,Environment/DoubleColorLaserL (3)/TopBoxLight,"[-44.423,60.500,149.648]","[60.000,337.000,0.000]","[0.490,-0.173,0.100,0.849]","[-44.423,60.500,149.648]","[84.707,125.087,199.380]",[],[]
18,Environment/DoubleColorLaserL (4)/TopBoxLight,"[-44.423,60.500,189.648]","[60.000,337.000,0.000]","[0.490,-0.173,0.100,0.849]","[-44.423,60.500,189.648]","[84.707,125.087,199.380]",[],[]
18,Environment/DoubleColorLaserR (2)/BottomBoxLight,"[-40.173,-64.500,-39.648]","[60.000,23.000,0.000]","[0.490,0.173,-0.100,0.849]","[-40.173,-64.500,-39.648]","[84.707,125.087,199.380]",[],[]
18,Environment/DoubleColorLaserR (1)/BottomBoxLight,"[-40.173,-64.500,-29.648]","[60.000,23.000,0.000]","[0.490,0.173,-0.100,0.849]","[-40.173,-64.500,-29.648]","[84.707,125.087,199.380]",[],[]
18,Environment/DoubleColorLaserR (4)/BottomBoxLight,"[-40.173,-64.500,-9.648]","[60.000,23.000,0.000]","[0.490,0.173,-0.100,0.849]","[-40.173,-64.500,-9.648]","[84.707,125.087,199.380]",[],[]
18,Environment/DoubleColorLaserL (1)/BottomBoxLight,"[40.173,-64.500,-29.648]","[60.000,337.000,0.000]","[0.490,-0.173,0.100,0.849]","[40.173,-64.500,-29.648]","[84.707,125.087,199.380]",[],[]
18,Environment/DoubleColorLaserL (2)/BottomBoxLight,"[40.173,-64.500,-39.648]","[60.000,337.000,0.000]","[0.490,-0.173,0.100,0.849]","[40.173,-64.500,-39.648]","[84.707,125.087,199.380]",[],[]
18,Environment/DoubleColorLaserL/BottomBoxLight,"[40.173,-64.500,-19.648]","[60.000,337.000,0.000]","[0.490,-0.173,0.100,0.849]","[40.173,-64.500,-19.648]","[84.707,125.087,199.380]",[],[]
18,Environment/DoubleColorLaserL (3)/BottomBoxLight,"[40.173,-64.500,-49.648]","[60.000,337.000,0.000]","[0.490,-0.173,0.100,0.849]","[40.173,-64.500,-49.648]","[84.707,125.087,199.380]",[],[]
18,Environment/DoubleColorLaserL (4)/BottomBoxLight,"[40.173,-64.500,-9.648]","[60.000,337.000,0.000]","[0.490,-0.173,0.100,0.849]","[40.173,-64.500,-9.648]","[84.707,125.087,199.380]",[],[]
18,Environment/DoubleColorLaserR (3)/BottomBoxLight,"[-40.173,-64.500,-49.648]","[60.000,23.000,0.000]","[0.490,0.173,-0.100,0.849]","[-40.173,-64.500,-49.648]","[84.707,125.087,199.380]",[],[]
18,Environment/DoubleColorLaserL,"[-2.125,-2.000,80.000]","[60.000,337.000,0.000]","[0.490,-0.173,0.100,0.849]",[],[],[],[]
18,Environment/DoubleColorLaserL (3),"[-2.125,-2.000,50.000]","[60.000,337.000,0.000]","[0.490,-0.173,0.100,0.849]",[],[],[],[]
18,Environment/DoubleColorLaserL (4),"[-2.125,-2.000,90.000]","[60.000,337.000,0.000]","[0.490,-0.173,0.100,0.849]",[],[],[],[]
18,Environment/DoubleColorLaserR (3),"[2.125,-2.000,50.000]","[60.000,23.000,0.000]","[0.490,0.173,-0.100,0.849]",[],[],[],[]
18,Environment/DoubleColorLaserR (2),"[2.125,-2.000,60.000]","[60.000,23.000,0.000]","[0.490,0.173,-0.100,0.849]",[],[],[],[]
18,Environment/DoubleColorLaserR (1),"[2.125,-2.000,70.000]","[60.000,23.000,0.000]","[0.490,0.173,-0.100,0.849]",[],[],[],[]
18,Environment/DoubleColorLaserL (1),"[-2.125,-2.000,70.000]","[60.000,337.000,0.000]","[0.490,-0.173,0.100,0.849]",[],[],[],[]
18,Environment/DoubleColorLaserR (4),"[2.125,-2.000,90.000]","[60.000,23.000,0.000]","[0.490,0.173,-0.100,0.849]",[],[],[],[]
18,Environment/DoubleColorLaserL (2),"[-2.125,-2.000,60.000]","[60.000,337.000,0.000]","[0.490,-0.173,0.100,0.849]",[],[],[],[]
18,Environment/DoubleColorLaserR (1)/TopBakedBloom,"[2.125,-2.000,70.000]","[60.000,23.000,0.000]","[0.490,0.173,-0.100,0.849]","[2.125,-2.000,70.000]","[0.000,0.000,0.000]",[],[]
18,Environment/DoubleColorLaserL (2)/TopBakedBloom,"[-2.125,-2.000,60.000]","[60.000,337.000,0.000]","[0.490,-0.173,0.100,0.849]","[-2.125,-2.000,60.000]","[0.000,0.000,0.000]",[],[]
18,Environment/DoubleColorLaserL (1)/TopBakedBloom,"[-2.125,-2.000,70.000]","[60.000,337.000,0.000]","[0.490,-0.173,0.100,0.849]","[-2.125,-2.000,70.000]","[0.000,0.000,0.000]",[],[]
18,Environment/DoubleColorLaserR (4)/TopBakedBloom,"[2.125,-2.000,90.000]","[60.000,23.000,0.000]","[0.490,0.173,-0.100,0.849]","[2.125,-2.000,90.000]","[0.000,0.000,0.000]",[],[]
18,Environment/DoubleColorLaserR (2)/TopBakedBloom,"[2.125,-2.000,60.000]","[60.000,23.000,0.000]","[0.490,0.173,-0.100,0.849]","[2.125,-2.000,60.000]","[0.000,0.000,0.000]",[],[]
18,Environment/DoubleColorLaserL (4)/TopBakedBloom,"[-2.125,-2.000,90.000]","[60.000,337.000,0.000]","[0.490,-0.173,0.100,0.849]","[-2.125,-2.000,90.000]","[0.000,0.000,0.000]",[],[]
18,Environment/DoubleColorLaserL (3)/TopBakedBloom,"[-2.125,-2.000,50.000]","[60.000,337.000,0.000]","[0.490,-0.173,0.100,0.849]","[-2.125,-2.000,50.000]","[0.000,0.000,0.000]",[],[]
18,Environment/DoubleColorLaserR (3)/TopBakedBloom,"[2.125,-2.000,50.000]","[60.000,23.000,0.000]","[0.490,0.173,-0.100,0.849]","[2.125,-2.000,50.000]","[0.000,0.000,0.000]",[],[]
18,Environment/DoubleColorLaserL/TopBakedBloom,"[-2.125,-2.000,80.000]","[60.000,337.000,0.000]","[0.490,-0.173,0.100,0.849]","[-2.125,-2.000,80.000]","[0.000,0.000,0.000]",[],[]
18,Environment/BasicGameHUD/EnergyPanel/Laser,"[0.000,-0.640,6.950]","[0.000,0.000,90.000]","[0.000,0.000,0.707,0.707]",[],[],[],[]
18,Environment/BasicGameHUD/EnergyPanel/Laser/BoxLight,"[0.000,-0.640,6.950]","[0.000,0.000,90.000]","[0.000,0.000,0.707,0.707]","[0.000,-0.640,6.950]","[134.340,0.005,0.005]",[],[]
18,Environment/BasicGameHUD/EnergyPanel/Laser/BakedBloom,"[0.000,-0.640,6.950]","[0.000,0.000,90.000]","[0.000,0.000,0.707,0.707]","[0.000,-0.640,6.950]","[0.000,0.000,0.000]",[],[]
18,Environment/BasicGameHUD/RightPanel/SongProgressCanvas/ProgressText/Progress/ProgressColon,"[2.881,0.635,6.990]","[0.000,0.000,0.000]","[0.000,0.000,0.000,1.000]",[],[],[],[]
18,Environment/BasicGameHUD/RightPanel/SongProgressCanvas/ProgressText/Duration/DurationColon,"[3.396,0.635,6.990]","[0.000,0.000,0.000]","[0.000,0.000,0.000,1.000]",[],[],[],[]
18,Environment/CoreLighting/DirectionalLight,"[0.000,18.600,30.000]","[90.000,0.000,0.000]","[0.707,0.000,0.000,0.707]",[],[],[],[]
18,Environment/BasicGameHUD/LeftPanel/ComboPanel/Line0,"[-3.200,2.180,7.000]","[0.000,0.000,0.000]","[0.000,0.000,0.000,1.000]",[],[],[],[]
18,Environment/Spectrograms/Spectrogram/Spectrogram0,"[12.000,4.000,27.750]","[270.020,0.000,0.000]","[-0.707,0.000,0.000,0.707]","[12.000,-26.000,-43.125]","[0.900,60.000,142.650]",[],[]
18,Environment/Spectrograms/Spectrogram/Spectrogram0,"[-12.000,4.000,27.750]","[270.020,0.000,0.000]","[-0.707,0.000,0.000,0.707]","[-12.000,-26.000,-43.125]","[0.900,60.000,142.650]",[],[]
18,Environment/BasicGameHUD/RightPanel/SongProgressCanvas/ProgressText/Progress,"[2.935,0.760,6.990]","[0.000,0.000,0.000]","[0.000,0.000,0.000,1.000]",[],[],[],[]
18,Environment/CoreLighting/LightWrapper0,"[6.000,5.000,20.000]","[0.000,0.000,0.000]","[0.000,0.000,0.000,1.000]",[],[],[],[]
18,Environment/CoreLighting/DirectionalLight,"[0.000,-2.000,30.000]","[333.000,180.000,180.000]","[-0.972,0.000,0.000,0.233]",[],[],[],[]
18,Environment/CoreLighting/LightWrapper1,"[-6.000,5.000,20.000]","[0.000,0.000,0.000]","[0.000,0.000,0.000,1.000]",[],[],[],[]
18,Environment/NearBuildingLeft (2)/NeonTube (2)/BoxLight,"[-20.000,180.000,19.000]","[0.000,0.000,0.000]","[0.000,0.000,0.000,1.000]","[-20.000,180.000,19.000]","[0.200,300.000,0.200]",[],[]
18,Environment/NearBuildingLeft (1)/NeonTube (2)/BoxLight,"[-10.000,177.000,-14.000]","[0.000,0.000,0.000]","[0.000,0.000,0.000,1.000]","[-10.000,177.000,-14.000]","[0.200,300.000,0.200]",[],[]
18,Environment/NearBuildingLeft (1)/NeonTube (2),"[-10.000,27.000,-14.000]","[0.000,0.000,0.000]","[0.000,0.000,0.000,1.000]",[],[],[],[]
18,Environment/NearBuildingLeft (2)/NeonTube (2),"[-20.000,30.000,19.000]","[0.000,0.000,0.000]","[0.000,0.000,0.000,1.000]",[],[],[],[]
18,Environment/NearBuildingLeft (1)/NeonTube (2)/BakedBloom,"[-10.000,27.000,-14.000]","[0.000,90.000,0.000]","[0.000,0.707,0.000,0.707]","[-10.000,27.000,-14.000]","[0.000,0.000,0.000]",[],[]
18,Environment/NearBuildingLeft (2)/NeonTube (2)/BakedBloom,"[-20.000,30.000,19.000]","[0.000,90.000,0.000]","[0.000,0.707,0.000,0.707]","[-20.000,30.000,19.000]","[0.000,0.000,0.000]",[],[]
18,Environment/BasicGameHUD/EnergyPanel/FailIcon,"[0.000,-0.650,7.750]","[0.000,0.000,0.000]","[0.000,0.000,0.000,1.000]",[],[],[],[]
18,Environment/BasicGameHUD/EnergyPanel/BarBG,"[0.000,-0.640,7.750]","[0.000,0.000,0.000]","[0.000,0.000,0.000,1.000]",[],[],[],[]
18,Environment/BasicGameHUD/RightPanel/RecordingPanel,"[3.200,0.230,7.000]","[0.000,0.000,0.000]","[0.000,0.000,0.000,1.000]",[],[],[],[]
18,Environment/NearBuildingRight (1)/NeonTubeDirectional (1)/BoxLight,"[7.450,-5.500,-18.000]","[0.000,180.000,0.000]","[0.000,1.000,0.000,0.000]","[7.450,-5.500,-18.000]","[0.200,20.000,0.200]",[],[]
18,Environment/NearBuildingRight (2)/NeonTubeDirectional (1)/BoxLight,"[17.450,-2.500,15.000]","[0.000,180.000,0.000]","[0.000,1.000,0.000,0.000]","[17.450,-2.500,15.000]","[0.200,20.000,0.200]",[],[]
18,Environment/NearBuildingRight (2)/NeonTubeDirectional (1)/BakedBloom,"[17.450,-2.500,15.000]","[0.000,90.000,0.000]","[0.000,0.707,0.000,0.707]","[17.450,-2.500,15.000]","[0.000,0.000,0.000]",[],[]
18,Environment/NearBuildingRight (1)/NeonTubeDirectional (1)/BakedBloom,"[7.450,-5.500,-18.000]","[0.000,90.000,0.000]","[0.000,0.707,0.000,0.707]","[7.450,-5.500,-18.000]","[0.000,0.000,0.000]",[],[]
18,Environment/NearBuildingRight (2)/NeonTubeDirectional (1),"[17.450,-2.500,15.000]","[0.000,180.000,0.000]","[0.000,1.000,0.000,0.000]",[],[],[],[]
18,Environment/NearBuildingRight (1)/NeonTubeDirectional (1),"[7.450,-5.500,-18.000]","[0.000,180.000,0.000]","[0.000,1.000,0.000,0.000]",[],[],[],[]
18,Environment/BasicGameHUD/RightPanel/RecordingPanel/RecordingText,"[3.292,0.216,7.000]","[0.000,0.000,0.000]","[0.000,0.000,0.000,1.000]",[],[],[],[]
18,Environment/NearBuildingLeft (2)/NeonTubeDirectional/BoxLight,"[-17.450,0.000,19.000]","[0.000,0.000,0.000]","[0.000,0.000,0.000,1.000]","[-17.450,0.000,19.000]","[0.200,20.000,0.200]",[],[]
18,Environment/NearBuildingLeft (1)/NeonTubeDirectional/BoxLight,"[-7.450,-3.000,-14.000]","[0.000,0.000,0.000]","[0.000,0.000,0.000,1.000]","[-7.450,-3.000,-14.000]","[0.200,20.000,0.200]",[],[]
18,Environment/NearBuildingLeft (1)/NeonTubeDirectional,"[-7.450,-3.000,-14.000]","[0.000,0.000,0.000]","[0.000,0.000,0.000,1.000]",[],[],[],[]
18,Environment/NearBuildingLeft (2)/NeonTubeDirectional,"[-17.450,0.000,19.000]","[0.000,0.000,0.000]","[0.000,0.000,0.000,1.000]",[],[],[],[]
18,Environment/NearBuildingLeft (1)/NeonTubeDirectional/BakedBloom,"[-7.450,-3.000,-14.000]","[0.000,270.000,0.000]","[0.000,-0.707,0.000,0.707]","[-7.450,-3.000,-14.000]","[0.000,0.000,0.000]",[],[]
18,Environment/NearBuildingLeft (2)/NeonTubeDirectional/BakedBloom,"[-17.450,0.000,19.000]","[0.000,270.000,0.000]","[0.000,-0.707,0.000,0.707]","[-17.450,0.000,19.000]","[0.000,0.000,0.000]",[],[]
18,Environment/PlayersPlace/Collider,"[0.000,-0.090,0.000]","[0.000,0.000,0.000]","[0.000,0.000,0.000,1.000]",[],[],"[0.000,-0.090,0.000]","[3.000,0.200,2.000]"
18,Environment/LightmapLightWithIds,"[0.000,0.000,0.000]","[0.000,0.000,0.000]","[0.000,0.000,0.000,1.000]",[],[],[],[]
18,Environment/BakedReflectionProbe,"[0.000,1.500,5.000]","[0.000,0.000,0.000]","[0.000,0.000,0.000,1.000]",[],[],[],[]
18,Environment/NearBuildingRight (1)/NeonTube (2),"[10.000,27.000,-14.000]","[0.000,0.000,0.000]","[0.000,0.000,0.000,1.000]",[],[],[],[]
18,Environment/NearBuildingRight (2)/NeonTube (2),"[20.000,30.000,19.000]","[0.000,0.000,0.000]","[0.000,0.000,0.000,1.000]",[],[],[],[]
18,Environment/NearBuildingRight (1)/NeonTube (2)/BakedBloom,"[10.000,27.000,-14.000]","[0.000,90.000,0.000]","[0.000,0.707,0.000,0.707]","[10.000,27.000,-14.000]","[0.000,0.000,0.000]",[],[]
18,Environment/NearBuildingRight (2)/NeonTube (2)/BakedBloom,"[20.000,30.000,19.000]","[0.000,90.000,0.000]","[0.000,0.707,0.000,0.707]","[20.000,30.000,19.000]","[0.000,0.000,0.000]",[],[]
18,Environment/NearBuildingRight (2)/NeonTube (2)/BoxLight,"[20.000,180.000,19.000]","[0.000,0.000,0.000]","[0.000,0.000,0.000,1.000]","[20.000,180.000,19.000]","[0.200,300.000,0.200]",[],[]
18,Environment/NearBuildingRight (1)/NeonTube (2)/BoxLight,"[10.000,177.000,-14.000]","[0.000,0.000,0.000]","[0.000,0.000,0.000,1.000]","[10.000,177.000,-14.000]","[0.200,300.000,0.200]",[],[]
18,Environment/BasicGameHUD/RightPanel/SongProgressCanvas/Slider/Handle Slide Area,"[3.200,0.940,6.990]","[0.000,0.000,0.000]","[0.000,0.000,0.000,1.000]",[],[],[],[]
18,Environment/BasicGameHUD/RightPanel/SongProgressCanvas/ProgressText/Progress/ProgressSeconds,"[3.050,0.620,6.990]","[0.000,0.000,0.000]","[0.000,0.000,0.000,1.000]",[],[],[],[]
18,Environment/BasicGameHUD/RightPanel/SongProgressCanvas/Slider/Background,"[3.200,0.940,6.990]","[0.000,0.000,0.000]","[0.000,0.000,0.000,1.000]",[],[],[],[]
18,Environment/BasicGameHUD/RightPanel/SongProgressCanvas/Progress,"[2.700,0.970,6.990]","[0.000,0.000,0.000]","[0.000,0.000,0.000,1.000]",[],[],[],[]
18,Environment/BasicGameHUD/RightPanel/SongProgressCanvas/Slider,"[3.200,0.980,6.990]","[0.000,0.000,0.000]","[0.000,0.000,0.000,1.000]",[],[],[],[]
18,Environment/BasicGameHUD/RightPanel/SongProgressCanvas/ProgressText/Duration/DurationMinutes,"[3.280,0.620,6.990]","[0.000,0.000,0.000]","[0.000,0.000,0.000,1.000]",[],[],[],[]
18,Environment/BasicGameHUD/RightPanel/SongProgressCanvas,"[3.200,0.800,6.990]","[0.000,0.000,0.000]","[0.000,0.000,0.000,1.000]",[],[],[],[]
18,Environment/BasicGameHUD/RightPanel/SongProgressCanvas/ProgressText/Duration/DurationSeconds,"[3.560,0.620,6.990]","[0.000,0.000,0.000]","[0.000,0.000,0.000,1.000]",[],[],[],[]
18,Environment/BasicGameHUD/RightPanel/SongProgressCanvas/Slider/Handle Slide Area/Handle,"[2.700,0.940,6.990]","[0.000,0.000,0.000]","[0.000,0.000,0.000,1.000]",[],[],[],[]
18,Environment/BasicGameHUD/RightPanel/SongProgressCanvas/ProgressText/Progress/ProgressMinutes,"[2.764,0.620,6.990]","[0.000,0.000,0.000]","[0.000,0.000,0.000,1.000]",[],[],[],[]
18,Environment/BasicGameHUD/LeftPanel/ComboPanel/Line1,"[-3.200,1.480,7.000]","[0.000,0.000,0.000]","[0.000,0.000,0.000,1.000]",[],[],[],[]
18,Environment/NeonTubeL,"[-4.250,-0.100,8.300]","[90.000,0.000,0.000]","[0.707,0.000,0.000,0.707]",[],[],[],[]
18,Environment/NeonTubeR,"[4.250,-0.100,8.300]","[90.000,0.000,0.000]","[0.707,0.000,0.000,0.707]",[],[],[],[]
18,Environment/NeonTubeL/BakedBloom,"[-4.250,-0.100,8.300]","[0.000,90.000,90.000]","[0.500,0.500,0.500,0.500]","[-4.250,-0.100,8.300]","[0.000,0.000,0.000]",[],[]
18,Environment/NeonTubeR/BakedBloom,"[4.250,-0.100,8.300]","[0.000,90.000,90.000]","[0.500,0.500,0.500,0.500]","[4.250,-0.100,8.300]","[0.000,0.000,0.000]",[],[]
18,Environment/NeonTubeR/BoxLight,"[4.250,-0.100,258.300]","[90.000,0.000,0.000]","[0.707,0.000,0.000,0.707]","[4.250,-0.100,258.300]","[0.040,0.040,500.000]",[],[]
18,Environment/NeonTubeL/BoxLight,"[-4.250,-0.100,258.300]","[90.000,0.000,0.000]","[0.707,0.000,0.000,0.707]","[-4.250,-0.100,258.300]","[0.040,0.040,500.000]",[],[]
18,Environment/FakeMirrorSettings,"[0.000,0.000,0.000]","[0.000,0.000,0.000]","[0.000,0.000,0.000,1.000]",[],[],[],[]
18,Environment/BasicGameHUD/EnergyPanel/EnergyBarWrapper,"[0.000,-0.640,7.750]","[0.000,0.000,0.000]","[0.000,0.000,0.000,1.000]",[],[],[],[]
18,Environment/FrontLights/NeonTube (1)/BoxLight,"[-0.974,3.933,65.000]","[0.000,0.000,305.000]","[0.000,0.000,-0.462,0.887]","[-0.974,3.933,65.000]","[2.163,1.598,0.200]",[],[]
18,Environment/FrontLights/NeonTube (1)/BakedBloom,"[0.050,4.650,65.000]","[55.000,90.000,0.000]","[0.327,0.627,-0.327,0.627]","[0.050,4.650,65.000]","[0.000,0.000,0.000]",[],[]
18,Environment/FrontLights/NeonTube (1),"[0.050,4.650,65.000]","[0.000,0.000,305.000]","[0.000,0.000,-0.462,0.887]",[],[],[],[]
18,Environment/Spectrograms/Spectrogram/Spectrogram1,"[-12.000,4.000,30.000]","[270.020,0.000,0.000]","[-0.707,0.000,0.000,0.707]","[-12.000,-26.000,100.875]","[0.900,60.000,142.650]",[],[]
18,Environment/Spectrograms/Spectrogram/Spectrogram1,"[12.000,4.000,30.000]","[270.020,0.000,0.000]","[-0.707,0.000,0.000,0.707]","[12.000,-26.000,100.875]","[0.900,60.000,142.650]",[],[]
18,Environment/RotatingLasersPair (1)/BaseR/Laser,"[7.000,2.000,45.000]","[0.000,0.000,55.000]","[0.000,0.000,0.462,0.887]",[],[],[],[]
18,Environment/RotatingLasersPair (2)/BaseR/Laser,"[7.000,2.000,40.000]","[0.000,0.000,55.000]","[0.000,0.000,0.462,0.887]",[],[],[],[]
18,Environment/RotatingLasersPair (3)/BaseR/Laser,"[7.000,2.000,35.000]","[0.000,0.000,55.000]","[0.000,0.000,0.462,0.887]",[],[],[],[]
18,Environment/RotatingLasersPair (1)/BaseR/Laser/BakedBloom,"[7.000,2.000,45.000]","[305.000,90.000,0.000]","[-0.327,0.627,0.327,0.627]","[7.000,2.000,45.000]","[0.000,0.000,0.000]",[],[]
18,Environment/RotatingLasersPair (2)/BaseR/Laser/BakedBloom,"[7.000,2.000,40.000]","[305.000,90.000,0.000]","[-0.327,0.627,0.327,0.627]","[7.000,2.000,40.000]","[0.000,0.000,0.000]",[],[]
18,Environment/RotatingLasersPair (3)/BaseR/Laser/BakedBloom,"[7.000,2.000,35.000]","[305.000,90.000,0.000]","[-0.327,0.627,0.327,0.627]","[7.000,2.000,35.000]","[0.000,0.000,0.000]",[],[]
18,Environment/RotatingLasersPair (3)/BaseR/Laser/BoxLight,"[-189.597,139.658,35.000]","[0.000,0.000,55.000]","[0.000,0.000,0.462,0.887]","[-189.597,139.658,35.000]","[409.633,286.870,0.100]",[],[]
18,Environment/RotatingLasersPair (2)/BaseR/Laser/BoxLight,"[-189.597,139.658,40.000]","[0.000,0.000,55.000]","[0.000,0.000,0.462,0.887]","[-189.597,139.658,40.000]","[409.633,286.870,0.100]",[],[]
18,Environment/RotatingLasersPair (1)/BaseR/Laser/BoxLight,"[-189.597,139.658,45.000]","[0.000,0.000,55.000]","[0.000,0.000,0.462,0.887]","[-189.597,139.658,45.000]","[409.633,286.870,0.100]",[],[]
18,Environment/RotatingLasersPair (3)/BaseL/Laser/BoxLight,"[189.597,139.658,35.000]","[0.000,0.000,305.000]","[0.000,0.000,-0.462,0.887]","[189.597,139.658,35.000]","[409.633,286.870,0.100]",[],[]
18,Environment/RotatingLasersPair (1)/BaseL/Laser/BoxLight,"[189.597,139.658,45.000]","[0.000,0.000,305.000]","[0.000,0.000,-0.462,0.887]","[189.597,139.658,45.000]","[409.633,286.870,0.100]",[],[]
18,Environment/RotatingLasersPair (2)/BaseL/Laser/BoxLight,"[189.597,139.658,40.000]","[0.000,0.000,305.000]","[0.000,0.000,-0.462,0.887]","[189.597,139.658,40.000]","[409.633,286.870,0.100]",[],[]
18,Environment/RotatingLasersPair (2)/BaseL/Laser,"[-7.000,2.000,40.000]","[0.000,0.000,305.000]","[0.000,0.000,-0.462,0.887]",[],[],[],[]
18,Environment/RotatingLasersPair (1)/BaseL/Laser,"[-7.000,2.000,45.000]","[0.000,0.000,305.000]","[0.000,0.000,-0.462,0.887]",[],[],[],[]
18,Environment/RotatingLasersPair (3)/BaseL/Laser,"[-7.000,2.000,35.000]","[0.000,0.000,305.000]","[0.000,0.000,-0.462,0.887]",[],[],[],[]
18,Environment/RotatingLasersPair (2)/BaseL/Laser/BakedBloom,"[-7.000,2.000,40.000]","[55.000,90.000,0.000]","[0.327,0.627,-0.327,0.627]","[-7.000,2.000,40.000]","[0.000,0.000,0.000]",[],[]
18,Environment/RotatingLasersPair (1)/BaseL/Laser/BakedBloom,"[-7.000,2.000,45.000]","[55.000,90.000,0.000]","[0.327,0.627,-0.327,0.627]","[-7.000,2.000,45.000]","[0.000,0.000,0.000]",[],[]
18,Environment/RotatingLasersPair (3)/BaseL/Laser/BakedBloom,"[-7.000,2.000,35.000]","[55.000,90.000,0.000]","[0.327,0.627,-0.327,0.627]","[-7.000,2.000,35.000]","[0.000,0.000,0.000]",[],[]
18,Environment/FrontLights/NeonTube/BakedBloom,"[-0.050,4.650,65.000]","[305.000,90.000,0.000]","[-0.327,0.627,0.327,0.627]","[-0.050,4.650,65.000]","[0.000,0.000,0.000]",[],[]
18,Environment/FrontLights/NeonTube,"[-0.050,4.650,65.000]","[0.000,0.000,55.000]","[0.000,0.000,0.462,0.887]",[],[],[],[]
18,Environment/FrontLights/NeonTube/BoxLight,"[0.974,3.933,65.000]","[0.000,0.000,55.000]","[0.000,0.000,0.462,0.887]","[0.974,3.933,65.000]","[2.163,1.598,0.200]",[],[]
18,Environment/CoreLighting/LightWrapper0/DirectionalLight,"[6.000,5.000,20.000]","[4.000,215.000,180.000]","[0.953,0.010,-0.301,0.033]",[],[],[],[]
18,Environment/CoreLighting/LightWrapper1/DirectionalLight,"[-6.000,5.000,20.000]","[4.000,145.000,180.000]","[0.953,-0.010,0.301,0.033]",[],[],[],[]
18,Environment/RotatingLasersPair (2),"[0.000,2.000,40.000]","[0.000,0.000,0.000]","[0.000,0.000,0.000,1.000]",[],[],[],[]
18,Environment/RotatingLasersPair (1),"[0.000,2.000,45.000]","[0.000,0.000,0.000]","[0.000,0.000,0.000,1.000]",[],[],[],[]
18,Environment/RotatingLasersPair (3),"[0.000,2.000,35.000]","[0.000,0.000,0.000]","[0.000,0.000,0.000,1.000]",[],[],[],[]
18,Environment/RotatingLasersPair (1)/BaseL,"[-7.000,2.000,45.000]","[0.000,0.000,0.000]","[0.000,0.000,0.000,1.000]",[],[],[],[]
18,Environment/RotatingLasersPair (2)/BaseL,"[-7.000,2.000,40.000]","[0.000,0.000,0.000]","[0.000,0.000,0.000,1.000]",[],[],[],[]
18,Environment/RotatingLasersPair (3)/BaseL,"[-7.000,2.000,35.000]","[0.000,0.000,0.000]","[0.000,0.000,0.000,1.000]",[],[],[],[]
18,Environment/RotatingLasersPair (3)/BaseR,"[7.000,2.000,35.000]","[0.000,0.000,0.000]","[0.000,0.000,0.000,1.000]",[],[],[],[]
18,Environment/RotatingLasersPair (2)/BaseR,"[7.000,2.000,40.000]","[0.000,0.000,0.000]","[0.000,0.000,0.000,1.000]",[],[],[],[]
18,Environment/RotatingLasersPair (1)/BaseR,"[7.000,2.000,45.000]","[0.000,0.000,0.000]","[0.000,0.000,0.000,1.000]",[],[],[],[]
18,Environment/NearBuildingRight (2)/NeonTubeDirectional/BoxLight,"[17.450,0.000,19.000]","[0.000,180.000,0.000]","[0.000,1.000,0.000,0.000]","[17.450,0.000,19.000]","[0.200,20.000,0.200]",[],[]
18,Environment/NearBuildingRight (1)/NeonTubeDirectional/BoxLight,"[7.450,-3.000,-14.000]","[0.000,180.000,0.000]","[0.000,1.000,0.000,0.000]","[7.450,-3.000,-14.000]","[0.200,20.000,0.200]",[],[]
18,Environment/NearBuildingRight (1)/NeonTubeDirectional,"[7.450,-3.000,-14.000]","[0.000,180.000,0.000]","[0.000,1.000,0.000,0.000]",[],[],[],[]
18,Environment/NearBuildingRight (2)/NeonTubeDirectional,"[17.450,0.000,19.000]","[0.000,180.000,0.000]","[0.000,1.000,0.000,0.000]",[],[],[],[]
18,Environment/NearBuildingRight (1)/NeonTubeDirectional/BakedBloom,"[7.450,-3.000,-14.000]","[0.000,90.000,0.000]","[0.000,0.707,0.000,0.707]","[7.450,-3.000,-14.000]","[0.000,0.000,0.000]",[],[]
18,Environment/NearBuildingRight (2)/NeonTubeDirectional/BakedBloom,"[17.450,0.000,19.000]","[0.000,90.000,0.000]","[0.000,0.707,0.000,0.707]","[17.450,0.000,19.000]","[0.000,0.000,0.000]",[],[]
18,Environment/BasicGameHUD/RightPanel/SongProgressCanvas/ProgressText/Duration,"[3.180,0.760,6.990]","[0.000,0.000,0.000]","[0.000,0.000,0.000,1.000]",[],[],[],[]
