Frame,ObjectName,Position,RotationEuler,RotationQuat,RendererCenter,RendererSize,ColliderCenter,ColliderSize
13,GameCore/DisableGCWhileEnabled,"[0.000,0.000,0.000]","[0.000,0.000,0.000]","[0.000,0.000,0.000,1.000]",[],[],[],[]
13,GameCore/BloomFogParamsAnimator,"[0.000,0.000,0.000]","[0.000,0.000,0.000]","[0.000,0.000,0.000,1.000]",[],[],[],[]
13,GameCore/SceneSetup,"[0.000,0.000,0.000]","[0.000,0.000,0.000]","[0.000,0.000,0.000,1.000]",[],[],[],[]
13,GameCore/====== RENDERING ======,"[0.000,0.000,0.000]","[0.000,0.000,0.000]","[0.000,0.000,0.000,1.000]",[],[],[],[]
13,GameCore,"[0.000,0.000,0.000]","[0.000,0.000,0.000]","[0.000,0.000,0.000,1.000]",[],[],[],[]
13,GameCore/SceneContext,"[0.000,0.000,0.000]","[0.000,0.000,0.000]","[0.000,0.000,0.000,1.000]",[],[],[],[]
13,GameCore/====== FADE IN / OUT ======,"[0.000,0.000,0.000]","[0.000,0.000,0.000]","[0.000,0.000,0.000,1.000]",[],[],[],[]
13,GameCore/BloomSkyboxQuad,"[0.000,0.000,0.000]","[0.000,0.000,0.000]","[0.000,0.000,0.000,1.000]","[0.000,0.000,0.000]","[0.000,0.000,0.000]",[],[]
13,GameCore/FadeInOnSceneTransitionFinished,"[0.000,0.000,0.000]","[0.000,0.000,0.000]","[0.000,0.000,0.000,1.000]",[],[],[],[]
13,GameCore/BasicUIAudioManager,"[0.000,0.000,0.000]","[0.000,0.000,0.000]","[0.000,0.000,0.000,1.000]",[],[],[],[]
13,GameCore/FadeOutOnSceneTransition,"[0.000,0.000,0.000]","[0.000,0.000,0.000]","[0.000,0.000,0.000,1.000]",[],[],[],[]
13,GameCore/BlueNoiseHelper,"[-1.715,0.000,0.000]","[0.000,0.000,0.000]","[0.000,0.000,0.000,1.000]",[],[],[],[]
13,GameCore/SceneCameraBloomPrePass,"[0.000,0.000,0.000]","[0.000,0.000,0.000]","[0.000,0.000,0.000,1.000]",[],[],[],[]
13,GameCore/GrabPassTexture1,"[0.000,0.000,0.000]","[0.000,0.000,0.000]","[0.000,0.000,0.000,1.000]","[0.000,0.000,0.000]","[0.000,0.000,0.000]",[],[]
13,GameCore/VRRenderingParamsSetup,"[0.000,0.000,0.000]","[0.000,0.000,0.000]","[0.000,0.000,0.000,1.000]",[],[],[],[]
13,GameCore/EnvironmentColorManager,"[0.000,0.000,0.000]","[0.000,0.000,0.000]","[0.000,0.000,0.000,1.000]",[],[],[],[]
14,SaberTrailRenderer(Clone),"[0.000,0.000,0.000]","[0.000,0.000,0.000]","[0.000,0.000,0.000,1.000]","[0.000,0.000,0.000]","[100.000,100.000,100.000]",[],[]
14,SaberTrailRenderer(Clone),"[0.000,0.000,0.000]","[0.000,0.000,0.000]","[0.000,0.000,0.000,1.000]","[0.000,0.000,0.000]","[100.000,100.000,100.000]",[],[]
14,ObstacleSaberSparkleEffect/BurnPS,"[0.000,0.000,0.001]","[0.000,0.000,0.000]","[0.000,0.000,0.000,1.000]","[0.000,0.000,0.001]","[0.000,0.000,0.000]",[],[]
14,ObstacleSaberSparkleEffect/SparklePS,"[0.000,0.000,0.000]","[0.000,0.000,0.000]","[0.000,0.000,0.000,1.000]","[0.000,0.000,0.000]","[0.000,0.000,0.000]",[],[]
14,ObstacleSaberSparkleEffect,"[0.000,0.000,0.000]","[0.000,0.000,0.000]","[0.000,0.000,0.000,1.000]",[],[],[],[]
14,ObstacleSaberSparkleEffect/BurnPS,"[0.000,0.000,0.001]","[0.000,0.000,0.000]","[0.000,0.000,0.000,1.000]","[0.000,0.000,0.001]","[0.000,0.000,0.000]",[],[]
14,ObstacleSaberSparkleEffect/SparklePS,"[0.000,0.000,0.000]","[0.000,0.000,0.000]","[0.000,0.000,0.000,1.000]","[0.000,0.000,0.000]","[0.000,0.000,0.000]",[],[]
14,ObstacleSaberSparkleEffect,"[0.000,0.000,0.000]","[0.000,0.000,0.000]","[0.000,0.000,0.000,1.000]",[],[],[],[]
14,BurnPS(Clone),"[0.000,0.000,0.000]","[270.000,0.000,0.000]","[-0.707,0.000,0.000,0.707]","[0.000,0.000,0.000]","[0.276,0.456,0.276]",[],[]
14,BurnPS(Clone),"[0.000,0.000,0.000]","[270.000,0.000,0.000]","[-0.707,0.000,0.000,0.707]","[0.000,0.000,0.000]","[0.276,0.456,0.276]",[],[]
14,BigTrackLaneRing(Clone)/NeonTubeBothSidesDirectional (3)/BoxLight,"[-16.370,21.370,119.000]","[0.000,0.000,135.000]","[0.000,0.000,0.924,0.383]","[-16.370,21.370,119.000]","[4.342,4.342,0.140]",[],[]
14,BigTrackLaneRing(Clone)/NeonTubeBothSidesDirectional (3)/BakedBloom,"[-16.370,21.370,119.000]","[42.548,113.382,196.297]","[0.743,-0.308,0.550,0.228]","[-16.370,21.370,119.000]","[0.000,0.000,0.000]",[],[]
14,BigTrackLaneRing(Clone)/NeonTubeBothSidesDirectional (3),"[-16.370,21.370,119.000]","[0.000,0.000,135.000]","[0.000,0.000,0.924,0.383]",[],[],[],[]
14,BigTrackLaneRing(Clone)/NeonTubeBothSidesDirectional (2)/BoxLight,"[16.370,-11.370,119.000]","[0.000,0.000,315.000]","[0.000,0.000,-0.383,0.924]","[16.370,-11.370,119.000]","[4.342,4.342,0.140]",[],[]
14,BigTrackLaneRing(Clone)/NeonTubeBothSidesDirectional (2)/BakedBloom,"[16.370,-11.370,119.000]","[317.452,246.618,16.297]","[-0.308,-0.743,-0.228,0.550]","[16.370,-11.370,119.000]","[0.000,0.000,0.000]",[],[]
14,BigTrackLaneRing(Clone)/NeonTubeBothSidesDirectional (2),"[16.370,-11.370,119.000]","[0.000,0.000,315.000]","[0.000,0.000,-0.383,0.924]",[],[],[],[]
14,BigTrackLaneRing(Clone)/NeonTubeBothSidesDirectional (1)/BoxLight,"[-16.370,-11.370,119.000]","[0.000,0.000,45.000]","[0.000,0.000,0.383,0.924]","[-16.370,-11.370,119.000]","[4.342,4.342,0.140]",[],[]
14,BigTrackLaneRing(Clone)/NeonTubeBothSidesDirectional (1)/BakedBloom,"[-16.370,-11.370,119.000]","[42.548,293.382,16.297]","[0.228,-0.550,0.308,0.743]","[-16.370,-11.370,119.000]","[0.000,0.000,0.000]",[],[]
14,BigTrackLaneRing(Clone)/NeonTubeBothSidesDirectional (1),"[-16.370,-11.370,119.000]","[0.000,0.000,45.000]","[0.000,0.000,0.383,0.924]",[],[],[],[]
14,BigTrackLaneRing(Clone)/NeonTubeBothSidesDirectional/BoxLight,"[16.370,21.370,119.000]","[0.000,0.000,45.000]","[0.000,0.000,0.383,0.924]","[16.370,21.370,119.000]","[4.342,4.342,0.140]",[],[]
14,BigTrackLaneRing(Clone)/NeonTubeBothSidesDirectional/BakedBloom,"[16.370,21.370,119.000]","[42.548,246.618,343.703]","[0.308,-0.743,0.228,0.550]","[16.370,21.370,119.000]","[0.000,0.000,0.000]",[],[]
14,BigTrackLaneRing(Clone)/NeonTubeBothSidesDirectional,"[16.370,21.370,119.000]","[0.000,0.000,45.000]","[0.000,0.000,0.383,0.924]",[],[],[],[]
14,BigTrackLaneRing(Clone)/Ring,"[0.000,5.000,119.000]","[315.000,90.000,0.000]","[-0.271,0.653,0.271,0.653]","[0.000,5.000,119.000]","[70.242,70.242,0.800]",[],[]
14,BigTrackLaneRing(Clone),"[0.000,5.000,119.000]","[0.000,0.000,45.000]","[0.000,0.000,0.383,0.924]",[],[],[],[]
14,BigTrackLaneRing(Clone)/NeonTubeBothSidesDirectional (3)/BoxLight,"[-16.370,21.370,111.000]","[0.000,0.000,135.000]","[0.000,0.000,0.924,0.383]","[-16.370,21.370,111.000]","[4.342,4.342,0.140]",[],[]
14,BigTrackLaneRing(Clone)/NeonTubeBothSidesDirectional (3)/BakedBloom,"[-16.370,21.370,111.000]","[42.548,113.382,196.297]","[0.743,-0.308,0.550,0.228]","[-16.370,21.370,111.000]","[0.000,0.000,0.000]",[],[]
14,BigTrackLaneRing(Clone)/NeonTubeBothSidesDirectional (3),"[-16.370,21.370,111.000]","[0.000,0.000,135.000]","[0.000,0.000,0.924,0.383]",[],[],[],[]
14,BigTrackLaneRing(Clone)/NeonTubeBothSidesDirectional (2)/BoxLight,"[16.370,-11.370,111.000]","[0.000,0.000,315.000]","[0.000,0.000,-0.383,0.924]","[16.370,-11.370,111.000]","[4.342,4.342,0.140]",[],[]
14,BigTrackLaneRing(Clone)/NeonTubeBothSidesDirectional (2)/BakedBloom,"[16.370,-11.370,111.000]","[317.452,246.618,16.297]","[-0.308,-0.743,-0.228,0.550]","[16.370,-11.370,111.000]","[0.000,0.000,0.000]",[],[]
14,BigTrackLaneRing(Clone)/NeonTubeBothSidesDirectional (2),"[16.370,-11.370,111.000]","[0.000,0.000,315.000]","[0.000,0.000,-0.383,0.924]",[],[],[],[]
14,BigTrackLaneRing(Clone)/NeonTubeBothSidesDirectional (1)/BoxLight,"[-16.370,-11.370,111.000]","[0.000,0.000,45.000]","[0.000,0.000,0.383,0.924]","[-16.370,-11.370,111.000]","[4.342,4.342,0.140]",[],[]
14,BigTrackLaneRing(Clone)/NeonTubeBothSidesDirectional (1)/BakedBloom,"[-16.370,-11.370,111.000]","[42.548,293.382,16.297]","[0.228,-0.550,0.308,0.743]","[-16.370,-11.370,111.000]","[0.000,0.000,0.000]",[],[]
14,BigTrackLaneRing(Clone)/NeonTubeBothSidesDirectional (1),"[-16.370,-11.370,111.000]","[0.000,0.000,45.000]","[0.000,0.000,0.383,0.924]",[],[],[],[]
14,BigTrackLaneRing(Clone)/NeonTubeBothSidesDirectional/BoxLight,"[16.370,21.370,111.000]","[0.000,0.000,45.000]","[0.000,0.000,0.383,0.924]","[16.370,21.370,111.000]","[4.342,4.342,0.140]",[],[]
14,BigTrackLaneRing(Clone)/NeonTubeBothSidesDirectional/BakedBloom,"[16.370,21.370,111.000]","[42.548,246.618,343.703]","[0.308,-0.743,0.228,0.550]","[16.370,21.370,111.000]","[0.000,0.000,0.000]",[],[]
14,BigTrackLaneRing(Clone)/NeonTubeBothSidesDirectional,"[16.370,21.370,111.000]","[0.000,0.000,45.000]","[0.000,0.000,0.383,0.924]",[],[],[],[]
14,BigTrackLaneRing(Clone)/Ring,"[0.000,5.000,111.000]","[315.000,90.000,0.000]","[-0.271,0.653,0.271,0.653]","[0.000,5.000,111.000]","[70.242,70.242,0.800]",[],[]
14,BigTrackLaneRing(Clone),"[0.000,5.000,111.000]","[0.000,0.000,45.000]","[0.000,0.000,0.383,0.924]",[],[],[],[]
14,BigTrackLaneRing(Clone)/NeonTubeBothSidesDirectional (3)/BoxLight,"[-16.370,21.370,103.000]","[0.000,0.000,135.000]","[0.000,0.000,0.924,0.383]","[-16.370,21.370,103.000]","[4.342,4.342,0.140]",[],[]
14,BigTrackLaneRing(Clone)/NeonTubeBothSidesDirectional (3)/BakedBloom,"[-16.370,21.370,103.000]","[42.548,113.382,196.297]","[0.743,-0.308,0.550,0.228]","[-16.370,21.370,103.000]","[0.000,0.000,0.000]",[],[]
14,BigTrackLaneRing(Clone)/NeonTubeBothSidesDirectional (3),"[-16.370,21.370,103.000]","[0.000,0.000,135.000]","[0.000,0.000,0.924,0.383]",[],[],[],[]
14,BigTrackLaneRing(Clone)/NeonTubeBothSidesDirectional (2)/BoxLight,"[16.370,-11.370,103.000]","[0.000,0.000,315.000]","[0.000,0.000,-0.383,0.924]","[16.370,-11.370,103.000]","[4.342,4.342,0.140]",[],[]
14,BigTrackLaneRing(Clone)/NeonTubeBothSidesDirectional (2)/BakedBloom,"[16.370,-11.370,103.000]","[317.452,246.618,16.297]","[-0.308,-0.743,-0.228,0.550]","[16.370,-11.370,103.000]","[0.000,0.000,0.000]",[],[]
14,BigTrackLaneRing(Clone)/NeonTubeBothSidesDirectional (2),"[16.370,-11.370,103.000]","[0.000,0.000,315.000]","[0.000,0.000,-0.383,0.924]",[],[],[],[]
14,BigTrackLaneRing(Clone)/NeonTubeBothSidesDirectional (1)/BoxLight,"[-16.370,-11.370,103.000]","[0.000,0.000,45.000]","[0.000,0.000,0.383,0.924]","[-16.370,-11.370,103.000]","[4.342,4.342,0.140]",[],[]
14,BigTrackLaneRing(Clone)/NeonTubeBothSidesDirectional (1)/BakedBloom,"[-16.370,-11.370,103.000]","[42.548,293.382,16.297]","[0.228,-0.550,0.308,0.743]","[-16.370,-11.370,103.000]","[0.000,0.000,0.000]",[],[]
14,BigTrackLaneRing(Clone)/NeonTubeBothSidesDirectional (1),"[-16.370,-11.370,103.000]","[0.000,0.000,45.000]","[0.000,0.000,0.383,0.924]",[],[],[],[]
14,BigTrackLaneRing(Clone)/NeonTubeBothSidesDirectional/BoxLight,"[16.370,21.370,103.000]","[0.000,0.000,45.000]","[0.000,0.000,0.383,0.924]","[16.370,21.370,103.000]","[4.342,4.342,0.140]",[],[]
14,BigTrackLaneRing(Clone)/NeonTubeBothSidesDirectional/BakedBloom,"[16.370,21.370,103.000]","[42.548,246.618,343.703]","[0.308,-0.743,0.228,0.550]","[16.370,21.370,103.000]","[0.000,0.000,0.000]",[],[]
14,BigTrackLaneRing(Clone)/NeonTubeBothSidesDirectional,"[16.370,21.370,103.000]","[0.000,0.000,45.000]","[0.000,0.000,0.383,0.924]",[],[],[],[]
14,BigTrackLaneRing(Clone)/Ring,"[0.000,5.000,103.000]","[315.000,90.000,0.000]","[-0.271,0.653,0.271,0.653]","[0.000,5.000,103.000]","[70.242,70.242,0.800]",[],[]
14,BigTrackLaneRing(Clone),"[0.000,5.000,103.000]","[0.000,0.000,45.000]","[0.000,0.000,0.383,0.924]",[],[],[],[]
14,BigTrackLaneRing(Clone)/NeonTubeBothSidesDirectional (3)/BoxLight,"[-16.370,21.370,95.000]","[0.000,0.000,135.000]","[0.000,0.000,0.924,0.383]","[-16.370,21.370,95.000]","[4.342,4.342,0.140]",[],[]
14,BigTrackLaneRing(Clone)/NeonTubeBothSidesDirectional (3)/BakedBloom,"[-16.370,21.370,95.000]","[42.548,113.382,196.297]","[0.743,-0.308,0.550,0.228]","[-16.370,21.370,95.000]","[0.000,0.000,0.000]",[],[]
14,BigTrackLaneRing(Clone)/NeonTubeBothSidesDirectional (3),"[-16.370,21.370,95.000]","[0.000,0.000,135.000]","[0.000,0.000,0.924,0.383]",[],[],[],[]
14,BigTrackLaneRing(Clone)/NeonTubeBothSidesDirectional (2)/BoxLight,"[16.370,-11.370,95.000]","[0.000,0.000,315.000]","[0.000,0.000,-0.383,0.924]","[16.370,-11.370,95.000]","[4.342,4.342,0.140]",[],[]
14,BigTrackLaneRing(Clone)/NeonTubeBothSidesDirectional (2)/BakedBloom,"[16.370,-11.370,95.000]","[317.452,246.618,16.297]","[-0.308,-0.743,-0.228,0.550]","[16.370,-11.370,95.000]","[0.000,0.000,0.000]",[],[]
14,BigTrackLaneRing(Clone)/NeonTubeBothSidesDirectional (2),"[16.370,-11.370,95.000]","[0.000,0.000,315.000]","[0.000,0.000,-0.383,0.924]",[],[],[],[]
14,BigTrackLaneRing(Clone)/NeonTubeBothSidesDirectional (1)/BoxLight,"[-16.370,-11.370,95.000]","[0.000,0.000,45.000]","[0.000,0.000,0.383,0.924]","[-16.370,-11.370,95.000]","[4.342,4.342,0.140]",[],[]
14,BigTrackLaneRing(Clone)/NeonTubeBothSidesDirectional (1)/BakedBloom,"[-16.370,-11.370,95.000]","[42.548,293.382,16.297]","[0.228,-0.550,0.308,0.743]","[-16.370,-11.370,95.000]","[0.000,0.000,0.000]",[],[]
14,BigTrackLaneRing(Clone)/NeonTubeBothSidesDirectional (1),"[-16.370,-11.370,95.000]","[0.000,0.000,45.000]","[0.000,0.000,0.383,0.924]",[],[],[],[]
14,BigTrackLaneRing(Clone)/NeonTubeBothSidesDirectional/BoxLight,"[16.370,21.370,95.000]","[0.000,0.000,45.000]","[0.000,0.000,0.383,0.924]","[16.370,21.370,95.000]","[4.342,4.342,0.140]",[],[]
14,BigTrackLaneRing(Clone)/NeonTubeBothSidesDirectional/BakedBloom,"[16.370,21.370,95.000]","[42.548,246.618,343.703]","[0.308,-0.743,0.228,0.550]","[16.370,21.370,95.000]","[0.000,0.000,0.000]",[],[]
14,BigTrackLaneRing(Clone)/NeonTubeBothSidesDirectional,"[16.370,21.370,95.000]","[0.000,0.000,45.000]","[0.000,0.000,0.383,0.924]",[],[],[],[]
14,BigTrackLaneRing(Clone)/Ring,"[0.000,5.000,95.000]","[315.000,90.000,0.000]","[-0.271,0.653,0.271,0.653]","[0.000,5.000,95.000]","[70.242,70.242,0.800]",[],[]
14,BigTrackLaneRing(Clone),"[0.000,5.000,95.000]","[0.000,0.000,45.000]","[0.000,0.000,0.383,0.924]",[],[],[],[]
14,BigTrackLaneRing(Clone)/NeonTubeBothSidesDirectional (3)/BoxLight,"[-16.370,21.370,87.000]","[0.000,0.000,135.000]","[0.000,0.000,0.924,0.383]","[-16.370,21.370,87.000]","[4.342,4.342,0.140]",[],[]
14,BigTrackLaneRing(Clone)/NeonTubeBothSidesDirectional (3)/BakedBloom,"[-16.370,21.370,87.000]","[42.548,113.382,196.297]","[0.743,-0.308,0.550,0.228]","[-16.370,21.370,87.000]","[0.000,0.000,0.000]",[],[]
14,BigTrackLaneRing(Clone)/NeonTubeBothSidesDirectional (3),"[-16.370,21.370,87.000]","[0.000,0.000,135.000]","[0.000,0.000,0.924,0.383]",[],[],[],[]
14,BigTrackLaneRing(Clone)/NeonTubeBothSidesDirectional (2)/BoxLight,"[16.370,-11.370,87.000]","[0.000,0.000,315.000]","[0.000,0.000,-0.383,0.924]","[16.370,-11.370,87.000]","[4.342,4.342,0.140]",[],[]
14,BigTrackLaneRing(Clone)/NeonTubeBothSidesDirectional (2)/BakedBloom,"[16.370,-11.370,87.000]","[317.452,246.618,16.297]","[-0.308,-0.743,-0.228,0.550]","[16.370,-11.370,87.000]","[0.000,0.000,0.000]",[],[]
14,BigTrackLaneRing(Clone)/NeonTubeBothSidesDirectional (2),"[16.370,-11.370,87.000]","[0.000,0.000,315.000]","[0.000,0.000,-0.383,0.924]",[],[],[],[]
14,BigTrackLaneRing(Clone)/NeonTubeBothSidesDirectional (1)/BoxLight,"[-16.370,-11.370,87.000]","[0.000,0.000,45.000]","[0.000,0.000,0.383,0.924]","[-16.370,-11.370,87.000]","[4.342,4.342,0.140]",[],[]
14,BigTrackLaneRing(Clone)/NeonTubeBothSidesDirectional (1)/BakedBloom,"[-16.370,-11.370,87.000]","[42.548,293.382,16.297]","[0.228,-0.550,0.308,0.743]","[-16.370,-11.370,87.000]","[0.000,0.000,0.000]",[],[]
14,BigTrackLaneRing(Clone)/NeonTubeBothSidesDirectional (1),"[-16.370,-11.370,87.000]","[0.000,0.000,45.000]","[0.000,0.000,0.383,0.924]",[],[],[],[]
14,BigTrackLaneRing(Clone)/NeonTubeBothSidesDirectional/BoxLight,"[16.370,21.370,87.000]","[0.000,0.000,45.000]","[0.000,0.000,0.383,0.924]","[16.370,21.370,87.000]","[4.342,4.342,0.140]",[],[]
14,BigTrackLaneRing(Clone)/NeonTubeBothSidesDirectional/BakedBloom,"[16.370,21.370,87.000]","[42.548,246.618,343.703]","[0.308,-0.743,0.228,0.550]","[16.370,21.370,87.000]","[0.000,0.000,0.000]",[],[]
14,BigTrackLaneRing(Clone)/NeonTubeBothSidesDirectional,"[16.370,21.370,87.000]","[0.000,0.000,45.000]","[0.000,0.000,0.383,0.924]",[],[],[],[]
14,BigTrackLaneRing(Clone)/Ring,"[0.000,5.000,87.000]","[315.000,90.000,0.000]","[-0.271,0.653,0.271,0.653]","[0.000,5.000,87.000]","[70.242,70.242,0.800]",[],[]
14,BigTrackLaneRing(Clone),"[0.000,5.000,87.000]","[0.000,0.000,45.000]","[0.000,0.000,0.383,0.924]",[],[],[],[]
14,BigTrackLaneRing(Clone)/NeonTubeBothSidesDirectional (3)/BoxLight,"[-16.370,21.370,79.000]","[0.000,0.000,135.000]","[0.000,0.000,0.924,0.383]","[-16.370,21.370,79.000]","[4.342,4.342,0.140]",[],[]
14,BigTrackLaneRing(Clone)/NeonTubeBothSidesDirectional (3)/BakedBloom,"[-16.370,21.370,79.000]","[42.548,113.382,196.297]","[0.743,-0.308,0.550,0.228]","[-16.370,21.370,79.000]","[0.000,0.000,0.000]",[],[]
14,BigTrackLaneRing(Clone)/NeonTubeBothSidesDirectional (3),"[-16.370,21.370,79.000]","[0.000,0.000,135.000]","[0.000,0.000,0.924,0.383]",[],[],[],[]
14,BigTrackLaneRing(Clone)/NeonTubeBothSidesDirectional (2)/BoxLight,"[16.370,-11.370,79.000]","[0.000,0.000,315.000]","[0.000,0.000,-0.383,0.924]","[16.370,-11.370,79.000]","[4.342,4.342,0.140]",[],[]
14,BigTrackLaneRing(Clone)/NeonTubeBothSidesDirectional (2)/BakedBloom,"[16.370,-11.370,79.000]","[317.452,246.618,16.297]","[-0.308,-0.743,-0.228,0.550]","[16.370,-11.370,79.000]","[0.000,0.000,0.000]",[],[]
14,BigTrackLaneRing(Clone)/NeonTubeBothSidesDirectional (2),"[16.370,-11.370,79.000]","[0.000,0.000,315.000]","[0.000,0.000,-0.383,0.924]",[],[],[],[]
14,BigTrackLaneRing(Clone)/NeonTubeBothSidesDirectional (1)/BoxLight,"[-16.370,-11.370,79.000]","[0.000,0.000,45.000]","[0.000,0.000,0.383,0.924]","[-16.370,-11.370,79.000]","[4.342,4.342,0.140]",[],[]
14,BigTrackLaneRing(Clone)/NeonTubeBothSidesDirectional (1)/BakedBloom,"[-16.370,-11.370,79.000]","[42.548,293.382,16.297]","[0.228,-0.550,0.308,0.743]","[-16.370,-11.370,79.000]","[0.000,0.000,0.000]",[],[]
14,BigTrackLaneRing(Clone)/NeonTubeBothSidesDirectional (1),"[-16.370,-11.370,79.000]","[0.000,0.000,45.000]","[0.000,0.000,0.383,0.924]",[],[],[],[]
14,BigTrackLaneRing(Clone)/NeonTubeBothSidesDirectional/BoxLight,"[16.370,21.370,79.000]","[0.000,0.000,45.000]","[0.000,0.000,0.383,0.924]","[16.370,21.370,79.000]","[4.342,4.342,0.140]",[],[]
14,BigTrackLaneRing(Clone)/NeonTubeBothSidesDirectional/BakedBloom,"[16.370,21.370,79.000]","[42.548,246.618,343.703]","[0.308,-0.743,0.228,0.550]","[16.370,21.370,79.000]","[0.000,0.000,0.000]",[],[]
14,BigTrackLaneRing(Clone)/NeonTubeBothSidesDirectional,"[16.370,21.370,79.000]","[0.000,0.000,45.000]","[0.000,0.000,0.383,0.924]",[],[],[],[]
14,BigTrackLaneRing(Clone)/Ring,"[0.000,5.000,79.000]","[315.000,90.000,0.000]","[-0.271,0.653,0.271,0.653]","[0.000,5.000,79.000]","[70.242,70.242,0.800]",[],[]
14,BigTrackLaneRing(Clone),"[0.000,5.000,79.000]","[0.000,0.000,45.000]","[0.000,0.000,0.383,0.924]",[],[],[],[]
14,BigTrackLaneRing(Clone)/NeonTubeBothSidesDirectional (3)/BoxLight,"[-16.370,21.370,71.000]","[0.000,0.000,135.000]","[0.000,0.000,0.924,0.383]","[-16.370,21.370,71.000]","[4.342,4.342,0.140]",[],[]
14,BigTrackLaneRing(Clone)/NeonTubeBothSidesDirectional (3)/BakedBloom,"[-16.370,21.370,71.000]","[42.548,113.382,196.297]","[0.743,-0.308,0.550,0.228]","[-16.370,21.370,71.000]","[0.000,0.000,0.000]",[],[]
14,BigTrackLaneRing(Clone)/NeonTubeBothSidesDirectional (3),"[-16.370,21.370,71.000]","[0.000,0.000,135.000]","[0.000,0.000,0.924,0.383]",[],[],[],[]
14,BigTrackLaneRing(Clone)/NeonTubeBothSidesDirectional (2)/BoxLight,"[16.370,-11.370,71.000]","[0.000,0.000,315.000]","[0.000,0.000,-0.383,0.924]","[16.370,-11.370,71.000]","[4.342,4.342,0.140]",[],[]
14,BigTrackLaneRing(Clone)/NeonTubeBothSidesDirectional (2)/BakedBloom,"[16.370,-11.370,71.000]","[317.452,246.618,16.297]","[-0.308,-0.743,-0.228,0.550]","[16.370,-11.370,71.000]","[0.000,0.000,0.000]",[],[]
14,BigTrackLaneRing(Clone)/NeonTubeBothSidesDirectional (2),"[16.370,-11.370,71.000]","[0.000,0.000,315.000]","[0.000,0.000,-0.383,0.924]",[],[],[],[]
14,BigTrackLaneRing(Clone)/NeonTubeBothSidesDirectional (1)/BoxLight,"[-16.370,-11.370,71.000]","[0.000,0.000,45.000]","[0.000,0.000,0.383,0.924]","[-16.370,-11.370,71.000]","[4.342,4.342,0.140]",[],[]
14,BigTrackLaneRing(Clone)/NeonTubeBothSidesDirectional (1)/BakedBloom,"[-16.370,-11.370,71.000]","[42.548,293.382,16.297]","[0.228,-0.550,0.308,0.743]","[-16.370,-11.370,71.000]","[0.000,0.000,0.000]",[],[]
14,BigTrackLaneRing(Clone)/NeonTubeBothSidesDirectional (1),"[-16.370,-11.370,71.000]","[0.000,0.000,45.000]","[0.000,0.000,0.383,0.924]",[],[],[],[]
14,BigTrackLaneRing(Clone)/NeonTubeBothSidesDirectional/BoxLight,"[16.370,21.370,71.000]","[0.000,0.000,45.000]","[0.000,0.000,0.383,0.924]","[16.370,21.370,71.000]","[4.342,4.342,0.140]",[],[]
14,BigTrackLaneRing(Clone)/NeonTubeBothSidesDirectional/BakedBloom,"[16.370,21.370,71.000]","[42.548,246.618,343.703]","[0.308,-0.743,0.228,0.550]","[16.370,21.370,71.000]","[0.000,0.000,0.000]",[],[]
14,BigTrackLaneRing(Clone)/NeonTubeBothSidesDirectional,"[16.370,21.370,71.000]","[0.000,0.000,45.000]","[0.000,0.000,0.383,0.924]",[],[],[],[]
14,BigTrackLaneRing(Clone)/Ring,"[0.000,5.000,71.000]","[315.000,90.000,0.000]","[-0.271,0.653,0.271,0.653]","[0.000,5.000,71.000]","[70.242,70.242,0.800]",[],[]
14,BigTrackLaneRing(Clone),"[0.000,5.000,71.000]","[0.000,0.000,45.000]","[0.000,0.000,0.383,0.924]",[],[],[],[]
14,BigTrackLaneRing(Clone)/NeonTubeBothSidesDirectional (3)/BoxLight,"[-16.370,21.370,63.000]","[0.000,0.000,135.000]","[0.000,0.000,0.924,0.383]","[-16.370,21.370,63.000]","[4.342,4.342,0.140]",[],[]
14,BigTrackLaneRing(Clone)/NeonTubeBothSidesDirectional (3)/BakedBloom,"[-16.370,21.370,63.000]","[42.548,113.382,196.297]","[0.743,-0.308,0.550,0.228]","[-16.370,21.370,63.000]","[0.000,0.000,0.000]",[],[]
14,BigTrackLaneRing(Clone)/NeonTubeBothSidesDirectional (3),"[-16.370,21.370,63.000]","[0.000,0.000,135.000]","[0.000,0.000,0.924,0.383]",[],[],[],[]
14,BigTrackLaneRing(Clone)/NeonTubeBothSidesDirectional (2)/BoxLight,"[16.370,-11.370,63.000]","[0.000,0.000,315.000]","[0.000,0.000,-0.383,0.924]","[16.370,-11.370,63.000]","[4.342,4.342,0.140]",[],[]
14,BigTrackLaneRing(Clone)/NeonTubeBothSidesDirectional (2)/BakedBloom,"[16.370,-11.370,63.000]","[317.452,246.618,16.297]","[-0.308,-0.743,-0.228,0.550]","[16.370,-11.370,63.000]","[0.000,0.000,0.000]",[],[]
14,BigTrackLaneRing(Clone)/NeonTubeBothSidesDirectional (2),"[16.370,-11.370,63.000]","[0.000,0.000,315.000]","[0.000,0.000,-0.383,0.924]",[],[],[],[]
14,BigTrackLaneRing(Clone)/NeonTubeBothSidesDirectional (1)/BoxLight,"[-16.370,-11.370,63.000]","[0.000,0.000,45.000]","[0.000,0.000,0.383,0.924]","[-16.370,-11.370,63.000]","[4.342,4.342,0.140]",[],[]
14,BigTrackLaneRing(Clone)/NeonTubeBothSidesDirectional (1)/BakedBloom,"[-16.370,-11.370,63.000]","[42.548,293.382,16.297]","[0.228,-0.550,0.308,0.743]","[-16.370,-11.370,63.000]","[0.000,0.000,0.000]",[],[]
14,BigTrackLaneRing(Clone)/NeonTubeBothSidesDirectional (1),"[-16.370,-11.370,63.000]","[0.000,0.000,45.000]","[0.000,0.000,0.383,0.924]",[],[],[],[]
14,BigTrackLaneRing(Clone)/NeonTubeBothSidesDirectional/BoxLight,"[16.370,21.370,63.000]","[0.000,0.000,45.000]","[0.000,0.000,0.383,0.924]","[16.370,21.370,63.000]","[4.342,4.342,0.140]",[],[]
14,BigTrackLaneRing(Clone)/NeonTubeBothSidesDirectional/BakedBloom,"[16.370,21.370,63.000]","[42.548,246.618,343.703]","[0.308,-0.743,0.228,0.550]","[16.370,21.370,63.000]","[0.000,0.000,0.000]",[],[]
14,BigTrackLaneRing(Clone)/NeonTubeBothSidesDirectional,"[16.370,21.370,63.000]","[0.000,0.000,45.000]","[0.000,0.000,0.383,0.924]",[],[],[],[]
14,BigTrackLaneRing(Clone)/Ring,"[0.000,5.000,63.000]","[315.000,90.000,0.000]","[-0.271,0.653,0.271,0.653]","[0.000,5.000,63.000]","[70.242,70.242,0.800]",[],[]
14,BigTrackLaneRing(Clone),"[0.000,5.000,63.000]","[0.000,0.000,45.000]","[0.000,0.000,0.383,0.924]",[],[],[],[]
14,BigTrackLaneRing(Clone)/NeonTubeBothSidesDirectional (3)/BoxLight,"[-16.370,21.370,55.000]","[0.000,0.000,135.000]","[0.000,0.000,0.924,0.383]","[-16.370,21.370,55.000]","[4.342,4.342,0.140]",[],[]
14,BigTrackLaneRing(Clone)/NeonTubeBothSidesDirectional (3)/BakedBloom,"[-16.370,21.370,55.000]","[42.548,113.382,196.297]","[0.743,-0.308,0.550,0.228]","[-16.370,21.370,55.000]","[0.000,0.000,0.000]",[],[]
14,BigTrackLaneRing(Clone)/NeonTubeBothSidesDirectional (3),"[-16.370,21.370,55.000]","[0.000,0.000,135.000]","[0.000,0.000,0.924,0.383]",[],[],[],[]
14,BigTrackLaneRing(Clone)/NeonTubeBothSidesDirectional (2)/BoxLight,"[16.370,-11.370,55.000]","[0.000,0.000,315.000]","[0.000,0.000,-0.383,0.924]","[16.370,-11.370,55.000]","[4.342,4.342,0.140]",[],[]
14,BigTrackLaneRing(Clone)/NeonTubeBothSidesDirectional (2)/BakedBloom,"[16.370,-11.370,55.000]","[317.452,246.618,16.297]","[-0.308,-0.743,-0.228,0.550]","[16.370,-11.370,55.000]","[0.000,0.000,0.000]",[],[]
14,BigTrackLaneRing(Clone)/NeonTubeBothSidesDirectional (2),"[16.370,-11.370,55.000]","[0.000,0.000,315.000]","[0.000,0.000,-0.383,0.924]",[],[],[],[]
14,BigTrackLaneRing(Clone)/NeonTubeBothSidesDirectional (1)/BoxLight,"[-16.370,-11.370,55.000]","[0.000,0.000,45.000]","[0.000,0.000,0.383,0.924]","[-16.370,-11.370,55.000]","[4.342,4.342,0.140]",[],[]
14,BigTrackLaneRing(Clone)/NeonTubeBothSidesDirectional (1)/BakedBloom,"[-16.370,-11.370,55.000]","[42.548,293.382,16.297]","[0.228,-0.550,0.308,0.743]","[-16.370,-11.370,55.000]","[0.000,0.000,0.000]",[],[]
14,BigTrackLaneRing(Clone)/NeonTubeBothSidesDirectional (1),"[-16.370,-11.370,55.000]","[0.000,0.000,45.000]","[0.000,0.000,0.383,0.924]",[],[],[],[]
14,BigTrackLaneRing(Clone)/NeonTubeBothSidesDirectional/BoxLight,"[16.370,21.370,55.000]","[0.000,0.000,45.000]","[0.000,0.000,0.383,0.924]","[16.370,21.370,55.000]","[4.342,4.342,0.140]",[],[]
14,BigTrackLaneRing(Clone)/NeonTubeBothSidesDirectional/BakedBloom,"[16.370,21.370,55.000]","[42.548,246.618,343.703]","[0.308,-0.743,0.228,0.550]","[16.370,21.370,55.000]","[0.000,0.000,0.000]",[],[]
14,BigTrackLaneRing(Clone)/NeonTubeBothSidesDirectional,"[16.370,21.370,55.000]","[0.000,0.000,45.000]","[0.000,0.000,0.383,0.924]",[],[],[],[]
14,BigTrackLaneRing(Clone)/Ring,"[0.000,5.000,55.000]","[315.000,90.000,0.000]","[-0.271,0.653,0.271,0.653]","[0.000,5.000,55.000]","[70.242,70.242,0.800]",[],[]
14,BigTrackLaneRing(Clone),"[0.000,5.000,55.000]","[0.000,0.000,45.000]","[0.000,0.000,0.383,0.924]",[],[],[],[]
14,BigTrackLaneRing(Clone)/NeonTubeBothSidesDirectional (3)/BoxLight,"[-16.370,21.370,47.000]","[0.000,0.000,135.000]","[0.000,0.000,0.924,0.383]","[-16.370,21.370,47.000]","[4.342,4.342,0.140]",[],[]
14,BigTrackLaneRing(Clone)/NeonTubeBothSidesDirectional (3)/BakedBloom,"[-16.370,21.370,47.000]","[42.548,113.382,196.297]","[0.743,-0.308,0.550,0.228]","[-16.370,21.370,47.000]","[0.000,0.000,0.000]",[],[]
14,BigTrackLaneRing(Clone)/NeonTubeBothSidesDirectional (3),"[-16.370,21.370,47.000]","[0.000,0.000,135.000]","[0.000,0.000,0.924,0.383]",[],[],[],[]
14,BigTrackLaneRing(Clone)/NeonTubeBothSidesDirectional (2)/BoxLight,"[16.370,-11.370,47.000]","[0.000,0.000,315.000]","[0.000,0.000,-0.383,0.924]","[16.370,-11.370,47.000]","[4.342,4.342,0.140]",[],[]
14,BigTrackLaneRing(Clone)/NeonTubeBothSidesDirectional (2)/BakedBloom,"[16.370,-11.370,47.000]","[317.452,246.618,16.297]","[-0.308,-0.743,-0.228,0.550]","[16.370,-11.370,47.000]","[0.000,0.000,0.000]",[],[]
14,BigTrackLaneRing(Clone)/NeonTubeBothSidesDirectional (2),"[16.370,-11.370,47.000]","[0.000,0.000,315.000]","[0.000,0.000,-0.383,0.924]",[],[],[],[]
14,BigTrackLaneRing(Clone)/NeonTubeBothSidesDirectional (1)/BoxLight,"[-16.370,-11.370,47.000]","[0.000,0.000,45.000]","[0.000,0.000,0.383,0.924]","[-16.370,-11.370,47.000]","[4.342,4.342,0.140]",[],[]
14,BigTrackLaneRing(Clone)/NeonTubeBothSidesDirectional (1)/BakedBloom,"[-16.370,-11.370,47.000]","[42.548,293.382,16.297]","[0.228,-0.550,0.308,0.743]","[-16.370,-11.370,47.000]","[0.000,0.000,0.000]",[],[]
14,BigTrackLaneRing(Clone)/NeonTubeBothSidesDirectional (1),"[-16.370,-11.370,47.000]","[0.000,0.000,45.000]","[0.000,0.000,0.383,0.924]",[],[],[],[]
14,BigTrackLaneRing(Clone)/NeonTubeBothSidesDirectional/BoxLight,"[16.370,21.370,47.000]","[0.000,0.000,45.000]","[0.000,0.000,0.383,0.924]","[16.370,21.370,47.000]","[4.342,4.342,0.140]",[],[]
14,BigTrackLaneRing(Clone)/NeonTubeBothSidesDirectional/BakedBloom,"[16.370,21.370,47.000]","[42.548,246.618,343.703]","[0.308,-0.743,0.228,0.550]","[16.370,21.370,47.000]","[0.000,0.000,0.000]",[],[]
14,BigTrackLaneRing(Clone)/NeonTubeBothSidesDirectional,"[16.370,21.370,47.000]","[0.000,0.000,45.000]","[0.000,0.000,0.383,0.924]",[],[],[],[]
14,BigTrackLaneRing(Clone)/Ring,"[0.000,5.000,47.000]","[315.000,90.000,0.000]","[-0.271,0.653,0.271,0.653]","[0.000,5.000,47.000]","[70.242,70.242,0.800]",[],[]
14,BigTrackLaneRing(Clone),"[0.000,5.000,47.000]","[0.000,0.000,45.000]","[0.000,0.000,0.383,0.924]",[],[],[],[]
14,BigTrackLaneRing(Clone)/NeonTubeBothSidesDirectional (3)/BoxLight,"[-16.370,21.370,39.000]","[0.000,0.000,135.000]","[0.000,0.000,0.924,0.383]","[-16.370,21.370,39.000]","[4.342,4.342,0.140]",[],[]
14,BigTrackLaneRing(Clone)/NeonTubeBothSidesDirectional (3)/BakedBloom,"[-16.370,21.370,39.000]","[42.548,113.382,196.297]","[0.743,-0.308,0.550,0.228]","[-16.370,21.370,39.000]","[0.000,0.000,0.000]",[],[]
14,BigTrackLaneRing(Clone)/NeonTubeBothSidesDirectional (3),"[-16.370,21.370,39.000]","[0.000,0.000,135.000]","[0.000,0.000,0.924,0.383]",[],[],[],[]
14,BigTrackLaneRing(Clone)/NeonTubeBothSidesDirectional (2)/BoxLight,"[16.370,-11.370,39.000]","[0.000,0.000,315.000]","[0.000,0.000,-0.383,0.924]","[16.370,-11.370,39.000]","[4.342,4.342,0.140]",[],[]
14,BigTrackLaneRing(Clone)/NeonTubeBothSidesDirectional (2)/BakedBloom,"[16.370,-11.370,39.000]","[317.452,246.618,16.297]","[-0.308,-0.743,-0.228,0.550]","[16.370,-11.370,39.000]","[0.000,0.000,0.000]",[],[]
14,BigTrackLaneRing(Clone)/NeonTubeBothSidesDirectional (2),"[16.370,-11.370,39.000]","[0.000,0.000,315.000]","[0.000,0.000,-0.383,0.924]",[],[],[],[]
14,BigTrackLaneRing(Clone)/NeonTubeBothSidesDirectional (1)/BoxLight,"[-16.370,-11.370,39.000]","[0.000,0.000,45.000]","[0.000,0.000,0.383,0.924]","[-16.370,-11.370,39.000]","[4.342,4.342,0.140]",[],[]
14,BigTrackLaneRing(Clone)/NeonTubeBothSidesDirectional (1)/BakedBloom,"[-16.370,-11.370,39.000]","[42.548,293.382,16.297]","[0.228,-0.550,0.308,0.743]","[-16.370,-11.370,39.000]","[0.000,0.000,0.000]",[],[]
14,BigTrackLaneRing(Clone)/NeonTubeBothSidesDirectional (1),"[-16.370,-11.370,39.000]","[0.000,0.000,45.000]","[0.000,0.000,0.383,0.924]",[],[],[],[]
14,BigTrackLaneRing(Clone)/NeonTubeBothSidesDirectional/BoxLight,"[16.370,21.370,39.000]","[0.000,0.000,45.000]","[0.000,0.000,0.383,0.924]","[16.370,21.370,39.000]","[4.342,4.342,0.140]",[],[]
14,BigTrackLaneRing(Clone)/NeonTubeBothSidesDirectional/BakedBloom,"[16.370,21.370,39.000]","[42.548,246.618,343.703]","[0.308,-0.743,0.228,0.550]","[16.370,21.370,39.000]","[0.000,0.000,0.000]",[],[]
14,BigTrackLaneRing(Clone)/NeonTubeBothSidesDirectional,"[16.370,21.370,39.000]","[0.000,0.000,45.000]","[0.000,0.000,0.383,0.924]",[],[],[],[]
14,BigTrackLaneRing(Clone)/Ring,"[0.000,5.000,39.000]","[315.000,90.000,0.000]","[-0.271,0.653,0.271,0.653]","[0.000,5.000,39.000]","[70.242,70.242,0.800]",[],[]
14,BigTrackLaneRing(Clone),"[0.000,5.000,39.000]","[0.000,0.000,45.000]","[0.000,0.000,0.383,0.924]",[],[],[],[]
14,BigTrackLaneRing(Clone)/NeonTubeBothSidesDirectional (3)/BoxLight,"[-16.370,21.370,31.000]","[0.000,0.000,135.000]","[0.000,0.000,0.924,0.383]","[-16.370,21.370,31.000]","[4.342,4.342,0.140]",[],[]
14,BigTrackLaneRing(Clone)/NeonTubeBothSidesDirectional (3)/BakedBloom,"[-16.370,21.370,31.000]","[42.548,113.382,196.297]","[0.743,-0.308,0.550,0.228]","[-16.370,21.370,31.000]","[0.000,0.000,0.000]",[],[]
14,BigTrackLaneRing(Clone)/NeonTubeBothSidesDirectional (3),"[-16.370,21.370,31.000]","[0.000,0.000,135.000]","[0.000,0.000,0.924,0.383]",[],[],[],[]
14,BigTrackLaneRing(Clone)/NeonTubeBothSidesDirectional (2)/BoxLight,"[16.370,-11.370,31.000]","[0.000,0.000,315.000]","[0.000,0.000,-0.383,0.924]","[16.370,-11.370,31.000]","[4.342,4.342,0.140]",[],[]
14,BigTrackLaneRing(Clone)/NeonTubeBothSidesDirectional (2)/BakedBloom,"[16.370,-11.370,31.000]","[317.452,246.618,16.297]","[-0.308,-0.743,-0.228,0.550]","[16.370,-11.370,31.000]","[0.000,0.000,0.000]",[],[]
14,BigTrackLaneRing(Clone)/NeonTubeBothSidesDirectional (2),"[16.370,-11.370,31.000]","[0.000,0.000,315.000]","[0.000,0.000,-0.383,0.924]",[],[],[],[]
14,BigTrackLaneRing(Clone)/NeonTubeBothSidesDirectional (1)/BoxLight,"[-16.370,-11.370,31.000]","[0.000,0.000,45.000]","[0.000,0.000,0.383,0.924]","[-16.370,-11.370,31.000]","[4.342,4.342,0.140]",[],[]
14,BigTrackLaneRing(Clone)/NeonTubeBothSidesDirectional (1)/BakedBloom,"[-16.370,-11.370,31.000]","[42.548,293.382,16.297]","[0.228,-0.550,0.308,0.743]","[-16.370,-11.370,31.000]","[0.000,0.000,0.000]",[],[]
14,BigTrackLaneRing(Clone)/NeonTubeBothSidesDirectional (1),"[-16.370,-11.370,31.000]","[0.000,0.000,45.000]","[0.000,0.000,0.383,0.924]",[],[],[],[]
14,BigTrackLaneRing(Clone)/NeonTubeBothSidesDirectional/BoxLight,"[16.370,21.370,31.000]","[0.000,0.000,45.000]","[0.000,0.000,0.383,0.924]","[16.370,21.370,31.000]","[4.342,4.342,0.140]",[],[]
14,BigTrackLaneRing(Clone)/NeonTubeBothSidesDirectional/BakedBloom,"[16.370,21.370,31.000]","[42.548,246.618,343.703]","[0.308,-0.743,0.228,0.550]","[16.370,21.370,31.000]","[0.000,0.000,0.000]",[],[]
14,BigTrackLaneRing(Clone)/NeonTubeBothSidesDirectional,"[16.370,21.370,31.000]","[0.000,0.000,45.000]","[0.000,0.000,0.383,0.924]",[],[],[],[]
14,BigTrackLaneRing(Clone)/Ring,"[0.000,5.000,31.000]","[315.000,90.000,0.000]","[-0.271,0.653,0.271,0.653]","[0.000,5.000,31.000]","[70.242,70.242,0.800]",[],[]
14,BigTrackLaneRing(Clone),"[0.000,5.000,31.000]","[0.000,0.000,45.000]","[0.000,0.000,0.383,0.924]",[],[],[],[]
14,BigTrackLaneRing(Clone)/NeonTubeBothSidesDirectional (3)/BoxLight,"[-16.370,21.370,23.000]","[0.000,0.000,135.000]","[0.000,0.000,0.924,0.383]","[-16.370,21.370,23.000]","[4.342,4.342,0.140]",[],[]
14,BigTrackLaneRing(Clone)/NeonTubeBothSidesDirectional (3)/BakedBloom,"[-16.370,21.370,23.000]","[42.548,113.382,196.297]","[0.743,-0.308,0.550,0.228]","[-16.370,21.370,23.000]","[0.000,0.000,0.000]",[],[]
14,BigTrackLaneRing(Clone)/NeonTubeBothSidesDirectional (3),"[-16.370,21.370,23.000]","[0.000,0.000,135.000]","[0.000,0.000,0.924,0.383]",[],[],[],[]
14,BigTrackLaneRing(Clone)/NeonTubeBothSidesDirectional (2)/BoxLight,"[16.370,-11.370,23.000]","[0.000,0.000,315.000]","[0.000,0.000,-0.383,0.924]","[16.370,-11.370,23.000]","[4.342,4.342,0.140]",[],[]
14,BigTrackLaneRing(Clone)/NeonTubeBothSidesDirectional (2)/BakedBloom,"[16.370,-11.370,23.000]","[317.452,246.618,16.297]","[-0.308,-0.743,-0.228,0.550]","[16.370,-11.370,23.000]","[0.000,0.000,0.000]",[],[]
14,BigTrackLaneRing(Clone)/NeonTubeBothSidesDirectional (2),"[16.370,-11.370,23.000]","[0.000,0.000,315.000]","[0.000,0.000,-0.383,0.924]",[],[],[],[]
14,BigTrackLaneRing(Clone)/NeonTubeBothSidesDirectional (1)/BoxLight,"[-16.370,-11.370,23.000]","[0.000,0.000,45.000]","[0.000,0.000,0.383,0.924]","[-16.370,-11.370,23.000]","[4.342,4.342,0.140]",[],[]
14,BigTrackLaneRing(Clone)/NeonTubeBothSidesDirectional (1)/BakedBloom,"[-16.370,-11.370,23.000]","[42.548,293.382,16.297]","[0.228,-0.550,0.308,0.743]","[-16.370,-11.370,23.000]","[0.000,0.000,0.000]",[],[]
14,BigTrackLaneRing(Clone)/NeonTubeBothSidesDirectional (1),"[-16.370,-11.370,23.000]","[0.000,0.000,45.000]","[0.000,0.000,0.383,0.924]",[],[],[],[]
14,BigTrackLaneRing(Clone)/NeonTubeBothSidesDirectional/BoxLight,"[16.370,21.370,23.000]","[0.000,0.000,45.000]","[0.000,0.000,0.383,0.924]","[16.370,21.370,23.000]","[4.342,4.342,0.140]",[],[]
14,BigTrackLaneRing(Clone)/NeonTubeBothSidesDirectional/BakedBloom,"[16.370,21.370,23.000]","[42.548,246.618,343.703]","[0.308,-0.743,0.228,0.550]","[16.370,21.370,23.000]","[0.000,0.000,0.000]",[],[]
14,BigTrackLaneRing(Clone)/NeonTubeBothSidesDirectional,"[16.370,21.370,23.000]","[0.000,0.000,45.000]","[0.000,0.000,0.383,0.924]",[],[],[],[]
14,BigTrackLaneRing(Clone)/Ring,"[0.000,5.000,23.000]","[315.000,90.000,0.000]","[-0.271,0.653,0.271,0.653]","[0.000,5.000,23.000]","[70.242,70.242,0.800]",[],[]
14,BigTrackLaneRing(Clone),"[0.000,5.000,23.000]","[0.000,0.000,45.000]","[0.000,0.000,0.383,0.924]",[],[],[],[]
14,BigTrackLaneRing(Clone)/NeonTubeBothSidesDirectional (3)/BoxLight,"[-16.370,21.370,15.000]","[0.000,0.000,135.000]","[0.000,0.000,0.924,0.383]","[-16.370,21.370,15.000]","[4.342,4.342,0.140]",[],[]
14,BigTrackLaneRing(Clone)/NeonTubeBothSidesDirectional (3)/BakedBloom,"[-16.370,21.370,15.000]","[42.548,113.382,196.297]","[0.743,-0.308,0.550,0.228]","[-16.370,21.370,15.000]","[0.000,0.000,0.000]",[],[]
14,BigTrackLaneRing(Clone)/NeonTubeBothSidesDirectional (3),"[-16.370,21.370,15.000]","[0.000,0.000,135.000]","[0.000,0.000,0.924,0.383]",[],[],[],[]
14,BigTrackLaneRing(Clone)/NeonTubeBothSidesDirectional (2)/BoxLight,"[16.370,-11.370,15.000]","[0.000,0.000,315.000]","[0.000,0.000,-0.383,0.924]","[16.370,-11.370,15.000]","[4.342,4.342,0.140]",[],[]
14,BigTrackLaneRing(Clone)/NeonTubeBothSidesDirectional (2)/BakedBloom,"[16.370,-11.370,15.000]","[317.452,246.618,16.297]","[-0.308,-0.743,-0.228,0.550]","[16.370,-11.370,15.000]","[0.000,0.000,0.000]",[],[]
14,BigTrackLaneRing(Clone)/NeonTubeBothSidesDirectional (2),"[16.370,-11.370,15.000]","[0.000,0.000,315.000]","[0.000,0.000,-0.383,0.924]",[],[],[],[]
14,BigTrackLaneRing(Clone)/NeonTubeBothSidesDirectional (1)/BoxLight,"[-16.370,-11.370,15.000]","[0.000,0.000,45.000]","[0.000,0.000,0.383,0.924]","[-16.370,-11.370,15.000]","[4.342,4.342,0.140]",[],[]
14,BigTrackLaneRing(Clone)/NeonTubeBothSidesDirectional (1)/BakedBloom,"[-16.370,-11.370,15.000]","[42.548,293.382,16.297]","[0.228,-0.550,0.308,0.743]","[-16.370,-11.370,15.000]","[0.000,0.000,0.000]",[],[]
14,BigTrackLaneRing(Clone)/NeonTubeBothSidesDirectional (1),"[-16.370,-11.370,15.000]","[0.000,0.000,45.000]","[0.000,0.000,0.383,0.924]",[],[],[],[]
14,BigTrackLaneRing(Clone)/NeonTubeBothSidesDirectional/BoxLight,"[16.370,21.370,15.000]","[0.000,0.000,45.000]","[0.000,0.000,0.383,0.924]","[16.370,21.370,15.000]","[4.342,4.342,0.140]",[],[]
14,BigTrackLaneRing(Clone)/NeonTubeBothSidesDirectional/BakedBloom,"[16.370,21.370,15.000]","[42.548,246.618,343.703]","[0.308,-0.743,0.228,0.550]","[16.370,21.370,15.000]","[0.000,0.000,0.000]",[],[]
14,BigTrackLaneRing(Clone)/NeonTubeBothSidesDirectional,"[16.370,21.370,15.000]","[0.000,0.000,45.000]","[0.000,0.000,0.383,0.924]",[],[],[],[]
14,BigTrackLaneRing(Clone)/Ring,"[0.000,5.000,15.000]","[315.000,90.000,0.000]","[-0.271,0.653,0.271,0.653]","[0.000,5.000,15.000]","[70.242,70.242,0.800]",[],[]
14,BigTrackLaneRing(Clone),"[0.000,5.000,15.000]","[0.000,0.000,45.000]","[0.000,0.000,0.383,0.924]",[],[],[],[]
14,BigTrackLaneRing(Clone)/NeonTubeBothSidesDirectional (3)/BoxLight,"[-16.370,21.370,7.000]","[0.000,0.000,135.000]","[0.000,0.000,0.924,0.383]","[-16.370,21.370,7.000]","[4.342,4.342,0.140]",[],[]
14,BigTrackLaneRing(Clone)/NeonTubeBothSidesDirectional (3)/BakedBloom,"[-16.370,21.370,7.000]","[42.548,113.382,196.297]","[0.743,-0.308,0.550,0.228]","[-16.370,21.370,7.000]","[0.000,0.000,0.000]",[],[]
14,BigTrackLaneRing(Clone)/NeonTubeBothSidesDirectional (3),"[-16.370,21.370,7.000]","[0.000,0.000,135.000]","[0.000,0.000,0.924,0.383]",[],[],[],[]
14,BigTrackLaneRing(Clone)/NeonTubeBothSidesDirectional (2)/BoxLight,"[16.370,-11.370,7.000]","[0.000,0.000,315.000]","[0.000,0.000,-0.383,0.924]","[16.370,-11.370,7.000]","[4.342,4.342,0.140]",[],[]
14,BigTrackLaneRing(Clone)/NeonTubeBothSidesDirectional (2)/BakedBloom,"[16.370,-11.370,7.000]","[317.452,246.618,16.297]","[-0.308,-0.743,-0.228,0.550]","[16.370,-11.370,7.000]","[0.000,0.000,0.000]",[],[]
14,BigTrackLaneRing(Clone)/NeonTubeBothSidesDirectional (2),"[16.370,-11.370,7.000]","[0.000,0.000,315.000]","[0.000,0.000,-0.383,0.924]",[],[],[],[]
14,BigTrackLaneRing(Clone)/NeonTubeBothSidesDirectional (1)/BoxLight,"[-16.370,-11.370,7.000]","[0.000,0.000,45.000]","[0.000,0.000,0.383,0.924]","[-16.370,-11.370,7.000]","[4.342,4.342,0.140]",[],[]
14,BigTrackLaneRing(Clone)/NeonTubeBothSidesDirectional (1)/BakedBloom,"[-16.370,-11.370,7.000]","[42.548,293.382,16.297]","[0.228,-0.550,0.308,0.743]","[-16.370,-11.370,7.000]","[0.000,0.000,0.000]",[],[]
14,BigTrackLaneRing(Clone)/NeonTubeBothSidesDirectional (1),"[-16.370,-11.370,7.000]","[0.000,0.000,45.000]","[0.000,0.000,0.383,0.924]",[],[],[],[]
14,BigTrackLaneRing(Clone)/NeonTubeBothSidesDirectional/BoxLight,"[16.370,21.370,7.000]","[0.000,0.000,45.000]","[0.000,0.000,0.383,0.924]","[16.370,21.370,7.000]","[4.342,4.342,0.140]",[],[]
14,BigTrackLaneRing(Clone)/NeonTubeBothSidesDirectional/BakedBloom,"[16.370,21.370,7.000]","[42.548,246.618,343.703]","[0.308,-0.743,0.228,0.550]","[16.370,21.370,7.000]","[0.000,0.000,0.000]",[],[]
14,BigTrackLaneRing(Clone)/NeonTubeBothSidesDirectional,"[16.370,21.370,7.000]","[0.000,0.000,45.000]","[0.000,0.000,0.383,0.924]",[],[],[],[]
14,BigTrackLaneRing(Clone)/Ring,"[0.000,5.000,7.000]","[315.000,90.000,0.000]","[-0.271,0.653,0.271,0.653]","[0.000,5.000,7.000]","[70.242,70.242,0.800]",[],[]
14,BigTrackLaneRing(Clone),"[0.000,5.000,7.000]","[0.000,0.000,45.000]","[0.000,0.000,0.383,0.924]",[],[],[],[]
14,SmallTrackLaneRing(Clone)/Ring,"[0.000,1.400,115.500]","[10.000,270.000,180.000]","[-0.704,-0.062,0.704,-0.062]","[0.000,1.400,115.548]","[11.952,11.952,0.596]",[],[]
14,SmallTrackLaneRing(Clone),"[0.000,1.400,115.500]","[0.000,0.000,190.000]","[0.000,0.000,0.996,-0.087]",[],[],[],[]
14,SmallTrackLaneRing(Clone)/Ring,"[0.000,1.400,112.000]","[5.000,270.000,180.000]","[-0.706,-0.031,0.706,-0.031]","[0.000,1.400,112.048]","[11.177,11.177,0.596]",[],[]
14,SmallTrackLaneRing(Clone),"[0.000,1.400,112.000]","[0.000,0.000,185.000]","[0.000,0.000,0.999,-0.044]",[],[],[],[]
14,SmallTrackLaneRing(Clone)/Ring,"[0.000,1.400,108.500]","[0.000,270.000,180.000]","[-0.707,0.000,0.707,0.000]","[0.000,1.400,108.548]","[10.318,10.318,0.596]",[],[]
14,SmallTrackLaneRing(Clone),"[0.000,1.400,108.500]","[0.000,0.000,180.000]","[0.000,0.000,1.000,0.000]",[],[],[],[]
14,SmallTrackLaneRing(Clone)/Ring,"[0.000,1.400,105.000]","[355.000,270.000,180.000]","[-0.706,0.031,0.706,0.031]","[0.000,1.400,105.048]","[11.177,11.177,0.596]",[],[]
14,SmallTrackLaneRing(Clone),"[0.000,1.400,105.000]","[0.000,0.000,175.000]","[0.000,0.000,0.999,0.044]",[],[],[],[]
14,SmallTrackLaneRing(Clone)/Ring,"[0.000,1.400,101.500]","[350.000,270.000,180.000]","[-0.704,0.062,0.704,0.062]","[0.000,1.400,101.548]","[11.952,11.952,0.596]",[],[]
14,SmallTrackLaneRing(Clone),"[0.000,1.400,101.500]","[0.000,0.000,170.000]","[0.000,0.000,0.996,0.087]",[],[],[],[]
14,SmallTrackLaneRing(Clone)/Ring,"[0.000,1.400,98.000]","[345.000,270.000,180.000]","[-0.701,0.092,0.701,0.092]","[0.000,1.400,98.048]","[12.636,12.636,0.596]",[],[]
14,SmallTrackLaneRing(Clone),"[0.000,1.400,98.000]","[0.000,0.000,165.000]","[0.000,0.000,0.991,0.131]",[],[],[],[]
14,SmallTrackLaneRing(Clone)/Ring,"[0.000,1.400,94.500]","[340.000,270.000,180.000]","[-0.696,0.123,0.696,0.123]","[0.000,1.400,94.548]","[13.224,13.224,0.596]",[],[]
14,SmallTrackLaneRing(Clone),"[0.000,1.400,94.500]","[0.000,0.000,160.000]","[0.000,0.000,0.985,0.174]",[],[],[],[]
14,SmallTrackLaneRing(Clone)/Ring,"[0.000,1.400,91.000]","[335.000,270.000,180.000]","[-0.690,0.153,0.690,0.153]","[0.000,1.400,91.048]","[13.711,13.711,0.596]",[],[]
14,SmallTrackLaneRing(Clone),"[0.000,1.400,91.000]","[0.000,0.000,155.000]","[0.000,0.000,0.976,0.216]",[],[],[],[]
14,SmallTrackLaneRing(Clone)/Ring,"[0.000,1.400,87.500]","[330.000,270.000,180.000]","[-0.683,0.183,0.683,0.183]","[0.000,1.400,87.548]","[14.094,14.094,0.596]",[],[]
14,SmallTrackLaneRing(Clone),"[0.000,1.400,87.500]","[0.000,0.000,150.000]","[0.000,0.000,0.966,0.259]",[],[],[],[]
14,SmallTrackLaneRing(Clone)/Ring,"[0.000,1.400,84.000]","[325.000,270.000,180.000]","[-0.674,0.213,0.674,0.213]","[0.000,1.400,84.048]","[14.369,14.369,0.596]",[],[]
14,SmallTrackLaneRing(Clone),"[0.000,1.400,84.000]","[0.000,0.000,145.000]","[0.000,0.000,0.954,0.301]",[],[],[],[]
14,SmallTrackLaneRing(Clone)/Ring,"[0.000,1.400,80.500]","[320.000,270.000,180.000]","[-0.664,0.242,0.664,0.242]","[0.000,1.400,80.548]","[14.536,14.536,0.596]",[],[]
14,SmallTrackLaneRing(Clone),"[0.000,1.400,80.500]","[0.000,0.000,140.000]","[0.000,0.000,0.940,0.342]",[],[],[],[]
14,SmallTrackLaneRing(Clone)/Ring,"[0.000,1.400,77.000]","[315.000,270.000,180.000]","[-0.653,0.271,0.653,0.271]","[0.000,1.400,77.048]","[14.591,14.591,0.596]",[],[]
14,SmallTrackLaneRing(Clone),"[0.000,1.400,77.000]","[0.000,0.000,135.000]","[0.000,0.000,0.924,0.383]",[],[],[],[]
14,SmallTrackLaneRing(Clone)/Ring,"[0.000,1.400,73.500]","[310.000,270.000,180.000]","[-0.641,0.299,0.641,0.299]","[0.000,1.400,73.548]","[14.536,14.536,0.596]",[],[]
14,SmallTrackLaneRing(Clone),"[0.000,1.400,73.500]","[0.000,0.000,130.000]","[0.000,0.000,0.906,0.423]",[],[],[],[]
14,SmallTrackLaneRing(Clone)/Ring,"[0.000,1.400,70.000]","[305.000,270.000,180.000]","[-0.627,0.327,0.627,0.327]","[0.000,1.400,70.048]","[14.369,14.369,0.596]",[],[]
14,SmallTrackLaneRing(Clone),"[0.000,1.400,70.000]","[0.000,0.000,125.000]","[0.000,0.000,0.887,0.462]",[],[],[],[]
14,SmallTrackLaneRing(Clone)/Ring,"[0.000,1.400,66.500]","[300.000,270.000,180.000]","[-0.612,0.354,0.612,0.354]","[0.000,1.400,66.548]","[14.094,14.094,0.596]",[],[]
14,SmallTrackLaneRing(Clone),"[0.000,1.400,66.500]","[0.000,0.000,120.000]","[0.000,0.000,0.866,0.500]",[],[],[],[]
14,SmallTrackLaneRing(Clone)/Ring,"[0.000,1.400,63.000]","[295.000,270.000,180.000]","[-0.596,0.380,0.596,0.380]","[0.000,1.400,63.048]","[13.711,13.711,0.596]",[],[]
14,SmallTrackLaneRing(Clone),"[0.000,1.400,63.000]","[0.000,0.000,115.000]","[0.000,0.000,0.843,0.537]",[],[],[],[]
14,SmallTrackLaneRing(Clone)/Ring,"[0.000,1.400,59.500]","[290.000,270.000,180.000]","[-0.579,0.406,0.579,0.406]","[0.000,1.400,59.548]","[13.224,13.224,0.596]",[],[]
14,SmallTrackLaneRing(Clone),"[0.000,1.400,59.500]","[0.000,0.000,110.000]","[0.000,0.000,0.819,0.574]",[],[],[],[]
14,SmallTrackLaneRing(Clone)/Ring,"[0.000,1.400,56.000]","[285.000,270.000,180.000]","[-0.561,0.430,0.561,0.430]","[0.000,1.400,56.048]","[12.636,12.636,0.596]",[],[]
14,SmallTrackLaneRing(Clone),"[0.000,1.400,56.000]","[0.000,0.000,105.000]","[0.000,0.000,0.793,0.609]",[],[],[],[]
14,SmallTrackLaneRing(Clone)/Ring,"[0.000,1.400,52.500]","[280.000,270.000,180.000]","[-0.542,0.455,0.542,0.455]","[0.000,1.400,52.548]","[11.952,11.952,0.596]",[],[]
14,SmallTrackLaneRing(Clone),"[0.000,1.400,52.500]","[0.000,0.000,100.000]","[0.000,0.000,0.766,0.643]",[],[],[],[]
14,SmallTrackLaneRing(Clone)/Ring,"[0.000,1.400,49.000]","[275.000,270.000,180.000]","[-0.521,0.478,0.521,0.478]","[0.000,1.400,49.048]","[11.177,11.177,0.596]",[],[]
14,SmallTrackLaneRing(Clone),"[0.000,1.400,49.000]","[0.000,0.000,95.000]","[0.000,0.000,0.737,0.676]",[],[],[],[]
14,SmallTrackLaneRing(Clone)/Ring,"[0.000,1.400,45.500]","[270.000,90.000,0.000]","[-0.500,0.500,0.500,0.500]","[0.000,1.400,45.548]","[10.318,10.318,0.596]",[],[]
14,SmallTrackLaneRing(Clone),"[0.000,1.400,45.500]","[0.000,0.000,90.000]","[0.000,0.000,0.707,0.707]",[],[],[],[]
14,SmallTrackLaneRing(Clone)/Ring,"[0.000,1.400,42.000]","[275.000,90.000,0.000]","[-0.478,0.521,0.478,0.521]","[0.000,1.400,42.048]","[11.177,11.177,0.596]",[],[]
14,SmallTrackLaneRing(Clone),"[0.000,1.400,42.000]","[0.000,0.000,85.000]","[0.000,0.000,0.676,0.737]",[],[],[],[]
14,SmallTrackLaneRing(Clone)/Ring,"[0.000,1.400,38.500]","[280.000,90.000,0.000]","[-0.455,0.542,0.455,0.542]","[0.000,1.400,38.548]","[11.952,11.952,0.596]",[],[]
14,SmallTrackLaneRing(Clone),"[0.000,1.400,38.500]","[0.000,0.000,80.000]","[0.000,0.000,0.643,0.766]",[],[],[],[]
14,SmallTrackLaneRing(Clone)/Ring,"[0.000,1.400,35.000]","[285.000,90.000,0.000]","[-0.430,0.561,0.430,0.561]","[0.000,1.400,35.048]","[12.636,12.636,0.596]",[],[]
14,SmallTrackLaneRing(Clone),"[0.000,1.400,35.000]","[0.000,0.000,75.000]","[0.000,0.000,0.609,0.793]",[],[],[],[]
14,SmallTrackLaneRing(Clone)/Ring,"[0.000,1.400,31.500]","[290.000,90.000,0.000]","[-0.406,0.579,0.406,0.579]","[0.000,1.400,31.548]","[13.224,13.224,0.596]",[],[]
14,SmallTrackLaneRing(Clone),"[0.000,1.400,31.500]","[0.000,0.000,70.000]","[0.000,0.000,0.574,0.819]",[],[],[],[]
14,SmallTrackLaneRing(Clone)/Ring,"[0.000,1.400,28.000]","[295.000,90.000,0.000]","[-0.380,0.596,0.380,0.596]","[0.000,1.400,28.048]","[13.711,13.711,0.596]",[],[]
14,SmallTrackLaneRing(Clone),"[0.000,1.400,28.000]","[0.000,0.000,65.000]","[0.000,0.000,0.537,0.843]",[],[],[],[]
14,SmallTrackLaneRing(Clone)/Ring,"[0.000,1.400,24.500]","[300.000,90.000,0.000]","[-0.354,0.612,0.354,0.612]","[0.000,1.400,24.548]","[14.094,14.094,0.596]",[],[]
14,SmallTrackLaneRing(Clone),"[0.000,1.400,24.500]","[0.000,0.000,60.000]","[0.000,0.000,0.500,0.866]",[],[],[],[]
14,SmallTrackLaneRing(Clone)/Ring,"[0.000,1.400,21.000]","[305.000,90.000,0.000]","[-0.327,0.627,0.327,0.627]","[0.000,1.400,21.048]","[14.369,14.369,0.596]",[],[]
14,SmallTrackLaneRing(Clone),"[0.000,1.400,21.000]","[0.000,0.000,55.000]","[0.000,0.000,0.462,0.887]",[],[],[],[]
14,SmallTrackLaneRing(Clone)/Ring,"[0.000,1.400,17.500]","[310.000,90.000,0.000]","[-0.299,0.641,0.299,0.641]","[0.000,1.400,17.548]","[14.536,14.536,0.596]",[],[]
14,SmallTrackLaneRing(Clone),"[0.000,1.400,17.500]","[0.000,0.000,50.000]","[0.000,0.000,0.423,0.906]",[],[],[],[]
14,SmallTrackLaneRing(Clone)/Ring,"[0.000,1.400,14.000]","[315.000,90.000,0.000]","[-0.271,0.653,0.271,0.653]","[0.000,1.400,14.048]","[14.591,14.591,0.596]",[],[]
14,SmallTrackLaneRing(Clone),"[0.000,1.400,14.000]","[0.000,0.000,45.000]","[0.000,0.000,0.383,0.924]",[],[],[],[]
14,CubeNoteSliceDebrisHD(Clone)/NoteDebrisMesh,"[0.000,1.000,0.000]","[0.000,0.000,0.000]","[0.000,0.000,0.000,1.000]","[0.000,1.000,0.000]","[0.495,0.080,0.495]",[],[]
14,CubeNoteSliceDebrisHD(Clone),"[0.000,1.000,0.000]","[0.000,0.000,0.000]","[0.000,0.000,0.000,1.000]",[],[],"[0.000,1.000,0.000]","[0.000,0.000,0.000]"
14,CubeNoteSliceDebrisHD(Clone)/NoteDebrisMesh,"[0.000,1.000,0.000]","[0.000,0.000,0.000]","[0.000,0.000,0.000,1.000]","[0.000,1.000,0.000]","[0.495,0.080,0.495]",[],[]
14,CubeNoteSliceDebrisHD(Clone),"[0.000,1.000,0.000]","[0.000,0.000,0.000]","[0.000,0.000,0.000,1.000]",[],[],"[0.000,1.000,0.000]","[0.000,0.000,0.000]"
14,CubeNoteSliceDebrisHD(Clone)/NoteDebrisMesh,"[0.000,1.000,0.000]","[0.000,0.000,0.000]","[0.000,0.000,0.000,1.000]","[0.000,1.000,0.000]","[0.495,0.080,0.495]",[],[]
14,CubeNoteSliceDebrisHD(Clone),"[0.000,1.000,0.000]","[0.000,0.000,0.000]","[0.000,0.000,0.000,1.000]",[],[],"[0.000,1.000,0.000]","[0.000,0.000,0.000]"
14,CubeNoteSliceDebrisHD(Clone)/NoteDebrisMesh,"[0.000,1.000,0.000]","[0.000,0.000,0.000]","[0.000,0.000,0.000,1.000]","[0.000,1.000,0.000]","[0.495,0.080,0.495]",[],[]
14,CubeNoteSliceDebrisHD(Clone),"[0.000,1.000,0.000]","[0.000,0.000,0.000]","[0.000,0.000,0.000,1.000]",[],[],"[0.000,1.000,0.000]","[0.000,0.000,0.000]"
14,CubeNoteSliceDebrisHD(Clone)/NoteDebrisMesh,"[0.000,1.000,0.000]","[0.000,0.000,0.000]","[0.000,0.000,0.000,1.000]","[0.000,1.000,0.000]","[0.495,0.080,0.495]",[],[]
14,CubeNoteSliceDebrisHD(Clone),"[0.000,1.000,0.000]","[0.000,0.000,0.000]","[0.000,0.000,0.000,1.000]",[],[],"[0.000,1.000,0.000]","[0.000,0.000,0.000]"
14,CubeNoteSliceDebrisHD(Clone)/NoteDebrisMesh,"[0.000,1.000,0.000]","[0.000,0.000,0.000]","[0.000,0.000,0.000,1.000]","[0.000,1.000,0.000]","[0.495,0.080,0.495]",[],[]
14,CubeNoteSliceDebrisHD(Clone),"[0.000,1.000,0.000]","[0.000,0.000,0.000]","[0.000,0.000,0.000,1.000]",[],[],"[0.000,1.000,0.000]","[0.000,0.000,0.000]"
14,CubeNoteSliceDebrisHD(Clone)/NoteDebrisMesh,"[0.000,1.000,0.000]","[0.000,0.000,0.000]","[0.000,0.000,0.000,1.000]","[0.000,1.000,0.000]","[0.495,0.080,0.495]",[],[]
14,CubeNoteSliceDebrisHD(Clone),"[0.000,1.000,0.000]","[0.000,0.000,0.000]","[0.000,0.000,0.000,1.000]",[],[],"[0.000,1.000,0.000]","[0.000,0.000,0.000]"
14,CubeNoteSliceDebrisHD(Clone)/NoteDebrisMesh,"[0.000,1.000,0.000]","[0.000,0.000,0.000]","[0.000,0.000,0.000,1.000]","[0.000,1.000,0.000]","[0.495,0.080,0.495]",[],[]
14,CubeNoteSliceDebrisHD(Clone),"[0.000,1.000,0.000]","[0.000,0.000,0.000]","[0.000,0.000,0.000,1.000]",[],[],"[0.000,1.000,0.000]","[0.000,0.000,0.000]"
14,CubeNoteSliceDebrisHD(Clone)/NoteDebrisMesh,"[0.000,1.000,0.000]","[0.000,0.000,0.000]","[0.000,0.000,0.000,1.000]","[0.000,1.000,0.000]","[0.495,0.080,0.495]",[],[]
14,CubeNoteSliceDebrisHD(Clone),"[0.000,1.000,0.000]","[0.000,0.000,0.000]","[0.000,0.000,0.000,1.000]",[],[],"[0.000,1.000,0.000]","[0.000,0.000,0.000]"
14,CubeNoteSliceDebrisHD(Clone)/NoteDebrisMesh,"[0.000,1.000,0.000]","[0.000,0.000,0.000]","[0.000,0.000,0.000,1.000]","[0.000,1.000,0.000]","[0.495,0.080,0.495]",[],[]
14,CubeNoteSliceDebrisHD(Clone),"[0.000,1.000,0.000]","[0.000,0.000,0.000]","[0.000,0.000,0.000,1.000]",[],[],"[0.000,1.000,0.000]","[0.000,0.000,0.000]"
14,CubeNoteSliceDebrisHD(Clone)/NoteDebrisMesh,"[0.000,1.000,0.000]","[0.000,0.000,0.000]","[0.000,0.000,0.000,1.000]","[0.000,1.000,0.000]","[0.495,0.080,0.495]",[],[]
14,CubeNoteSliceDebrisHD(Clone),"[0.000,1.000,0.000]","[0.000,0.000,0.000]","[0.000,0.000,0.000,1.000]",[],[],"[0.000,1.000,0.000]","[0.000,0.000,0.000]"
14,CubeNoteSliceDebrisHD(Clone)/NoteDebrisMesh,"[0.000,1.000,0.000]","[0.000,0.000,0.000]","[0.000,0.000,0.000,1.000]","[0.000,1.000,0.000]","[0.495,0.080,0.495]",[],[]
14,CubeNoteSliceDebrisHD(Clone),"[0.000,1.000,0.000]","[0.000,0.000,0.000]","[0.000,0.000,0.000,1.000]",[],[],"[0.000,1.000,0.000]","[0.000,0.000,0.000]"
14,CubeNoteSliceDebrisHD(Clone)/NoteDebrisMesh,"[0.000,1.000,0.000]","[0.000,0.000,0.000]","[0.000,0.000,0.000,1.000]","[0.000,1.000,0.000]","[0.495,0.080,0.495]",[],[]
14,CubeNoteSliceDebrisHD(Clone),"[0.000,1.000,0.000]","[0.000,0.000,0.000]","[0.000,0.000,0.000,1.000]",[],[],"[0.000,1.000,0.000]","[0.000,0.000,0.000]"
14,CubeNoteSliceDebrisHD(Clone)/NoteDebrisMesh,"[0.000,1.000,0.000]","[0.000,0.000,0.000]","[0.000,0.000,0.000,1.000]","[0.000,1.000,0.000]","[0.495,0.080,0.495]",[],[]
14,CubeNoteSliceDebrisHD(Clone),"[0.000,1.000,0.000]","[0.000,0.000,0.000]","[0.000,0.000,0.000,1.000]",[],[],"[0.000,1.000,0.000]","[0.000,0.000,0.000]"
14,CubeNoteSliceDebrisHD(Clone)/NoteDebrisMesh,"[0.000,1.000,0.000]","[0.000,0.000,0.000]","[0.000,0.000,0.000,1.000]","[0.000,1.000,0.000]","[0.495,0.080,0.495]",[],[]
14,CubeNoteSliceDebrisHD(Clone),"[0.000,1.000,0.000]","[0.000,0.000,0.000]","[0.000,0.000,0.000,1.000]",[],[],"[0.000,1.000,0.000]","[0.000,0.000,0.000]"
14,CubeNoteSliceDebrisHD(Clone)/NoteDebrisMesh,"[0.000,1.000,0.000]","[0.000,0.000,0.000]","[0.000,0.000,0.000,1.000]","[0.000,1.000,0.000]","[0.495,0.080,0.495]",[],[]
14,CubeNoteSliceDebrisHD(Clone),"[0.000,1.000,0.000]","[0.000,0.000,0.000]","[0.000,0.000,0.000,1.000]",[],[],"[0.000,1.000,0.000]","[0.000,0.000,0.000]"
14,CubeNoteSliceDebrisHD(Clone)/NoteDebrisMesh,"[0.000,1.000,0.000]","[0.000,0.000,0.000]","[0.000,0.000,0.000,1.000]","[0.000,1.000,0.000]","[0.495,0.080,0.495]",[],[]
14,CubeNoteSliceDebrisHD(Clone),"[0.000,1.000,0.000]","[0.000,0.000,0.000]","[0.000,0.000,0.000,1.000]",[],[],"[0.000,1.000,0.000]","[0.000,0.000,0.000]"
14,CubeNoteSliceDebrisHD(Clone)/NoteDebrisMesh,"[0.000,1.000,0.000]","[0.000,0.000,0.000]","[0.000,0.000,0.000,1.000]","[0.000,1.000,0.000]","[0.495,0.080,0.495]",[],[]
14,CubeNoteSliceDebrisHD(Clone),"[0.000,1.000,0.000]","[0.000,0.000,0.000]","[0.000,0.000,0.000,1.000]",[],[],"[0.000,1.000,0.000]","[0.000,0.000,0.000]"
14,CubeNoteSliceDebrisHD(Clone)/NoteDebrisMesh,"[0.000,1.000,0.000]","[0.000,0.000,0.000]","[0.000,0.000,0.000,1.000]","[0.000,1.000,0.000]","[0.495,0.080,0.495]",[],[]
14,CubeNoteSliceDebrisHD(Clone),"[0.000,1.000,0.000]","[0.000,0.000,0.000]","[0.000,0.000,0.000,1.000]",[],[],"[0.000,1.000,0.000]","[0.000,0.000,0.000]"
14,CubeNoteSliceDebrisHD(Clone)/NoteDebrisMesh,"[0.000,1.000,0.000]","[0.000,0.000,0.000]","[0.000,0.000,0.000,1.000]","[0.000,1.000,0.000]","[0.495,0.080,0.495]",[],[]
14,CubeNoteSliceDebrisHD(Clone),"[0.000,1.000,0.000]","[0.000,0.000,0.000]","[0.000,0.000,0.000,1.000]",[],[],"[0.000,1.000,0.000]","[0.000,0.000,0.000]"
14,CubeNoteSliceDebrisHD(Clone)/NoteDebrisMesh,"[0.000,1.000,0.000]","[0.000,0.000,0.000]","[0.000,0.000,0.000,1.000]","[0.000,1.000,0.000]","[0.495,0.080,0.495]",[],[]
14,CubeNoteSliceDebrisHD(Clone),"[0.000,1.000,0.000]","[0.000,0.000,0.000]","[0.000,0.000,0.000,1.000]",[],[],"[0.000,1.000,0.000]","[0.000,0.000,0.000]"
14,CubeNoteSliceDebrisHD(Clone)/NoteDebrisMesh,"[0.000,1.000,0.000]","[0.000,0.000,0.000]","[0.000,0.000,0.000,1.000]","[0.000,1.000,0.000]","[0.495,0.080,0.495]",[],[]
14,CubeNoteSliceDebrisHD(Clone),"[0.000,1.000,0.000]","[0.000,0.000,0.000]","[0.000,0.000,0.000,1.000]",[],[],"[0.000,1.000,0.000]","[0.000,0.000,0.000]"
14,CubeNoteSliceDebrisHD(Clone)/NoteDebrisMesh,"[0.000,1.000,0.000]","[0.000,0.000,0.000]","[0.000,0.000,0.000,1.000]","[0.000,1.000,0.000]","[0.495,0.080,0.495]",[],[]
14,CubeNoteSliceDebrisHD(Clone),"[0.000,1.000,0.000]","[0.000,0.000,0.000]","[0.000,0.000,0.000,1.000]",[],[],"[0.000,1.000,0.000]","[0.000,0.000,0.000]"
14,CubeNoteSliceDebrisHD(Clone)/NoteDebrisMesh,"[0.000,1.000,0.000]","[0.000,0.000,0.000]","[0.000,0.000,0.000,1.000]","[0.000,1.000,0.000]","[0.495,0.080,0.495]",[],[]
14,CubeNoteSliceDebrisHD(Clone),"[0.000,1.000,0.000]","[0.000,0.000,0.000]","[0.000,0.000,0.000,1.000]",[],[],"[0.000,1.000,0.000]","[0.000,0.000,0.000]"
14,CubeNoteSliceDebrisHD(Clone)/NoteDebrisMesh,"[0.000,1.000,0.000]","[0.000,0.000,0.000]","[0.000,0.000,0.000,1.000]","[0.000,1.000,0.000]","[0.495,0.080,0.495]",[],[]
14,CubeNoteSliceDebrisHD(Clone),"[0.000,1.000,0.000]","[0.000,0.000,0.000]","[0.000,0.000,0.000,1.000]",[],[],"[0.000,1.000,0.000]","[0.000,0.000,0.000]"
14,CubeNoteSliceDebrisHD(Clone)/NoteDebrisMesh,"[0.000,1.000,0.000]","[0.000,0.000,0.000]","[0.000,0.000,0.000,1.000]","[0.000,1.000,0.000]","[0.495,0.080,0.495]",[],[]
14,CubeNoteSliceDebrisHD(Clone),"[0.000,1.000,0.000]","[0.000,0.000,0.000]","[0.000,0.000,0.000,1.000]",[],[],"[0.000,1.000,0.000]","[0.000,0.000,0.000]"
14,CubeNoteSliceDebrisHD(Clone)/NoteDebrisMesh,"[0.000,1.000,0.000]","[0.000,0.000,0.000]","[0.000,0.000,0.000,1.000]","[0.000,1.000,0.000]","[0.495,0.080,0.495]",[],[]
14,CubeNoteSliceDebrisHD(Clone),"[0.000,1.000,0.000]","[0.000,0.000,0.000]","[0.000,0.000,0.000,1.000]",[],[],"[0.000,1.000,0.000]","[0.000,0.000,0.000]"
14,CubeNoteSliceDebrisHD(Clone)/NoteDebrisMesh,"[0.000,1.000,0.000]","[0.000,0.000,0.000]","[0.000,0.000,0.000,1.000]","[0.000,1.000,0.000]","[0.495,0.080,0.495]",[],[]
14,CubeNoteSliceDebrisHD(Clone),"[0.000,1.000,0.000]","[0.000,0.000,0.000]","[0.000,0.000,0.000,1.000]",[],[],"[0.000,1.000,0.000]","[0.000,0.000,0.000]"
14,CubeNoteSliceDebrisHD(Clone)/NoteDebrisMesh,"[0.000,1.000,0.000]","[0.000,0.000,0.000]","[0.000,0.000,0.000,1.000]","[0.000,1.000,0.000]","[0.495,0.080,0.495]",[],[]
14,CubeNoteSliceDebrisHD(Clone),"[0.000,1.000,0.000]","[0.000,0.000,0.000]","[0.000,0.000,0.000,1.000]",[],[],"[0.000,1.000,0.000]","[0.000,0.000,0.000]"
14,CubeNoteSliceDebrisHD(Clone)/NoteDebrisMesh,"[0.000,1.000,0.000]","[0.000,0.000,0.000]","[0.000,0.000,0.000,1.000]","[0.000,1.000,0.000]","[0.495,0.080,0.495]",[],[]
14,CubeNoteSliceDebrisHD(Clone),"[0.000,1.000,0.000]","[0.000,0.000,0.000]","[0.000,0.000,0.000,1.000]",[],[],"[0.000,1.000,0.000]","[0.000,0.000,0.000]"
14,CubeNoteSliceDebrisHD(Clone)/NoteDebrisMesh,"[0.000,1.000,0.000]","[0.000,0.000,0.000]","[0.000,0.000,0.000,1.000]","[0.000,1.000,0.000]","[0.495,0.080,0.495]",[],[]
14,CubeNoteSliceDebrisHD(Clone),"[0.000,1.000,0.000]","[0.000,0.000,0.000]","[0.000,0.000,0.000,1.000]",[],[],"[0.000,1.000,0.000]","[0.000,0.000,0.000]"
14,CubeNoteSliceDebrisHD(Clone)/NoteDebrisMesh,"[0.000,1.000,0.000]","[0.000,0.000,0.000]","[0.000,0.000,0.000,1.000]","[0.000,1.000,0.000]","[0.495,0.080,0.495]",[],[]
14,CubeNoteSliceDebrisHD(Clone),"[0.000,1.000,0.000]","[0.000,0.000,0.000]","[0.000,0.000,0.000,1.000]",[],[],"[0.000,1.000,0.000]","[0.000,0.000,0.000]"
14,CubeNoteSliceDebrisHD(Clone)/NoteDebrisMesh,"[0.000,1.000,0.000]","[0.000,0.000,0.000]","[0.000,0.000,0.000,1.000]","[0.000,1.000,0.000]","[0.495,0.080,0.495]",[],[]
14,CubeNoteSliceDebrisHD(Clone),"[0.000,1.000,0.000]","[0.000,0.000,0.000]","[0.000,0.000,0.000,1.000]",[],[],"[0.000,1.000,0.000]","[0.000,0.000,0.000]"
14,CubeNoteSliceDebrisHD(Clone)/NoteDebrisMesh,"[0.000,1.000,0.000]","[0.000,0.000,0.000]","[0.000,0.000,0.000,1.000]","[0.000,1.000,0.000]","[0.495,0.080,0.495]",[],[]
14,CubeNoteSliceDebrisHD(Clone),"[0.000,1.000,0.000]","[0.000,0.000,0.000]","[0.000,0.000,0.000,1.000]",[],[],"[0.000,1.000,0.000]","[0.000,0.000,0.000]"
14,CubeNoteSliceDebrisHD(Clone)/NoteDebrisMesh,"[0.000,1.000,0.000]","[0.000,0.000,0.000]","[0.000,0.000,0.000,1.000]","[0.000,1.000,0.000]","[0.495,0.080,0.495]",[],[]
14,CubeNoteSliceDebrisHD(Clone),"[0.000,1.000,0.000]","[0.000,0.000,0.000]","[0.000,0.000,0.000,1.000]",[],[],"[0.000,1.000,0.000]","[0.000,0.000,0.000]"
14,CubeNoteSliceDebrisHD(Clone)/NoteDebrisMesh,"[0.000,1.000,0.000]","[0.000,0.000,0.000]","[0.000,0.000,0.000,1.000]","[0.000,1.000,0.000]","[0.495,0.080,0.495]",[],[]
14,CubeNoteSliceDebrisHD(Clone),"[0.000,1.000,0.000]","[0.000,0.000,0.000]","[0.000,0.000,0.000,1.000]",[],[],"[0.000,1.000,0.000]","[0.000,0.000,0.000]"
14,CubeNoteSliceDebrisHD(Clone)/NoteDebrisMesh,"[0.000,1.000,0.000]","[0.000,0.000,0.000]","[0.000,0.000,0.000,1.000]","[0.000,1.000,0.000]","[0.495,0.080,0.495]",[],[]
14,CubeNoteSliceDebrisHD(Clone),"[0.000,1.000,0.000]","[0.000,0.000,0.000]","[0.000,0.000,0.000,1.000]",[],[],"[0.000,1.000,0.000]","[0.000,0.000,0.000]"
14,CubeNoteSliceDebrisHD(Clone)/NoteDebrisMesh,"[0.000,1.000,0.000]","[0.000,0.000,0.000]","[0.000,0.000,0.000,1.000]","[0.000,1.000,0.000]","[0.495,0.080,0.495]",[],[]
14,CubeNoteSliceDebrisHD(Clone),"[0.000,1.000,0.000]","[0.000,0.000,0.000]","[0.000,0.000,0.000,1.000]",[],[],"[0.000,1.000,0.000]","[0.000,0.000,0.000]"
14,CubeNoteSliceDebrisHD(Clone)/NoteDebrisMesh,"[0.000,1.000,0.000]","[0.000,0.000,0.000]","[0.000,0.000,0.000,1.000]","[0.000,1.000,0.000]","[0.495,0.080,0.495]",[],[]
14,CubeNoteSliceDebrisHD(Clone),"[0.000,1.000,0.000]","[0.000,0.000,0.000]","[0.000,0.000,0.000,1.000]",[],[],"[0.000,1.000,0.000]","[0.000,0.000,0.000]"
14,CubeNoteSliceDebrisHD(Clone)/NoteDebrisMesh,"[0.000,1.000,0.000]","[0.000,0.000,0.000]","[0.000,0.000,0.000,1.000]","[0.000,1.000,0.000]","[0.495,0.080,0.495]",[],[]
14,CubeNoteSliceDebrisHD(Clone),"[0.000,1.000,0.000]","[0.000,0.000,0.000]","[0.000,0.000,0.000,1.000]",[],[],"[0.000,1.000,0.000]","[0.000,0.000,0.000]"
14,CubeNoteHalfDebrisHD(Clone)/NoteDebrisMesh,"[0.000,1.000,0.000]","[0.000,0.000,0.000]","[0.000,0.000,0.000,1.000]","[0.000,1.104,0.000]","[0.495,0.287,0.495]",[],[]
14,CubeNoteHalfDebrisHD(Clone),"[0.000,1.000,0.000]","[0.000,0.000,0.000]","[0.000,0.000,0.000,1.000]",[],[],"[0.000,1.000,0.000]","[0.000,0.000,0.000]"
14,CubeNoteHalfDebrisHD(Clone)/NoteDebrisMesh,"[0.000,1.000,0.000]","[0.000,0.000,0.000]","[0.000,0.000,0.000,1.000]","[0.000,1.104,0.000]","[0.495,0.287,0.495]",[],[]
14,CubeNoteHalfDebrisHD(Clone),"[0.000,1.000,0.000]","[0.000,0.000,0.000]","[0.000,0.000,0.000,1.000]",[],[],"[0.000,1.000,0.000]","[0.000,0.000,0.000]"
14,CubeNoteHalfDebrisHD(Clone)/NoteDebrisMesh,"[0.000,1.000,0.000]","[0.000,0.000,0.000]","[0.000,0.000,0.000,1.000]","[0.000,1.104,0.000]","[0.495,0.287,0.495]",[],[]
14,CubeNoteHalfDebrisHD(Clone),"[0.000,1.000,0.000]","[0.000,0.000,0.000]","[0.000,0.000,0.000,1.000]",[],[],"[0.000,1.000,0.000]","[0.000,0.000,0.000]"
14,CubeNoteHalfDebrisHD(Clone)/NoteDebrisMesh,"[0.000,1.000,0.000]","[0.000,0.000,0.000]","[0.000,0.000,0.000,1.000]","[0.000,1.104,0.000]","[0.495,0.287,0.495]",[],[]
14,CubeNoteHalfDebrisHD(Clone),"[0.000,1.000,0.000]","[0.000,0.000,0.000]","[0.000,0.000,0.000,1.000]",[],[],"[0.000,1.000,0.000]","[0.000,0.000,0.000]"
14,CubeNoteHalfDebrisHD(Clone)/NoteDebrisMesh,"[0.000,1.000,0.000]","[0.000,0.000,0.000]","[0.000,0.000,0.000,1.000]","[0.000,1.104,0.000]","[0.495,0.287,0.495]",[],[]
14,CubeNoteHalfDebrisHD(Clone),"[0.000,1.000,0.000]","[0.000,0.000,0.000]","[0.000,0.000,0.000,1.000]",[],[],"[0.000,1.000,0.000]","[0.000,0.000,0.000]"
14,CubeNoteHalfDebrisHD(Clone)/NoteDebrisMesh,"[0.000,1.000,0.000]","[0.000,0.000,0.000]","[0.000,0.000,0.000,1.000]","[0.000,1.104,0.000]","[0.495,0.287,0.495]",[],[]
14,CubeNoteHalfDebrisHD(Clone),"[0.000,1.000,0.000]","[0.000,0.000,0.000]","[0.000,0.000,0.000,1.000]",[],[],"[0.000,1.000,0.000]","[0.000,0.000,0.000]"
14,CubeNoteHalfDebrisHD(Clone)/NoteDebrisMesh,"[0.000,1.000,0.000]","[0.000,0.000,0.000]","[0.000,0.000,0.000,1.000]","[0.000,1.104,0.000]","[0.495,0.287,0.495]",[],[]
14,CubeNoteHalfDebrisHD(Clone),"[0.000,1.000,0.000]","[0.000,0.000,0.000]","[0.000,0.000,0.000,1.000]",[],[],"[0.000,1.000,0.000]","[0.000,0.000,0.000]"
14,CubeNoteHalfDebrisHD(Clone)/NoteDebrisMesh,"[0.000,1.000,0.000]","[0.000,0.000,0.000]","[0.000,0.000,0.000,1.000]","[0.000,1.104,0.000]","[0.495,0.287,0.495]",[],[]
14,CubeNoteHalfDebrisHD(Clone),"[0.000,1.000,0.000]","[0.000,0.000,0.000]","[0.000,0.000,0.000,1.000]",[],[],"[0.000,1.000,0.000]","[0.000,0.000,0.000]"
14,CubeNoteHalfDebrisHD(Clone)/NoteDebrisMesh,"[0.000,1.000,0.000]","[0.000,0.000,0.000]","[0.000,0.000,0.000,1.000]","[0.000,1.104,0.000]","[0.495,0.287,0.495]",[],[]
14,CubeNoteHalfDebrisHD(Clone),"[0.000,1.000,0.000]","[0.000,0.000,0.000]","[0.000,0.000,0.000,1.000]",[],[],"[0.000,1.000,0.000]","[0.000,0.000,0.000]"
14,CubeNoteHalfDebrisHD(Clone)/NoteDebrisMesh,"[0.000,1.000,0.000]","[0.000,0.000,0.000]","[0.000,0.000,0.000,1.000]","[0.000,1.104,0.000]","[0.495,0.287,0.495]",[],[]
14,CubeNoteHalfDebrisHD(Clone),"[0.000,1.000,0.000]","[0.000,0.000,0.000]","[0.000,0.000,0.000,1.000]",[],[],"[0.000,1.000,0.000]","[0.000,0.000,0.000]"
14,CubeNoteHalfDebrisHD(Clone)/NoteDebrisMesh,"[0.000,1.000,0.000]","[0.000,0.000,0.000]","[0.000,0.000,0.000,1.000]","[0.000,1.104,0.000]","[0.495,0.287,0.495]",[],[]
14,CubeNoteHalfDebrisHD(Clone),"[0.000,1.000,0.000]","[0.000,0.000,0.000]","[0.000,0.000,0.000,1.000]",[],[],"[0.000,1.000,0.000]","[0.000,0.000,0.000]"
14,CubeNoteHalfDebrisHD(Clone)/NoteDebrisMesh,"[0.000,1.000,0.000]","[0.000,0.000,0.000]","[0.000,0.000,0.000,1.000]","[0.000,1.104,0.000]","[0.495,0.287,0.495]",[],[]
14,CubeNoteHalfDebrisHD(Clone),"[0.000,1.000,0.000]","[0.000,0.000,0.000]","[0.000,0.000,0.000,1.000]",[],[],"[0.000,1.000,0.000]","[0.000,0.000,0.000]"
14,CubeNoteHalfDebrisHD(Clone)/NoteDebrisMesh,"[0.000,1.000,0.000]","[0.000,0.000,0.000]","[0.000,0.000,0.000,1.000]","[0.000,1.104,0.000]","[0.495,0.287,0.495]",[],[]
14,CubeNoteHalfDebrisHD(Clone),"[0.000,1.000,0.000]","[0.000,0.000,0.000]","[0.000,0.000,0.000,1.000]",[],[],"[0.000,1.000,0.000]","[0.000,0.000,0.000]"
14,CubeNoteHalfDebrisHD(Clone)/NoteDebrisMesh,"[0.000,1.000,0.000]","[0.000,0.000,0.000]","[0.000,0.000,0.000,1.000]","[0.000,1.104,0.000]","[0.495,0.287,0.495]",[],[]
14,CubeNoteHalfDebrisHD(Clone),"[0.000,1.000,0.000]","[0.000,0.000,0.000]","[0.000,0.000,0.000,1.000]",[],[],"[0.000,1.000,0.000]","[0.000,0.000,0.000]"
14,CubeNoteHalfDebrisHD(Clone)/NoteDebrisMesh,"[0.000,1.000,0.000]","[0.000,0.000,0.000]","[0.000,0.000,0.000,1.000]","[0.000,1.104,0.000]","[0.495,0.287,0.495]",[],[]
14,CubeNoteHalfDebrisHD(Clone),"[0.000,1.000,0.000]","[0.000,0.000,0.000]","[0.000,0.000,0.000,1.000]",[],[],"[0.000,1.000,0.000]","[0.000,0.000,0.000]"
14,CubeNoteHalfDebrisHD(Clone)/NoteDebrisMesh,"[0.000,1.000,0.000]","[0.000,0.000,0.000]","[0.000,0.000,0.000,1.000]","[0.000,1.104,0.000]","[0.495,0.287,0.495]",[],[]
14,CubeNoteHalfDebrisHD(Clone),"[0.000,1.000,0.000]","[0.000,0.000,0.000]","[0.000,0.000,0.000,1.000]",[],[],"[0.000,1.000,0.000]","[0.000,0.000,0.000]"
14,CubeNoteHalfDebrisHD(Clone)/NoteDebrisMesh,"[0.000,1.000,0.000]","[0.000,0.000,0.000]","[0.000,0.000,0.000,1.000]","[0.000,1.104,0.000]","[0.495,0.287,0.495]",[],[]
14,CubeNoteHalfDebrisHD(Clone),"[0.000,1.000,0.000]","[0.000,0.000,0.000]","[0.000,0.000,0.000,1.000]",[],[],"[0.000,1.000,0.000]","[0.000,0.000,0.000]"
14,CubeNoteHalfDebrisHD(Clone)/NoteDebrisMesh,"[0.000,1.000,0.000]","[0.000,0.000,0.000]","[0.000,0.000,0.000,1.000]","[0.000,1.104,0.000]","[0.495,0.287,0.495]",[],[]
14,CubeNoteHalfDebrisHD(Clone),"[0.000,1.000,0.000]","[0.000,0.000,0.000]","[0.000,0.000,0.000,1.000]",[],[],"[0.000,1.000,0.000]","[0.000,0.000,0.000]"
14,CubeNoteHalfDebrisHD(Clone)/NoteDebrisMesh,"[0.000,1.000,0.000]","[0.000,0.000,0.000]","[0.000,0.000,0.000,1.000]","[0.000,1.104,0.000]","[0.495,0.287,0.495]",[],[]
14,CubeNoteHalfDebrisHD(Clone),"[0.000,1.000,0.000]","[0.000,0.000,0.000]","[0.000,0.000,0.000,1.000]",[],[],"[0.000,1.000,0.000]","[0.000,0.000,0.000]"
14,CubeNoteHalfDebrisHD(Clone)/NoteDebrisMesh,"[0.000,1.000,0.000]","[0.000,0.000,0.000]","[0.000,0.000,0.000,1.000]","[0.000,1.104,0.000]","[0.495,0.287,0.495]",[],[]
14,CubeNoteHalfDebrisHD(Clone),"[0.000,1.000,0.000]","[0.000,0.000,0.000]","[0.000,0.000,0.000,1.000]",[],[],"[0.000,1.000,0.000]","[0.000,0.000,0.000]"
14,CubeNoteHalfDebrisHD(Clone)/NoteDebrisMesh,"[0.000,1.000,0.000]","[0.000,0.000,0.000]","[0.000,0.000,0.000,1.000]","[0.000,1.104,0.000]","[0.495,0.287,0.495]",[],[]
14,CubeNoteHalfDebrisHD(Clone),"[0.000,1.000,0.000]","[0.000,0.000,0.000]","[0.000,0.000,0.000,1.000]",[],[],"[0.000,1.000,0.000]","[0.000,0.000,0.000]"
14,CubeNoteHalfDebrisHD(Clone)/NoteDebrisMesh,"[0.000,1.000,0.000]","[0.000,0.000,0.000]","[0.000,0.000,0.000,1.000]","[0.000,1.104,0.000]","[0.495,0.287,0.495]",[],[]
14,CubeNoteHalfDebrisHD(Clone),"[0.000,1.000,0.000]","[0.000,0.000,0.000]","[0.000,0.000,0.000,1.000]",[],[],"[0.000,1.000,0.000]","[0.000,0.000,0.000]"
14,CubeNoteHalfDebrisHD(Clone)/NoteDebrisMesh,"[0.000,1.000,0.000]","[0.000,0.000,0.000]","[0.000,0.000,0.000,1.000]","[0.000,1.104,0.000]","[0.495,0.287,0.495]",[],[]
14,CubeNoteHalfDebrisHD(Clone),"[0.000,1.000,0.000]","[0.000,0.000,0.000]","[0.000,0.000,0.000,1.000]",[],[],"[0.000,1.000,0.000]","[0.000,0.000,0.000]"
14,CubeNoteHalfDebrisHD(Clone)/NoteDebrisMesh,"[0.000,1.000,0.000]","[0.000,0.000,0.000]","[0.000,0.000,0.000,1.000]","[0.000,1.104,0.000]","[0.495,0.287,0.495]",[],[]
14,CubeNoteHalfDebrisHD(Clone),"[0.000,1.000,0.000]","[0.000,0.000,0.000]","[0.000,0.000,0.000,1.000]",[],[],"[0.000,1.000,0.000]","[0.000,0.000,0.000]"
14,CubeNoteHalfDebrisHD(Clone)/NoteDebrisMesh,"[0.000,1.000,0.000]","[0.000,0.000,0.000]","[0.000,0.000,0.000,1.000]","[0.000,1.104,0.000]","[0.495,0.287,0.495]",[],[]
14,CubeNoteHalfDebrisHD(Clone),"[0.000,1.000,0.000]","[0.000,0.000,0.000]","[0.000,0.000,0.000,1.000]",[],[],"[0.000,1.000,0.000]","[0.000,0.000,0.000]"
14,CubeNoteHalfDebrisHD(Clone)/NoteDebrisMesh,"[0.000,1.000,0.000]","[0.000,0.000,0.000]","[0.000,0.000,0.000,1.000]","[0.000,1.104,0.000]","[0.495,0.287,0.495]",[],[]
14,CubeNoteHalfDebrisHD(Clone),"[0.000,1.000,0.000]","[0.000,0.000,0.000]","[0.000,0.000,0.000,1.000]",[],[],"[0.000,1.000,0.000]","[0.000,0.000,0.000]"
14,CubeNoteHalfDebrisHD(Clone)/NoteDebrisMesh,"[0.000,1.000,0.000]","[0.000,0.000,0.000]","[0.000,0.000,0.000,1.000]","[0.000,1.104,0.000]","[0.495,0.287,0.495]",[],[]
14,CubeNoteHalfDebrisHD(Clone),"[0.000,1.000,0.000]","[0.000,0.000,0.000]","[0.000,0.000,0.000,1.000]",[],[],"[0.000,1.000,0.000]","[0.000,0.000,0.000]"
14,CubeNoteHalfDebrisHD(Clone)/NoteDebrisMesh,"[0.000,1.000,0.000]","[0.000,0.000,0.000]","[0.000,0.000,0.000,1.000]","[0.000,1.104,0.000]","[0.495,0.287,0.495]",[],[]
14,CubeNoteHalfDebrisHD(Clone),"[0.000,1.000,0.000]","[0.000,0.000,0.000]","[0.000,0.000,0.000,1.000]",[],[],"[0.000,1.000,0.000]","[0.000,0.000,0.000]"
14,CubeNoteHalfDebrisHD(Clone)/NoteDebrisMesh,"[0.000,1.000,0.000]","[0.000,0.000,0.000]","[0.000,0.000,0.000,1.000]","[0.000,1.104,0.000]","[0.495,0.287,0.495]",[],[]
14,CubeNoteHalfDebrisHD(Clone),"[0.000,1.000,0.000]","[0.000,0.000,0.000]","[0.000,0.000,0.000,1.000]",[],[],"[0.000,1.000,0.000]","[0.000,0.000,0.000]"
14,CubeNoteHalfDebrisHD(Clone)/NoteDebrisMesh,"[0.000,1.000,0.000]","[0.000,0.000,0.000]","[0.000,0.000,0.000,1.000]","[0.000,1.104,0.000]","[0.495,0.287,0.495]",[],[]
14,CubeNoteHalfDebrisHD(Clone),"[0.000,1.000,0.000]","[0.000,0.000,0.000]","[0.000,0.000,0.000,1.000]",[],[],"[0.000,1.000,0.000]","[0.000,0.000,0.000]"
14,CubeNoteHalfDebrisHD(Clone)/NoteDebrisMesh,"[0.000,1.000,0.000]","[0.000,0.000,0.000]","[0.000,0.000,0.000,1.000]","[0.000,1.104,0.000]","[0.495,0.287,0.495]",[],[]
14,CubeNoteHalfDebrisHD(Clone),"[0.000,1.000,0.000]","[0.000,0.000,0.000]","[0.000,0.000,0.000,1.000]",[],[],"[0.000,1.000,0.000]","[0.000,0.000,0.000]"
14,CubeNoteHalfDebrisHD(Clone)/NoteDebrisMesh,"[0.000,1.000,0.000]","[0.000,0.000,0.000]","[0.000,0.000,0.000,1.000]","[0.000,1.104,0.000]","[0.495,0.287,0.495]",[],[]
14,CubeNoteHalfDebrisHD(Clone),"[0.000,1.000,0.000]","[0.000,0.000,0.000]","[0.000,0.000,0.000,1.000]",[],[],"[0.000,1.000,0.000]","[0.000,0.000,0.000]"
14,CubeNoteHalfDebrisHD(Clone)/NoteDebrisMesh,"[0.000,1.000,0.000]","[0.000,0.000,0.000]","[0.000,0.000,0.000,1.000]","[0.000,1.104,0.000]","[0.495,0.287,0.495]",[],[]
14,CubeNoteHalfDebrisHD(Clone),"[0.000,1.000,0.000]","[0.000,0.000,0.000]","[0.000,0.000,0.000,1.000]",[],[],"[0.000,1.000,0.000]","[0.000,0.000,0.000]"
14,CubeNoteHalfDebrisHD(Clone)/NoteDebrisMesh,"[0.000,1.000,0.000]","[0.000,0.000,0.000]","[0.000,0.000,0.000,1.000]","[0.000,1.104,0.000]","[0.495,0.287,0.495]",[],[]
14,CubeNoteHalfDebrisHD(Clone),"[0.000,1.000,0.000]","[0.000,0.000,0.000]","[0.000,0.000,0.000,1.000]",[],[],"[0.000,1.000,0.000]","[0.000,0.000,0.000]"
14,CubeNoteHalfDebrisHD(Clone)/NoteDebrisMesh,"[0.000,1.000,0.000]","[0.000,0.000,0.000]","[0.000,0.000,0.000,1.000]","[0.000,1.104,0.000]","[0.495,0.287,0.495]",[],[]
14,CubeNoteHalfDebrisHD(Clone),"[0.000,1.000,0.000]","[0.000,0.000,0.000]","[0.000,0.000,0.000,1.000]",[],[],"[0.000,1.000,0.000]","[0.000,0.000,0.000]"
14,CubeNoteHalfDebrisHD(Clone)/NoteDebrisMesh,"[0.000,1.000,0.000]","[0.000,0.000,0.000]","[0.000,0.000,0.000,1.000]","[0.000,1.104,0.000]","[0.495,0.287,0.495]",[],[]
14,CubeNoteHalfDebrisHD(Clone),"[0.000,1.000,0.000]","[0.000,0.000,0.000]","[0.000,0.000,0.000,1.000]",[],[],"[0.000,1.000,0.000]","[0.000,0.000,0.000]"
14,CubeNoteHalfDebrisHD(Clone)/NoteDebrisMesh,"[0.000,1.000,0.000]","[0.000,0.000,0.000]","[0.000,0.000,0.000,1.000]","[0.000,1.104,0.000]","[0.495,0.287,0.495]",[],[]
14,CubeNoteHalfDebrisHD(Clone),"[0.000,1.000,0.000]","[0.000,0.000,0.000]","[0.000,0.000,0.000,1.000]",[],[],"[0.000,1.000,0.000]","[0.000,0.000,0.000]"
14,CubeNoteHalfDebrisHD(Clone)/NoteDebrisMesh,"[0.000,1.000,0.000]","[0.000,0.000,0.000]","[0.000,0.000,0.000,1.000]","[0.000,1.104,0.000]","[0.495,0.287,0.495]",[],[]
14,CubeNoteHalfDebrisHD(Clone),"[0.000,1.000,0.000]","[0.000,0.000,0.000]","[0.000,0.000,0.000,1.000]",[],[],"[0.000,1.000,0.000]","[0.000,0.000,0.000]"
14,CubeNoteHalfDebrisHD(Clone)/NoteDebrisMesh,"[0.000,1.000,0.000]","[0.000,0.000,0.000]","[0.000,0.000,0.000,1.000]","[0.000,1.104,0.000]","[0.495,0.287,0.495]",[],[]
14,CubeNoteHalfDebrisHD(Clone),"[0.000,1.000,0.000]","[0.000,0.000,0.000]","[0.000,0.000,0.000,1.000]",[],[],"[0.000,1.000,0.000]","[0.000,0.000,0.000]"
14,CubeNoteHalfDebrisHD(Clone)/NoteDebrisMesh,"[0.000,1.000,0.000]","[0.000,0.000,0.000]","[0.000,0.000,0.000,1.000]","[0.000,1.104,0.000]","[0.495,0.287,0.495]",[],[]
14,CubeNoteHalfDebrisHD(Clone),"[0.000,1.000,0.000]","[0.000,0.000,0.000]","[0.000,0.000,0.000,1.000]",[],[],"[0.000,1.000,0.000]","[0.000,0.000,0.000]"
14,NoteDebrisHD(Clone)/NoteDebrisMesh,"[0.000,1.000,0.000]","[0.000,0.000,0.000]","[0.000,0.000,0.000,1.000]","[0.000,1.000,0.000]","[0.495,0.495,0.495]",[],[]
14,NoteDebrisHD(Clone),"[0.000,1.000,0.000]","[0.000,0.000,0.000]","[0.000,0.000,0.000,1.000]",[],[],"[0.000,1.000,0.000]","[0.000,0.000,0.000]"
14,NoteDebrisHD(Clone)/NoteDebrisMesh,"[0.000,1.000,0.000]","[0.000,0.000,0.000]","[0.000,0.000,0.000,1.000]","[0.000,1.000,0.000]","[0.495,0.495,0.495]",[],[]
14,NoteDebrisHD(Clone),"[0.000,1.000,0.000]","[0.000,0.000,0.000]","[0.000,0.000,0.000,1.000]",[],[],"[0.000,1.000,0.000]","[0.000,0.000,0.000]"
14,NoteDebrisHD(Clone)/NoteDebrisMesh,"[0.000,1.000,0.000]","[0.000,0.000,0.000]","[0.000,0.000,0.000,1.000]","[0.000,1.000,0.000]","[0.495,0.495,0.495]",[],[]
14,NoteDebrisHD(Clone),"[0.000,1.000,0.000]","[0.000,0.000,0.000]","[0.000,0.000,0.000,1.000]",[],[],"[0.000,1.000,0.000]","[0.000,0.000,0.000]"
14,NoteDebrisHD(Clone)/NoteDebrisMesh,"[0.000,1.000,0.000]","[0.000,0.000,0.000]","[0.000,0.000,0.000,1.000]","[0.000,1.000,0.000]","[0.495,0.495,0.495]",[],[]
14,NoteDebrisHD(Clone),"[0.000,1.000,0.000]","[0.000,0.000,0.000]","[0.000,0.000,0.000,1.000]",[],[],"[0.000,1.000,0.000]","[0.000,0.000,0.000]"
14,NoteDebrisHD(Clone)/NoteDebrisMesh,"[0.000,1.000,0.000]","[0.000,0.000,0.000]","[0.000,0.000,0.000,1.000]","[0.000,1.000,0.000]","[0.495,0.495,0.495]",[],[]
14,NoteDebrisHD(Clone),"[0.000,1.000,0.000]","[0.000,0.000,0.000]","[0.000,0.000,0.000,1.000]",[],[],"[0.000,1.000,0.000]","[0.000,0.000,0.000]"
14,NoteDebrisHD(Clone)/NoteDebrisMesh,"[0.000,1.000,0.000]","[0.000,0.000,0.000]","[0.000,0.000,0.000,1.000]","[0.000,1.000,0.000]","[0.495,0.495,0.495]",[],[]
14,NoteDebrisHD(Clone),"[0.000,1.000,0.000]","[0.000,0.000,0.000]","[0.000,0.000,0.000,1.000]",[],[],"[0.000,1.000,0.000]","[0.000,0.000,0.000]"
14,NoteDebrisHD(Clone)/NoteDebrisMesh,"[0.000,1.000,0.000]","[0.000,0.000,0.000]","[0.000,0.000,0.000,1.000]","[0.000,1.000,0.000]","[0.495,0.495,0.495]",[],[]
14,NoteDebrisHD(Clone),"[0.000,1.000,0.000]","[0.000,0.000,0.000]","[0.000,0.000,0.000,1.000]",[],[],"[0.000,1.000,0.000]","[0.000,0.000,0.000]"
14,NoteDebrisHD(Clone)/NoteDebrisMesh,"[0.000,1.000,0.000]","[0.000,0.000,0.000]","[0.000,0.000,0.000,1.000]","[0.000,1.000,0.000]","[0.495,0.495,0.495]",[],[]
14,NoteDebrisHD(Clone),"[0.000,1.000,0.000]","[0.000,0.000,0.000]","[0.000,0.000,0.000,1.000]",[],[],"[0.000,1.000,0.000]","[0.000,0.000,0.000]"
14,NoteDebrisHD(Clone)/NoteDebrisMesh,"[0.000,1.000,0.000]","[0.000,0.000,0.000]","[0.000,0.000,0.000,1.000]","[0.000,1.000,0.000]","[0.495,0.495,0.495]",[],[]
14,NoteDebrisHD(Clone),"[0.000,1.000,0.000]","[0.000,0.000,0.000]","[0.000,0.000,0.000,1.000]",[],[],"[0.000,1.000,0.000]","[0.000,0.000,0.000]"
14,NoteDebrisHD(Clone)/NoteDebrisMesh,"[0.000,1.000,0.000]","[0.000,0.000,0.000]","[0.000,0.000,0.000,1.000]","[0.000,1.000,0.000]","[0.495,0.495,0.495]",[],[]
14,NoteDebrisHD(Clone),"[0.000,1.000,0.000]","[0.000,0.000,0.000]","[0.000,0.000,0.000,1.000]",[],[],"[0.000,1.000,0.000]","[0.000,0.000,0.000]"
14,NoteDebrisHD(Clone)/NoteDebrisMesh,"[0.000,1.000,0.000]","[0.000,0.000,0.000]","[0.000,0.000,0.000,1.000]","[0.000,1.000,0.000]","[0.495,0.495,0.495]",[],[]
14,NoteDebrisHD(Clone),"[0.000,1.000,0.000]","[0.000,0.000,0.000]","[0.000,0.000,0.000,1.000]",[],[],"[0.000,1.000,0.000]","[0.000,0.000,0.000]"
14,NoteDebrisHD(Clone)/NoteDebrisMesh,"[0.000,1.000,0.000]","[0.000,0.000,0.000]","[0.000,0.000,0.000,1.000]","[0.000,1.000,0.000]","[0.495,0.495,0.495]",[],[]
14,NoteDebrisHD(Clone),"[0.000,1.000,0.000]","[0.000,0.000,0.000]","[0.000,0.000,0.000,1.000]",[],[],"[0.000,1.000,0.000]","[0.000,0.000,0.000]"
14,NoteDebrisHD(Clone)/NoteDebrisMesh,"[0.000,1.000,0.000]","[0.000,0.000,0.000]","[0.000,0.000,0.000,1.000]","[0.000,1.000,0.000]","[0.495,0.495,0.495]",[],[]
14,NoteDebrisHD(Clone),"[0.000,1.000,0.000]","[0.000,0.000,0.000]","[0.000,0.000,0.000,1.000]",[],[],"[0.000,1.000,0.000]","[0.000,0.000,0.000]"
14,NoteDebrisHD(Clone)/NoteDebrisMesh,"[0.000,1.000,0.000]","[0.000,0.000,0.000]","[0.000,0.000,0.000,1.000]","[0.000,1.000,0.000]","[0.495,0.495,0.495]",[],[]
14,NoteDebrisHD(Clone),"[0.000,1.000,0.000]","[0.000,0.000,0.000]","[0.000,0.000,0.000,1.000]",[],[],"[0.000,1.000,0.000]","[0.000,0.000,0.000]"
14,NoteDebrisHD(Clone)/NoteDebrisMesh,"[0.000,1.000,0.000]","[0.000,0.000,0.000]","[0.000,0.000,0.000,1.000]","[0.000,1.000,0.000]","[0.495,0.495,0.495]",[],[]
14,NoteDebrisHD(Clone),"[0.000,1.000,0.000]","[0.000,0.000,0.000]","[0.000,0.000,0.000,1.000]",[],[],"[0.000,1.000,0.000]","[0.000,0.000,0.000]"
14,NoteDebrisHD(Clone)/NoteDebrisMesh,"[0.000,1.000,0.000]","[0.000,0.000,0.000]","[0.000,0.000,0.000,1.000]","[0.000,1.000,0.000]","[0.495,0.495,0.495]",[],[]
14,NoteDebrisHD(Clone),"[0.000,1.000,0.000]","[0.000,0.000,0.000]","[0.000,0.000,0.000,1.000]",[],[],"[0.000,1.000,0.000]","[0.000,0.000,0.000]"
14,NoteDebrisHD(Clone)/NoteDebrisMesh,"[0.000,1.000,0.000]","[0.000,0.000,0.000]","[0.000,0.000,0.000,1.000]","[0.000,1.000,0.000]","[0.495,0.495,0.495]",[],[]
14,NoteDebrisHD(Clone),"[0.000,1.000,0.000]","[0.000,0.000,0.000]","[0.000,0.000,0.000,1.000]",[],[],"[0.000,1.000,0.000]","[0.000,0.000,0.000]"
14,NoteDebrisHD(Clone)/NoteDebrisMesh,"[0.000,1.000,0.000]","[0.000,0.000,0.000]","[0.000,0.000,0.000,1.000]","[0.000,1.000,0.000]","[0.495,0.495,0.495]",[],[]
14,NoteDebrisHD(Clone),"[0.000,1.000,0.000]","[0.000,0.000,0.000]","[0.000,0.000,0.000,1.000]",[],[],"[0.000,1.000,0.000]","[0.000,0.000,0.000]"
14,NoteDebrisHD(Clone)/NoteDebrisMesh,"[0.000,1.000,0.000]","[0.000,0.000,0.000]","[0.000,0.000,0.000,1.000]","[0.000,1.000,0.000]","[0.495,0.495,0.495]",[],[]
14,NoteDebrisHD(Clone),"[0.000,1.000,0.000]","[0.000,0.000,0.000]","[0.000,0.000,0.000,1.000]",[],[],"[0.000,1.000,0.000]","[0.000,0.000,0.000]"
14,NoteDebrisHD(Clone)/NoteDebrisMesh,"[0.000,1.000,0.000]","[0.000,0.000,0.000]","[0.000,0.000,0.000,1.000]","[0.000,1.000,0.000]","[0.495,0.495,0.495]",[],[]
14,NoteDebrisHD(Clone),"[0.000,1.000,0.000]","[0.000,0.000,0.000]","[0.000,0.000,0.000,1.000]",[],[],"[0.000,1.000,0.000]","[0.000,0.000,0.000]"
14,NoteDebrisHD(Clone)/NoteDebrisMesh,"[0.000,1.000,0.000]","[0.000,0.000,0.000]","[0.000,0.000,0.000,1.000]","[0.000,1.000,0.000]","[0.495,0.495,0.495]",[],[]
14,NoteDebrisHD(Clone),"[0.000,1.000,0.000]","[0.000,0.000,0.000]","[0.000,0.000,0.000,1.000]",[],[],"[0.000,1.000,0.000]","[0.000,0.000,0.000]"
14,NoteDebrisHD(Clone)/NoteDebrisMesh,"[0.000,1.000,0.000]","[0.000,0.000,0.000]","[0.000,0.000,0.000,1.000]","[0.000,1.000,0.000]","[0.495,0.495,0.495]",[],[]
14,NoteDebrisHD(Clone),"[0.000,1.000,0.000]","[0.000,0.000,0.000]","[0.000,0.000,0.000,1.000]",[],[],"[0.000,1.000,0.000]","[0.000,0.000,0.000]"
14,NoteDebrisHD(Clone)/NoteDebrisMesh,"[0.000,1.000,0.000]","[0.000,0.000,0.000]","[0.000,0.000,0.000,1.000]","[0.000,1.000,0.000]","[0.495,0.495,0.495]",[],[]
14,NoteDebrisHD(Clone),"[0.000,1.000,0.000]","[0.000,0.000,0.000]","[0.000,0.000,0.000,1.000]",[],[],"[0.000,1.000,0.000]","[0.000,0.000,0.000]"
14,NoteDebrisHD(Clone)/NoteDebrisMesh,"[0.000,1.000,0.000]","[0.000,0.000,0.000]","[0.000,0.000,0.000,1.000]","[0.000,1.000,0.000]","[0.495,0.495,0.495]",[],[]
14,NoteDebrisHD(Clone),"[0.000,1.000,0.000]","[0.000,0.000,0.000]","[0.000,0.000,0.000,1.000]",[],[],"[0.000,1.000,0.000]","[0.000,0.000,0.000]"
14,NoteDebrisHD(Clone)/NoteDebrisMesh,"[0.000,1.000,0.000]","[0.000,0.000,0.000]","[0.000,0.000,0.000,1.000]","[0.000,1.000,0.000]","[0.495,0.495,0.495]",[],[]
14,NoteDebrisHD(Clone),"[0.000,1.000,0.000]","[0.000,0.000,0.000]","[0.000,0.000,0.000,1.000]",[],[],"[0.000,1.000,0.000]","[0.000,0.000,0.000]"
14,NoteDebrisHD(Clone)/NoteDebrisMesh,"[0.000,1.000,0.000]","[0.000,0.000,0.000]","[0.000,0.000,0.000,1.000]","[0.000,1.000,0.000]","[0.495,0.495,0.495]",[],[]
14,NoteDebrisHD(Clone),"[0.000,1.000,0.000]","[0.000,0.000,0.000]","[0.000,0.000,0.000,1.000]",[],[],"[0.000,1.000,0.000]","[0.000,0.000,0.000]"
14,NoteDebrisHD(Clone)/NoteDebrisMesh,"[0.000,1.000,0.000]","[0.000,0.000,0.000]","[0.000,0.000,0.000,1.000]","[0.000,1.000,0.000]","[0.495,0.495,0.495]",[],[]
14,NoteDebrisHD(Clone),"[0.000,1.000,0.000]","[0.000,0.000,0.000]","[0.000,0.000,0.000,1.000]",[],[],"[0.000,1.000,0.000]","[0.000,0.000,0.000]"
14,NoteDebrisHD(Clone)/NoteDebrisMesh,"[0.000,1.000,0.000]","[0.000,0.000,0.000]","[0.000,0.000,0.000,1.000]","[0.000,1.000,0.000]","[0.495,0.495,0.495]",[],[]
14,NoteDebrisHD(Clone),"[0.000,1.000,0.000]","[0.000,0.000,0.000]","[0.000,0.000,0.000,1.000]",[],[],"[0.000,1.000,0.000]","[0.000,0.000,0.000]"
14,NoteDebrisHD(Clone)/NoteDebrisMesh,"[0.000,1.000,0.000]","[0.000,0.000,0.000]","[0.000,0.000,0.000,1.000]","[0.000,1.000,0.000]","[0.495,0.495,0.495]",[],[]
14,NoteDebrisHD(Clone),"[0.000,1.000,0.000]","[0.000,0.000,0.000]","[0.000,0.000,0.000,1.000]",[],[],"[0.000,1.000,0.000]","[0.000,0.000,0.000]"
14,NoteDebrisHD(Clone)/NoteDebrisMesh,"[0.000,1.000,0.000]","[0.000,0.000,0.000]","[0.000,0.000,0.000,1.000]","[0.000,1.000,0.000]","[0.495,0.495,0.495]",[],[]
14,NoteDebrisHD(Clone),"[0.000,1.000,0.000]","[0.000,0.000,0.000]","[0.000,0.000,0.000,1.000]",[],[],"[0.000,1.000,0.000]","[0.000,0.000,0.000]"
14,NoteDebrisHD(Clone)/NoteDebrisMesh,"[0.000,1.000,0.000]","[0.000,0.000,0.000]","[0.000,0.000,0.000,1.000]","[0.000,1.000,0.000]","[0.495,0.495,0.495]",[],[]
14,NoteDebrisHD(Clone),"[0.000,1.000,0.000]","[0.000,0.000,0.000]","[0.000,0.000,0.000,1.000]",[],[],"[0.000,1.000,0.000]","[0.000,0.000,0.000]"
14,NoteDebrisHD(Clone)/NoteDebrisMesh,"[0.000,1.000,0.000]","[0.000,0.000,0.000]","[0.000,0.000,0.000,1.000]","[0.000,1.000,0.000]","[0.495,0.495,0.495]",[],[]
14,NoteDebrisHD(Clone),"[0.000,1.000,0.000]","[0.000,0.000,0.000]","[0.000,0.000,0.000,1.000]",[],[],"[0.000,1.000,0.000]","[0.000,0.000,0.000]"
14,NoteDebrisHD(Clone)/NoteDebrisMesh,"[0.000,1.000,0.000]","[0.000,0.000,0.000]","[0.000,0.000,0.000,1.000]","[0.000,1.000,0.000]","[0.495,0.495,0.495]",[],[]
14,NoteDebrisHD(Clone),"[0.000,1.000,0.000]","[0.000,0.000,0.000]","[0.000,0.000,0.000,1.000]",[],[],"[0.000,1.000,0.000]","[0.000,0.000,0.000]"
14,NoteDebrisHD(Clone)/NoteDebrisMesh,"[0.000,1.000,0.000]","[0.000,0.000,0.000]","[0.000,0.000,0.000,1.000]","[0.000,1.000,0.000]","[0.495,0.495,0.495]",[],[]
14,NoteDebrisHD(Clone),"[0.000,1.000,0.000]","[0.000,0.000,0.000]","[0.000,0.000,0.000,1.000]",[],[],"[0.000,1.000,0.000]","[0.000,0.000,0.000]"
14,NoteDebrisHD(Clone)/NoteDebrisMesh,"[0.000,1.000,0.000]","[0.000,0.000,0.000]","[0.000,0.000,0.000,1.000]","[0.000,1.000,0.000]","[0.495,0.495,0.495]",[],[]
14,NoteDebrisHD(Clone),"[0.000,1.000,0.000]","[0.000,0.000,0.000]","[0.000,0.000,0.000,1.000]",[],[],"[0.000,1.000,0.000]","[0.000,0.000,0.000]"
14,NoteDebrisHD(Clone)/NoteDebrisMesh,"[0.000,1.000,0.000]","[0.000,0.000,0.000]","[0.000,0.000,0.000,1.000]","[0.000,1.000,0.000]","[0.495,0.495,0.495]",[],[]
14,NoteDebrisHD(Clone),"[0.000,1.000,0.000]","[0.000,0.000,0.000]","[0.000,0.000,0.000,1.000]",[],[],"[0.000,1.000,0.000]","[0.000,0.000,0.000]"
14,NoteDebrisHD(Clone)/NoteDebrisMesh,"[0.000,1.000,0.000]","[0.000,0.000,0.000]","[0.000,0.000,0.000,1.000]","[0.000,1.000,0.000]","[0.495,0.495,0.495]",[],[]
14,NoteDebrisHD(Clone),"[0.000,1.000,0.000]","[0.000,0.000,0.000]","[0.000,0.000,0.000,1.000]",[],[],"[0.000,1.000,0.000]","[0.000,0.000,0.000]"
14,NoteDebrisHD(Clone)/NoteDebrisMesh,"[0.000,1.000,0.000]","[0.000,0.000,0.000]","[0.000,0.000,0.000,1.000]","[0.000,1.000,0.000]","[0.495,0.495,0.495]",[],[]
14,NoteDebrisHD(Clone),"[0.000,1.000,0.000]","[0.000,0.000,0.000]","[0.000,0.000,0.000,1.000]",[],[],"[0.000,1.000,0.000]","[0.000,0.000,0.000]"
14,NoteDebrisHD(Clone)/NoteDebrisMesh,"[0.000,1.000,0.000]","[0.000,0.000,0.000]","[0.000,0.000,0.000,1.000]","[0.000,1.000,0.000]","[0.495,0.495,0.495]",[],[]
14,NoteDebrisHD(Clone),"[0.000,1.000,0.000]","[0.000,0.000,0.000]","[0.000,0.000,0.000,1.000]",[],[],"[0.000,1.000,0.000]","[0.000,0.000,0.000]"
14,NoteDebrisHD(Clone)/NoteDebrisMesh,"[0.000,1.000,0.000]","[0.000,0.000,0.000]","[0.000,0.000,0.000,1.000]","[0.000,1.000,0.000]","[0.495,0.495,0.495]",[],[]
14,NoteDebrisHD(Clone),"[0.000,1.000,0.000]","[0.000,0.000,0.000]","[0.000,0.000,0.000,1.000]",[],[],"[0.000,1.000,0.000]","[0.000,0.000,0.000]"
14,SongTimeTweeningManager(Clone),"[0.000,0.000,0.000]","[0.000,0.000,0.000]","[0.000,0.000,0.000,1.000]",[],[],[],[]
14,SaberBurnMarkLine,"[0.000,0.000,0.000]","[0.000,0.000,0.000]","[0.000,0.000,0.000,1.000]","[0.000,0.000,0.000]","[0.000,0.000,0.000]",[],[]
14,SaberBurnMarkLine,"[0.000,0.000,0.000]","[0.000,0.000,0.000]","[0.000,0.000,0.000,1.000]","[0.000,0.000,0.000]","[0.000,0.000,0.000]",[],[]
14,MissedNoteEffectSpawner(Clone)/MissedNoteFlyingSpriteSpawner,"[0.000,0.000,0.000]","[0.000,0.000,0.000]","[0.000,0.000,0.000,1.000]",[],[],[],[]
14,MissedNoteEffectSpawner(Clone),"[0.000,0.000,0.000]","[0.000,0.000,0.000]","[0.000,0.000,0.000,1.000]",[],[],[],[]
14,BadNoteCutEffectSpawner(Clone)/BadCutFlyingSpriteSpawner,"[0.000,0.000,0.000]","[0.000,0.000,0.000]","[0.000,0.000,0.000,1.000]",[],[],[],[]
14,BadNoteCutEffectSpawner(Clone),"[0.000,0.000,0.000]","[0.000,0.000,0.000]","[0.000,0.000,0.000,1.000]",[],[],[],[]
14,NoteCutScoreSpawner(Clone)/FlyingScoreSpawner,"[0.000,0.000,0.000]","[0.000,0.000,0.000]","[0.000,0.000,0.000,1.000]",[],[],[],[]
14,NoteCutScoreSpawner(Clone),"[0.000,0.000,0.000]","[0.000,0.000,0.000]","[0.000,0.000,0.000,1.000]",[],[],[],[]
14,ArcAndObstacleHapticEffectManager(Clone),"[0.000,0.000,0.000]","[0.000,0.000,0.000]","[0.000,0.000,0.000,1.000]",[],[],[],[]
14,BombCutSoundEffect(Clone),"[0.000,0.000,0.000]","[0.000,0.000,0.000]","[0.000,0.000,0.000,1.000]",[],[],[],[]
14,BombCutSoundEffect(Clone),"[0.000,0.000,0.000]","[0.000,0.000,0.000]","[0.000,0.000,0.000,1.000]",[],[],[],[]
14,BombCutSoundEffect(Clone),"[0.000,0.000,0.000]","[0.000,0.000,0.000]","[0.000,0.000,0.000,1.000]",[],[],[],[]
14,BombCutSoundEffect(Clone),"[0.000,0.000,0.000]","[0.000,0.000,0.000]","[0.000,0.000,0.000,1.000]",[],[],[],[]
14,BombCutSoundEffect(Clone),"[0.000,0.000,0.000]","[0.000,0.000,0.000]","[0.000,0.000,0.000,1.000]",[],[],[],[]
14,BombCutSoundEffect(Clone),"[0.000,0.000,0.000]","[0.000,0.000,0.000]","[0.000,0.000,0.000,1.000]",[],[],[],[]
14,BombCutSoundEffect(Clone),"[0.000,0.000,0.000]","[0.000,0.000,0.000]","[0.000,0.000,0.000,1.000]",[],[],[],[]
14,BombCutSoundEffect(Clone),"[0.000,0.000,0.000]","[0.000,0.000,0.000]","[0.000,0.000,0.000,1.000]",[],[],[],[]
14,BombCutSoundEffect(Clone),"[0.000,0.000,0.000]","[0.000,0.000,0.000]","[0.000,0.000,0.000,1.000]",[],[],[],[]
14,BombCutSoundEffect(Clone),"[0.000,0.000,0.000]","[0.000,0.000,0.000]","[0.000,0.000,0.000,1.000]",[],[],[],[]
14,BombCutSoundEffect(Clone),"[0.000,0.000,0.000]","[0.000,0.000,0.000]","[0.000,0.000,0.000,1.000]",[],[],[],[]
14,BombCutSoundEffect(Clone),"[0.000,0.000,0.000]","[0.000,0.000,0.000]","[0.000,0.000,0.000,1.000]",[],[],[],[]
14,BombCutSoundEffect(Clone),"[0.000,0.000,0.000]","[0.000,0.000,0.000]","[0.000,0.000,0.000,1.000]",[],[],[],[]
14,BombCutSoundEffect(Clone),"[0.000,0.000,0.000]","[0.000,0.000,0.000]","[0.000,0.000,0.000,1.000]",[],[],[],[]
14,BombCutSoundEffect(Clone),"[0.000,0.000,0.000]","[0.000,0.000,0.000]","[0.000,0.000,0.000,1.000]",[],[],[],[]
14,BombCutSoundEffect(Clone),"[0.000,0.000,0.000]","[0.000,0.000,0.000]","[0.000,0.000,0.000,1.000]",[],[],[],[]
14,BombCutSoundEffect(Clone),"[0.000,0.000,0.000]","[0.000,0.000,0.000]","[0.000,0.000,0.000,1.000]",[],[],[],[]
14,BombCutSoundEffect(Clone),"[0.000,0.000,0.000]","[0.000,0.000,0.000]","[0.000,0.000,0.000,1.000]",[],[],[],[]
14,BombCutSoundEffect(Clone),"[0.000,0.000,0.000]","[0.000,0.000,0.000]","[0.000,0.000,0.000,1.000]",[],[],[],[]
14,BombCutSoundEffect(Clone),"[0.000,0.000,0.000]","[0.000,0.000,0.000]","[0.000,0.000,0.000,1.000]",[],[],[],[]
14,BombCutSoundEffect(Clone),"[0.000,0.000,0.000]","[0.000,0.000,0.000]","[0.000,0.000,0.000,1.000]",[],[],[],[]
14,BombCutSoundEffect(Clone),"[0.000,0.000,0.000]","[0.000,0.000,0.000]","[0.000,0.000,0.000,1.000]",[],[],[],[]
14,BombCutSoundEffect(Clone),"[0.000,0.000,0.000]","[0.000,0.000,0.000]","[0.000,0.000,0.000,1.000]",[],[],[],[]
14,BombCutSoundEffect(Clone),"[0.000,0.000,0.000]","[0.000,0.000,0.000]","[0.000,0.000,0.000,1.000]",[],[],[],[]
14,NoteCutSoundEffect(Clone),"[-1.215,0.816,1.180]","[0.000,0.000,0.000]","[0.000,0.000,0.000,1.000]",[],[],[],[]
14,NoteCutSoundEffect(Clone),"[-0.460,1.577,1.016]","[0.000,0.000,0.000]","[0.000,0.000,0.000,1.000]",[],[],[],[]
14,NoteCutSoundEffect(Clone),"[0.000,0.000,0.000]","[0.000,0.000,0.000]","[0.000,0.000,0.000,1.000]",[],[],[],[]
14,NoteCutSoundEffect(Clone),"[0.000,0.000,0.000]","[0.000,0.000,0.000]","[0.000,0.000,0.000,1.000]",[],[],[],[]
14,NoteCutSoundEffect(Clone),"[0.000,0.000,0.000]","[0.000,0.000,0.000]","[0.000,0.000,0.000,1.000]",[],[],[],[]
14,NoteCutSoundEffect(Clone),"[0.000,0.000,0.000]","[0.000,0.000,0.000]","[0.000,0.000,0.000,1.000]",[],[],[],[]
14,NoteCutSoundEffect(Clone),"[0.000,0.000,0.000]","[0.000,0.000,0.000]","[0.000,0.000,0.000,1.000]",[],[],[],[]
14,NoteCutSoundEffect(Clone),"[0.000,0.000,0.000]","[0.000,0.000,0.000]","[0.000,0.000,0.000,1.000]",[],[],[],[]
14,NoteCutSoundEffect(Clone),"[0.000,0.000,0.000]","[0.000,0.000,0.000]","[0.000,0.000,0.000,1.000]",[],[],[],[]
14,NoteCutSoundEffect(Clone),"[0.000,0.000,0.000]","[0.000,0.000,0.000]","[0.000,0.000,0.000,1.000]",[],[],[],[]
14,NoteCutSoundEffect(Clone),"[0.000,0.000,0.000]","[0.000,0.000,0.000]","[0.000,0.000,0.000,1.000]",[],[],[],[]
14,NoteCutSoundEffect(Clone),"[0.000,0.000,0.000]","[0.000,0.000,0.000]","[0.000,0.000,0.000,1.000]",[],[],[],[]
14,NoteCutSoundEffect(Clone),"[0.000,0.000,0.000]","[0.000,0.000,0.000]","[0.000,0.000,0.000,1.000]",[],[],[],[]
14,NoteCutSoundEffect(Clone),"[0.000,0.000,0.000]","[0.000,0.000,0.000]","[0.000,0.000,0.000,1.000]",[],[],[],[]
14,NoteCutSoundEffect(Clone),"[0.000,0.000,0.000]","[0.000,0.000,0.000]","[0.000,0.000,0.000,1.000]",[],[],[],[]
14,NoteCutSoundEffect(Clone),"[0.000,0.000,0.000]","[0.000,0.000,0.000]","[0.000,0.000,0.000,1.000]",[],[],[],[]
14,NoteCutSoundEffect(Clone),"[0.000,0.000,0.000]","[0.000,0.000,0.000]","[0.000,0.000,0.000,1.000]",[],[],[],[]
14,NoteCutSoundEffect(Clone),"[0.000,0.000,0.000]","[0.000,0.000,0.000]","[0.000,0.000,0.000,1.000]",[],[],[],[]
14,NoteCutSoundEffect(Clone),"[0.000,0.000,0.000]","[0.000,0.000,0.000]","[0.000,0.000,0.000,1.000]",[],[],[],[]
14,NoteCutSoundEffect(Clone),"[0.000,0.000,0.000]","[0.000,0.000,0.000]","[0.000,0.000,0.000,1.000]",[],[],[],[]
14,NoteCutSoundEffect(Clone),"[0.000,0.000,0.000]","[0.000,0.000,0.000]","[0.000,0.000,0.000,1.000]",[],[],[],[]
14,NoteCutSoundEffect(Clone),"[0.000,0.000,0.000]","[0.000,0.000,0.000]","[0.000,0.000,0.000,1.000]",[],[],[],[]
14,NoteCutSoundEffect(Clone),"[0.000,0.000,0.000]","[0.000,0.000,0.000]","[0.000,0.000,0.000,1.000]",[],[],[],[]
14,NoteCutSoundEffect(Clone),"[0.000,0.000,0.000]","[0.000,0.000,0.000]","[0.000,0.000,0.000,1.000]",[],[],[],[]
14,NoteCutSoundEffect(Clone),"[0.000,0.000,0.000]","[0.000,0.000,0.000]","[0.000,0.000,0.000,1.000]",[],[],[],[]
14,NoteCutSoundEffect(Clone),"[0.000,0.000,0.000]","[0.000,0.000,0.000]","[0.000,0.000,0.000,1.000]",[],[],[],[]
14,NoteCutSoundEffect(Clone),"[0.000,0.000,0.000]","[0.000,0.000,0.000]","[0.000,0.000,0.000,1.000]",[],[],[],[]
14,NoteCutSoundEffect(Clone),"[0.000,0.000,0.000]","[0.000,0.000,0.000]","[0.000,0.000,0.000,1.000]",[],[],[],[]
14,NoteCutSoundEffect(Clone),"[0.000,0.000,0.000]","[0.000,0.000,0.000]","[0.000,0.000,0.000,1.000]",[],[],[],[]
14,NoteCutSoundEffect(Clone),"[0.000,0.000,0.000]","[0.000,0.000,0.000]","[0.000,0.000,0.000,1.000]",[],[],[],[]
14,NoteCutSoundEffect(Clone),"[0.000,0.000,0.000]","[0.000,0.000,0.000]","[0.000,0.000,0.000,1.000]",[],[],[],[]
14,NoteCutSoundEffect(Clone),"[0.000,0.000,0.000]","[0.000,0.000,0.000]","[0.000,0.000,0.000,1.000]",[],[],[],[]
14,NoteCutSoundEffect(Clone),"[0.000,0.000,0.000]","[0.000,0.000,0.000]","[0.000,0.000,0.000,1.000]",[],[],[],[]
14,NoteCutSoundEffect(Clone),"[0.000,0.000,0.000]","[0.000,0.000,0.000]","[0.000,0.000,0.000,1.000]",[],[],[],[]
14,NoteCutSoundEffect(Clone),"[0.000,0.000,0.000]","[0.000,0.000,0.000]","[0.000,0.000,0.000,1.000]",[],[],[],[]
14,NoteCutSoundEffect(Clone),"[0.000,0.000,0.000]","[0.000,0.000,0.000]","[0.000,0.000,0.000,1.000]",[],[],[],[]
14,NoteCutSoundEffect(Clone),"[0.000,0.000,0.000]","[0.000,0.000,0.000]","[0.000,0.000,0.000,1.000]",[],[],[],[]
14,NoteCutSoundEffect(Clone),"[0.000,0.000,0.000]","[0.000,0.000,0.000]","[0.000,0.000,0.000,1.000]",[],[],[],[]
14,NoteCutSoundEffect(Clone),"[0.000,0.000,0.000]","[0.000,0.000,0.000]","[0.000,0.000,0.000,1.000]",[],[],[],[]
14,NoteCutSoundEffect(Clone),"[0.000,0.000,0.000]","[0.000,0.000,0.000]","[0.000,0.000,0.000,1.000]",[],[],[],[]
14,NoteCutSoundEffect(Clone),"[0.000,0.000,0.000]","[0.000,0.000,0.000]","[0.000,0.000,0.000,1.000]",[],[],[],[]
14,NoteCutSoundEffect(Clone),"[0.000,0.000,0.000]","[0.000,0.000,0.000]","[0.000,0.000,0.000,1.000]",[],[],[],[]
14,NoteCutSoundEffect(Clone),"[0.000,0.000,0.000]","[0.000,0.000,0.000]","[0.000,0.000,0.000,1.000]",[],[],[],[]
14,NoteCutSoundEffect(Clone),"[0.000,0.000,0.000]","[0.000,0.000,0.000]","[0.000,0.000,0.000,1.000]",[],[],[],[]
14,NoteCutSoundEffect(Clone),"[0.000,0.000,0.000]","[0.000,0.000,0.000]","[0.000,0.000,0.000,1.000]",[],[],[],[]
14,NoteCutSoundEffect(Clone),"[0.000,0.000,0.000]","[0.000,0.000,0.000]","[0.000,0.000,0.000,1.000]",[],[],[],[]
14,NoteCutSoundEffect(Clone),"[0.000,0.000,0.000]","[0.000,0.000,0.000]","[0.000,0.000,0.000,1.000]",[],[],[],[]
14,NoteCutSoundEffect(Clone),"[0.000,0.000,0.000]","[0.000,0.000,0.000]","[0.000,0.000,0.000,1.000]",[],[],[],[]
14,NoteCutSoundEffect(Clone),"[0.000,0.000,0.000]","[0.000,0.000,0.000]","[0.000,0.000,0.000,1.000]",[],[],[],[]
14,NoteCutSoundEffect(Clone),"[0.000,0.000,0.000]","[0.000,0.000,0.000]","[0.000,0.000,0.000,1.000]",[],[],[],[]
14,NoteCutSoundEffect(Clone),"[0.000,0.000,0.000]","[0.000,0.000,0.000]","[0.000,0.000,0.000,1.000]",[],[],[],[]
14,NoteCutSoundEffect(Clone),"[0.000,0.000,0.000]","[0.000,0.000,0.000]","[0.000,0.000,0.000,1.000]",[],[],[],[]
14,NoteCutSoundEffect(Clone),"[0.000,0.000,0.000]","[0.000,0.000,0.000]","[0.000,0.000,0.000,1.000]",[],[],[],[]
14,NoteCutSoundEffect(Clone),"[0.000,0.000,0.000]","[0.000,0.000,0.000]","[0.000,0.000,0.000,1.000]",[],[],[],[]
14,NoteCutSoundEffect(Clone),"[0.000,0.000,0.000]","[0.000,0.000,0.000]","[0.000,0.000,0.000,1.000]",[],[],[],[]
14,NoteCutSoundEffect(Clone),"[0.000,0.000,0.000]","[0.000,0.000,0.000]","[0.000,0.000,0.000,1.000]",[],[],[],[]
14,NoteCutSoundEffect(Clone),"[0.000,0.000,0.000]","[0.000,0.000,0.000]","[0.000,0.000,0.000,1.000]",[],[],[],[]
14,NoteCutSoundEffect(Clone),"[0.000,0.000,0.000]","[0.000,0.000,0.000]","[0.000,0.000,0.000,1.000]",[],[],[],[]
14,NoteCutSoundEffect(Clone),"[0.000,0.000,0.000]","[0.000,0.000,0.000]","[0.000,0.000,0.000,1.000]",[],[],[],[]
14,NoteCutSoundEffect(Clone),"[0.000,0.000,0.000]","[0.000,0.000,0.000]","[0.000,0.000,0.000,1.000]",[],[],[],[]
14,NoteCutSoundEffect(Clone),"[0.000,0.000,0.000]","[0.000,0.000,0.000]","[0.000,0.000,0.000,1.000]",[],[],[],[]
14,NoteCutSoundEffect(Clone),"[0.000,0.000,0.000]","[0.000,0.000,0.000]","[0.000,0.000,0.000,1.000]",[],[],[],[]
14,NoteCutSoundEffect(Clone),"[0.000,0.000,0.000]","[0.000,0.000,0.000]","[0.000,0.000,0.000,1.000]",[],[],[],[]
14,NoteCutSoundEffect(Clone),"[0.000,0.000,0.000]","[0.000,0.000,0.000]","[0.000,0.000,0.000,1.000]",[],[],[],[]
14,NoteCutSoundEffect(Clone),"[0.000,0.000,0.000]","[0.000,0.000,0.000]","[0.000,0.000,0.000,1.000]",[],[],[],[]
14,NoteCutSoundEffect(Clone),"[0.000,0.000,0.000]","[0.000,0.000,0.000]","[0.000,0.000,0.000,1.000]",[],[],[],[]
14,NoteCutSoundEffect(Clone),"[0.000,0.000,0.000]","[0.000,0.000,0.000]","[0.000,0.000,0.000,1.000]",[],[],[],[]
14,NoteCutSoundEffect(Clone),"[0.000,0.000,0.000]","[0.000,0.000,0.000]","[0.000,0.000,0.000,1.000]",[],[],[],[]
14,NoteCutSoundEffect(Clone),"[0.000,0.000,0.000]","[0.000,0.000,0.000]","[0.000,0.000,0.000,1.000]",[],[],[],[]
14,NoteCutSoundEffect(Clone),"[0.000,0.000,0.000]","[0.000,0.000,0.000]","[0.000,0.000,0.000,1.000]",[],[],[],[]
14,NoteCutSoundEffect(Clone),"[0.000,0.000,0.000]","[0.000,0.000,0.000]","[0.000,0.000,0.000,1.000]",[],[],[],[]
14,NoteCutSoundEffect(Clone),"[0.000,0.000,0.000]","[0.000,0.000,0.000]","[0.000,0.000,0.000,1.000]",[],[],[],[]
14,NoteCutSoundEffect(Clone),"[0.000,0.000,0.000]","[0.000,0.000,0.000]","[0.000,0.000,0.000,1.000]",[],[],[],[]
14,NoteCutSoundEffect(Clone),"[0.000,0.000,0.000]","[0.000,0.000,0.000]","[0.000,0.000,0.000,1.000]",[],[],[],[]
14,NoteCutSoundEffect(Clone),"[0.000,0.000,0.000]","[0.000,0.000,0.000]","[0.000,0.000,0.000,1.000]",[],[],[],[]
14,NoteCutSoundEffect(Clone),"[0.000,0.000,0.000]","[0.000,0.000,0.000]","[0.000,0.000,0.000,1.000]",[],[],[],[]
14,NoteCutSoundEffect(Clone),"[0.000,0.000,0.000]","[0.000,0.000,0.000]","[0.000,0.000,0.000,1.000]",[],[],[],[]
14,NoteCutSoundEffect(Clone),"[0.000,0.000,0.000]","[0.000,0.000,0.000]","[0.000,0.000,0.000,1.000]",[],[],[],[]
14,NoteCutSoundEffect(Clone),"[0.000,0.000,0.000]","[0.000,0.000,0.000]","[0.000,0.000,0.000,1.000]",[],[],[],[]
14,NoteCutSoundEffect(Clone),"[0.000,0.000,0.000]","[0.000,0.000,0.000]","[0.000,0.000,0.000,1.000]",[],[],[],[]
14,BeatEffect(Clone)/Light,"[-0.300,0.100,15.147]","[0.000,0.000,0.000]","[0.000,0.000,0.000,1.000]",[],[],[],[]
14,BeatEffect(Clone)/SpriteV,"[-0.300,0.129,15.147]","[0.000,0.000,0.000]","[0.000,0.000,0.000,1.000]","[-0.300,11.067,15.147]","[0.000,21.875,0.200]",[],[]
14,BeatEffect(Clone),"[-0.300,0.100,15.147]","[0.000,0.000,0.000]","[0.000,0.000,0.000,1.000]",[],[],[],[]
14,BeatEffect(Clone)/Light,"[17.000,0.020,7.750]","[90.000,0.000,0.000]","[0.707,0.000,0.000,0.707]",[],[],[],[]
14,BeatEffect(Clone)/SpriteV,"[17.000,0.020,7.779]","[90.000,0.000,0.000]","[0.707,0.000,0.000,0.707]","[17.000,0.020,9.420]","[0.219,0.200,3.281]",[],[]
14,BeatEffect(Clone),"[17.000,0.020,7.750]","[90.000,0.000,0.000]","[0.707,0.000,0.000,0.707]",[],[],[],[]
14,BeatEffect(Clone)/Light,"[17.000,0.020,7.750]","[90.000,0.000,0.000]","[0.707,0.000,0.000,0.707]",[],[],[],[]
14,BeatEffect(Clone)/SpriteV,"[17.000,0.020,7.779]","[90.000,0.000,0.000]","[0.707,0.000,0.000,0.707]","[17.000,0.020,9.420]","[0.219,0.200,3.281]",[],[]
14,BeatEffect(Clone),"[17.000,0.020,7.750]","[90.000,0.000,0.000]","[0.707,0.000,0.000,0.707]",[],[],[],[]
14,BeatEffect(Clone)/Light,"[17.000,0.020,7.750]","[90.000,0.000,0.000]","[0.707,0.000,0.000,0.707]",[],[],[],[]
14,BeatEffect(Clone)/SpriteV,"[17.000,0.020,7.779]","[90.000,0.000,0.000]","[0.707,0.000,0.000,0.707]","[17.000,0.020,9.420]","[0.219,0.200,3.281]",[],[]
14,BeatEffect(Clone),"[17.000,0.020,7.750]","[90.000,0.000,0.000]","[0.707,0.000,0.000,0.707]",[],[],[],[]
14,BeatEffect(Clone)/Light,"[17.000,0.020,7.750]","[90.000,0.000,0.000]","[0.707,0.000,0.000,0.707]",[],[],[],[]
14,BeatEffect(Clone)/SpriteV,"[17.000,0.020,7.779]","[90.000,0.000,0.000]","[0.707,0.000,0.000,0.707]","[17.000,0.020,9.420]","[0.219,0.200,3.281]",[],[]
14,BeatEffect(Clone),"[17.000,0.020,7.750]","[90.000,0.000,0.000]","[0.707,0.000,0.000,0.707]",[],[],[],[]
14,BeatEffect(Clone)/Light,"[17.000,0.020,7.750]","[90.000,0.000,0.000]","[0.707,0.000,0.000,0.707]",[],[],[],[]
14,BeatEffect(Clone)/SpriteV,"[17.000,0.020,7.779]","[90.000,0.000,0.000]","[0.707,0.000,0.000,0.707]","[17.000,0.020,9.420]","[0.219,0.200,3.281]",[],[]
14,BeatEffect(Clone),"[17.000,0.020,7.750]","[90.000,0.000,0.000]","[0.707,0.000,0.000,0.707]",[],[],[],[]
14,BeatEffect(Clone)/Light,"[17.000,0.020,7.750]","[90.000,0.000,0.000]","[0.707,0.000,0.000,0.707]",[],[],[],[]
14,BeatEffect(Clone)/SpriteV,"[17.000,0.020,7.779]","[90.000,0.000,0.000]","[0.707,0.000,0.000,0.707]","[17.000,0.020,9.420]","[0.219,0.200,3.281]",[],[]
14,BeatEffect(Clone),"[17.000,0.020,7.750]","[90.000,0.000,0.000]","[0.707,0.000,0.000,0.707]",[],[],[],[]
14,BeatEffect(Clone)/Light,"[17.000,0.020,7.750]","[90.000,0.000,0.000]","[0.707,0.000,0.000,0.707]",[],[],[],[]
14,BeatEffect(Clone)/SpriteV,"[17.000,0.020,7.779]","[90.000,0.000,0.000]","[0.707,0.000,0.000,0.707]","[17.000,0.020,9.420]","[0.219,0.200,3.281]",[],[]
14,BeatEffect(Clone),"[17.000,0.020,7.750]","[90.000,0.000,0.000]","[0.707,0.000,0.000,0.707]",[],[],[],[]
14,BeatEffect(Clone)/Light,"[17.000,0.020,7.750]","[90.000,0.000,0.000]","[0.707,0.000,0.000,0.707]",[],[],[],[]
14,BeatEffect(Clone)/SpriteV,"[17.000,0.020,7.779]","[90.000,0.000,0.000]","[0.707,0.000,0.000,0.707]","[17.000,0.020,9.420]","[0.219,0.200,3.281]",[],[]
14,BeatEffect(Clone),"[17.000,0.020,7.750]","[90.000,0.000,0.000]","[0.707,0.000,0.000,0.707]",[],[],[],[]
14,BeatEffect(Clone)/Light,"[17.000,0.020,7.750]","[90.000,0.000,0.000]","[0.707,0.000,0.000,0.707]",[],[],[],[]
14,BeatEffect(Clone)/SpriteV,"[17.000,0.020,7.779]","[90.000,0.000,0.000]","[0.707,0.000,0.000,0.707]","[17.000,0.020,9.420]","[0.219,0.200,3.281]",[],[]
14,BeatEffect(Clone),"[17.000,0.020,7.750]","[90.000,0.000,0.000]","[0.707,0.000,0.000,0.707]",[],[],[],[]
14,BeatEffect(Clone)/Light,"[17.000,0.020,7.750]","[90.000,0.000,0.000]","[0.707,0.000,0.000,0.707]",[],[],[],[]
14,BeatEffect(Clone)/SpriteV,"[17.000,0.020,7.779]","[90.000,0.000,0.000]","[0.707,0.000,0.000,0.707]","[17.000,0.020,9.420]","[0.219,0.200,3.281]",[],[]
14,BeatEffect(Clone),"[17.000,0.020,7.750]","[90.000,0.000,0.000]","[0.707,0.000,0.000,0.707]",[],[],[],[]
14,BeatEffect(Clone)/Light,"[17.000,0.020,7.750]","[90.000,0.000,0.000]","[0.707,0.000,0.000,0.707]",[],[],[],[]
14,BeatEffect(Clone)/SpriteV,"[17.000,0.020,7.779]","[90.000,0.000,0.000]","[0.707,0.000,0.000,0.707]","[17.000,0.020,9.420]","[0.219,0.200,3.281]",[],[]
14,BeatEffect(Clone),"[17.000,0.020,7.750]","[90.000,0.000,0.000]","[0.707,0.000,0.000,0.707]",[],[],[],[]
14,BeatEffect(Clone)/Light,"[17.000,0.020,7.750]","[90.000,0.000,0.000]","[0.707,0.000,0.000,0.707]",[],[],[],[]
14,BeatEffect(Clone)/SpriteV,"[17.000,0.020,7.779]","[90.000,0.000,0.000]","[0.707,0.000,0.000,0.707]","[17.000,0.020,9.420]","[0.219,0.200,3.281]",[],[]
14,BeatEffect(Clone),"[17.000,0.020,7.750]","[90.000,0.000,0.000]","[0.707,0.000,0.000,0.707]",[],[],[],[]
14,BeatEffect(Clone)/Light,"[17.000,0.020,7.750]","[90.000,0.000,0.000]","[0.707,0.000,0.000,0.707]",[],[],[],[]
14,BeatEffect(Clone)/SpriteV,"[17.000,0.020,7.779]","[90.000,0.000,0.000]","[0.707,0.000,0.000,0.707]","[17.000,0.020,9.420]","[0.219,0.200,3.281]",[],[]
14,BeatEffect(Clone),"[17.000,0.020,7.750]","[90.000,0.000,0.000]","[0.707,0.000,0.000,0.707]",[],[],[],[]
14,BeatEffect(Clone)/Light,"[17.000,0.020,7.750]","[90.000,0.000,0.000]","[0.707,0.000,0.000,0.707]",[],[],[],[]
14,BeatEffect(Clone)/SpriteV,"[17.000,0.020,7.779]","[90.000,0.000,0.000]","[0.707,0.000,0.000,0.707]","[17.000,0.020,9.420]","[0.219,0.200,3.281]",[],[]
14,BeatEffect(Clone),"[17.000,0.020,7.750]","[90.000,0.000,0.000]","[0.707,0.000,0.000,0.707]",[],[],[],[]
14,BeatEffect(Clone)/Light,"[17.000,0.020,7.750]","[90.000,0.000,0.000]","[0.707,0.000,0.000,0.707]",[],[],[],[]
14,BeatEffect(Clone)/SpriteV,"[17.000,0.020,7.779]","[90.000,0.000,0.000]","[0.707,0.000,0.000,0.707]","[17.000,0.020,9.420]","[0.219,0.200,3.281]",[],[]
14,BeatEffect(Clone),"[17.000,0.020,7.750]","[90.000,0.000,0.000]","[0.707,0.000,0.000,0.707]",[],[],[],[]
14,BeatEffect(Clone)/Light,"[17.000,0.020,7.750]","[90.000,0.000,0.000]","[0.707,0.000,0.000,0.707]",[],[],[],[]
14,BeatEffect(Clone)/SpriteV,"[17.000,0.020,7.779]","[90.000,0.000,0.000]","[0.707,0.000,0.000,0.707]","[17.000,0.020,9.420]","[0.219,0.200,3.281]",[],[]
14,BeatEffect(Clone),"[17.000,0.020,7.750]","[90.000,0.000,0.000]","[0.707,0.000,0.000,0.707]",[],[],[],[]
14,BeatEffect(Clone)/Light,"[17.000,0.020,7.750]","[90.000,0.000,0.000]","[0.707,0.000,0.000,0.707]",[],[],[],[]
14,BeatEffect(Clone)/SpriteV,"[17.000,0.020,7.779]","[90.000,0.000,0.000]","[0.707,0.000,0.000,0.707]","[17.000,0.020,9.420]","[0.219,0.200,3.281]",[],[]
14,BeatEffect(Clone),"[17.000,0.020,7.750]","[90.000,0.000,0.000]","[0.707,0.000,0.000,0.707]",[],[],[],[]
14,BeatEffect(Clone)/Light,"[17.000,0.020,7.750]","[90.000,0.000,0.000]","[0.707,0.000,0.000,0.707]",[],[],[],[]
14,BeatEffect(Clone)/SpriteV,"[17.000,0.020,7.779]","[90.000,0.000,0.000]","[0.707,0.000,0.000,0.707]","[17.000,0.020,9.420]","[0.219,0.200,3.281]",[],[]
14,BeatEffect(Clone),"[17.000,0.020,7.750]","[90.000,0.000,0.000]","[0.707,0.000,0.000,0.707]",[],[],[],[]
14,BeatEffect(Clone)/Light,"[17.000,0.020,7.750]","[90.000,0.000,0.000]","[0.707,0.000,0.000,0.707]",[],[],[],[]
14,BeatEffect(Clone)/SpriteV,"[17.000,0.020,7.779]","[90.000,0.000,0.000]","[0.707,0.000,0.000,0.707]","[17.000,0.020,9.420]","[0.219,0.200,3.281]",[],[]
14,BeatEffect(Clone),"[17.000,0.020,7.750]","[90.000,0.000,0.000]","[0.707,0.000,0.000,0.707]",[],[],[],[]
14,BeatEffect(Clone)/Light,"[17.000,0.020,7.750]","[90.000,0.000,0.000]","[0.707,0.000,0.000,0.707]",[],[],[],[]
14,BeatEffect(Clone)/SpriteV,"[17.000,0.020,7.779]","[90.000,0.000,0.000]","[0.707,0.000,0.000,0.707]","[17.000,0.020,9.420]","[0.219,0.200,3.281]",[],[]
14,BeatEffect(Clone),"[17.000,0.020,7.750]","[90.000,0.000,0.000]","[0.707,0.000,0.000,0.707]",[],[],[],[]
14,BeatEffect(Clone)/Light,"[17.000,0.020,7.750]","[90.000,0.000,0.000]","[0.707,0.000,0.000,0.707]",[],[],[],[]
14,BeatEffect(Clone)/SpriteV,"[17.000,0.020,7.779]","[90.000,0.000,0.000]","[0.707,0.000,0.000,0.707]","[17.000,0.020,9.420]","[0.219,0.200,3.281]",[],[]
14,BeatEffect(Clone),"[17.000,0.020,7.750]","[90.000,0.000,0.000]","[0.707,0.000,0.000,0.707]",[],[],[],[]
14,BeatEffect(Clone)/Light,"[17.000,0.020,7.750]","[90.000,0.000,0.000]","[0.707,0.000,0.000,0.707]",[],[],[],[]
14,BeatEffect(Clone)/SpriteV,"[17.000,0.020,7.779]","[90.000,0.000,0.000]","[0.707,0.000,0.000,0.707]","[17.000,0.020,9.420]","[0.219,0.200,3.281]",[],[]
14,BeatEffect(Clone),"[17.000,0.020,7.750]","[90.000,0.000,0.000]","[0.707,0.000,0.000,0.707]",[],[],[],[]
14,BeatEffect(Clone)/Light,"[17.000,0.020,7.750]","[90.000,0.000,0.000]","[0.707,0.000,0.000,0.707]",[],[],[],[]
14,BeatEffect(Clone)/SpriteV,"[17.000,0.020,7.779]","[90.000,0.000,0.000]","[0.707,0.000,0.000,0.707]","[17.000,0.020,9.420]","[0.219,0.200,3.281]",[],[]
14,BeatEffect(Clone),"[17.000,0.020,7.750]","[90.000,0.000,0.000]","[0.707,0.000,0.000,0.707]",[],[],[],[]
14,FlyingSpriteEffect(Clone),"[0.000,0.590,2.327]","[0.000,0.000,0.000]","[0.000,0.000,0.000,1.000]","[0.000,0.590,2.327]","[1.280,1.280,0.200]",[],[]
14,FlyingSpriteEffect(Clone),"[0.000,0.590,2.327]","[0.000,0.000,0.000]","[0.000,0.000,0.000,1.000]","[0.000,0.590,2.327]","[1.280,1.280,0.200]",[],[]
14,FlyingSpriteEffect(Clone),"[0.000,0.590,2.327]","[0.000,0.000,0.000]","[0.000,0.000,0.000,1.000]","[0.000,0.590,2.327]","[1.280,1.280,0.200]",[],[]
14,FlyingSpriteEffect(Clone),"[0.000,0.590,2.327]","[0.000,0.000,0.000]","[0.000,0.000,0.000,1.000]","[0.000,0.590,2.327]","[1.280,1.280,0.200]",[],[]
14,FlyingSpriteEffect(Clone),"[0.000,0.590,2.327]","[0.000,0.000,0.000]","[0.000,0.000,0.000,1.000]","[0.000,0.590,2.327]","[1.280,1.280,0.200]",[],[]
14,FlyingSpriteEffect(Clone),"[0.000,0.590,2.327]","[0.000,0.000,0.000]","[0.000,0.000,0.000,1.000]","[0.000,0.590,2.327]","[1.280,1.280,0.200]",[],[]
14,FlyingSpriteEffect(Clone),"[0.000,0.590,2.327]","[0.000,0.000,0.000]","[0.000,0.000,0.000,1.000]","[0.000,0.590,2.327]","[1.280,1.280,0.200]",[],[]
14,FlyingSpriteEffect(Clone),"[0.000,0.590,2.327]","[0.000,0.000,0.000]","[0.000,0.000,0.000,1.000]","[0.000,0.590,2.327]","[1.280,1.280,0.200]",[],[]
14,FlyingSpriteEffect(Clone),"[0.000,0.590,2.327]","[0.000,0.000,0.000]","[0.000,0.000,0.000,1.000]","[0.000,0.590,2.327]","[1.280,1.280,0.200]",[],[]
14,FlyingSpriteEffect(Clone),"[0.000,0.590,2.327]","[0.000,0.000,0.000]","[0.000,0.000,0.000,1.000]","[0.000,0.590,2.327]","[1.280,1.280,0.200]",[],[]
14,FlyingSpriteEffect(Clone),"[0.000,0.590,2.327]","[0.000,0.000,0.000]","[0.000,0.000,0.000,1.000]","[0.000,0.590,2.327]","[1.280,1.280,0.200]",[],[]
14,FlyingSpriteEffect(Clone),"[0.000,0.590,2.327]","[0.000,0.000,0.000]","[0.000,0.000,0.000,1.000]","[0.000,0.590,2.327]","[1.280,1.280,0.200]",[],[]
14,FlyingSpriteEffect(Clone),"[0.000,0.590,2.327]","[0.000,0.000,0.000]","[0.000,0.000,0.000,1.000]","[0.000,0.590,2.327]","[1.280,1.280,0.200]",[],[]
14,FlyingSpriteEffect(Clone),"[0.000,0.590,2.327]","[0.000,0.000,0.000]","[0.000,0.000,0.000,1.000]","[0.000,0.590,2.327]","[1.280,1.280,0.200]",[],[]
14,FlyingSpriteEffect(Clone),"[0.000,0.590,2.327]","[0.000,0.000,0.000]","[0.000,0.000,0.000,1.000]","[0.000,0.590,2.327]","[1.280,1.280,0.200]",[],[]
14,FlyingSpriteEffect(Clone),"[0.000,0.590,2.327]","[0.000,0.000,0.000]","[0.000,0.000,0.000,1.000]","[0.000,0.590,2.327]","[1.280,1.280,0.200]",[],[]
14,FlyingSpriteEffect(Clone),"[0.000,0.590,2.327]","[0.000,0.000,0.000]","[0.000,0.000,0.000,1.000]","[0.000,0.590,2.327]","[1.280,1.280,0.200]",[],[]
14,FlyingSpriteEffect(Clone),"[0.000,0.590,2.327]","[0.000,0.000,0.000]","[0.000,0.000,0.000,1.000]","[0.000,0.590,2.327]","[1.280,1.280,0.200]",[],[]
14,FlyingSpriteEffect(Clone),"[0.000,0.590,2.327]","[0.000,0.000,0.000]","[0.000,0.000,0.000,1.000]","[0.000,0.590,2.327]","[1.280,1.280,0.200]",[],[]
14,FlyingSpriteEffect(Clone),"[0.000,0.590,2.327]","[0.000,0.000,0.000]","[0.000,0.000,0.000,1.000]","[0.000,0.590,2.327]","[1.280,1.280,0.200]",[],[]
14,FlyingSpriteEffect(Clone),"[0.000,0.590,2.327]","[0.000,0.000,0.000]","[0.000,0.000,0.000,1.000]","[0.000,0.590,2.327]","[1.280,1.280,0.200]",[],[]
14,FlyingSpriteEffect(Clone),"[0.000,0.590,2.327]","[0.000,0.000,0.000]","[0.000,0.000,0.000,1.000]","[0.000,0.590,2.327]","[1.280,1.280,0.200]",[],[]
14,FlyingSpriteEffect(Clone),"[0.000,0.590,2.327]","[0.000,0.000,0.000]","[0.000,0.000,0.000,1.000]","[0.000,0.590,2.327]","[1.280,1.280,0.200]",[],[]
14,FlyingSpriteEffect(Clone),"[0.000,0.590,2.327]","[0.000,0.000,0.000]","[0.000,0.000,0.000,1.000]","[0.000,0.590,2.327]","[1.280,1.280,0.200]",[],[]
14,FlyingScoreEffect(Clone)/Line,"[0.000,-0.298,6.532]","[0.000,0.000,0.000]","[0.000,0.000,0.000,1.000]","[0.000,-0.298,6.532]","[0.320,0.040,0.200]",[],[]
14,FlyingScoreEffect(Clone)/Text,"[-0.010,-0.148,6.532]","[0.000,0.000,0.000]","[0.000,0.000,0.000,1.000]","[-0.010,-0.148,6.532]","[0.000,0.000,0.000]",[],[]
14,FlyingScoreEffect(Clone),"[0.000,-0.148,6.532]","[0.000,0.000,0.000]","[0.000,0.000,0.000,1.000]",[],[],[],[]
14,FlyingScoreEffect(Clone)/Line,"[0.000,-0.298,6.532]","[0.000,0.000,0.000]","[0.000,0.000,0.000,1.000]","[0.000,-0.298,6.532]","[0.320,0.040,0.200]",[],[]
14,FlyingScoreEffect(Clone)/Text,"[-0.010,-0.148,6.532]","[0.000,0.000,0.000]","[0.000,0.000,0.000,1.000]","[-0.010,-0.148,6.532]","[0.000,0.000,0.000]",[],[]
14,FlyingScoreEffect(Clone),"[0.000,-0.148,6.532]","[0.000,0.000,0.000]","[0.000,0.000,0.000,1.000]",[],[],[],[]
14,FlyingScoreEffect(Clone)/Line,"[0.000,-0.298,6.532]","[0.000,0.000,0.000]","[0.000,0.000,0.000,1.000]","[0.000,-0.298,6.532]","[0.320,0.040,0.200]",[],[]
14,FlyingScoreEffect(Clone)/Text,"[-0.010,-0.148,6.532]","[0.000,0.000,0.000]","[0.000,0.000,0.000,1.000]","[-0.010,-0.148,6.532]","[0.000,0.000,0.000]",[],[]
14,FlyingScoreEffect(Clone),"[0.000,-0.148,6.532]","[0.000,0.000,0.000]","[0.000,0.000,0.000,1.000]",[],[],[],[]
14,FlyingScoreEffect(Clone)/Line,"[0.000,-0.298,6.532]","[0.000,0.000,0.000]","[0.000,0.000,0.000,1.000]","[0.000,-0.298,6.532]","[0.320,0.040,0.200]",[],[]
14,FlyingScoreEffect(Clone)/Text,"[-0.010,-0.148,6.532]","[0.000,0.000,0.000]","[0.000,0.000,0.000,1.000]","[-0.010,-0.148,6.532]","[0.000,0.000,0.000]",[],[]
14,FlyingScoreEffect(Clone),"[0.000,-0.148,6.532]","[0.000,0.000,0.000]","[0.000,0.000,0.000,1.000]",[],[],[],[]
14,FlyingScoreEffect(Clone)/Line,"[0.000,-0.298,6.532]","[0.000,0.000,0.000]","[0.000,0.000,0.000,1.000]","[0.000,-0.298,6.532]","[0.320,0.040,0.200]",[],[]
14,FlyingScoreEffect(Clone)/Text,"[-0.010,-0.148,6.532]","[0.000,0.000,0.000]","[0.000,0.000,0.000,1.000]","[-0.010,-0.148,6.532]","[0.000,0.000,0.000]",[],[]
14,FlyingScoreEffect(Clone),"[0.000,-0.148,6.532]","[0.000,0.000,0.000]","[0.000,0.000,0.000,1.000]",[],[],[],[]
14,FlyingScoreEffect(Clone)/Line,"[0.000,-0.298,6.532]","[0.000,0.000,0.000]","[0.000,0.000,0.000,1.000]","[0.000,-0.298,6.532]","[0.320,0.040,0.200]",[],[]
14,FlyingScoreEffect(Clone)/Text,"[-0.010,-0.148,6.532]","[0.000,0.000,0.000]","[0.000,0.000,0.000,1.000]","[-0.010,-0.148,6.532]","[0.000,0.000,0.000]",[],[]
14,FlyingScoreEffect(Clone),"[0.000,-0.148,6.532]","[0.000,0.000,0.000]","[0.000,0.000,0.000,1.000]",[],[],[],[]
14,FlyingScoreEffect(Clone)/Line,"[0.000,-0.298,6.532]","[0.000,0.000,0.000]","[0.000,0.000,0.000,1.000]","[0.000,-0.298,6.532]","[0.320,0.040,0.200]",[],[]
14,FlyingScoreEffect(Clone)/Text,"[-0.010,-0.148,6.532]","[0.000,0.000,0.000]","[0.000,0.000,0.000,1.000]","[-0.010,-0.148,6.532]","[0.000,0.000,0.000]",[],[]
14,FlyingScoreEffect(Clone),"[0.000,-0.148,6.532]","[0.000,0.000,0.000]","[0.000,0.000,0.000,1.000]",[],[],[],[]
14,FlyingScoreEffect(Clone)/Line,"[0.000,-0.298,6.532]","[0.000,0.000,0.000]","[0.000,0.000,0.000,1.000]","[0.000,-0.298,6.532]","[0.320,0.040,0.200]",[],[]
14,FlyingScoreEffect(Clone)/Text,"[-0.010,-0.148,6.532]","[0.000,0.000,0.000]","[0.000,0.000,0.000,1.000]","[-0.010,-0.148,6.532]","[0.000,0.000,0.000]",[],[]
14,FlyingScoreEffect(Clone),"[0.000,-0.148,6.532]","[0.000,0.000,0.000]","[0.000,0.000,0.000,1.000]",[],[],[],[]
14,FlyingScoreEffect(Clone)/Line,"[0.000,-0.298,6.532]","[0.000,0.000,0.000]","[0.000,0.000,0.000,1.000]","[0.000,-0.298,6.532]","[0.320,0.040,0.200]",[],[]
14,FlyingScoreEffect(Clone)/Text,"[-0.010,-0.148,6.532]","[0.000,0.000,0.000]","[0.000,0.000,0.000,1.000]","[-0.010,-0.148,6.532]","[0.000,0.000,0.000]",[],[]
14,FlyingScoreEffect(Clone),"[0.000,-0.148,6.532]","[0.000,0.000,0.000]","[0.000,0.000,0.000,1.000]",[],[],[],[]
14,FlyingScoreEffect(Clone)/Line,"[0.000,-0.298,6.532]","[0.000,0.000,0.000]","[0.000,0.000,0.000,1.000]","[0.000,-0.298,6.532]","[0.320,0.040,0.200]",[],[]
14,FlyingScoreEffect(Clone)/Text,"[-0.010,-0.148,6.532]","[0.000,0.000,0.000]","[0.000,0.000,0.000,1.000]","[-0.010,-0.148,6.532]","[0.000,0.000,0.000]",[],[]
14,FlyingScoreEffect(Clone),"[0.000,-0.148,6.532]","[0.000,0.000,0.000]","[0.000,0.000,0.000,1.000]",[],[],[],[]
14,FlyingScoreEffect(Clone)/Line,"[0.000,-0.298,6.532]","[0.000,0.000,0.000]","[0.000,0.000,0.000,1.000]","[0.000,-0.298,6.532]","[0.320,0.040,0.200]",[],[]
14,FlyingScoreEffect(Clone)/Text,"[-0.010,-0.148,6.532]","[0.000,0.000,0.000]","[0.000,0.000,0.000,1.000]","[-0.010,-0.148,6.532]","[0.000,0.000,0.000]",[],[]
14,FlyingScoreEffect(Clone),"[0.000,-0.148,6.532]","[0.000,0.000,0.000]","[0.000,0.000,0.000,1.000]",[],[],[],[]
14,FlyingScoreEffect(Clone)/Line,"[0.000,-0.298,6.532]","[0.000,0.000,0.000]","[0.000,0.000,0.000,1.000]","[0.000,-0.298,6.532]","[0.320,0.040,0.200]",[],[]
14,FlyingScoreEffect(Clone)/Text,"[-0.010,-0.148,6.532]","[0.000,0.000,0.000]","[0.000,0.000,0.000,1.000]","[-0.010,-0.148,6.532]","[0.000,0.000,0.000]",[],[]
14,FlyingScoreEffect(Clone),"[0.000,-0.148,6.532]","[0.000,0.000,0.000]","[0.000,0.000,0.000,1.000]",[],[],[],[]
14,FlyingScoreEffect(Clone)/Line,"[0.000,-0.298,6.532]","[0.000,0.000,0.000]","[0.000,0.000,0.000,1.000]","[0.000,-0.298,6.532]","[0.320,0.040,0.200]",[],[]
14,FlyingScoreEffect(Clone)/Text,"[-0.010,-0.148,6.532]","[0.000,0.000,0.000]","[0.000,0.000,0.000,1.000]","[-0.010,-0.148,6.532]","[0.000,0.000,0.000]",[],[]
14,FlyingScoreEffect(Clone),"[0.000,-0.148,6.532]","[0.000,0.000,0.000]","[0.000,0.000,0.000,1.000]",[],[],[],[]
14,FlyingScoreEffect(Clone)/Line,"[0.000,-0.298,6.532]","[0.000,0.000,0.000]","[0.000,0.000,0.000,1.000]","[0.000,-0.298,6.532]","[0.320,0.040,0.200]",[],[]
14,FlyingScoreEffect(Clone)/Text,"[-0.010,-0.148,6.532]","[0.000,0.000,0.000]","[0.000,0.000,0.000,1.000]","[-0.010,-0.148,6.532]","[0.000,0.000,0.000]",[],[]
14,FlyingScoreEffect(Clone),"[0.000,-0.148,6.532]","[0.000,0.000,0.000]","[0.000,0.000,0.000,1.000]",[],[],[],[]
14,FlyingScoreEffect(Clone)/Line,"[0.000,-0.298,6.532]","[0.000,0.000,0.000]","[0.000,0.000,0.000,1.000]","[0.000,-0.298,6.532]","[0.320,0.040,0.200]",[],[]
14,FlyingScoreEffect(Clone)/Text,"[-0.010,-0.148,6.532]","[0.000,0.000,0.000]","[0.000,0.000,0.000,1.000]","[-0.010,-0.148,6.532]","[0.000,0.000,0.000]",[],[]
14,FlyingScoreEffect(Clone),"[0.000,-0.148,6.532]","[0.000,0.000,0.000]","[0.000,0.000,0.000,1.000]",[],[],[],[]
14,FlyingScoreEffect(Clone)/Line,"[0.000,-0.298,6.532]","[0.000,0.000,0.000]","[0.000,0.000,0.000,1.000]","[0.000,-0.298,6.532]","[0.320,0.040,0.200]",[],[]
14,FlyingScoreEffect(Clone)/Text,"[-0.010,-0.148,6.532]","[0.000,0.000,0.000]","[0.000,0.000,0.000,1.000]","[-0.010,-0.148,6.532]","[0.000,0.000,0.000]",[],[]
14,FlyingScoreEffect(Clone),"[0.000,-0.148,6.532]","[0.000,0.000,0.000]","[0.000,0.000,0.000,1.000]",[],[],[],[]
14,FlyingScoreEffect(Clone)/Line,"[0.000,-0.298,6.532]","[0.000,0.000,0.000]","[0.000,0.000,0.000,1.000]","[0.000,-0.298,6.532]","[0.320,0.040,0.200]",[],[]
14,FlyingScoreEffect(Clone)/Text,"[-0.010,-0.148,6.532]","[0.000,0.000,0.000]","[0.000,0.000,0.000,1.000]","[-0.010,-0.148,6.532]","[0.000,0.000,0.000]",[],[]
14,FlyingScoreEffect(Clone),"[0.000,-0.148,6.532]","[0.000,0.000,0.000]","[0.000,0.000,0.000,1.000]",[],[],[],[]
14,FlyingScoreEffect(Clone)/Line,"[0.000,-0.298,6.532]","[0.000,0.000,0.000]","[0.000,0.000,0.000,1.000]","[0.000,-0.298,6.532]","[0.320,0.040,0.200]",[],[]
14,FlyingScoreEffect(Clone)/Text,"[-0.010,-0.148,6.532]","[0.000,0.000,0.000]","[0.000,0.000,0.000,1.000]","[-0.010,-0.148,6.532]","[0.000,0.000,0.000]",[],[]
14,FlyingScoreEffect(Clone),"[0.000,-0.148,6.532]","[0.000,0.000,0.000]","[0.000,0.000,0.000,1.000]",[],[],[],[]
14,FlyingScoreEffect(Clone)/Line,"[0.000,-0.298,6.532]","[0.000,0.000,0.000]","[0.000,0.000,0.000,1.000]","[0.000,-0.298,6.532]","[0.320,0.040,0.200]",[],[]
14,FlyingScoreEffect(Clone)/Text,"[-0.010,-0.148,6.532]","[0.000,0.000,0.000]","[0.000,0.000,0.000,1.000]","[-0.010,-0.148,6.532]","[0.000,0.000,0.000]",[],[]
14,FlyingScoreEffect(Clone),"[0.000,-0.148,6.532]","[0.000,0.000,0.000]","[0.000,0.000,0.000,1.000]",[],[],[],[]
14,FlyingScoreEffect(Clone)/Line,"[0.000,-0.298,6.532]","[0.000,0.000,0.000]","[0.000,0.000,0.000,1.000]","[0.000,-0.298,6.532]","[0.320,0.040,0.200]",[],[]
14,FlyingScoreEffect(Clone)/Text,"[-0.010,-0.148,6.532]","[0.000,0.000,0.000]","[0.000,0.000,0.000,1.000]","[-0.010,-0.148,6.532]","[0.000,0.000,0.000]",[],[]
14,FlyingScoreEffect(Clone),"[0.000,-0.148,6.532]","[0.000,0.000,0.000]","[0.000,0.000,0.000,1.000]",[],[],[],[]
14,FlyingScoreEffect(Clone)/Line,"[0.000,-0.298,6.532]","[0.000,0.000,0.000]","[0.000,0.000,0.000,1.000]","[0.000,-0.298,6.532]","[0.320,0.040,0.200]",[],[]
14,FlyingScoreEffect(Clone)/Text,"[-0.010,-0.148,6.532]","[0.000,0.000,0.000]","[0.000,0.000,0.000,1.000]","[-0.010,-0.148,6.532]","[0.000,0.000,0.000]",[],[]
14,FlyingScoreEffect(Clone),"[0.000,-0.148,6.532]","[0.000,0.000,0.000]","[0.000,0.000,0.000,1.000]",[],[],[],[]
14,FlyingScoreEffect(Clone)/Line,"[0.000,-0.298,6.532]","[0.000,0.000,0.000]","[0.000,0.000,0.000,1.000]","[0.000,-0.298,6.532]","[0.320,0.040,0.200]",[],[]
14,FlyingScoreEffect(Clone)/Text,"[-0.010,-0.148,6.532]","[0.000,0.000,0.000]","[0.000,0.000,0.000,1.000]","[-0.010,-0.148,6.532]","[0.000,0.000,0.000]",[],[]
14,FlyingScoreEffect(Clone),"[0.000,-0.148,6.532]","[0.000,0.000,0.000]","[0.000,0.000,0.000,1.000]",[],[],[],[]
14,FlyingScoreEffect(Clone)/Line,"[0.000,-0.298,6.532]","[0.000,0.000,0.000]","[0.000,0.000,0.000,1.000]","[0.000,-0.298,6.532]","[0.320,0.040,0.200]",[],[]
14,FlyingScoreEffect(Clone)/Text,"[-0.010,-0.148,6.532]","[0.000,0.000,0.000]","[0.000,0.000,0.000,1.000]","[-0.010,-0.148,6.532]","[0.000,0.000,0.000]",[],[]
14,FlyingScoreEffect(Clone),"[0.000,-0.148,6.532]","[0.000,0.000,0.000]","[0.000,0.000,0.000,1.000]",[],[],[],[]
14,FlyingScoreEffect(Clone)/Line,"[0.000,-0.298,6.532]","[0.000,0.000,0.000]","[0.000,0.000,0.000,1.000]","[0.000,-0.298,6.532]","[0.320,0.040,0.200]",[],[]
14,FlyingScoreEffect(Clone)/Text,"[-0.010,-0.148,6.532]","[0.000,0.000,0.000]","[0.000,0.000,0.000,1.000]","[-0.010,-0.148,6.532]","[0.000,0.000,0.000]",[],[]
14,FlyingScoreEffect(Clone),"[0.000,-0.148,6.532]","[0.000,0.000,0.000]","[0.000,0.000,0.000,1.000]",[],[],[],[]
14,FlyingTextEffect(Clone)/Text,"[0.000,0.722,0.000]","[0.000,0.000,0.000]","[0.000,0.000,0.000,1.000]","[0.000,0.722,0.000]","[0.000,0.000,0.000]",[],[]
14,FlyingTextEffect(Clone),"[0.000,0.722,0.000]","[0.000,0.000,0.000]","[0.000,0.000,0.000,1.000]",[],[],[],[]
14,FlyingTextEffect(Clone)/Text,"[0.000,0.722,0.000]","[0.000,0.000,0.000]","[0.000,0.000,0.000,1.000]","[0.000,0.722,0.000]","[0.000,0.000,0.000]",[],[]
14,FlyingTextEffect(Clone),"[0.000,0.722,0.000]","[0.000,0.000,0.000]","[0.000,0.000,0.000,1.000]",[],[],[],[]
14,FlyingTextEffect(Clone)/Text,"[0.000,0.722,0.000]","[0.000,0.000,0.000]","[0.000,0.000,0.000,1.000]","[0.000,0.722,0.000]","[0.000,0.000,0.000]",[],[]
14,FlyingTextEffect(Clone),"[0.000,0.722,0.000]","[0.000,0.000,0.000]","[0.000,0.000,0.000,1.000]",[],[],[],[]
14,FlyingTextEffect(Clone)/Text,"[0.000,0.722,0.000]","[0.000,0.000,0.000]","[0.000,0.000,0.000,1.000]","[0.000,0.722,0.000]","[0.000,0.000,0.000]",[],[]
14,FlyingTextEffect(Clone),"[0.000,0.722,0.000]","[0.000,0.000,0.000]","[0.000,0.000,0.000,1.000]",[],[],[],[]
14,FlyingTextEffect(Clone)/Text,"[0.000,0.722,0.000]","[0.000,0.000,0.000]","[0.000,0.000,0.000,1.000]","[0.000,0.722,0.000]","[0.000,0.000,0.000]",[],[]
14,FlyingTextEffect(Clone),"[0.000,0.722,0.000]","[0.000,0.000,0.000]","[0.000,0.000,0.000,1.000]",[],[],[],[]
14,FlyingTextEffect(Clone)/Text,"[0.000,0.722,0.000]","[0.000,0.000,0.000]","[0.000,0.000,0.000,1.000]","[0.000,0.722,0.000]","[0.000,0.000,0.000]",[],[]
14,FlyingTextEffect(Clone),"[0.000,0.722,0.000]","[0.000,0.000,0.000]","[0.000,0.000,0.000,1.000]",[],[],[],[]
14,FlyingTextEffect(Clone)/Text,"[0.000,0.722,0.000]","[0.000,0.000,0.000]","[0.000,0.000,0.000,1.000]","[0.000,0.722,0.000]","[0.000,0.000,0.000]",[],[]
14,FlyingTextEffect(Clone),"[0.000,0.722,0.000]","[0.000,0.000,0.000]","[0.000,0.000,0.000,1.000]",[],[],[],[]
14,FlyingTextEffect(Clone)/Text,"[0.000,0.722,0.000]","[0.000,0.000,0.000]","[0.000,0.000,0.000,1.000]","[0.000,0.722,0.000]","[0.000,0.000,0.000]",[],[]
14,FlyingTextEffect(Clone),"[0.000,0.722,0.000]","[0.000,0.000,0.000]","[0.000,0.000,0.000,1.000]",[],[],[],[]
14,FlyingTextEffect(Clone)/Text,"[0.000,0.722,0.000]","[0.000,0.000,0.000]","[0.000,0.000,0.000,1.000]","[0.000,0.722,0.000]","[0.000,0.000,0.000]",[],[]
14,FlyingTextEffect(Clone),"[0.000,0.722,0.000]","[0.000,0.000,0.000]","[0.000,0.000,0.000,1.000]",[],[],[],[]
14,FlyingTextEffect(Clone)/Text,"[0.000,0.722,0.000]","[0.000,0.000,0.000]","[0.000,0.000,0.000,1.000]","[0.000,0.722,0.000]","[0.000,0.000,0.000]",[],[]
14,FlyingTextEffect(Clone),"[0.000,0.722,0.000]","[0.000,0.000,0.000]","[0.000,0.000,0.000,1.000]",[],[],[],[]
14,FlyingTextEffect(Clone)/Text,"[0.000,0.722,0.000]","[0.000,0.000,0.000]","[0.000,0.000,0.000,1.000]","[0.000,0.722,0.000]","[0.000,0.000,0.000]",[],[]
14,FlyingTextEffect(Clone),"[0.000,0.722,0.000]","[0.000,0.000,0.000]","[0.000,0.000,0.000,1.000]",[],[],[],[]
14,FlyingTextEffect(Clone)/Text,"[0.000,0.722,0.000]","[0.000,0.000,0.000]","[0.000,0.000,0.000,1.000]","[0.000,0.722,0.000]","[0.000,0.000,0.000]",[],[]
14,FlyingTextEffect(Clone),"[0.000,0.722,0.000]","[0.000,0.000,0.000]","[0.000,0.000,0.000,1.000]",[],[],[],[]
14,FlyingTextEffect(Clone)/Text,"[0.000,0.722,0.000]","[0.000,0.000,0.000]","[0.000,0.000,0.000,1.000]","[0.000,0.722,0.000]","[0.000,0.000,0.000]",[],[]
14,FlyingTextEffect(Clone),"[0.000,0.722,0.000]","[0.000,0.000,0.000]","[0.000,0.000,0.000,1.000]",[],[],[],[]
14,FlyingTextEffect(Clone)/Text,"[0.000,0.722,0.000]","[0.000,0.000,0.000]","[0.000,0.000,0.000,1.000]","[0.000,0.722,0.000]","[0.000,0.000,0.000]",[],[]
14,FlyingTextEffect(Clone),"[0.000,0.722,0.000]","[0.000,0.000,0.000]","[0.000,0.000,0.000,1.000]",[],[],[],[]
14,FlyingTextEffect(Clone)/Text,"[0.000,0.722,0.000]","[0.000,0.000,0.000]","[0.000,0.000,0.000,1.000]","[0.000,0.722,0.000]","[0.000,0.000,0.000]",[],[]
14,FlyingTextEffect(Clone),"[0.000,0.722,0.000]","[0.000,0.000,0.000]","[0.000,0.000,0.000,1.000]",[],[],[],[]
14,FlyingTextEffect(Clone)/Text,"[0.000,0.722,0.000]","[0.000,0.000,0.000]","[0.000,0.000,0.000,1.000]","[0.000,0.722,0.000]","[0.000,0.000,0.000]",[],[]
14,FlyingTextEffect(Clone),"[0.000,0.722,0.000]","[0.000,0.000,0.000]","[0.000,0.000,0.000,1.000]",[],[],[],[]
14,FlyingTextEffect(Clone)/Text,"[0.000,0.722,0.000]","[0.000,0.000,0.000]","[0.000,0.000,0.000,1.000]","[0.000,0.722,0.000]","[0.000,0.000,0.000]",[],[]
14,FlyingTextEffect(Clone),"[0.000,0.722,0.000]","[0.000,0.000,0.000]","[0.000,0.000,0.000,1.000]",[],[],[],[]
14,FlyingTextEffect(Clone)/Text,"[0.000,0.722,0.000]","[0.000,0.000,0.000]","[0.000,0.000,0.000,1.000]","[0.000,0.722,0.000]","[0.000,0.000,0.000]",[],[]
14,FlyingTextEffect(Clone),"[0.000,0.722,0.000]","[0.000,0.000,0.000]","[0.000,0.000,0.000,1.000]",[],[],[],[]
14,FlyingTextEffect(Clone)/Text,"[0.000,0.722,0.000]","[0.000,0.000,0.000]","[0.000,0.000,0.000,1.000]","[0.000,0.722,0.000]","[0.000,0.000,0.000]",[],[]
14,FlyingTextEffect(Clone),"[0.000,0.722,0.000]","[0.000,0.000,0.000]","[0.000,0.000,0.000,1.000]",[],[],[],[]
14,FlyingTextEffect(Clone)/Text,"[0.000,0.722,0.000]","[0.000,0.000,0.000]","[0.000,0.000,0.000,1.000]","[0.000,0.722,0.000]","[0.000,0.000,0.000]",[],[]
14,FlyingTextEffect(Clone),"[0.000,0.722,0.000]","[0.000,0.000,0.000]","[0.000,0.000,0.000,1.000]",[],[],[],[]
14,FlyingTextEffect(Clone)/Text,"[0.000,0.722,0.000]","[0.000,0.000,0.000]","[0.000,0.000,0.000,1.000]","[0.000,0.722,0.000]","[0.000,0.000,0.000]",[],[]
14,FlyingTextEffect(Clone),"[0.000,0.722,0.000]","[0.000,0.000,0.000]","[0.000,0.000,0.000,1.000]",[],[],[],[]
14,FlyingTextEffect(Clone)/Text,"[0.000,0.722,0.000]","[0.000,0.000,0.000]","[0.000,0.000,0.000,1.000]","[0.000,0.722,0.000]","[0.000,0.000,0.000]",[],[]
14,FlyingTextEffect(Clone),"[0.000,0.722,0.000]","[0.000,0.000,0.000]","[0.000,0.000,0.000,1.000]",[],[],[],[]
14,FlyingTextEffect(Clone)/Text,"[0.000,0.722,0.000]","[0.000,0.000,0.000]","[0.000,0.000,0.000,1.000]","[0.000,0.722,0.000]","[0.000,0.000,0.000]",[],[]
14,FlyingTextEffect(Clone),"[0.000,0.722,0.000]","[0.000,0.000,0.000]","[0.000,0.000,0.000,1.000]",[],[],[],[]
14,FlyingTextEffect(Clone)/Text,"[0.000,0.722,0.000]","[0.000,0.000,0.000]","[0.000,0.000,0.000,1.000]","[0.000,0.722,0.000]","[0.000,0.000,0.000]",[],[]
14,FlyingTextEffect(Clone),"[0.000,0.722,0.000]","[0.000,0.000,0.000]","[0.000,0.000,0.000,1.000]",[],[],[],[]
14,BeatLine(Clone)/Light/BoxLight,"[0.000,0.000,0.000]","[0.000,0.000,0.000]","[0.000,0.000,0.000,1.000]","[0.000,0.000,0.000]","[0.020,500.000,0.020]",[],[]
14,BeatLine(Clone)/Light/BakedBloom,"[0.000,0.000,0.000]","[0.000,0.000,0.000]","[0.000,0.000,0.000,1.000]","[0.000,0.000,0.000]","[0.000,0.000,0.000]",[],[]
14,BeatLine(Clone)/Light,"[0.000,0.000,0.000]","[0.000,0.000,0.000]","[0.000,0.000,0.000,1.000]",[],[],[],[]
14,BeatLine(Clone),"[0.000,0.000,0.000]","[0.000,0.000,0.000]","[0.000,0.000,0.000,1.000]",[],[],[],[]
14,BeatLine(Clone)/Light/BoxLight,"[0.000,0.000,0.000]","[0.000,0.000,0.000]","[0.000,0.000,0.000,1.000]","[0.000,0.000,0.000]","[0.020,500.000,0.020]",[],[]
14,BeatLine(Clone)/Light/BakedBloom,"[0.000,0.000,0.000]","[0.000,0.000,0.000]","[0.000,0.000,0.000,1.000]","[0.000,0.000,0.000]","[0.000,0.000,0.000]",[],[]
14,BeatLine(Clone)/Light,"[0.000,0.000,0.000]","[0.000,0.000,0.000]","[0.000,0.000,0.000,1.000]",[],[],[],[]
14,BeatLine(Clone),"[0.000,0.000,0.000]","[0.000,0.000,0.000]","[0.000,0.000,0.000,1.000]",[],[],[],[]
14,BeatLine(Clone)/Light/BoxLight,"[0.000,0.000,0.000]","[0.000,0.000,0.000]","[0.000,0.000,0.000,1.000]","[0.000,0.000,0.000]","[0.020,500.000,0.020]",[],[]
14,BeatLine(Clone)/Light/BakedBloom,"[0.000,0.000,0.000]","[0.000,0.000,0.000]","[0.000,0.000,0.000,1.000]","[0.000,0.000,0.000]","[0.000,0.000,0.000]",[],[]
14,BeatLine(Clone)/Light,"[0.000,0.000,0.000]","[0.000,0.000,0.000]","[0.000,0.000,0.000,1.000]",[],[],[],[]
14,BeatLine(Clone),"[0.000,0.000,0.000]","[0.000,0.000,0.000]","[0.000,0.000,0.000,1.000]",[],[],[],[]
14,BeatLine(Clone)/Light/BoxLight,"[0.000,0.000,0.000]","[0.000,0.000,0.000]","[0.000,0.000,0.000,1.000]","[0.000,0.000,0.000]","[0.020,500.000,0.020]",[],[]
14,BeatLine(Clone)/Light/BakedBloom,"[0.000,0.000,0.000]","[0.000,0.000,0.000]","[0.000,0.000,0.000,1.000]","[0.000,0.000,0.000]","[0.000,0.000,0.000]",[],[]
14,BeatLine(Clone)/Light,"[0.000,0.000,0.000]","[0.000,0.000,0.000]","[0.000,0.000,0.000,1.000]",[],[],[],[]
14,BeatLine(Clone),"[0.000,0.000,0.000]","[0.000,0.000,0.000]","[0.000,0.000,0.000,1.000]",[],[],[],[]
14,BeatLine(Clone)/Light/BoxLight,"[0.000,0.000,0.000]","[0.000,0.000,0.000]","[0.000,0.000,0.000,1.000]","[0.000,0.000,0.000]","[0.020,500.000,0.020]",[],[]
14,BeatLine(Clone)/Light/BakedBloom,"[0.000,0.000,0.000]","[0.000,0.000,0.000]","[0.000,0.000,0.000,1.000]","[0.000,0.000,0.000]","[0.000,0.000,0.000]",[],[]
14,BeatLine(Clone)/Light,"[0.000,0.000,0.000]","[0.000,0.000,0.000]","[0.000,0.000,0.000,1.000]",[],[],[],[]
14,BeatLine(Clone),"[0.000,0.000,0.000]","[0.000,0.000,0.000]","[0.000,0.000,0.000,1.000]",[],[],[],[]
14,BeatLine(Clone)/Light/BoxLight,"[0.000,0.000,0.000]","[0.000,0.000,0.000]","[0.000,0.000,0.000,1.000]","[0.000,0.000,0.000]","[0.020,500.000,0.020]",[],[]
14,BeatLine(Clone)/Light/BakedBloom,"[0.000,0.000,0.000]","[0.000,0.000,0.000]","[0.000,0.000,0.000,1.000]","[0.000,0.000,0.000]","[0.000,0.000,0.000]",[],[]
14,BeatLine(Clone)/Light,"[0.000,0.000,0.000]","[0.000,0.000,0.000]","[0.000,0.000,0.000,1.000]",[],[],[],[]
14,BeatLine(Clone),"[0.000,0.000,0.000]","[0.000,0.000,0.000]","[0.000,0.000,0.000,1.000]",[],[],[],[]
14,BeatLine(Clone)/Light/BoxLight,"[0.000,0.000,0.000]","[0.000,0.000,0.000]","[0.000,0.000,0.000,1.000]","[0.000,0.000,0.000]","[0.020,500.000,0.020]",[],[]
14,BeatLine(Clone)/Light/BakedBloom,"[0.000,0.000,0.000]","[0.000,0.000,0.000]","[0.000,0.000,0.000,1.000]","[0.000,0.000,0.000]","[0.000,0.000,0.000]",[],[]
14,BeatLine(Clone)/Light,"[0.000,0.000,0.000]","[0.000,0.000,0.000]","[0.000,0.000,0.000,1.000]",[],[],[],[]
14,BeatLine(Clone),"[0.000,0.000,0.000]","[0.000,0.000,0.000]","[0.000,0.000,0.000,1.000]",[],[],[],[]
14,BeatLine(Clone)/Light/BoxLight,"[0.000,0.000,0.000]","[0.000,0.000,0.000]","[0.000,0.000,0.000,1.000]","[0.000,0.000,0.000]","[0.020,500.000,0.020]",[],[]
14,BeatLine(Clone)/Light/BakedBloom,"[0.000,0.000,0.000]","[0.000,0.000,0.000]","[0.000,0.000,0.000,1.000]","[0.000,0.000,0.000]","[0.000,0.000,0.000]",[],[]
14,BeatLine(Clone)/Light,"[0.000,0.000,0.000]","[0.000,0.000,0.000]","[0.000,0.000,0.000,1.000]",[],[],[],[]
14,BeatLine(Clone),"[0.000,0.000,0.000]","[0.000,0.000,0.000]","[0.000,0.000,0.000,1.000]",[],[],[],[]
14,BeatLine(Clone)/Light/BoxLight,"[0.000,0.000,0.000]","[0.000,0.000,0.000]","[0.000,0.000,0.000,1.000]","[0.000,0.000,0.000]","[0.020,500.000,0.020]",[],[]
14,BeatLine(Clone)/Light/BakedBloom,"[0.000,0.000,0.000]","[0.000,0.000,0.000]","[0.000,0.000,0.000,1.000]","[0.000,0.000,0.000]","[0.000,0.000,0.000]",[],[]
14,BeatLine(Clone)/Light,"[0.000,0.000,0.000]","[0.000,0.000,0.000]","[0.000,0.000,0.000,1.000]",[],[],[],[]
14,BeatLine(Clone),"[0.000,0.000,0.000]","[0.000,0.000,0.000]","[0.000,0.000,0.000,1.000]",[],[],[],[]
14,BeatLine(Clone)/Light/BoxLight,"[0.000,0.000,0.000]","[0.000,0.000,0.000]","[0.000,0.000,0.000,1.000]","[0.000,0.000,0.000]","[0.020,500.000,0.020]",[],[]
14,BeatLine(Clone)/Light/BakedBloom,"[0.000,0.000,0.000]","[0.000,0.000,0.000]","[0.000,0.000,0.000,1.000]","[0.000,0.000,0.000]","[0.000,0.000,0.000]",[],[]
14,BeatLine(Clone)/Light,"[0.000,0.000,0.000]","[0.000,0.000,0.000]","[0.000,0.000,0.000,1.000]",[],[],[],[]
14,BeatLine(Clone),"[0.000,0.000,0.000]","[0.000,0.000,0.000]","[0.000,0.000,0.000,1.000]",[],[],[],[]
14,BeatLine(Clone)/Light/BoxLight,"[0.000,0.000,0.000]","[0.000,0.000,0.000]","[0.000,0.000,0.000,1.000]","[0.000,0.000,0.000]","[0.020,500.000,0.020]",[],[]
14,BeatLine(Clone)/Light/BakedBloom,"[0.000,0.000,0.000]","[0.000,0.000,0.000]","[0.000,0.000,0.000,1.000]","[0.000,0.000,0.000]","[0.000,0.000,0.000]",[],[]
14,BeatLine(Clone)/Light,"[0.000,0.000,0.000]","[0.000,0.000,0.000]","[0.000,0.000,0.000,1.000]",[],[],[],[]
14,BeatLine(Clone),"[0.000,0.000,0.000]","[0.000,0.000,0.000]","[0.000,0.000,0.000,1.000]",[],[],[],[]
14,BeatLine(Clone)/Light/BoxLight,"[0.000,0.000,0.000]","[0.000,0.000,0.000]","[0.000,0.000,0.000,1.000]","[0.000,0.000,0.000]","[0.020,500.000,0.020]",[],[]
14,BeatLine(Clone)/Light/BakedBloom,"[0.000,0.000,0.000]","[0.000,0.000,0.000]","[0.000,0.000,0.000,1.000]","[0.000,0.000,0.000]","[0.000,0.000,0.000]",[],[]
14,BeatLine(Clone)/Light,"[0.000,0.000,0.000]","[0.000,0.000,0.000]","[0.000,0.000,0.000,1.000]",[],[],[],[]
14,BeatLine(Clone),"[0.000,0.000,0.000]","[0.000,0.000,0.000]","[0.000,0.000,0.000,1.000]",[],[],[],[]
14,BeatLine(Clone)/Light/BoxLight,"[0.000,0.000,0.000]","[0.000,0.000,0.000]","[0.000,0.000,0.000,1.000]","[0.000,0.000,0.000]","[0.020,500.000,0.020]",[],[]
14,BeatLine(Clone)/Light/BakedBloom,"[0.000,0.000,0.000]","[0.000,0.000,0.000]","[0.000,0.000,0.000,1.000]","[0.000,0.000,0.000]","[0.000,0.000,0.000]",[],[]
14,BeatLine(Clone)/Light,"[0.000,0.000,0.000]","[0.000,0.000,0.000]","[0.000,0.000,0.000,1.000]",[],[],[],[]
14,BeatLine(Clone),"[0.000,0.000,0.000]","[0.000,0.000,0.000]","[0.000,0.000,0.000,1.000]",[],[],[],[]
14,BeatLine(Clone)/Light/BoxLight,"[0.000,0.000,0.000]","[0.000,0.000,0.000]","[0.000,0.000,0.000,1.000]","[0.000,0.000,0.000]","[0.020,500.000,0.020]",[],[]
14,BeatLine(Clone)/Light/BakedBloom,"[0.000,0.000,0.000]","[0.000,0.000,0.000]","[0.000,0.000,0.000,1.000]","[0.000,0.000,0.000]","[0.000,0.000,0.000]",[],[]
14,BeatLine(Clone)/Light,"[0.000,0.000,0.000]","[0.000,0.000,0.000]","[0.000,0.000,0.000,1.000]",[],[],[],[]
14,BeatLine(Clone),"[0.000,0.000,0.000]","[0.000,0.000,0.000]","[0.000,0.000,0.000,1.000]",[],[],[],[]
14,BeatLine(Clone)/Light/BoxLight,"[0.000,0.000,0.000]","[0.000,0.000,0.000]","[0.000,0.000,0.000,1.000]","[0.000,0.000,0.000]","[0.020,500.000,0.020]",[],[]
14,BeatLine(Clone)/Light/BakedBloom,"[0.000,0.000,0.000]","[0.000,0.000,0.000]","[0.000,0.000,0.000,1.000]","[0.000,0.000,0.000]","[0.000,0.000,0.000]",[],[]
14,BeatLine(Clone)/Light,"[0.000,0.000,0.000]","[0.000,0.000,0.000]","[0.000,0.000,0.000,1.000]",[],[],[],[]
14,BeatLine(Clone),"[0.000,0.000,0.000]","[0.000,0.000,0.000]","[0.000,0.000,0.000,1.000]",[],[],[],[]
14,BeatLine(Clone)/Light/BoxLight,"[0.000,0.000,0.000]","[0.000,0.000,0.000]","[0.000,0.000,0.000,1.000]","[0.000,0.000,0.000]","[0.020,500.000,0.020]",[],[]
14,BeatLine(Clone)/Light/BakedBloom,"[0.000,0.000,0.000]","[0.000,0.000,0.000]","[0.000,0.000,0.000,1.000]","[0.000,0.000,0.000]","[0.000,0.000,0.000]",[],[]
14,BeatLine(Clone)/Light,"[0.000,0.000,0.000]","[0.000,0.000,0.000]","[0.000,0.000,0.000,1.000]",[],[],[],[]
14,BeatLine(Clone),"[0.000,0.000,0.000]","[0.000,0.000,0.000]","[0.000,0.000,0.000,1.000]",[],[],[],[]
14,ShortSlider(Clone)/Slider_MeshRenderer,"[0.000,0.000,0.000]","[0.000,0.000,0.000]","[0.000,0.000,0.000,1.000]","[0.000,0.000,0.000]","[0.000,0.000,0.000]",[],[]
14,ShortSlider(Clone)/MeshController,"[0.000,0.000,0.000]","[0.000,0.000,0.000]","[0.000,0.000,0.000,1.000]",[],[],[],[]
14,ShortSlider(Clone),"[0.000,0.000,0.000]","[0.000,0.000,0.000]","[0.000,0.000,0.000,1.000]",[],[],[],[]
14,ShortSlider(Clone)/Slider_MeshRenderer,"[0.000,0.000,0.000]","[0.000,0.000,0.000]","[0.000,0.000,0.000,1.000]","[0.000,0.000,0.000]","[0.000,0.000,0.000]",[],[]
14,ShortSlider(Clone)/MeshController,"[0.000,0.000,0.000]","[0.000,0.000,0.000]","[0.000,0.000,0.000,1.000]",[],[],[],[]
14,ShortSlider(Clone),"[0.000,0.000,0.000]","[0.000,0.000,0.000]","[0.000,0.000,0.000,1.000]",[],[],[],[]
14,ShortSlider(Clone)/Slider_MeshRenderer,"[0.000,0.000,0.000]","[0.000,0.000,0.000]","[0.000,0.000,0.000,1.000]","[0.000,0.000,0.000]","[0.000,0.000,0.000]",[],[]
14,ShortSlider(Clone)/MeshController,"[0.000,0.000,0.000]","[0.000,0.000,0.000]","[0.000,0.000,0.000,1.000]",[],[],[],[]
14,ShortSlider(Clone),"[0.000,0.000,0.000]","[0.000,0.000,0.000]","[0.000,0.000,0.000,1.000]",[],[],[],[]
14,ShortSlider(Clone)/Slider_MeshRenderer,"[0.000,0.000,0.000]","[0.000,0.000,0.000]","[0.000,0.000,0.000,1.000]","[0.000,0.000,0.000]","[0.000,0.000,0.000]",[],[]
14,ShortSlider(Clone)/MeshController,"[0.000,0.000,0.000]","[0.000,0.000,0.000]","[0.000,0.000,0.000,1.000]",[],[],[],[]
14,ShortSlider(Clone),"[0.000,0.000,0.000]","[0.000,0.000,0.000]","[0.000,0.000,0.000,1.000]",[],[],[],[]
14,ShortSlider(Clone)/Slider_MeshRenderer,"[0.000,0.000,0.000]","[0.000,0.000,0.000]","[0.000,0.000,0.000,1.000]","[0.000,0.000,0.000]","[0.000,0.000,0.000]",[],[]
14,ShortSlider(Clone)/MeshController,"[0.000,0.000,0.000]","[0.000,0.000,0.000]","[0.000,0.000,0.000,1.000]",[],[],[],[]
14,ShortSlider(Clone),"[0.000,0.000,0.000]","[0.000,0.000,0.000]","[0.000,0.000,0.000,1.000]",[],[],[],[]
14,ShortSlider(Clone)/Slider_MeshRenderer,"[0.000,0.000,0.000]","[0.000,0.000,0.000]","[0.000,0.000,0.000,1.000]","[0.000,0.000,0.000]","[0.000,0.000,0.000]",[],[]
14,ShortSlider(Clone)/MeshController,"[0.000,0.000,0.000]","[0.000,0.000,0.000]","[0.000,0.000,0.000,1.000]",[],[],[],[]
14,ShortSlider(Clone),"[0.000,0.000,0.000]","[0.000,0.000,0.000]","[0.000,0.000,0.000,1.000]",[],[],[],[]
14,ShortSlider(Clone)/Slider_MeshRenderer,"[0.000,0.000,0.000]","[0.000,0.000,0.000]","[0.000,0.000,0.000,1.000]","[0.000,0.000,0.000]","[0.000,0.000,0.000]",[],[]
14,ShortSlider(Clone)/MeshController,"[0.000,0.000,0.000]","[0.000,0.000,0.000]","[0.000,0.000,0.000,1.000]",[],[],[],[]
14,ShortSlider(Clone),"[0.000,0.000,0.000]","[0.000,0.000,0.000]","[0.000,0.000,0.000,1.000]",[],[],[],[]
14,ShortSlider(Clone)/Slider_MeshRenderer,"[0.000,0.000,0.000]","[0.000,0.000,0.000]","[0.000,0.000,0.000,1.000]","[0.000,0.000,0.000]","[0.000,0.000,0.000]",[],[]
14,ShortSlider(Clone)/MeshController,"[0.000,0.000,0.000]","[0.000,0.000,0.000]","[0.000,0.000,0.000,1.000]",[],[],[],[]
14,ShortSlider(Clone),"[0.000,0.000,0.000]","[0.000,0.000,0.000]","[0.000,0.000,0.000,1.000]",[],[],[],[]
14,ShortSlider(Clone)/Slider_MeshRenderer,"[0.000,0.000,0.000]","[0.000,0.000,0.000]","[0.000,0.000,0.000,1.000]","[0.000,0.000,0.000]","[0.000,0.000,0.000]",[],[]
14,ShortSlider(Clone)/MeshController,"[0.000,0.000,0.000]","[0.000,0.000,0.000]","[0.000,0.000,0.000,1.000]",[],[],[],[]
14,ShortSlider(Clone),"[0.000,0.000,0.000]","[0.000,0.000,0.000]","[0.000,0.000,0.000,1.000]",[],[],[],[]
14,LongSlider(Clone)/Slider_MeshRenderer,"[0.000,0.000,0.000]","[0.000,0.000,0.000]","[0.000,0.000,0.000,1.000]","[0.000,0.000,0.000]","[0.000,0.000,0.000]",[],[]
14,LongSlider(Clone)/MeshController,"[0.000,0.000,0.000]","[0.000,0.000,0.000]","[0.000,0.000,0.000,1.000]",[],[],[],[]
14,LongSlider(Clone),"[0.000,0.000,0.000]","[0.000,0.000,0.000]","[0.000,0.000,0.000,1.000]",[],[],[],[]
14,LongSlider(Clone)/Slider_MeshRenderer,"[0.000,0.000,0.000]","[0.000,0.000,0.000]","[0.000,0.000,0.000,1.000]","[0.000,0.000,0.000]","[0.000,0.000,0.000]",[],[]
14,LongSlider(Clone)/MeshController,"[0.000,0.000,0.000]","[0.000,0.000,0.000]","[0.000,0.000,0.000,1.000]",[],[],[],[]
14,LongSlider(Clone),"[0.000,0.000,0.000]","[0.000,0.000,0.000]","[0.000,0.000,0.000,1.000]",[],[],[],[]
14,LongSlider(Clone)/Slider_MeshRenderer,"[0.000,0.000,0.000]","[0.000,0.000,0.000]","[0.000,0.000,0.000,1.000]","[0.000,0.000,0.000]","[0.000,0.000,0.000]",[],[]
14,LongSlider(Clone)/MeshController,"[0.000,0.000,0.000]","[0.000,0.000,0.000]","[0.000,0.000,0.000,1.000]",[],[],[],[]
14,LongSlider(Clone),"[0.000,0.000,0.000]","[0.000,0.000,0.000]","[0.000,0.000,0.000,1.000]",[],[],[],[]
14,LongSlider(Clone)/Slider_MeshRenderer,"[0.000,0.000,0.000]","[0.000,0.000,0.000]","[0.000,0.000,0.000,1.000]","[0.000,0.000,0.000]","[0.000,0.000,0.000]",[],[]
14,LongSlider(Clone)/MeshController,"[0.000,0.000,0.000]","[0.000,0.000,0.000]","[0.000,0.000,0.000,1.000]",[],[],[],[]
14,LongSlider(Clone),"[0.000,0.000,0.000]","[0.000,0.000,0.000]","[0.000,0.000,0.000,1.000]",[],[],[],[]
14,LongSlider(Clone)/Slider_MeshRenderer,"[0.000,0.000,0.000]","[0.000,0.000,0.000]","[0.000,0.000,0.000,1.000]","[0.000,0.000,0.000]","[0.000,0.000,0.000]",[],[]
14,LongSlider(Clone)/MeshController,"[0.000,0.000,0.000]","[0.000,0.000,0.000]","[0.000,0.000,0.000,1.000]",[],[],[],[]
14,LongSlider(Clone),"[0.000,0.000,0.000]","[0.000,0.000,0.000]","[0.000,0.000,0.000,1.000]",[],[],[],[]
14,LongSlider(Clone)/Slider_MeshRenderer,"[0.000,0.000,0.000]","[0.000,0.000,0.000]","[0.000,0.000,0.000,1.000]","[0.000,0.000,0.000]","[0.000,0.000,0.000]",[],[]
14,LongSlider(Clone)/MeshController,"[0.000,0.000,0.000]","[0.000,0.000,0.000]","[0.000,0.000,0.000,1.000]",[],[],[],[]
14,LongSlider(Clone),"[0.000,0.000,0.000]","[0.000,0.000,0.000]","[0.000,0.000,0.000,1.000]",[],[],[],[]
14,LongSlider(Clone)/Slider_MeshRenderer,"[0.000,0.000,0.000]","[0.000,0.000,0.000]","[0.000,0.000,0.000,1.000]","[0.000,0.000,0.000]","[0.000,0.000,0.000]",[],[]
14,LongSlider(Clone)/MeshController,"[0.000,0.000,0.000]","[0.000,0.000,0.000]","[0.000,0.000,0.000,1.000]",[],[],[],[]
14,LongSlider(Clone),"[0.000,0.000,0.000]","[0.000,0.000,0.000]","[0.000,0.000,0.000,1.000]",[],[],[],[]
14,LongSlider(Clone)/Slider_MeshRenderer,"[0.000,0.000,0.000]","[0.000,0.000,0.000]","[0.000,0.000,0.000,1.000]","[0.000,0.000,0.000]","[0.000,0.000,0.000]",[],[]
14,LongSlider(Clone)/MeshController,"[0.000,0.000,0.000]","[0.000,0.000,0.000]","[0.000,0.000,0.000,1.000]",[],[],[],[]
14,LongSlider(Clone),"[0.000,0.000,0.000]","[0.000,0.000,0.000]","[0.000,0.000,0.000,1.000]",[],[],[],[]
14,LongSlider(Clone)/Slider_MeshRenderer,"[0.000,0.000,0.000]","[0.000,0.000,0.000]","[0.000,0.000,0.000,1.000]","[0.000,0.000,0.000]","[0.000,0.000,0.000]",[],[]
14,LongSlider(Clone)/MeshController,"[0.000,0.000,0.000]","[0.000,0.000,0.000]","[0.000,0.000,0.000,1.000]",[],[],[],[]
14,LongSlider(Clone),"[0.000,0.000,0.000]","[0.000,0.000,0.000]","[0.000,0.000,0.000,1.000]",[],[],[],[]
14,LongSlider(Clone)/Slider_MeshRenderer,"[0.000,0.000,0.000]","[0.000,0.000,0.000]","[0.000,0.000,0.000,1.000]","[0.000,0.000,0.000]","[0.000,0.000,0.000]",[],[]
14,LongSlider(Clone)/MeshController,"[0.000,0.000,0.000]","[0.000,0.000,0.000]","[0.000,0.000,0.000,1.000]",[],[],[],[]
14,LongSlider(Clone),"[0.000,0.000,0.000]","[0.000,0.000,0.000]","[0.000,0.000,0.000,1.000]",[],[],[],[]
14,MediumSlider(Clone)/Slider_MeshRenderer,"[0.000,0.000,0.000]","[0.000,0.000,0.000]","[0.000,0.000,0.000,1.000]","[0.000,0.000,0.000]","[0.000,0.000,0.000]",[],[]
14,MediumSlider(Clone)/MeshController,"[0.000,0.000,0.000]","[0.000,0.000,0.000]","[0.000,0.000,0.000,1.000]",[],[],[],[]
14,MediumSlider(Clone),"[0.000,0.000,0.000]","[0.000,0.000,0.000]","[0.000,0.000,0.000,1.000]",[],[],[],[]
14,MediumSlider(Clone)/Slider_MeshRenderer,"[0.000,0.000,0.000]","[0.000,0.000,0.000]","[0.000,0.000,0.000,1.000]","[0.000,0.000,0.000]","[0.000,0.000,0.000]",[],[]
14,MediumSlider(Clone)/MeshController,"[0.000,0.000,0.000]","[0.000,0.000,0.000]","[0.000,0.000,0.000,1.000]",[],[],[],[]
14,MediumSlider(Clone),"[0.000,0.000,0.000]","[0.000,0.000,0.000]","[0.000,0.000,0.000,1.000]",[],[],[],[]
14,MediumSlider(Clone)/Slider_MeshRenderer,"[0.000,0.000,0.000]","[0.000,0.000,0.000]","[0.000,0.000,0.000,1.000]","[0.000,0.000,0.000]","[0.000,0.000,0.000]",[],[]
14,MediumSlider(Clone)/MeshController,"[0.000,0.000,0.000]","[0.000,0.000,0.000]","[0.000,0.000,0.000,1.000]",[],[],[],[]
14,MediumSlider(Clone),"[0.000,0.000,0.000]","[0.000,0.000,0.000]","[0.000,0.000,0.000,1.000]",[],[],[],[]
14,MediumSlider(Clone)/Slider_MeshRenderer,"[0.000,0.000,0.000]","[0.000,0.000,0.000]","[0.000,0.000,0.000,1.000]","[0.000,0.000,0.000]","[0.000,0.000,0.000]",[],[]
14,MediumSlider(Clone)/MeshController,"[0.000,0.000,0.000]","[0.000,0.000,0.000]","[0.000,0.000,0.000,1.000]",[],[],[],[]
14,MediumSlider(Clone),"[0.000,0.000,0.000]","[0.000,0.000,0.000]","[0.000,0.000,0.000,1.000]",[],[],[],[]
14,MediumSlider(Clone)/Slider_MeshRenderer,"[0.000,0.000,0.000]","[0.000,0.000,0.000]","[0.000,0.000,0.000,1.000]","[0.000,0.000,0.000]","[0.000,0.000,0.000]",[],[]
14,MediumSlider(Clone)/MeshController,"[0.000,0.000,0.000]","[0.000,0.000,0.000]","[0.000,0.000,0.000,1.000]",[],[],[],[]
14,MediumSlider(Clone),"[0.000,0.000,0.000]","[0.000,0.000,0.000]","[0.000,0.000,0.000,1.000]",[],[],[],[]
14,MediumSlider(Clone)/Slider_MeshRenderer,"[0.000,0.000,0.000]","[0.000,0.000,0.000]","[0.000,0.000,0.000,1.000]","[0.000,0.000,0.000]","[0.000,0.000,0.000]",[],[]
14,MediumSlider(Clone)/MeshController,"[0.000,0.000,0.000]","[0.000,0.000,0.000]","[0.000,0.000,0.000,1.000]",[],[],[],[]
14,MediumSlider(Clone),"[0.000,0.000,0.000]","[0.000,0.000,0.000]","[0.000,0.000,0.000,1.000]",[],[],[],[]
14,MediumSlider(Clone)/Slider_MeshRenderer,"[0.000,0.000,0.000]","[0.000,0.000,0.000]","[0.000,0.000,0.000,1.000]","[0.000,0.000,0.000]","[0.000,0.000,0.000]",[],[]
14,MediumSlider(Clone)/MeshController,"[0.000,0.000,0.000]","[0.000,0.000,0.000]","[0.000,0.000,0.000,1.000]",[],[],[],[]
14,MediumSlider(Clone),"[0.000,0.000,0.000]","[0.000,0.000,0.000]","[0.000,0.000,0.000,1.000]",[],[],[],[]
14,MediumSlider(Clone)/Slider_MeshRenderer,"[0.000,0.000,0.000]","[0.000,0.000,0.000]","[0.000,0.000,0.000,1.000]","[0.000,0.000,0.000]","[0.000,0.000,0.000]",[],[]
14,MediumSlider(Clone)/MeshController,"[0.000,0.000,0.000]","[0.000,0.000,0.000]","[0.000,0.000,0.000,1.000]",[],[],[],[]
14,MediumSlider(Clone),"[0.000,0.000,0.000]","[0.000,0.000,0.000]","[0.000,0.000,0.000,1.000]",[],[],[],[]
14,MediumSlider(Clone)/Slider_MeshRenderer,"[0.000,0.000,0.000]","[0.000,0.000,0.000]","[0.000,0.000,0.000,1.000]","[0.000,0.000,0.000]","[0.000,0.000,0.000]",[],[]
14,MediumSlider(Clone)/MeshController,"[0.000,0.000,0.000]","[0.000,0.000,0.000]","[0.000,0.000,0.000,1.000]",[],[],[],[]
14,MediumSlider(Clone),"[0.000,0.000,0.000]","[0.000,0.000,0.000]","[0.000,0.000,0.000,1.000]",[],[],[],[]
14,MediumSlider(Clone)/Slider_MeshRenderer,"[0.000,0.000,0.000]","[0.000,0.000,0.000]","[0.000,0.000,0.000,1.000]","[0.000,0.000,0.000]","[0.000,0.000,0.000]",[],[]
14,MediumSlider(Clone)/MeshController,"[0.000,0.000,0.000]","[0.000,0.000,0.000]","[0.000,0.000,0.000,1.000]",[],[],[],[]
14,MediumSlider(Clone),"[0.000,0.000,0.000]","[0.000,0.000,0.000]","[0.000,0.000,0.000,1.000]",[],[],[],[]
14,BurstSliderNote(Clone)/NoteCube/Circle,"[0.000,1.000,-0.248]","[0.000,0.000,0.000]","[0.000,0.000,0.000,1.000]","[0.000,1.000,-0.248]","[0.100,0.100,0.000]",[],[]
14,BurstSliderNote(Clone)/NoteCube/SmallCuttable,"[0.000,1.000,0.000]","[0.000,0.000,0.000]","[0.000,0.000,0.000,1.000]",[],[],"[0.000,1.000,0.000]","[0.000,0.000,0.000]"
14,BurstSliderNote(Clone)/NoteCube/BigCuttable,"[0.000,1.000,0.000]","[0.000,0.000,0.000]","[0.000,0.000,0.000,1.000]",[],[],"[0.000,1.000,0.000]","[0.000,0.000,0.000]"
14,BurstSliderNote(Clone)/NoteCube,"[0.000,1.000,0.000]","[0.000,0.000,0.000]","[0.000,0.000,0.000,1.000]","[0.000,1.000,0.000]","[0.495,0.080,0.495]",[],[]
14,BurstSliderNote(Clone),"[0.000,1.000,0.000]","[90.000,0.000,0.000]","[0.707,0.000,0.000,0.707]",[],[],[],[]
14,BurstSliderNote(Clone)/NoteCube/Circle,"[0.000,1.000,-0.248]","[0.000,0.000,0.000]","[0.000,0.000,0.000,1.000]","[0.000,1.000,-0.248]","[0.100,0.100,0.000]",[],[]
14,BurstSliderNote(Clone)/NoteCube/SmallCuttable,"[0.000,1.000,0.000]","[0.000,0.000,0.000]","[0.000,0.000,0.000,1.000]",[],[],"[0.000,1.000,0.000]","[0.000,0.000,0.000]"
14,BurstSliderNote(Clone)/NoteCube/BigCuttable,"[0.000,1.000,0.000]","[0.000,0.000,0.000]","[0.000,0.000,0.000,1.000]",[],[],"[0.000,1.000,0.000]","[0.000,0.000,0.000]"
14,BurstSliderNote(Clone)/NoteCube,"[0.000,1.000,0.000]","[0.000,0.000,0.000]","[0.000,0.000,0.000,1.000]","[0.000,1.000,0.000]","[0.495,0.080,0.495]",[],[]
14,BurstSliderNote(Clone),"[0.000,1.000,0.000]","[90.000,0.000,0.000]","[0.707,0.000,0.000,0.707]",[],[],[],[]
14,BurstSliderNote(Clone)/NoteCube/Circle,"[0.000,1.000,-0.248]","[0.000,0.000,0.000]","[0.000,0.000,0.000,1.000]","[0.000,1.000,-0.248]","[0.100,0.100,0.000]",[],[]
14,BurstSliderNote(Clone)/NoteCube/SmallCuttable,"[0.000,1.000,0.000]","[0.000,0.000,0.000]","[0.000,0.000,0.000,1.000]",[],[],"[0.000,1.000,0.000]","[0.000,0.000,0.000]"
14,BurstSliderNote(Clone)/NoteCube/BigCuttable,"[0.000,1.000,0.000]","[0.000,0.000,0.000]","[0.000,0.000,0.000,1.000]",[],[],"[0.000,1.000,0.000]","[0.000,0.000,0.000]"
14,BurstSliderNote(Clone)/NoteCube,"[0.000,1.000,0.000]","[0.000,0.000,0.000]","[0.000,0.000,0.000,1.000]","[0.000,1.000,0.000]","[0.495,0.080,0.495]",[],[]
14,BurstSliderNote(Clone),"[0.000,1.000,0.000]","[90.000,0.000,0.000]","[0.707,0.000,0.000,0.707]",[],[],[],[]
14,BurstSliderNote(Clone)/NoteCube/Circle,"[0.000,1.000,-0.248]","[0.000,0.000,0.000]","[0.000,0.000,0.000,1.000]","[0.000,1.000,-0.248]","[0.100,0.100,0.000]",[],[]
14,BurstSliderNote(Clone)/NoteCube/SmallCuttable,"[0.000,1.000,0.000]","[0.000,0.000,0.000]","[0.000,0.000,0.000,1.000]",[],[],"[0.000,1.000,0.000]","[0.000,0.000,0.000]"
14,BurstSliderNote(Clone)/NoteCube/BigCuttable,"[0.000,1.000,0.000]","[0.000,0.000,0.000]","[0.000,0.000,0.000,1.000]",[],[],"[0.000,1.000,0.000]","[0.000,0.000,0.000]"
14,BurstSliderNote(Clone)/NoteCube,"[0.000,1.000,0.000]","[0.000,0.000,0.000]","[0.000,0.000,0.000,1.000]","[0.000,1.000,0.000]","[0.495,0.080,0.495]",[],[]
14,BurstSliderNote(Clone),"[0.000,1.000,0.000]","[90.000,0.000,0.000]","[0.707,0.000,0.000,0.707]",[],[],[],[]
14,BurstSliderNote(Clone)/NoteCube/Circle,"[0.000,1.000,-0.248]","[0.000,0.000,0.000]","[0.000,0.000,0.000,1.000]","[0.000,1.000,-0.248]","[0.100,0.100,0.000]",[],[]
14,BurstSliderNote(Clone)/NoteCube/SmallCuttable,"[0.000,1.000,0.000]","[0.000,0.000,0.000]","[0.000,0.000,0.000,1.000]",[],[],"[0.000,1.000,0.000]","[0.000,0.000,0.000]"
14,BurstSliderNote(Clone)/NoteCube/BigCuttable,"[0.000,1.000,0.000]","[0.000,0.000,0.000]","[0.000,0.000,0.000,1.000]",[],[],"[0.000,1.000,0.000]","[0.000,0.000,0.000]"
14,BurstSliderNote(Clone)/NoteCube,"[0.000,1.000,0.000]","[0.000,0.000,0.000]","[0.000,0.000,0.000,1.000]","[0.000,1.000,0.000]","[0.495,0.080,0.495]",[],[]
14,BurstSliderNote(Clone),"[0.000,1.000,0.000]","[90.000,0.000,0.000]","[0.707,0.000,0.000,0.707]",[],[],[],[]
14,BurstSliderNote(Clone)/NoteCube/Circle,"[0.000,1.000,-0.248]","[0.000,0.000,0.000]","[0.000,0.000,0.000,1.000]","[0.000,1.000,-0.248]","[0.100,0.100,0.000]",[],[]
14,BurstSliderNote(Clone)/NoteCube/SmallCuttable,"[0.000,1.000,0.000]","[0.000,0.000,0.000]","[0.000,0.000,0.000,1.000]",[],[],"[0.000,1.000,0.000]","[0.000,0.000,0.000]"
14,BurstSliderNote(Clone)/NoteCube/BigCuttable,"[0.000,1.000,0.000]","[0.000,0.000,0.000]","[0.000,0.000,0.000,1.000]",[],[],"[0.000,1.000,0.000]","[0.000,0.000,0.000]"
14,BurstSliderNote(Clone)/NoteCube,"[0.000,1.000,0.000]","[0.000,0.000,0.000]","[0.000,0.000,0.000,1.000]","[0.000,1.000,0.000]","[0.495,0.080,0.495]",[],[]
14,BurstSliderNote(Clone),"[0.000,1.000,0.000]","[90.000,0.000,0.000]","[0.707,0.000,0.000,0.707]",[],[],[],[]
14,BurstSliderNote(Clone)/NoteCube/Circle,"[0.000,1.000,-0.248]","[0.000,0.000,0.000]","[0.000,0.000,0.000,1.000]","[0.000,1.000,-0.248]","[0.100,0.100,0.000]",[],[]
14,BurstSliderNote(Clone)/NoteCube/SmallCuttable,"[0.000,1.000,0.000]","[0.000,0.000,0.000]","[0.000,0.000,0.000,1.000]",[],[],"[0.000,1.000,0.000]","[0.000,0.000,0.000]"
14,BurstSliderNote(Clone)/NoteCube/BigCuttable,"[0.000,1.000,0.000]","[0.000,0.000,0.000]","[0.000,0.000,0.000,1.000]",[],[],"[0.000,1.000,0.000]","[0.000,0.000,0.000]"
14,BurstSliderNote(Clone)/NoteCube,"[0.000,1.000,0.000]","[0.000,0.000,0.000]","[0.000,0.000,0.000,1.000]","[0.000,1.000,0.000]","[0.495,0.080,0.495]",[],[]
14,BurstSliderNote(Clone),"[0.000,1.000,0.000]","[90.000,0.000,0.000]","[0.707,0.000,0.000,0.707]",[],[],[],[]
14,BurstSliderNote(Clone)/NoteCube/Circle,"[0.000,1.000,-0.248]","[0.000,0.000,0.000]","[0.000,0.000,0.000,1.000]","[0.000,1.000,-0.248]","[0.100,0.100,0.000]",[],[]
14,BurstSliderNote(Clone)/NoteCube/SmallCuttable,"[0.000,1.000,0.000]","[0.000,0.000,0.000]","[0.000,0.000,0.000,1.000]",[],[],"[0.000,1.000,0.000]","[0.000,0.000,0.000]"
14,BurstSliderNote(Clone)/NoteCube/BigCuttable,"[0.000,1.000,0.000]","[0.000,0.000,0.000]","[0.000,0.000,0.000,1.000]",[],[],"[0.000,1.000,0.000]","[0.000,0.000,0.000]"
14,BurstSliderNote(Clone)/NoteCube,"[0.000,1.000,0.000]","[0.000,0.000,0.000]","[0.000,0.000,0.000,1.000]","[0.000,1.000,0.000]","[0.495,0.080,0.495]",[],[]
14,BurstSliderNote(Clone),"[0.000,1.000,0.000]","[90.000,0.000,0.000]","[0.707,0.000,0.000,0.707]",[],[],[],[]
14,BurstSliderNote(Clone)/NoteCube/Circle,"[0.000,1.000,-0.248]","[0.000,0.000,0.000]","[0.000,0.000,0.000,1.000]","[0.000,1.000,-0.248]","[0.100,0.100,0.000]",[],[]
14,BurstSliderNote(Clone)/NoteCube/SmallCuttable,"[0.000,1.000,0.000]","[0.000,0.000,0.000]","[0.000,0.000,0.000,1.000]",[],[],"[0.000,1.000,0.000]","[0.000,0.000,0.000]"
14,BurstSliderNote(Clone)/NoteCube/BigCuttable,"[0.000,1.000,0.000]","[0.000,0.000,0.000]","[0.000,0.000,0.000,1.000]",[],[],"[0.000,1.000,0.000]","[0.000,0.000,0.000]"
14,BurstSliderNote(Clone)/NoteCube,"[0.000,1.000,0.000]","[0.000,0.000,0.000]","[0.000,0.000,0.000,1.000]","[0.000,1.000,0.000]","[0.495,0.080,0.495]",[],[]
14,BurstSliderNote(Clone),"[0.000,1.000,0.000]","[90.000,0.000,0.000]","[0.707,0.000,0.000,0.707]",[],[],[],[]
14,BurstSliderNote(Clone)/NoteCube/Circle,"[0.000,1.000,-0.248]","[0.000,0.000,0.000]","[0.000,0.000,0.000,1.000]","[0.000,1.000,-0.248]","[0.100,0.100,0.000]",[],[]
14,BurstSliderNote(Clone)/NoteCube/SmallCuttable,"[0.000,1.000,0.000]","[0.000,0.000,0.000]","[0.000,0.000,0.000,1.000]",[],[],"[0.000,1.000,0.000]","[0.000,0.000,0.000]"
14,BurstSliderNote(Clone)/NoteCube/BigCuttable,"[0.000,1.000,0.000]","[0.000,0.000,0.000]","[0.000,0.000,0.000,1.000]",[],[],"[0.000,1.000,0.000]","[0.000,0.000,0.000]"
14,BurstSliderNote(Clone)/NoteCube,"[0.000,1.000,0.000]","[0.000,0.000,0.000]","[0.000,0.000,0.000,1.000]","[0.000,1.000,0.000]","[0.495,0.080,0.495]",[],[]
14,BurstSliderNote(Clone),"[0.000,1.000,0.000]","[90.000,0.000,0.000]","[0.707,0.000,0.000,0.707]",[],[],[],[]
14,BurstSliderNote(Clone)/NoteCube/Circle,"[0.000,1.000,-0.248]","[0.000,0.000,0.000]","[0.000,0.000,0.000,1.000]","[0.000,1.000,-0.248]","[0.100,0.100,0.000]",[],[]
14,BurstSliderNote(Clone)/NoteCube/SmallCuttable,"[0.000,1.000,0.000]","[0.000,0.000,0.000]","[0.000,0.000,0.000,1.000]",[],[],"[0.000,1.000,0.000]","[0.000,0.000,0.000]"
14,BurstSliderNote(Clone)/NoteCube/BigCuttable,"[0.000,1.000,0.000]","[0.000,0.000,0.000]","[0.000,0.000,0.000,1.000]",[],[],"[0.000,1.000,0.000]","[0.000,0.000,0.000]"
14,BurstSliderNote(Clone)/NoteCube,"[0.000,1.000,0.000]","[0.000,0.000,0.000]","[0.000,0.000,0.000,1.000]","[0.000,1.000,0.000]","[0.495,0.080,0.495]",[],[]
14,BurstSliderNote(Clone),"[0.000,1.000,0.000]","[90.000,0.000,0.000]","[0.707,0.000,0.000,0.707]",[],[],[],[]
14,BurstSliderNote(Clone)/NoteCube/Circle,"[0.000,1.000,-0.248]","[0.000,0.000,0.000]","[0.000,0.000,0.000,1.000]","[0.000,1.000,-0.248]","[0.100,0.100,0.000]",[],[]
14,BurstSliderNote(Clone)/NoteCube/SmallCuttable,"[0.000,1.000,0.000]","[0.000,0.000,0.000]","[0.000,0.000,0.000,1.000]",[],[],"[0.000,1.000,0.000]","[0.000,0.000,0.000]"
14,BurstSliderNote(Clone)/NoteCube/BigCuttable,"[0.000,1.000,0.000]","[0.000,0.000,0.000]","[0.000,0.000,0.000,1.000]",[],[],"[0.000,1.000,0.000]","[0.000,0.000,0.000]"
14,BurstSliderNote(Clone)/NoteCube,"[0.000,1.000,0.000]","[0.000,0.000,0.000]","[0.000,0.000,0.000,1.000]","[0.000,1.000,0.000]","[0.495,0.080,0.495]",[],[]
14,BurstSliderNote(Clone),"[0.000,1.000,0.000]","[90.000,0.000,0.000]","[0.707,0.000,0.000,0.707]",[],[],[],[]
14,BurstSliderNote(Clone)/NoteCube/Circle,"[0.000,1.000,-0.248]","[0.000,0.000,0.000]","[0.000,0.000,0.000,1.000]","[0.000,1.000,-0.248]","[0.100,0.100,0.000]",[],[]
14,BurstSliderNote(Clone)/NoteCube/SmallCuttable,"[0.000,1.000,0.000]","[0.000,0.000,0.000]","[0.000,0.000,0.000,1.000]",[],[],"[0.000,1.000,0.000]","[0.000,0.000,0.000]"
14,BurstSliderNote(Clone)/NoteCube/BigCuttable,"[0.000,1.000,0.000]","[0.000,0.000,0.000]","[0.000,0.000,0.000,1.000]",[],[],"[0.000,1.000,0.000]","[0.000,0.000,0.000]"
14,BurstSliderNote(Clone)/NoteCube,"[0.000,1.000,0.000]","[0.000,0.000,0.000]","[0.000,0.000,0.000,1.000]","[0.000,1.000,0.000]","[0.495,0.080,0.495]",[],[]
14,BurstSliderNote(Clone),"[0.000,1.000,0.000]","[90.000,0.000,0.000]","[0.707,0.000,0.000,0.707]",[],[],[],[]
14,BurstSliderNote(Clone)/NoteCube/Circle,"[0.000,1.000,-0.248]","[0.000,0.000,0.000]","[0.000,0.000,0.000,1.000]","[0.000,1.000,-0.248]","[0.100,0.100,0.000]",[],[]
14,BurstSliderNote(Clone)/NoteCube/SmallCuttable,"[0.000,1.000,0.000]","[0.000,0.000,0.000]","[0.000,0.000,0.000,1.000]",[],[],"[0.000,1.000,0.000]","[0.000,0.000,0.000]"
14,BurstSliderNote(Clone)/NoteCube/BigCuttable,"[0.000,1.000,0.000]","[0.000,0.000,0.000]","[0.000,0.000,0.000,1.000]",[],[],"[0.000,1.000,0.000]","[0.000,0.000,0.000]"
14,BurstSliderNote(Clone)/NoteCube,"[0.000,1.000,0.000]","[0.000,0.000,0.000]","[0.000,0.000,0.000,1.000]","[0.000,1.000,0.000]","[0.495,0.080,0.495]",[],[]
14,BurstSliderNote(Clone),"[0.000,1.000,0.000]","[90.000,0.000,0.000]","[0.707,0.000,0.000,0.707]",[],[],[],[]
14,BurstSliderNote(Clone)/NoteCube/Circle,"[0.000,1.000,-0.248]","[0.000,0.000,0.000]","[0.000,0.000,0.000,1.000]","[0.000,1.000,-0.248]","[0.100,0.100,0.000]",[],[]
14,BurstSliderNote(Clone)/NoteCube/SmallCuttable,"[0.000,1.000,0.000]","[0.000,0.000,0.000]","[0.000,0.000,0.000,1.000]",[],[],"[0.000,1.000,0.000]","[0.000,0.000,0.000]"
14,BurstSliderNote(Clone)/NoteCube/BigCuttable,"[0.000,1.000,0.000]","[0.000,0.000,0.000]","[0.000,0.000,0.000,1.000]",[],[],"[0.000,1.000,0.000]","[0.000,0.000,0.000]"
14,BurstSliderNote(Clone)/NoteCube,"[0.000,1.000,0.000]","[0.000,0.000,0.000]","[0.000,0.000,0.000,1.000]","[0.000,1.000,0.000]","[0.495,0.080,0.495]",[],[]
14,BurstSliderNote(Clone),"[0.000,1.000,0.000]","[90.000,0.000,0.000]","[0.707,0.000,0.000,0.707]",[],[],[],[]
14,BurstSliderNote(Clone)/NoteCube/Circle,"[0.000,1.000,-0.248]","[0.000,0.000,0.000]","[0.000,0.000,0.000,1.000]","[0.000,1.000,-0.248]","[0.100,0.100,0.000]",[],[]
14,BurstSliderNote(Clone)/NoteCube/SmallCuttable,"[0.000,1.000,0.000]","[0.000,0.000,0.000]","[0.000,0.000,0.000,1.000]",[],[],"[0.000,1.000,0.000]","[0.000,0.000,0.000]"
14,BurstSliderNote(Clone)/NoteCube/BigCuttable,"[0.000,1.000,0.000]","[0.000,0.000,0.000]","[0.000,0.000,0.000,1.000]",[],[],"[0.000,1.000,0.000]","[0.000,0.000,0.000]"
14,BurstSliderNote(Clone)/NoteCube,"[0.000,1.000,0.000]","[0.000,0.000,0.000]","[0.000,0.000,0.000,1.000]","[0.000,1.000,0.000]","[0.495,0.080,0.495]",[],[]
14,BurstSliderNote(Clone),"[0.000,1.000,0.000]","[90.000,0.000,0.000]","[0.707,0.000,0.000,0.707]",[],[],[],[]
14,BurstSliderNote(Clone)/NoteCube/Circle,"[0.000,1.000,-0.248]","[0.000,0.000,0.000]","[0.000,0.000,0.000,1.000]","[0.000,1.000,-0.248]","[0.100,0.100,0.000]",[],[]
14,BurstSliderNote(Clone)/NoteCube/SmallCuttable,"[0.000,1.000,0.000]","[0.000,0.000,0.000]","[0.000,0.000,0.000,1.000]",[],[],"[0.000,1.000,0.000]","[0.000,0.000,0.000]"
14,BurstSliderNote(Clone)/NoteCube/BigCuttable,"[0.000,1.000,0.000]","[0.000,0.000,0.000]","[0.000,0.000,0.000,1.000]",[],[],"[0.000,1.000,0.000]","[0.000,0.000,0.000]"
14,BurstSliderNote(Clone)/NoteCube,"[0.000,1.000,0.000]","[0.000,0.000,0.000]","[0.000,0.000,0.000,1.000]","[0.000,1.000,0.000]","[0.495,0.080,0.495]",[],[]
14,BurstSliderNote(Clone),"[0.000,1.000,0.000]","[90.000,0.000,0.000]","[0.707,0.000,0.000,0.707]",[],[],[],[]
14,BurstSliderNote(Clone)/NoteCube/Circle,"[0.000,1.000,-0.248]","[0.000,0.000,0.000]","[0.000,0.000,0.000,1.000]","[0.000,1.000,-0.248]","[0.100,0.100,0.000]",[],[]
14,BurstSliderNote(Clone)/NoteCube/SmallCuttable,"[0.000,1.000,0.000]","[0.000,0.000,0.000]","[0.000,0.000,0.000,1.000]",[],[],"[0.000,1.000,0.000]","[0.000,0.000,0.000]"
14,BurstSliderNote(Clone)/NoteCube/BigCuttable,"[0.000,1.000,0.000]","[0.000,0.000,0.000]","[0.000,0.000,0.000,1.000]",[],[],"[0.000,1.000,0.000]","[0.000,0.000,0.000]"
14,BurstSliderNote(Clone)/NoteCube,"[0.000,1.000,0.000]","[0.000,0.000,0.000]","[0.000,0.000,0.000,1.000]","[0.000,1.000,0.000]","[0.495,0.080,0.495]",[],[]
14,BurstSliderNote(Clone),"[0.000,1.000,0.000]","[90.000,0.000,0.000]","[0.707,0.000,0.000,0.707]",[],[],[],[]
14,BurstSliderNote(Clone)/NoteCube/Circle,"[0.000,1.000,-0.248]","[0.000,0.000,0.000]","[0.000,0.000,0.000,1.000]","[0.000,1.000,-0.248]","[0.100,0.100,0.000]",[],[]
14,BurstSliderNote(Clone)/NoteCube/SmallCuttable,"[0.000,1.000,0.000]","[0.000,0.000,0.000]","[0.000,0.000,0.000,1.000]",[],[],"[0.000,1.000,0.000]","[0.000,0.000,0.000]"
14,BurstSliderNote(Clone)/NoteCube/BigCuttable,"[0.000,1.000,0.000]","[0.000,0.000,0.000]","[0.000,0.000,0.000,1.000]",[],[],"[0.000,1.000,0.000]","[0.000,0.000,0.000]"
14,BurstSliderNote(Clone)/NoteCube,"[0.000,1.000,0.000]","[0.000,0.000,0.000]","[0.000,0.000,0.000,1.000]","[0.000,1.000,0.000]","[0.495,0.080,0.495]",[],[]
14,BurstSliderNote(Clone),"[0.000,1.000,0.000]","[90.000,0.000,0.000]","[0.707,0.000,0.000,0.707]",[],[],[],[]
14,BurstSliderNote(Clone)/NoteCube/Circle,"[0.000,1.000,-0.248]","[0.000,0.000,0.000]","[0.000,0.000,0.000,1.000]","[0.000,1.000,-0.248]","[0.100,0.100,0.000]",[],[]
14,BurstSliderNote(Clone)/NoteCube/SmallCuttable,"[0.000,1.000,0.000]","[0.000,0.000,0.000]","[0.000,0.000,0.000,1.000]",[],[],"[0.000,1.000,0.000]","[0.000,0.000,0.000]"
14,BurstSliderNote(Clone)/NoteCube/BigCuttable,"[0.000,1.000,0.000]","[0.000,0.000,0.000]","[0.000,0.000,0.000,1.000]",[],[],"[0.000,1.000,0.000]","[0.000,0.000,0.000]"
14,BurstSliderNote(Clone)/NoteCube,"[0.000,1.000,0.000]","[0.000,0.000,0.000]","[0.000,0.000,0.000,1.000]","[0.000,1.000,0.000]","[0.495,0.080,0.495]",[],[]
14,BurstSliderNote(Clone),"[0.000,1.000,0.000]","[90.000,0.000,0.000]","[0.707,0.000,0.000,0.707]",[],[],[],[]
14,BurstSliderNote(Clone)/NoteCube/Circle,"[0.000,1.000,-0.248]","[0.000,0.000,0.000]","[0.000,0.000,0.000,1.000]","[0.000,1.000,-0.248]","[0.100,0.100,0.000]",[],[]
14,BurstSliderNote(Clone)/NoteCube/SmallCuttable,"[0.000,1.000,0.000]","[0.000,0.000,0.000]","[0.000,0.000,0.000,1.000]",[],[],"[0.000,1.000,0.000]","[0.000,0.000,0.000]"
14,BurstSliderNote(Clone)/NoteCube/BigCuttable,"[0.000,1.000,0.000]","[0.000,0.000,0.000]","[0.000,0.000,0.000,1.000]",[],[],"[0.000,1.000,0.000]","[0.000,0.000,0.000]"
14,BurstSliderNote(Clone)/NoteCube,"[0.000,1.000,0.000]","[0.000,0.000,0.000]","[0.000,0.000,0.000,1.000]","[0.000,1.000,0.000]","[0.495,0.080,0.495]",[],[]
14,BurstSliderNote(Clone),"[0.000,1.000,0.000]","[90.000,0.000,0.000]","[0.707,0.000,0.000,0.707]",[],[],[],[]
14,BurstSliderNote(Clone)/NoteCube/Circle,"[0.000,1.000,-0.248]","[0.000,0.000,0.000]","[0.000,0.000,0.000,1.000]","[0.000,1.000,-0.248]","[0.100,0.100,0.000]",[],[]
14,BurstSliderNote(Clone)/NoteCube/SmallCuttable,"[0.000,1.000,0.000]","[0.000,0.000,0.000]","[0.000,0.000,0.000,1.000]",[],[],"[0.000,1.000,0.000]","[0.000,0.000,0.000]"
14,BurstSliderNote(Clone)/NoteCube/BigCuttable,"[0.000,1.000,0.000]","[0.000,0.000,0.000]","[0.000,0.000,0.000,1.000]",[],[],"[0.000,1.000,0.000]","[0.000,0.000,0.000]"
14,BurstSliderNote(Clone)/NoteCube,"[0.000,1.000,0.000]","[0.000,0.000,0.000]","[0.000,0.000,0.000,1.000]","[0.000,1.000,0.000]","[0.495,0.080,0.495]",[],[]
14,BurstSliderNote(Clone),"[0.000,1.000,0.000]","[90.000,0.000,0.000]","[0.707,0.000,0.000,0.707]",[],[],[],[]
14,BurstSliderNote(Clone)/NoteCube/Circle,"[0.000,1.000,-0.248]","[0.000,0.000,0.000]","[0.000,0.000,0.000,1.000]","[0.000,1.000,-0.248]","[0.100,0.100,0.000]",[],[]
14,BurstSliderNote(Clone)/NoteCube/SmallCuttable,"[0.000,1.000,0.000]","[0.000,0.000,0.000]","[0.000,0.000,0.000,1.000]",[],[],"[0.000,1.000,0.000]","[0.000,0.000,0.000]"
14,BurstSliderNote(Clone)/NoteCube/BigCuttable,"[0.000,1.000,0.000]","[0.000,0.000,0.000]","[0.000,0.000,0.000,1.000]",[],[],"[0.000,1.000,0.000]","[0.000,0.000,0.000]"
14,BurstSliderNote(Clone)/NoteCube,"[0.000,1.000,0.000]","[0.000,0.000,0.000]","[0.000,0.000,0.000,1.000]","[0.000,1.000,0.000]","[0.495,0.080,0.495]",[],[]
14,BurstSliderNote(Clone),"[0.000,1.000,0.000]","[90.000,0.000,0.000]","[0.707,0.000,0.000,0.707]",[],[],[],[]
14,BurstSliderNote(Clone)/NoteCube/Circle,"[0.000,1.000,-0.248]","[0.000,0.000,0.000]","[0.000,0.000,0.000,1.000]","[0.000,1.000,-0.248]","[0.100,0.100,0.000]",[],[]
14,BurstSliderNote(Clone)/NoteCube/SmallCuttable,"[0.000,1.000,0.000]","[0.000,0.000,0.000]","[0.000,0.000,0.000,1.000]",[],[],"[0.000,1.000,0.000]","[0.000,0.000,0.000]"
14,BurstSliderNote(Clone)/NoteCube/BigCuttable,"[0.000,1.000,0.000]","[0.000,0.000,0.000]","[0.000,0.000,0.000,1.000]",[],[],"[0.000,1.000,0.000]","[0.000,0.000,0.000]"
14,BurstSliderNote(Clone)/NoteCube,"[0.000,1.000,0.000]","[0.000,0.000,0.000]","[0.000,0.000,0.000,1.000]","[0.000,1.000,0.000]","[0.495,0.080,0.495]",[],[]
14,BurstSliderNote(Clone),"[0.000,1.000,0.000]","[90.000,0.000,0.000]","[0.707,0.000,0.000,0.707]",[],[],[],[]
14,BurstSliderNote(Clone)/NoteCube/Circle,"[0.000,1.000,-0.248]","[0.000,0.000,0.000]","[0.000,0.000,0.000,1.000]","[0.000,1.000,-0.248]","[0.100,0.100,0.000]",[],[]
14,BurstSliderNote(Clone)/NoteCube/SmallCuttable,"[0.000,1.000,0.000]","[0.000,0.000,0.000]","[0.000,0.000,0.000,1.000]",[],[],"[0.000,1.000,0.000]","[0.000,0.000,0.000]"
14,BurstSliderNote(Clone)/NoteCube/BigCuttable,"[0.000,1.000,0.000]","[0.000,0.000,0.000]","[0.000,0.000,0.000,1.000]",[],[],"[0.000,1.000,0.000]","[0.000,0.000,0.000]"
14,BurstSliderNote(Clone)/NoteCube,"[0.000,1.000,0.000]","[0.000,0.000,0.000]","[0.000,0.000,0.000,1.000]","[0.000,1.000,0.000]","[0.495,0.080,0.495]",[],[]
14,BurstSliderNote(Clone),"[0.000,1.000,0.000]","[90.000,0.000,0.000]","[0.707,0.000,0.000,0.707]",[],[],[],[]
14,BurstSliderNote(Clone)/NoteCube/Circle,"[0.000,1.000,-0.248]","[0.000,0.000,0.000]","[0.000,0.000,0.000,1.000]","[0.000,1.000,-0.248]","[0.100,0.100,0.000]",[],[]
14,BurstSliderNote(Clone)/NoteCube/SmallCuttable,"[0.000,1.000,0.000]","[0.000,0.000,0.000]","[0.000,0.000,0.000,1.000]",[],[],"[0.000,1.000,0.000]","[0.000,0.000,0.000]"
14,BurstSliderNote(Clone)/NoteCube/BigCuttable,"[0.000,1.000,0.000]","[0.000,0.000,0.000]","[0.000,0.000,0.000,1.000]",[],[],"[0.000,1.000,0.000]","[0.000,0.000,0.000]"
14,BurstSliderNote(Clone)/NoteCube,"[0.000,1.000,0.000]","[0.000,0.000,0.000]","[0.000,0.000,0.000,1.000]","[0.000,1.000,0.000]","[0.495,0.080,0.495]",[],[]
14,BurstSliderNote(Clone),"[0.000,1.000,0.000]","[90.000,0.000,0.000]","[0.707,0.000,0.000,0.707]",[],[],[],[]
14,BurstSliderNote(Clone)/NoteCube/Circle,"[0.000,1.000,-0.248]","[0.000,0.000,0.000]","[0.000,0.000,0.000,1.000]","[0.000,1.000,-0.248]","[0.100,0.100,0.000]",[],[]
14,BurstSliderNote(Clone)/NoteCube/SmallCuttable,"[0.000,1.000,0.000]","[0.000,0.000,0.000]","[0.000,0.000,0.000,1.000]",[],[],"[0.000,1.000,0.000]","[0.000,0.000,0.000]"
14,BurstSliderNote(Clone)/NoteCube/BigCuttable,"[0.000,1.000,0.000]","[0.000,0.000,0.000]","[0.000,0.000,0.000,1.000]",[],[],"[0.000,1.000,0.000]","[0.000,0.000,0.000]"
14,BurstSliderNote(Clone)/NoteCube,"[0.000,1.000,0.000]","[0.000,0.000,0.000]","[0.000,0.000,0.000,1.000]","[0.000,1.000,0.000]","[0.495,0.080,0.495]",[],[]
14,BurstSliderNote(Clone),"[0.000,1.000,0.000]","[90.000,0.000,0.000]","[0.707,0.000,0.000,0.707]",[],[],[],[]
14,BurstSliderNote(Clone)/NoteCube/Circle,"[0.000,1.000,-0.248]","[0.000,0.000,0.000]","[0.000,0.000,0.000,1.000]","[0.000,1.000,-0.248]","[0.100,0.100,0.000]",[],[]
14,BurstSliderNote(Clone)/NoteCube/SmallCuttable,"[0.000,1.000,0.000]","[0.000,0.000,0.000]","[0.000,0.000,0.000,1.000]",[],[],"[0.000,1.000,0.000]","[0.000,0.000,0.000]"
14,BurstSliderNote(Clone)/NoteCube/BigCuttable,"[0.000,1.000,0.000]","[0.000,0.000,0.000]","[0.000,0.000,0.000,1.000]",[],[],"[0.000,1.000,0.000]","[0.000,0.000,0.000]"
14,BurstSliderNote(Clone)/NoteCube,"[0.000,1.000,0.000]","[0.000,0.000,0.000]","[0.000,0.000,0.000,1.000]","[0.000,1.000,0.000]","[0.495,0.080,0.495]",[],[]
14,BurstSliderNote(Clone),"[0.000,1.000,0.000]","[90.000,0.000,0.000]","[0.707,0.000,0.000,0.707]",[],[],[],[]
14,BurstSliderNote(Clone)/NoteCube/Circle,"[0.000,1.000,-0.248]","[0.000,0.000,0.000]","[0.000,0.000,0.000,1.000]","[0.000,1.000,-0.248]","[0.100,0.100,0.000]",[],[]
14,BurstSliderNote(Clone)/NoteCube/SmallCuttable,"[0.000,1.000,0.000]","[0.000,0.000,0.000]","[0.000,0.000,0.000,1.000]",[],[],"[0.000,1.000,0.000]","[0.000,0.000,0.000]"
14,BurstSliderNote(Clone)/NoteCube/BigCuttable,"[0.000,1.000,0.000]","[0.000,0.000,0.000]","[0.000,0.000,0.000,1.000]",[],[],"[0.000,1.000,0.000]","[0.000,0.000,0.000]"
14,BurstSliderNote(Clone)/NoteCube,"[0.000,1.000,0.000]","[0.000,0.000,0.000]","[0.000,0.000,0.000,1.000]","[0.000,1.000,0.000]","[0.495,0.080,0.495]",[],[]
14,BurstSliderNote(Clone),"[0.000,1.000,0.000]","[90.000,0.000,0.000]","[0.707,0.000,0.000,0.707]",[],[],[],[]
14,BurstSliderNote(Clone)/NoteCube/Circle,"[0.000,1.000,-0.248]","[0.000,0.000,0.000]","[0.000,0.000,0.000,1.000]","[0.000,1.000,-0.248]","[0.100,0.100,0.000]",[],[]
14,BurstSliderNote(Clone)/NoteCube/SmallCuttable,"[0.000,1.000,0.000]","[0.000,0.000,0.000]","[0.000,0.000,0.000,1.000]",[],[],"[0.000,1.000,0.000]","[0.000,0.000,0.000]"
14,BurstSliderNote(Clone)/NoteCube/BigCuttable,"[0.000,1.000,0.000]","[0.000,0.000,0.000]","[0.000,0.000,0.000,1.000]",[],[],"[0.000,1.000,0.000]","[0.000,0.000,0.000]"
14,BurstSliderNote(Clone)/NoteCube,"[0.000,1.000,0.000]","[0.000,0.000,0.000]","[0.000,0.000,0.000,1.000]","[0.000,1.000,0.000]","[0.495,0.080,0.495]",[],[]
14,BurstSliderNote(Clone),"[0.000,1.000,0.000]","[90.000,0.000,0.000]","[0.707,0.000,0.000,0.707]",[],[],[],[]
14,BurstSliderNote(Clone)/NoteCube/Circle,"[0.000,1.000,-0.248]","[0.000,0.000,0.000]","[0.000,0.000,0.000,1.000]","[0.000,1.000,-0.248]","[0.100,0.100,0.000]",[],[]
14,BurstSliderNote(Clone)/NoteCube/SmallCuttable,"[0.000,1.000,0.000]","[0.000,0.000,0.000]","[0.000,0.000,0.000,1.000]",[],[],"[0.000,1.000,0.000]","[0.000,0.000,0.000]"
14,BurstSliderNote(Clone)/NoteCube/BigCuttable,"[0.000,1.000,0.000]","[0.000,0.000,0.000]","[0.000,0.000,0.000,1.000]",[],[],"[0.000,1.000,0.000]","[0.000,0.000,0.000]"
14,BurstSliderNote(Clone)/NoteCube,"[0.000,1.000,0.000]","[0.000,0.000,0.000]","[0.000,0.000,0.000,1.000]","[0.000,1.000,0.000]","[0.495,0.080,0.495]",[],[]
14,BurstSliderNote(Clone),"[0.000,1.000,0.000]","[90.000,0.000,0.000]","[0.707,0.000,0.000,0.707]",[],[],[],[]
14,BurstSliderNote(Clone)/NoteCube/Circle,"[0.000,1.000,-0.248]","[0.000,0.000,0.000]","[0.000,0.000,0.000,1.000]","[0.000,1.000,-0.248]","[0.100,0.100,0.000]",[],[]
14,BurstSliderNote(Clone)/NoteCube/SmallCuttable,"[0.000,1.000,0.000]","[0.000,0.000,0.000]","[0.000,0.000,0.000,1.000]",[],[],"[0.000,1.000,0.000]","[0.000,0.000,0.000]"
14,BurstSliderNote(Clone)/NoteCube/BigCuttable,"[0.000,1.000,0.000]","[0.000,0.000,0.000]","[0.000,0.000,0.000,1.000]",[],[],"[0.000,1.000,0.000]","[0.000,0.000,0.000]"
14,BurstSliderNote(Clone)/NoteCube,"[0.000,1.000,0.000]","[0.000,0.000,0.000]","[0.000,0.000,0.000,1.000]","[0.000,1.000,0.000]","[0.495,0.080,0.495]",[],[]
14,BurstSliderNote(Clone),"[0.000,1.000,0.000]","[90.000,0.000,0.000]","[0.707,0.000,0.000,0.707]",[],[],[],[]
14,BurstSliderNote(Clone)/NoteCube/Circle,"[0.000,1.000,-0.248]","[0.000,0.000,0.000]","[0.000,0.000,0.000,1.000]","[0.000,1.000,-0.248]","[0.100,0.100,0.000]",[],[]
14,BurstSliderNote(Clone)/NoteCube/SmallCuttable,"[0.000,1.000,0.000]","[0.000,0.000,0.000]","[0.000,0.000,0.000,1.000]",[],[],"[0.000,1.000,0.000]","[0.000,0.000,0.000]"
14,BurstSliderNote(Clone)/NoteCube/BigCuttable,"[0.000,1.000,0.000]","[0.000,0.000,0.000]","[0.000,0.000,0.000,1.000]",[],[],"[0.000,1.000,0.000]","[0.000,0.000,0.000]"
14,BurstSliderNote(Clone)/NoteCube,"[0.000,1.000,0.000]","[0.000,0.000,0.000]","[0.000,0.000,0.000,1.000]","[0.000,1.000,0.000]","[0.495,0.080,0.495]",[],[]
14,BurstSliderNote(Clone),"[0.000,1.000,0.000]","[90.000,0.000,0.000]","[0.707,0.000,0.000,0.707]",[],[],[],[]
14,BurstSliderNote(Clone)/NoteCube/Circle,"[0.000,1.000,-0.248]","[0.000,0.000,0.000]","[0.000,0.000,0.000,1.000]","[0.000,1.000,-0.248]","[0.100,0.100,0.000]",[],[]
14,BurstSliderNote(Clone)/NoteCube/SmallCuttable,"[0.000,1.000,0.000]","[0.000,0.000,0.000]","[0.000,0.000,0.000,1.000]",[],[],"[0.000,1.000,0.000]","[0.000,0.000,0.000]"
14,BurstSliderNote(Clone)/NoteCube/BigCuttable,"[0.000,1.000,0.000]","[0.000,0.000,0.000]","[0.000,0.000,0.000,1.000]",[],[],"[0.000,1.000,0.000]","[0.000,0.000,0.000]"
14,BurstSliderNote(Clone)/NoteCube,"[0.000,1.000,0.000]","[0.000,0.000,0.000]","[0.000,0.000,0.000,1.000]","[0.000,1.000,0.000]","[0.495,0.080,0.495]",[],[]
14,BurstSliderNote(Clone),"[0.000,1.000,0.000]","[90.000,0.000,0.000]","[0.707,0.000,0.000,0.707]",[],[],[],[]
14,BurstSliderNote(Clone)/NoteCube/Circle,"[0.000,1.000,-0.248]","[0.000,0.000,0.000]","[0.000,0.000,0.000,1.000]","[0.000,1.000,-0.248]","[0.100,0.100,0.000]",[],[]
14,BurstSliderNote(Clone)/NoteCube/SmallCuttable,"[0.000,1.000,0.000]","[0.000,0.000,0.000]","[0.000,0.000,0.000,1.000]",[],[],"[0.000,1.000,0.000]","[0.000,0.000,0.000]"
14,BurstSliderNote(Clone)/NoteCube/BigCuttable,"[0.000,1.000,0.000]","[0.000,0.000,0.000]","[0.000,0.000,0.000,1.000]",[],[],"[0.000,1.000,0.000]","[0.000,0.000,0.000]"
14,BurstSliderNote(Clone)/NoteCube,"[0.000,1.000,0.000]","[0.000,0.000,0.000]","[0.000,0.000,0.000,1.000]","[0.000,1.000,0.000]","[0.495,0.080,0.495]",[],[]
14,BurstSliderNote(Clone),"[0.000,1.000,0.000]","[90.000,0.000,0.000]","[0.707,0.000,0.000,0.707]",[],[],[],[]
14,BurstSliderNote(Clone)/NoteCube/Circle,"[0.000,1.000,-0.248]","[0.000,0.000,0.000]","[0.000,0.000,0.000,1.000]","[0.000,1.000,-0.248]","[0.100,0.100,0.000]",[],[]
14,BurstSliderNote(Clone)/NoteCube/SmallCuttable,"[0.000,1.000,0.000]","[0.000,0.000,0.000]","[0.000,0.000,0.000,1.000]",[],[],"[0.000,1.000,0.000]","[0.000,0.000,0.000]"
14,BurstSliderNote(Clone)/NoteCube/BigCuttable,"[0.000,1.000,0.000]","[0.000,0.000,0.000]","[0.000,0.000,0.000,1.000]",[],[],"[0.000,1.000,0.000]","[0.000,0.000,0.000]"
14,BurstSliderNote(Clone)/NoteCube,"[0.000,1.000,0.000]","[0.000,0.000,0.000]","[0.000,0.000,0.000,1.000]","[0.000,1.000,0.000]","[0.495,0.080,0.495]",[],[]
14,BurstSliderNote(Clone),"[0.000,1.000,0.000]","[90.000,0.000,0.000]","[0.707,0.000,0.000,0.707]",[],[],[],[]
14,BurstSliderNote(Clone)/NoteCube/Circle,"[0.000,1.000,-0.248]","[0.000,0.000,0.000]","[0.000,0.000,0.000,1.000]","[0.000,1.000,-0.248]","[0.100,0.100,0.000]",[],[]
14,BurstSliderNote(Clone)/NoteCube/SmallCuttable,"[0.000,1.000,0.000]","[0.000,0.000,0.000]","[0.000,0.000,0.000,1.000]",[],[],"[0.000,1.000,0.000]","[0.000,0.000,0.000]"
14,BurstSliderNote(Clone)/NoteCube/BigCuttable,"[0.000,1.000,0.000]","[0.000,0.000,0.000]","[0.000,0.000,0.000,1.000]",[],[],"[0.000,1.000,0.000]","[0.000,0.000,0.000]"
14,BurstSliderNote(Clone)/NoteCube,"[0.000,1.000,0.000]","[0.000,0.000,0.000]","[0.000,0.000,0.000,1.000]","[0.000,1.000,0.000]","[0.495,0.080,0.495]",[],[]
14,BurstSliderNote(Clone),"[0.000,1.000,0.000]","[90.000,0.000,0.000]","[0.707,0.000,0.000,0.707]",[],[],[],[]
14,BurstSliderNote(Clone)/NoteCube/Circle,"[0.000,1.000,-0.248]","[0.000,0.000,0.000]","[0.000,0.000,0.000,1.000]","[0.000,1.000,-0.248]","[0.100,0.100,0.000]",[],[]
14,BurstSliderNote(Clone)/NoteCube/SmallCuttable,"[0.000,1.000,0.000]","[0.000,0.000,0.000]","[0.000,0.000,0.000,1.000]",[],[],"[0.000,1.000,0.000]","[0.000,0.000,0.000]"
14,BurstSliderNote(Clone)/NoteCube/BigCuttable,"[0.000,1.000,0.000]","[0.000,0.000,0.000]","[0.000,0.000,0.000,1.000]",[],[],"[0.000,1.000,0.000]","[0.000,0.000,0.000]"
14,BurstSliderNote(Clone)/NoteCube,"[0.000,1.000,0.000]","[0.000,0.000,0.000]","[0.000,0.000,0.000,1.000]","[0.000,1.000,0.000]","[0.495,0.080,0.495]",[],[]
14,BurstSliderNote(Clone),"[0.000,1.000,0.000]","[90.000,0.000,0.000]","[0.707,0.000,0.000,0.707]",[],[],[],[]
14,BurstSliderNote(Clone)/NoteCube/Circle,"[0.000,1.000,-0.248]","[0.000,0.000,0.000]","[0.000,0.000,0.000,1.000]","[0.000,1.000,-0.248]","[0.100,0.100,0.000]",[],[]
14,BurstSliderNote(Clone)/NoteCube/SmallCuttable,"[0.000,1.000,0.000]","[0.000,0.000,0.000]","[0.000,0.000,0.000,1.000]",[],[],"[0.000,1.000,0.000]","[0.000,0.000,0.000]"
14,BurstSliderNote(Clone)/NoteCube/BigCuttable,"[0.000,1.000,0.000]","[0.000,0.000,0.000]","[0.000,0.000,0.000,1.000]",[],[],"[0.000,1.000,0.000]","[0.000,0.000,0.000]"
14,BurstSliderNote(Clone)/NoteCube,"[0.000,1.000,0.000]","[0.000,0.000,0.000]","[0.000,0.000,0.000,1.000]","[0.000,1.000,0.000]","[0.495,0.080,0.495]",[],[]
14,BurstSliderNote(Clone),"[0.000,1.000,0.000]","[90.000,0.000,0.000]","[0.707,0.000,0.000,0.707]",[],[],[],[]
14,BurstSliderNote(Clone)/NoteCube/Circle,"[0.000,1.000,-0.248]","[0.000,0.000,0.000]","[0.000,0.000,0.000,1.000]","[0.000,1.000,-0.248]","[0.100,0.100,0.000]",[],[]
14,BurstSliderNote(Clone)/NoteCube/SmallCuttable,"[0.000,1.000,0.000]","[0.000,0.000,0.000]","[0.000,0.000,0.000,1.000]",[],[],"[0.000,1.000,0.000]","[0.000,0.000,0.000]"
14,BurstSliderNote(Clone)/NoteCube/BigCuttable,"[0.000,1.000,0.000]","[0.000,0.000,0.000]","[0.000,0.000,0.000,1.000]",[],[],"[0.000,1.000,0.000]","[0.000,0.000,0.000]"
14,BurstSliderNote(Clone)/NoteCube,"[0.000,1.000,0.000]","[0.000,0.000,0.000]","[0.000,0.000,0.000,1.000]","[0.000,1.000,0.000]","[0.495,0.080,0.495]",[],[]
14,BurstSliderNote(Clone),"[0.000,1.000,0.000]","[90.000,0.000,0.000]","[0.707,0.000,0.000,0.707]",[],[],[],[]
14,BurstSliderHeadNote(Clone)/NoteCube/NoteCircleGlow,"[0.000,1.000,-0.253]","[0.000,0.000,0.000]","[0.000,0.000,0.000,1.000]","[0.000,1.000,-0.253]","[0.500,0.500,0.000]",[],[]
14,BurstSliderHeadNote(Clone)/NoteCube/NoteArrowGlow,"[0.000,1.104,-0.253]","[0.000,0.000,0.000]","[0.000,0.000,0.000,1.000]","[0.000,1.104,-0.253]","[0.560,0.280,0.000]",[],[]
14,BurstSliderHeadNote(Clone)/NoteCube/NoteArrow,"[0.000,1.108,-0.254]","[0.000,0.000,0.000]","[0.000,0.000,0.000,1.000]","[0.000,1.105,-0.254]","[0.300,0.090,0.010]",[],[]
14,BurstSliderHeadNote(Clone)/NoteCube/SmallCuttable,"[0.000,1.000,0.000]","[0.000,0.000,0.000]","[0.000,0.000,0.000,1.000]",[],[],"[0.000,1.000,0.000]","[0.000,0.000,0.000]"
14,BurstSliderHeadNote(Clone)/NoteCube/BigCuttable,"[0.000,1.000,0.000]","[0.000,0.000,0.000]","[0.000,0.000,0.000,1.000]",[],[],"[0.000,1.000,0.000]","[0.000,0.000,0.000]"
14,BurstSliderHeadNote(Clone)/NoteCube,"[0.000,1.000,0.000]","[0.000,0.000,0.000]","[0.000,0.000,0.000,1.000]","[0.000,1.104,0.000]","[0.495,0.287,0.495]",[],[]
14,BurstSliderHeadNote(Clone),"[0.000,1.000,0.000]","[90.000,0.000,0.000]","[0.707,0.000,0.000,0.707]",[],[],[],[]
14,BurstSliderHeadNote(Clone)/NoteCube/NoteCircleGlow,"[0.000,1.000,-0.253]","[0.000,0.000,0.000]","[0.000,0.000,0.000,1.000]","[0.000,1.000,-0.253]","[0.500,0.500,0.000]",[],[]
14,BurstSliderHeadNote(Clone)/NoteCube/NoteArrowGlow,"[0.000,1.104,-0.253]","[0.000,0.000,0.000]","[0.000,0.000,0.000,1.000]","[0.000,1.104,-0.253]","[0.560,0.280,0.000]",[],[]
14,BurstSliderHeadNote(Clone)/NoteCube/NoteArrow,"[0.000,1.108,-0.254]","[0.000,0.000,0.000]","[0.000,0.000,0.000,1.000]","[0.000,1.105,-0.254]","[0.300,0.090,0.010]",[],[]
14,BurstSliderHeadNote(Clone)/NoteCube/SmallCuttable,"[0.000,1.000,0.000]","[0.000,0.000,0.000]","[0.000,0.000,0.000,1.000]",[],[],"[0.000,1.000,0.000]","[0.000,0.000,0.000]"
14,BurstSliderHeadNote(Clone)/NoteCube/BigCuttable,"[0.000,1.000,0.000]","[0.000,0.000,0.000]","[0.000,0.000,0.000,1.000]",[],[],"[0.000,1.000,0.000]","[0.000,0.000,0.000]"
14,BurstSliderHeadNote(Clone)/NoteCube,"[0.000,1.000,0.000]","[0.000,0.000,0.000]","[0.000,0.000,0.000,1.000]","[0.000,1.104,0.000]","[0.495,0.287,0.495]",[],[]
14,BurstSliderHeadNote(Clone),"[0.000,1.000,0.000]","[90.000,0.000,0.000]","[0.707,0.000,0.000,0.707]",[],[],[],[]
14,BurstSliderHeadNote(Clone)/NoteCube/NoteCircleGlow,"[0.000,1.000,-0.253]","[0.000,0.000,0.000]","[0.000,0.000,0.000,1.000]","[0.000,1.000,-0.253]","[0.500,0.500,0.000]",[],[]
14,BurstSliderHeadNote(Clone)/NoteCube/NoteArrowGlow,"[0.000,1.104,-0.253]","[0.000,0.000,0.000]","[0.000,0.000,0.000,1.000]","[0.000,1.104,-0.253]","[0.560,0.280,0.000]",[],[]
14,BurstSliderHeadNote(Clone)/NoteCube/NoteArrow,"[0.000,1.108,-0.254]","[0.000,0.000,0.000]","[0.000,0.000,0.000,1.000]","[0.000,1.105,-0.254]","[0.300,0.090,0.010]",[],[]
14,BurstSliderHeadNote(Clone)/NoteCube/SmallCuttable,"[0.000,1.000,0.000]","[0.000,0.000,0.000]","[0.000,0.000,0.000,1.000]",[],[],"[0.000,1.000,0.000]","[0.000,0.000,0.000]"
14,BurstSliderHeadNote(Clone)/NoteCube/BigCuttable,"[0.000,1.000,0.000]","[0.000,0.000,0.000]","[0.000,0.000,0.000,1.000]",[],[],"[0.000,1.000,0.000]","[0.000,0.000,0.000]"
14,BurstSliderHeadNote(Clone)/NoteCube,"[0.000,1.000,0.000]","[0.000,0.000,0.000]","[0.000,0.000,0.000,1.000]","[0.000,1.104,0.000]","[0.495,0.287,0.495]",[],[]
14,BurstSliderHeadNote(Clone),"[0.000,1.000,0.000]","[90.000,0.000,0.000]","[0.707,0.000,0.000,0.707]",[],[],[],[]
14,BurstSliderHeadNote(Clone)/NoteCube/NoteCircleGlow,"[0.000,1.000,-0.253]","[0.000,0.000,0.000]","[0.000,0.000,0.000,1.000]","[0.000,1.000,-0.253]","[0.500,0.500,0.000]",[],[]
14,BurstSliderHeadNote(Clone)/NoteCube/NoteArrowGlow,"[0.000,1.104,-0.253]","[0.000,0.000,0.000]","[0.000,0.000,0.000,1.000]","[0.000,1.104,-0.253]","[0.560,0.280,0.000]",[],[]
14,BurstSliderHeadNote(Clone)/NoteCube/NoteArrow,"[0.000,1.108,-0.254]","[0.000,0.000,0.000]","[0.000,0.000,0.000,1.000]","[0.000,1.105,-0.254]","[0.300,0.090,0.010]",[],[]
14,BurstSliderHeadNote(Clone)/NoteCube/SmallCuttable,"[0.000,1.000,0.000]","[0.000,0.000,0.000]","[0.000,0.000,0.000,1.000]",[],[],"[0.000,1.000,0.000]","[0.000,0.000,0.000]"
14,BurstSliderHeadNote(Clone)/NoteCube/BigCuttable,"[0.000,1.000,0.000]","[0.000,0.000,0.000]","[0.000,0.000,0.000,1.000]",[],[],"[0.000,1.000,0.000]","[0.000,0.000,0.000]"
14,BurstSliderHeadNote(Clone)/NoteCube,"[0.000,1.000,0.000]","[0.000,0.000,0.000]","[0.000,0.000,0.000,1.000]","[0.000,1.104,0.000]","[0.495,0.287,0.495]",[],[]
14,BurstSliderHeadNote(Clone),"[0.000,1.000,0.000]","[90.000,0.000,0.000]","[0.707,0.000,0.000,0.707]",[],[],[],[]
14,BurstSliderHeadNote(Clone)/NoteCube/NoteCircleGlow,"[0.000,1.000,-0.253]","[0.000,0.000,0.000]","[0.000,0.000,0.000,1.000]","[0.000,1.000,-0.253]","[0.500,0.500,0.000]",[],[]
14,BurstSliderHeadNote(Clone)/NoteCube/NoteArrowGlow,"[0.000,1.104,-0.253]","[0.000,0.000,0.000]","[0.000,0.000,0.000,1.000]","[0.000,1.104,-0.253]","[0.560,0.280,0.000]",[],[]
14,BurstSliderHeadNote(Clone)/NoteCube/NoteArrow,"[0.000,1.108,-0.254]","[0.000,0.000,0.000]","[0.000,0.000,0.000,1.000]","[0.000,1.105,-0.254]","[0.300,0.090,0.010]",[],[]
14,BurstSliderHeadNote(Clone)/NoteCube/SmallCuttable,"[0.000,1.000,0.000]","[0.000,0.000,0.000]","[0.000,0.000,0.000,1.000]",[],[],"[0.000,1.000,0.000]","[0.000,0.000,0.000]"
14,BurstSliderHeadNote(Clone)/NoteCube/BigCuttable,"[0.000,1.000,0.000]","[0.000,0.000,0.000]","[0.000,0.000,0.000,1.000]",[],[],"[0.000,1.000,0.000]","[0.000,0.000,0.000]"
14,BurstSliderHeadNote(Clone)/NoteCube,"[0.000,1.000,0.000]","[0.000,0.000,0.000]","[0.000,0.000,0.000,1.000]","[0.000,1.104,0.000]","[0.495,0.287,0.495]",[],[]
14,BurstSliderHeadNote(Clone),"[0.000,1.000,0.000]","[90.000,0.000,0.000]","[0.707,0.000,0.000,0.707]",[],[],[],[]
14,BurstSliderHeadNote(Clone)/NoteCube/NoteCircleGlow,"[0.000,1.000,-0.253]","[0.000,0.000,0.000]","[0.000,0.000,0.000,1.000]","[0.000,1.000,-0.253]","[0.500,0.500,0.000]",[],[]
14,BurstSliderHeadNote(Clone)/NoteCube/NoteArrowGlow,"[0.000,1.104,-0.253]","[0.000,0.000,0.000]","[0.000,0.000,0.000,1.000]","[0.000,1.104,-0.253]","[0.560,0.280,0.000]",[],[]
14,BurstSliderHeadNote(Clone)/NoteCube/NoteArrow,"[0.000,1.108,-0.254]","[0.000,0.000,0.000]","[0.000,0.000,0.000,1.000]","[0.000,1.105,-0.254]","[0.300,0.090,0.010]",[],[]
14,BurstSliderHeadNote(Clone)/NoteCube/SmallCuttable,"[0.000,1.000,0.000]","[0.000,0.000,0.000]","[0.000,0.000,0.000,1.000]",[],[],"[0.000,1.000,0.000]","[0.000,0.000,0.000]"
14,BurstSliderHeadNote(Clone)/NoteCube/BigCuttable,"[0.000,1.000,0.000]","[0.000,0.000,0.000]","[0.000,0.000,0.000,1.000]",[],[],"[0.000,1.000,0.000]","[0.000,0.000,0.000]"
14,BurstSliderHeadNote(Clone)/NoteCube,"[0.000,1.000,0.000]","[0.000,0.000,0.000]","[0.000,0.000,0.000,1.000]","[0.000,1.104,0.000]","[0.495,0.287,0.495]",[],[]
14,BurstSliderHeadNote(Clone),"[0.000,1.000,0.000]","[90.000,0.000,0.000]","[0.707,0.000,0.000,0.707]",[],[],[],[]
14,BurstSliderHeadNote(Clone)/NoteCube/NoteCircleGlow,"[0.000,1.000,-0.253]","[0.000,0.000,0.000]","[0.000,0.000,0.000,1.000]","[0.000,1.000,-0.253]","[0.500,0.500,0.000]",[],[]
14,BurstSliderHeadNote(Clone)/NoteCube/NoteArrowGlow,"[0.000,1.104,-0.253]","[0.000,0.000,0.000]","[0.000,0.000,0.000,1.000]","[0.000,1.104,-0.253]","[0.560,0.280,0.000]",[],[]
14,BurstSliderHeadNote(Clone)/NoteCube/NoteArrow,"[0.000,1.108,-0.254]","[0.000,0.000,0.000]","[0.000,0.000,0.000,1.000]","[0.000,1.105,-0.254]","[0.300,0.090,0.010]",[],[]
14,BurstSliderHeadNote(Clone)/NoteCube/SmallCuttable,"[0.000,1.000,0.000]","[0.000,0.000,0.000]","[0.000,0.000,0.000,1.000]",[],[],"[0.000,1.000,0.000]","[0.000,0.000,0.000]"
14,BurstSliderHeadNote(Clone)/NoteCube/BigCuttable,"[0.000,1.000,0.000]","[0.000,0.000,0.000]","[0.000,0.000,0.000,1.000]",[],[],"[0.000,1.000,0.000]","[0.000,0.000,0.000]"
14,BurstSliderHeadNote(Clone)/NoteCube,"[0.000,1.000,0.000]","[0.000,0.000,0.000]","[0.000,0.000,0.000,1.000]","[0.000,1.104,0.000]","[0.495,0.287,0.495]",[],[]
14,BurstSliderHeadNote(Clone),"[0.000,1.000,0.000]","[90.000,0.000,0.000]","[0.707,0.000,0.000,0.707]",[],[],[],[]
14,BurstSliderHeadNote(Clone)/NoteCube/NoteCircleGlow,"[0.000,1.000,-0.253]","[0.000,0.000,0.000]","[0.000,0.000,0.000,1.000]","[0.000,1.000,-0.253]","[0.500,0.500,0.000]",[],[]
14,BurstSliderHeadNote(Clone)/NoteCube/NoteArrowGlow,"[0.000,1.104,-0.253]","[0.000,0.000,0.000]","[0.000,0.000,0.000,1.000]","[0.000,1.104,-0.253]","[0.560,0.280,0.000]",[],[]
14,BurstSliderHeadNote(Clone)/NoteCube/NoteArrow,"[0.000,1.108,-0.254]","[0.000,0.000,0.000]","[0.000,0.000,0.000,1.000]","[0.000,1.105,-0.254]","[0.300,0.090,0.010]",[],[]
14,BurstSliderHeadNote(Clone)/NoteCube/SmallCuttable,"[0.000,1.000,0.000]","[0.000,0.000,0.000]","[0.000,0.000,0.000,1.000]",[],[],"[0.000,1.000,0.000]","[0.000,0.000,0.000]"
14,BurstSliderHeadNote(Clone)/NoteCube/BigCuttable,"[0.000,1.000,0.000]","[0.000,0.000,0.000]","[0.000,0.000,0.000,1.000]",[],[],"[0.000,1.000,0.000]","[0.000,0.000,0.000]"
14,BurstSliderHeadNote(Clone)/NoteCube,"[0.000,1.000,0.000]","[0.000,0.000,0.000]","[0.000,0.000,0.000,1.000]","[0.000,1.104,0.000]","[0.495,0.287,0.495]",[],[]
14,BurstSliderHeadNote(Clone),"[0.000,1.000,0.000]","[90.000,0.000,0.000]","[0.707,0.000,0.000,0.707]",[],[],[],[]
14,BurstSliderHeadNote(Clone)/NoteCube/NoteCircleGlow,"[0.000,1.000,-0.253]","[0.000,0.000,0.000]","[0.000,0.000,0.000,1.000]","[0.000,1.000,-0.253]","[0.500,0.500,0.000]",[],[]
14,BurstSliderHeadNote(Clone)/NoteCube/NoteArrowGlow,"[0.000,1.104,-0.253]","[0.000,0.000,0.000]","[0.000,0.000,0.000,1.000]","[0.000,1.104,-0.253]","[0.560,0.280,0.000]",[],[]
14,BurstSliderHeadNote(Clone)/NoteCube/NoteArrow,"[0.000,1.108,-0.254]","[0.000,0.000,0.000]","[0.000,0.000,0.000,1.000]","[0.000,1.105,-0.254]","[0.300,0.090,0.010]",[],[]
14,BurstSliderHeadNote(Clone)/NoteCube/SmallCuttable,"[0.000,1.000,0.000]","[0.000,0.000,0.000]","[0.000,0.000,0.000,1.000]",[],[],"[0.000,1.000,0.000]","[0.000,0.000,0.000]"
14,BurstSliderHeadNote(Clone)/NoteCube/BigCuttable,"[0.000,1.000,0.000]","[0.000,0.000,0.000]","[0.000,0.000,0.000,1.000]",[],[],"[0.000,1.000,0.000]","[0.000,0.000,0.000]"
14,BurstSliderHeadNote(Clone)/NoteCube,"[0.000,1.000,0.000]","[0.000,0.000,0.000]","[0.000,0.000,0.000,1.000]","[0.000,1.104,0.000]","[0.495,0.287,0.495]",[],[]
14,BurstSliderHeadNote(Clone),"[0.000,1.000,0.000]","[90.000,0.000,0.000]","[0.707,0.000,0.000,0.707]",[],[],[],[]
14,BurstSliderHeadNote(Clone)/NoteCube/NoteCircleGlow,"[0.000,1.000,-0.253]","[0.000,0.000,0.000]","[0.000,0.000,0.000,1.000]","[0.000,1.000,-0.253]","[0.500,0.500,0.000]",[],[]
14,BurstSliderHeadNote(Clone)/NoteCube/NoteArrowGlow,"[0.000,1.104,-0.253]","[0.000,0.000,0.000]","[0.000,0.000,0.000,1.000]","[0.000,1.104,-0.253]","[0.560,0.280,0.000]",[],[]
14,BurstSliderHeadNote(Clone)/NoteCube/NoteArrow,"[0.000,1.108,-0.254]","[0.000,0.000,0.000]","[0.000,0.000,0.000,1.000]","[0.000,1.105,-0.254]","[0.300,0.090,0.010]",[],[]
14,BurstSliderHeadNote(Clone)/NoteCube/SmallCuttable,"[0.000,1.000,0.000]","[0.000,0.000,0.000]","[0.000,0.000,0.000,1.000]",[],[],"[0.000,1.000,0.000]","[0.000,0.000,0.000]"
14,BurstSliderHeadNote(Clone)/NoteCube/BigCuttable,"[0.000,1.000,0.000]","[0.000,0.000,0.000]","[0.000,0.000,0.000,1.000]",[],[],"[0.000,1.000,0.000]","[0.000,0.000,0.000]"
14,BurstSliderHeadNote(Clone)/NoteCube,"[0.000,1.000,0.000]","[0.000,0.000,0.000]","[0.000,0.000,0.000,1.000]","[0.000,1.104,0.000]","[0.495,0.287,0.495]",[],[]
14,BurstSliderHeadNote(Clone),"[0.000,1.000,0.000]","[90.000,0.000,0.000]","[0.707,0.000,0.000,0.707]",[],[],[],[]
14,NormalGameNote(Clone)/NoteCube/NoteCircleGlow,"[-0.288,0.673,4.283]","[1.002,357.228,0.033]","[0.009,-0.024,0.001,1.000]","[-0.288,0.673,4.283]","[0.500,0.500,0.033]",[],[]
14,NormalGameNote(Clone)/NoteCube/NoteArrowGlow,"[-0.288,0.777,4.285]","[1.002,357.228,0.033]","[0.009,-0.024,0.001,1.000]","[-0.288,0.777,4.285]","[0.560,0.280,0.032]",[],[]
14,NormalGameNote(Clone)/NoteCube/NoteArrow,"[-0.288,0.781,4.285]","[1.002,357.228,0.033]","[0.009,-0.024,0.001,1.000]","[-0.288,0.778,4.285]","[0.300,0.090,0.026]",[],[]
14,NormalGameNote(Clone)/NoteCube/SmallCuttable,"[-0.300,0.669,4.536]","[1.002,357.228,0.033]","[0.009,-0.024,0.001,1.000]",[],[],"[-0.300,0.667,4.675]","[0.366,0.356,0.372]"
14,NormalGameNote(Clone)/NoteCube/BigCuttable,"[-0.300,0.669,4.536]","[1.002,357.228,0.033]","[0.009,-0.024,0.001,1.000]",[],[],"[-0.288,0.671,4.425]","[0.846,0.517,1.044]"
14,NormalGameNote(Clone)/NoteCube,"[-0.300,0.669,4.536]","[1.002,357.228,0.033]","[0.009,-0.024,0.001,1.000]","[-0.300,0.669,4.536]","[0.519,0.504,0.527]",[],[]
14,NormalGameNote(Clone),"[-0.300,0.669,4.536]","[0.000,0.000,0.000]","[0.000,0.000,0.000,1.000]",[],[],[],[]
14,NormalGameNote(Clone)/NoteCube/NoteCircleGlow,"[0.300,0.250,31.274]","[0.000,0.000,0.000]","[0.000,0.000,0.000,1.000]","[0.300,0.250,31.274]","[0.500,0.500,0.000]",[],[]
14,NormalGameNote(Clone)/NoteCube/NoteArrowGlow,"[0.300,0.354,31.274]","[0.000,0.000,0.000]","[0.000,0.000,0.000,1.000]","[0.300,0.354,31.274]","[0.560,0.280,0.000]",[],[]
14,NormalGameNote(Clone)/NoteCube/NoteArrow,"[0.300,0.358,31.274]","[0.000,0.000,0.000]","[0.000,0.000,0.000,1.000]","[0.300,0.355,31.274]","[0.300,0.090,0.010]",[],[]
14,NormalGameNote(Clone)/NoteCube/SmallCuttable,"[0.300,0.250,31.527]","[0.000,0.000,0.000]","[0.000,0.000,0.000,1.000]",[],[],"[0.300,0.250,31.527]","[0.000,0.000,0.000]"
14,NormalGameNote(Clone)/NoteCube/BigCuttable,"[0.300,0.250,31.527]","[0.000,0.000,0.000]","[0.000,0.000,0.000,1.000]",[],[],"[0.300,0.250,31.527]","[0.000,0.000,0.000]"
14,NormalGameNote(Clone)/NoteCube,"[0.300,0.250,31.527]","[0.000,0.000,0.000]","[0.000,0.000,0.000,1.000]","[0.300,0.250,31.527]","[0.495,0.495,0.495]",[],[]
14,NormalGameNote(Clone),"[0.300,0.250,31.527]","[0.000,0.000,0.000]","[0.000,0.000,0.000,1.000]",[],[],[],[]
14,NormalGameNote(Clone)/NoteCube/NoteCircleGlow,"[0.000,1.000,-0.253]","[0.000,0.000,0.000]","[0.000,0.000,0.000,1.000]","[0.000,1.000,-0.253]","[0.500,0.500,0.000]",[],[]
14,NormalGameNote(Clone)/NoteCube/NoteArrowGlow,"[0.000,1.104,-0.253]","[0.000,0.000,0.000]","[0.000,0.000,0.000,1.000]","[0.000,1.104,-0.253]","[0.560,0.280,0.000]",[],[]
14,NormalGameNote(Clone)/NoteCube/NoteArrow,"[0.000,1.108,-0.254]","[0.000,0.000,0.000]","[0.000,0.000,0.000,1.000]","[0.000,1.105,-0.254]","[0.300,0.090,0.010]",[],[]
14,NormalGameNote(Clone)/NoteCube/SmallCuttable,"[0.000,1.000,0.000]","[0.000,0.000,0.000]","[0.000,0.000,0.000,1.000]",[],[],"[0.000,1.000,0.000]","[0.000,0.000,0.000]"
14,NormalGameNote(Clone)/NoteCube/BigCuttable,"[0.000,1.000,0.000]","[0.000,0.000,0.000]","[0.000,0.000,0.000,1.000]",[],[],"[0.000,1.000,0.000]","[0.000,0.000,0.000]"
14,NormalGameNote(Clone)/NoteCube,"[0.000,1.000,0.000]","[0.000,0.000,0.000]","[0.000,0.000,0.000,1.000]","[0.000,1.000,0.000]","[0.495,0.495,0.495]",[],[]
14,NormalGameNote(Clone),"[0.000,1.000,0.000]","[90.000,0.000,0.000]","[0.707,0.000,0.000,0.707]",[],[],[],[]
14,NormalGameNote(Clone)/NoteCube/NoteCircleGlow,"[0.000,1.000,-0.253]","[0.000,0.000,0.000]","[0.000,0.000,0.000,1.000]","[0.000,1.000,-0.253]","[0.500,0.500,0.000]",[],[]
14,NormalGameNote(Clone)/NoteCube/NoteArrowGlow,"[0.000,1.104,-0.253]","[0.000,0.000,0.000]","[0.000,0.000,0.000,1.000]","[0.000,1.104,-0.253]","[0.560,0.280,0.000]",[],[]
14,NormalGameNote(Clone)/NoteCube/NoteArrow,"[0.000,1.108,-0.254]","[0.000,0.000,0.000]","[0.000,0.000,0.000,1.000]","[0.000,1.105,-0.254]","[0.300,0.090,0.010]",[],[]
14,NormalGameNote(Clone)/NoteCube/SmallCuttable,"[0.000,1.000,0.000]","[0.000,0.000,0.000]","[0.000,0.000,0.000,1.000]",[],[],"[0.000,1.000,0.000]","[0.000,0.000,0.000]"
14,NormalGameNote(Clone)/NoteCube/BigCuttable,"[0.000,1.000,0.000]","[0.000,0.000,0.000]","[0.000,0.000,0.000,1.000]",[],[],"[0.000,1.000,0.000]","[0.000,0.000,0.000]"
14,NormalGameNote(Clone)/NoteCube,"[0.000,1.000,0.000]","[0.000,0.000,0.000]","[0.000,0.000,0.000,1.000]","[0.000,1.000,0.000]","[0.495,0.495,0.495]",[],[]
14,NormalGameNote(Clone),"[0.000,1.000,0.000]","[90.000,0.000,0.000]","[0.707,0.000,0.000,0.707]",[],[],[],[]
14,NormalGameNote(Clone)/NoteCube/NoteCircleGlow,"[0.000,1.000,-0.253]","[0.000,0.000,0.000]","[0.000,0.000,0.000,1.000]","[0.000,1.000,-0.253]","[0.500,0.500,0.000]",[],[]
14,NormalGameNote(Clone)/NoteCube/NoteArrowGlow,"[0.000,1.104,-0.253]","[0.000,0.000,0.000]","[0.000,0.000,0.000,1.000]","[0.000,1.104,-0.253]","[0.560,0.280,0.000]",[],[]
14,NormalGameNote(Clone)/NoteCube/NoteArrow,"[0.000,1.108,-0.254]","[0.000,0.000,0.000]","[0.000,0.000,0.000,1.000]","[0.000,1.105,-0.254]","[0.300,0.090,0.010]",[],[]
14,NormalGameNote(Clone)/NoteCube/SmallCuttable,"[0.000,1.000,0.000]","[0.000,0.000,0.000]","[0.000,0.000,0.000,1.000]",[],[],"[0.000,1.000,0.000]","[0.000,0.000,0.000]"
14,NormalGameNote(Clone)/NoteCube/BigCuttable,"[0.000,1.000,0.000]","[0.000,0.000,0.000]","[0.000,0.000,0.000,1.000]",[],[],"[0.000,1.000,0.000]","[0.000,0.000,0.000]"
14,NormalGameNote(Clone)/NoteCube,"[0.000,1.000,0.000]","[0.000,0.000,0.000]","[0.000,0.000,0.000,1.000]","[0.000,1.000,0.000]","[0.495,0.495,0.495]",[],[]
14,NormalGameNote(Clone),"[0.000,1.000,0.000]","[90.000,0.000,0.000]","[0.707,0.000,0.000,0.707]",[],[],[],[]
14,NormalGameNote(Clone)/NoteCube/NoteCircleGlow,"[0.000,1.000,-0.253]","[0.000,0.000,0.000]","[0.000,0.000,0.000,1.000]","[0.000,1.000,-0.253]","[0.500,0.500,0.000]",[],[]
14,NormalGameNote(Clone)/NoteCube/NoteArrowGlow,"[0.000,1.104,-0.253]","[0.000,0.000,0.000]","[0.000,0.000,0.000,1.000]","[0.000,1.104,-0.253]","[0.560,0.280,0.000]",[],[]
14,NormalGameNote(Clone)/NoteCube/NoteArrow,"[0.000,1.108,-0.254]","[0.000,0.000,0.000]","[0.000,0.000,0.000,1.000]","[0.000,1.105,-0.254]","[0.300,0.090,0.010]",[],[]
14,NormalGameNote(Clone)/NoteCube/SmallCuttable,"[0.000,1.000,0.000]","[0.000,0.000,0.000]","[0.000,0.000,0.000,1.000]",[],[],"[0.000,1.000,0.000]","[0.000,0.000,0.000]"
14,NormalGameNote(Clone)/NoteCube/BigCuttable,"[0.000,1.000,0.000]","[0.000,0.000,0.000]","[0.000,0.000,0.000,1.000]",[],[],"[0.000,1.000,0.000]","[0.000,0.000,0.000]"
14,NormalGameNote(Clone)/NoteCube,"[0.000,1.000,0.000]","[0.000,0.000,0.000]","[0.000,0.000,0.000,1.000]","[0.000,1.000,0.000]","[0.495,0.495,0.495]",[],[]
14,NormalGameNote(Clone),"[0.000,1.000,0.000]","[90.000,0.000,0.000]","[0.707,0.000,0.000,0.707]",[],[],[],[]
14,NormalGameNote(Clone)/NoteCube/NoteCircleGlow,"[0.000,1.000,-0.253]","[0.000,0.000,0.000]","[0.000,0.000,0.000,1.000]","[0.000,1.000,-0.253]","[0.500,0.500,0.000]",[],[]
14,NormalGameNote(Clone)/NoteCube/NoteArrowGlow,"[0.000,1.104,-0.253]","[0.000,0.000,0.000]","[0.000,0.000,0.000,1.000]","[0.000,1.104,-0.253]","[0.560,0.280,0.000]",[],[]
14,NormalGameNote(Clone)/NoteCube/NoteArrow,"[0.000,1.108,-0.254]","[0.000,0.000,0.000]","[0.000,0.000,0.000,1.000]","[0.000,1.105,-0.254]","[0.300,0.090,0.010]",[],[]
14,NormalGameNote(Clone)/NoteCube/SmallCuttable,"[0.000,1.000,0.000]","[0.000,0.000,0.000]","[0.000,0.000,0.000,1.000]",[],[],"[0.000,1.000,0.000]","[0.000,0.000,0.000]"
14,NormalGameNote(Clone)/NoteCube/BigCuttable,"[0.000,1.000,0.000]","[0.000,0.000,0.000]","[0.000,0.000,0.000,1.000]",[],[],"[0.000,1.000,0.000]","[0.000,0.000,0.000]"
14,NormalGameNote(Clone)/NoteCube,"[0.000,1.000,0.000]","[0.000,0.000,0.000]","[0.000,0.000,0.000,1.000]","[0.000,1.000,0.000]","[0.495,0.495,0.495]",[],[]
14,NormalGameNote(Clone),"[0.000,1.000,0.000]","[90.000,0.000,0.000]","[0.707,0.000,0.000,0.707]",[],[],[],[]
14,NormalGameNote(Clone)/NoteCube/NoteCircleGlow,"[0.000,1.000,-0.253]","[0.000,0.000,0.000]","[0.000,0.000,0.000,1.000]","[0.000,1.000,-0.253]","[0.500,0.500,0.000]",[],[]
14,NormalGameNote(Clone)/NoteCube/NoteArrowGlow,"[0.000,1.104,-0.253]","[0.000,0.000,0.000]","[0.000,0.000,0.000,1.000]","[0.000,1.104,-0.253]","[0.560,0.280,0.000]",[],[]
14,NormalGameNote(Clone)/NoteCube/NoteArrow,"[0.000,1.108,-0.254]","[0.000,0.000,0.000]","[0.000,0.000,0.000,1.000]","[0.000,1.105,-0.254]","[0.300,0.090,0.010]",[],[]
14,NormalGameNote(Clone)/NoteCube/SmallCuttable,"[0.000,1.000,0.000]","[0.000,0.000,0.000]","[0.000,0.000,0.000,1.000]",[],[],"[0.000,1.000,0.000]","[0.000,0.000,0.000]"
14,NormalGameNote(Clone)/NoteCube/BigCuttable,"[0.000,1.000,0.000]","[0.000,0.000,0.000]","[0.000,0.000,0.000,1.000]",[],[],"[0.000,1.000,0.000]","[0.000,0.000,0.000]"
14,NormalGameNote(Clone)/NoteCube,"[0.000,1.000,0.000]","[0.000,0.000,0.000]","[0.000,0.000,0.000,1.000]","[0.000,1.000,0.000]","[0.495,0.495,0.495]",[],[]
14,NormalGameNote(Clone),"[0.000,1.000,0.000]","[90.000,0.000,0.000]","[0.707,0.000,0.000,0.707]",[],[],[],[]
14,NormalGameNote(Clone)/NoteCube/NoteCircleGlow,"[0.000,1.000,-0.253]","[0.000,0.000,0.000]","[0.000,0.000,0.000,1.000]","[0.000,1.000,-0.253]","[0.500,0.500,0.000]",[],[]
14,NormalGameNote(Clone)/NoteCube/NoteArrowGlow,"[0.000,1.104,-0.253]","[0.000,0.000,0.000]","[0.000,0.000,0.000,1.000]","[0.000,1.104,-0.253]","[0.560,0.280,0.000]",[],[]
14,NormalGameNote(Clone)/NoteCube/NoteArrow,"[0.000,1.108,-0.254]","[0.000,0.000,0.000]","[0.000,0.000,0.000,1.000]","[0.000,1.105,-0.254]","[0.300,0.090,0.010]",[],[]
14,NormalGameNote(Clone)/NoteCube/SmallCuttable,"[0.000,1.000,0.000]","[0.000,0.000,0.000]","[0.000,0.000,0.000,1.000]",[],[],"[0.000,1.000,0.000]","[0.000,0.000,0.000]"
14,NormalGameNote(Clone)/NoteCube/BigCuttable,"[0.000,1.000,0.000]","[0.000,0.000,0.000]","[0.000,0.000,0.000,1.000]",[],[],"[0.000,1.000,0.000]","[0.000,0.000,0.000]"
14,NormalGameNote(Clone)/NoteCube,"[0.000,1.000,0.000]","[0.000,0.000,0.000]","[0.000,0.000,0.000,1.000]","[0.000,1.000,0.000]","[0.495,0.495,0.495]",[],[]
14,NormalGameNote(Clone),"[0.000,1.000,0.000]","[90.000,0.000,0.000]","[0.707,0.000,0.000,0.707]",[],[],[],[]
14,NormalGameNote(Clone)/NoteCube/NoteCircleGlow,"[0.000,1.000,-0.253]","[0.000,0.000,0.000]","[0.000,0.000,0.000,1.000]","[0.000,1.000,-0.253]","[0.500,0.500,0.000]",[],[]
14,NormalGameNote(Clone)/NoteCube/NoteArrowGlow,"[0.000,1.104,-0.253]","[0.000,0.000,0.000]","[0.000,0.000,0.000,1.000]","[0.000,1.104,-0.253]","[0.560,0.280,0.000]",[],[]
14,NormalGameNote(Clone)/NoteCube/NoteArrow,"[0.000,1.108,-0.254]","[0.000,0.000,0.000]","[0.000,0.000,0.000,1.000]","[0.000,1.105,-0.254]","[0.300,0.090,0.010]",[],[]
14,NormalGameNote(Clone)/NoteCube/SmallCuttable,"[0.000,1.000,0.000]","[0.000,0.000,0.000]","[0.000,0.000,0.000,1.000]",[],[],"[0.000,1.000,0.000]","[0.000,0.000,0.000]"
14,NormalGameNote(Clone)/NoteCube/BigCuttable,"[0.000,1.000,0.000]","[0.000,0.000,0.000]","[0.000,0.000,0.000,1.000]",[],[],"[0.000,1.000,0.000]","[0.000,0.000,0.000]"
14,NormalGameNote(Clone)/NoteCube,"[0.000,1.000,0.000]","[0.000,0.000,0.000]","[0.000,0.000,0.000,1.000]","[0.000,1.000,0.000]","[0.495,0.495,0.495]",[],[]
14,NormalGameNote(Clone),"[0.000,1.000,0.000]","[90.000,0.000,0.000]","[0.707,0.000,0.000,0.707]",[],[],[],[]
14,NormalGameNote(Clone)/NoteCube/NoteCircleGlow,"[0.000,1.000,-0.253]","[0.000,0.000,0.000]","[0.000,0.000,0.000,1.000]","[0.000,1.000,-0.253]","[0.500,0.500,0.000]",[],[]
14,NormalGameNote(Clone)/NoteCube/NoteArrowGlow,"[0.000,1.104,-0.253]","[0.000,0.000,0.000]","[0.000,0.000,0.000,1.000]","[0.000,1.104,-0.253]","[0.560,0.280,0.000]",[],[]
14,NormalGameNote(Clone)/NoteCube/NoteArrow,"[0.000,1.108,-0.254]","[0.000,0.000,0.000]","[0.000,0.000,0.000,1.000]","[0.000,1.105,-0.254]","[0.300,0.090,0.010]",[],[]
14,NormalGameNote(Clone)/NoteCube/SmallCuttable,"[0.000,1.000,0.000]","[0.000,0.000,0.000]","[0.000,0.000,0.000,1.000]",[],[],"[0.000,1.000,0.000]","[0.000,0.000,0.000]"
14,NormalGameNote(Clone)/NoteCube/BigCuttable,"[0.000,1.000,0.000]","[0.000,0.000,0.000]","[0.000,0.000,0.000,1.000]",[],[],"[0.000,1.000,0.000]","[0.000,0.000,0.000]"
14,NormalGameNote(Clone)/NoteCube,"[0.000,1.000,0.000]","[0.000,0.000,0.000]","[0.000,0.000,0.000,1.000]","[0.000,1.000,0.000]","[0.495,0.495,0.495]",[],[]
14,NormalGameNote(Clone),"[0.000,1.000,0.000]","[90.000,0.000,0.000]","[0.707,0.000,0.000,0.707]",[],[],[],[]
14,NormalGameNote(Clone)/NoteCube/NoteCircleGlow,"[0.000,1.000,-0.253]","[0.000,0.000,0.000]","[0.000,0.000,0.000,1.000]","[0.000,1.000,-0.253]","[0.500,0.500,0.000]",[],[]
14,NormalGameNote(Clone)/NoteCube/NoteArrowGlow,"[0.000,1.104,-0.253]","[0.000,0.000,0.000]","[0.000,0.000,0.000,1.000]","[0.000,1.104,-0.253]","[0.560,0.280,0.000]",[],[]
14,NormalGameNote(Clone)/NoteCube/NoteArrow,"[0.000,1.108,-0.254]","[0.000,0.000,0.000]","[0.000,0.000,0.000,1.000]","[0.000,1.105,-0.254]","[0.300,0.090,0.010]",[],[]
14,NormalGameNote(Clone)/NoteCube/SmallCuttable,"[0.000,1.000,0.000]","[0.000,0.000,0.000]","[0.000,0.000,0.000,1.000]",[],[],"[0.000,1.000,0.000]","[0.000,0.000,0.000]"
14,NormalGameNote(Clone)/NoteCube/BigCuttable,"[0.000,1.000,0.000]","[0.000,0.000,0.000]","[0.000,0.000,0.000,1.000]",[],[],"[0.000,1.000,0.000]","[0.000,0.000,0.000]"
14,NormalGameNote(Clone)/NoteCube,"[0.000,1.000,0.000]","[0.000,0.000,0.000]","[0.000,0.000,0.000,1.000]","[0.000,1.000,0.000]","[0.495,0.495,0.495]",[],[]
14,NormalGameNote(Clone),"[0.000,1.000,0.000]","[90.000,0.000,0.000]","[0.707,0.000,0.000,0.707]",[],[],[],[]
14,NormalGameNote(Clone)/NoteCube/NoteCircleGlow,"[0.000,1.000,-0.253]","[0.000,0.000,0.000]","[0.000,0.000,0.000,1.000]","[0.000,1.000,-0.253]","[0.500,0.500,0.000]",[],[]
14,NormalGameNote(Clone)/NoteCube/NoteArrowGlow,"[0.000,1.104,-0.253]","[0.000,0.000,0.000]","[0.000,0.000,0.000,1.000]","[0.000,1.104,-0.253]","[0.560,0.280,0.000]",[],[]
14,NormalGameNote(Clone)/NoteCube/NoteArrow,"[0.000,1.108,-0.254]","[0.000,0.000,0.000]","[0.000,0.000,0.000,1.000]","[0.000,1.105,-0.254]","[0.300,0.090,0.010]",[],[]
14,NormalGameNote(Clone)/NoteCube/SmallCuttable,"[0.000,1.000,0.000]","[0.000,0.000,0.000]","[0.000,0.000,0.000,1.000]",[],[],"[0.000,1.000,0.000]","[0.000,0.000,0.000]"
14,NormalGameNote(Clone)/NoteCube/BigCuttable,"[0.000,1.000,0.000]","[0.000,0.000,0.000]","[0.000,0.000,0.000,1.000]",[],[],"[0.000,1.000,0.000]","[0.000,0.000,0.000]"
14,NormalGameNote(Clone)/NoteCube,"[0.000,1.000,0.000]","[0.000,0.000,0.000]","[0.000,0.000,0.000,1.000]","[0.000,1.000,0.000]","[0.495,0.495,0.495]",[],[]
14,NormalGameNote(Clone),"[0.000,1.000,0.000]","[90.000,0.000,0.000]","[0.707,0.000,0.000,0.707]",[],[],[],[]
14,NormalGameNote(Clone)/NoteCube/NoteCircleGlow,"[0.000,1.000,-0.253]","[0.000,0.000,0.000]","[0.000,0.000,0.000,1.000]","[0.000,1.000,-0.253]","[0.500,0.500,0.000]",[],[]
14,NormalGameNote(Clone)/NoteCube/NoteArrowGlow,"[0.000,1.104,-0.253]","[0.000,0.000,0.000]","[0.000,0.000,0.000,1.000]","[0.000,1.104,-0.253]","[0.560,0.280,0.000]",[],[]
14,NormalGameNote(Clone)/NoteCube/NoteArrow,"[0.000,1.108,-0.254]","[0.000,0.000,0.000]","[0.000,0.000,0.000,1.000]","[0.000,1.105,-0.254]","[0.300,0.090,0.010]",[],[]
14,NormalGameNote(Clone)/NoteCube/SmallCuttable,"[0.000,1.000,0.000]","[0.000,0.000,0.000]","[0.000,0.000,0.000,1.000]",[],[],"[0.000,1.000,0.000]","[0.000,0.000,0.000]"
14,NormalGameNote(Clone)/NoteCube/BigCuttable,"[0.000,1.000,0.000]","[0.000,0.000,0.000]","[0.000,0.000,0.000,1.000]",[],[],"[0.000,1.000,0.000]","[0.000,0.000,0.000]"
14,NormalGameNote(Clone)/NoteCube,"[0.000,1.000,0.000]","[0.000,0.000,0.000]","[0.000,0.000,0.000,1.000]","[0.000,1.000,0.000]","[0.495,0.495,0.495]",[],[]
14,NormalGameNote(Clone),"[0.000,1.000,0.000]","[90.000,0.000,0.000]","[0.707,0.000,0.000,0.707]",[],[],[],[]
14,NormalGameNote(Clone)/NoteCube/NoteCircleGlow,"[0.000,1.000,-0.253]","[0.000,0.000,0.000]","[0.000,0.000,0.000,1.000]","[0.000,1.000,-0.253]","[0.500,0.500,0.000]",[],[]
14,NormalGameNote(Clone)/NoteCube/NoteArrowGlow,"[0.000,1.104,-0.253]","[0.000,0.000,0.000]","[0.000,0.000,0.000,1.000]","[0.000,1.104,-0.253]","[0.560,0.280,0.000]",[],[]
14,NormalGameNote(Clone)/NoteCube/NoteArrow,"[0.000,1.108,-0.254]","[0.000,0.000,0.000]","[0.000,0.000,0.000,1.000]","[0.000,1.105,-0.254]","[0.300,0.090,0.010]",[],[]
14,NormalGameNote(Clone)/NoteCube/SmallCuttable,"[0.000,1.000,0.000]","[0.000,0.000,0.000]","[0.000,0.000,0.000,1.000]",[],[],"[0.000,1.000,0.000]","[0.000,0.000,0.000]"
14,NormalGameNote(Clone)/NoteCube/BigCuttable,"[0.000,1.000,0.000]","[0.000,0.000,0.000]","[0.000,0.000,0.000,1.000]",[],[],"[0.000,1.000,0.000]","[0.000,0.000,0.000]"
14,NormalGameNote(Clone)/NoteCube,"[0.000,1.000,0.000]","[0.000,0.000,0.000]","[0.000,0.000,0.000,1.000]","[0.000,1.000,0.000]","[0.495,0.495,0.495]",[],[]
14,NormalGameNote(Clone),"[0.000,1.000,0.000]","[90.000,0.000,0.000]","[0.707,0.000,0.000,0.707]",[],[],[],[]
14,NormalGameNote(Clone)/NoteCube/NoteCircleGlow,"[0.000,1.000,-0.253]","[0.000,0.000,0.000]","[0.000,0.000,0.000,1.000]","[0.000,1.000,-0.253]","[0.500,0.500,0.000]",[],[]
14,NormalGameNote(Clone)/NoteCube/NoteArrowGlow,"[0.000,1.104,-0.253]","[0.000,0.000,0.000]","[0.000,0.000,0.000,1.000]","[0.000,1.104,-0.253]","[0.560,0.280,0.000]",[],[]
14,NormalGameNote(Clone)/NoteCube/NoteArrow,"[0.000,1.108,-0.254]","[0.000,0.000,0.000]","[0.000,0.000,0.000,1.000]","[0.000,1.105,-0.254]","[0.300,0.090,0.010]",[],[]
14,NormalGameNote(Clone)/NoteCube/SmallCuttable,"[0.000,1.000,0.000]","[0.000,0.000,0.000]","[0.000,0.000,0.000,1.000]",[],[],"[0.000,1.000,0.000]","[0.000,0.000,0.000]"
14,NormalGameNote(Clone)/NoteCube/BigCuttable,"[0.000,1.000,0.000]","[0.000,0.000,0.000]","[0.000,0.000,0.000,1.000]",[],[],"[0.000,1.000,0.000]","[0.000,0.000,0.000]"
14,NormalGameNote(Clone)/NoteCube,"[0.000,1.000,0.000]","[0.000,0.000,0.000]","[0.000,0.000,0.000,1.000]","[0.000,1.000,0.000]","[0.495,0.495,0.495]",[],[]
14,NormalGameNote(Clone),"[0.000,1.000,0.000]","[90.000,0.000,0.000]","[0.707,0.000,0.000,0.707]",[],[],[],[]
14,NormalGameNote(Clone)/NoteCube/NoteCircleGlow,"[0.000,1.000,-0.253]","[0.000,0.000,0.000]","[0.000,0.000,0.000,1.000]","[0.000,1.000,-0.253]","[0.500,0.500,0.000]",[],[]
14,NormalGameNote(Clone)/NoteCube/NoteArrowGlow,"[0.000,1.104,-0.253]","[0.000,0.000,0.000]","[0.000,0.000,0.000,1.000]","[0.000,1.104,-0.253]","[0.560,0.280,0.000]",[],[]
14,NormalGameNote(Clone)/NoteCube/NoteArrow,"[0.000,1.108,-0.254]","[0.000,0.000,0.000]","[0.000,0.000,0.000,1.000]","[0.000,1.105,-0.254]","[0.300,0.090,0.010]",[],[]
14,NormalGameNote(Clone)/NoteCube/SmallCuttable,"[0.000,1.000,0.000]","[0.000,0.000,0.000]","[0.000,0.000,0.000,1.000]",[],[],"[0.000,1.000,0.000]","[0.000,0.000,0.000]"
14,NormalGameNote(Clone)/NoteCube/BigCuttable,"[0.000,1.000,0.000]","[0.000,0.000,0.000]","[0.000,0.000,0.000,1.000]",[],[],"[0.000,1.000,0.000]","[0.000,0.000,0.000]"
14,NormalGameNote(Clone)/NoteCube,"[0.000,1.000,0.000]","[0.000,0.000,0.000]","[0.000,0.000,0.000,1.000]","[0.000,1.000,0.000]","[0.495,0.495,0.495]",[],[]
14,NormalGameNote(Clone),"[0.000,1.000,0.000]","[90.000,0.000,0.000]","[0.707,0.000,0.000,0.707]",[],[],[],[]
14,NormalGameNote(Clone)/NoteCube/NoteCircleGlow,"[0.000,1.000,-0.253]","[0.000,0.000,0.000]","[0.000,0.000,0.000,1.000]","[0.000,1.000,-0.253]","[0.500,0.500,0.000]",[],[]
14,NormalGameNote(Clone)/NoteCube/NoteArrowGlow,"[0.000,1.104,-0.253]","[0.000,0.000,0.000]","[0.000,0.000,0.000,1.000]","[0.000,1.104,-0.253]","[0.560,0.280,0.000]",[],[]
14,NormalGameNote(Clone)/NoteCube/NoteArrow,"[0.000,1.108,-0.254]","[0.000,0.000,0.000]","[0.000,0.000,0.000,1.000]","[0.000,1.105,-0.254]","[0.300,0.090,0.010]",[],[]
14,NormalGameNote(Clone)/NoteCube/SmallCuttable,"[0.000,1.000,0.000]","[0.000,0.000,0.000]","[0.000,0.000,0.000,1.000]",[],[],"[0.000,1.000,0.000]","[0.000,0.000,0.000]"
14,NormalGameNote(Clone)/NoteCube/BigCuttable,"[0.000,1.000,0.000]","[0.000,0.000,0.000]","[0.000,0.000,0.000,1.000]",[],[],"[0.000,1.000,0.000]","[0.000,0.000,0.000]"
14,NormalGameNote(Clone)/NoteCube,"[0.000,1.000,0.000]","[0.000,0.000,0.000]","[0.000,0.000,0.000,1.000]","[0.000,1.000,0.000]","[0.495,0.495,0.495]",[],[]
14,NormalGameNote(Clone),"[0.000,1.000,0.000]","[90.000,0.000,0.000]","[0.707,0.000,0.000,0.707]",[],[],[],[]
14,NormalGameNote(Clone)/NoteCube/NoteCircleGlow,"[0.000,1.000,-0.253]","[0.000,0.000,0.000]","[0.000,0.000,0.000,1.000]","[0.000,1.000,-0.253]","[0.500,0.500,0.000]",[],[]
14,NormalGameNote(Clone)/NoteCube/NoteArrowGlow,"[0.000,1.104,-0.253]","[0.000,0.000,0.000]","[0.000,0.000,0.000,1.000]","[0.000,1.104,-0.253]","[0.560,0.280,0.000]",[],[]
14,NormalGameNote(Clone)/NoteCube/NoteArrow,"[0.000,1.108,-0.254]","[0.000,0.000,0.000]","[0.000,0.000,0.000,1.000]","[0.000,1.105,-0.254]","[0.300,0.090,0.010]",[],[]
14,NormalGameNote(Clone)/NoteCube/SmallCuttable,"[0.000,1.000,0.000]","[0.000,0.000,0.000]","[0.000,0.000,0.000,1.000]",[],[],"[0.000,1.000,0.000]","[0.000,0.000,0.000]"
14,NormalGameNote(Clone)/NoteCube/BigCuttable,"[0.000,1.000,0.000]","[0.000,0.000,0.000]","[0.000,0.000,0.000,1.000]",[],[],"[0.000,1.000,0.000]","[0.000,0.000,0.000]"
14,NormalGameNote(Clone)/NoteCube,"[0.000,1.000,0.000]","[0.000,0.000,0.000]","[0.000,0.000,0.000,1.000]","[0.000,1.000,0.000]","[0.495,0.495,0.495]",[],[]
14,NormalGameNote(Clone),"[0.000,1.000,0.000]","[90.000,0.000,0.000]","[0.707,0.000,0.000,0.707]",[],[],[],[]
14,NormalGameNote(Clone)/NoteCube/NoteCircleGlow,"[0.000,1.000,-0.253]","[0.000,0.000,0.000]","[0.000,0.000,0.000,1.000]","[0.000,1.000,-0.253]","[0.500,0.500,0.000]",[],[]
14,NormalGameNote(Clone)/NoteCube/NoteArrowGlow,"[0.000,1.104,-0.253]","[0.000,0.000,0.000]","[0.000,0.000,0.000,1.000]","[0.000,1.104,-0.253]","[0.560,0.280,0.000]",[],[]
14,NormalGameNote(Clone)/NoteCube/NoteArrow,"[0.000,1.108,-0.254]","[0.000,0.000,0.000]","[0.000,0.000,0.000,1.000]","[0.000,1.105,-0.254]","[0.300,0.090,0.010]",[],[]
14,NormalGameNote(Clone)/NoteCube/SmallCuttable,"[0.000,1.000,0.000]","[0.000,0.000,0.000]","[0.000,0.000,0.000,1.000]",[],[],"[0.000,1.000,0.000]","[0.000,0.000,0.000]"
14,NormalGameNote(Clone)/NoteCube/BigCuttable,"[0.000,1.000,0.000]","[0.000,0.000,0.000]","[0.000,0.000,0.000,1.000]",[],[],"[0.000,1.000,0.000]","[0.000,0.000,0.000]"
14,NormalGameNote(Clone)/NoteCube,"[0.000,1.000,0.000]","[0.000,0.000,0.000]","[0.000,0.000,0.000,1.000]","[0.000,1.000,0.000]","[0.495,0.495,0.495]",[],[]
14,NormalGameNote(Clone),"[0.000,1.000,0.000]","[90.000,0.000,0.000]","[0.707,0.000,0.000,0.707]",[],[],[],[]
14,NormalGameNote(Clone)/NoteCube/NoteCircleGlow,"[0.000,1.000,-0.253]","[0.000,0.000,0.000]","[0.000,0.000,0.000,1.000]","[0.000,1.000,-0.253]","[0.500,0.500,0.000]",[],[]
14,NormalGameNote(Clone)/NoteCube/NoteArrowGlow,"[0.000,1.104,-0.253]","[0.000,0.000,0.000]","[0.000,0.000,0.000,1.000]","[0.000,1.104,-0.253]","[0.560,0.280,0.000]",[],[]
14,NormalGameNote(Clone)/NoteCube/NoteArrow,"[0.000,1.108,-0.254]","[0.000,0.000,0.000]","[0.000,0.000,0.000,1.000]","[0.000,1.105,-0.254]","[0.300,0.090,0.010]",[],[]
14,NormalGameNote(Clone)/NoteCube/SmallCuttable,"[0.000,1.000,0.000]","[0.000,0.000,0.000]","[0.000,0.000,0.000,1.000]",[],[],"[0.000,1.000,0.000]","[0.000,0.000,0.000]"
14,NormalGameNote(Clone)/NoteCube/BigCuttable,"[0.000,1.000,0.000]","[0.000,0.000,0.000]","[0.000,0.000,0.000,1.000]",[],[],"[0.000,1.000,0.000]","[0.000,0.000,0.000]"
14,NormalGameNote(Clone)/NoteCube,"[0.000,1.000,0.000]","[0.000,0.000,0.000]","[0.000,0.000,0.000,1.000]","[0.000,1.000,0.000]","[0.495,0.495,0.495]",[],[]
14,NormalGameNote(Clone),"[0.000,1.000,0.000]","[90.000,0.000,0.000]","[0.707,0.000,0.000,0.707]",[],[],[],[]
14,NormalGameNote(Clone)/NoteCube/NoteCircleGlow,"[0.000,1.000,-0.253]","[0.000,0.000,0.000]","[0.000,0.000,0.000,1.000]","[0.000,1.000,-0.253]","[0.500,0.500,0.000]",[],[]
14,NormalGameNote(Clone)/NoteCube/NoteArrowGlow,"[0.000,1.104,-0.253]","[0.000,0.000,0.000]","[0.000,0.000,0.000,1.000]","[0.000,1.104,-0.253]","[0.560,0.280,0.000]",[],[]
14,NormalGameNote(Clone)/NoteCube/NoteArrow,"[0.000,1.108,-0.254]","[0.000,0.000,0.000]","[0.000,0.000,0.000,1.000]","[0.000,1.105,-0.254]","[0.300,0.090,0.010]",[],[]
14,NormalGameNote(Clone)/NoteCube/SmallCuttable,"[0.000,1.000,0.000]","[0.000,0.000,0.000]","[0.000,0.000,0.000,1.000]",[],[],"[0.000,1.000,0.000]","[0.000,0.000,0.000]"
14,NormalGameNote(Clone)/NoteCube/BigCuttable,"[0.000,1.000,0.000]","[0.000,0.000,0.000]","[0.000,0.000,0.000,1.000]",[],[],"[0.000,1.000,0.000]","[0.000,0.000,0.000]"
14,NormalGameNote(Clone)/NoteCube,"[0.000,1.000,0.000]","[0.000,0.000,0.000]","[0.000,0.000,0.000,1.000]","[0.000,1.000,0.000]","[0.495,0.495,0.495]",[],[]
14,NormalGameNote(Clone),"[0.000,1.000,0.000]","[90.000,0.000,0.000]","[0.707,0.000,0.000,0.707]",[],[],[],[]
14,NormalGameNote(Clone)/NoteCube/NoteCircleGlow,"[0.000,1.000,-0.253]","[0.000,0.000,0.000]","[0.000,0.000,0.000,1.000]","[0.000,1.000,-0.253]","[0.500,0.500,0.000]",[],[]
14,NormalGameNote(Clone)/NoteCube/NoteArrowGlow,"[0.000,1.104,-0.253]","[0.000,0.000,0.000]","[0.000,0.000,0.000,1.000]","[0.000,1.104,-0.253]","[0.560,0.280,0.000]",[],[]
14,NormalGameNote(Clone)/NoteCube/NoteArrow,"[0.000,1.108,-0.254]","[0.000,0.000,0.000]","[0.000,0.000,0.000,1.000]","[0.000,1.105,-0.254]","[0.300,0.090,0.010]",[],[]
14,NormalGameNote(Clone)/NoteCube/SmallCuttable,"[0.000,1.000,0.000]","[0.000,0.000,0.000]","[0.000,0.000,0.000,1.000]",[],[],"[0.000,1.000,0.000]","[0.000,0.000,0.000]"
14,NormalGameNote(Clone)/NoteCube/BigCuttable,"[0.000,1.000,0.000]","[0.000,0.000,0.000]","[0.000,0.000,0.000,1.000]",[],[],"[0.000,1.000,0.000]","[0.000,0.000,0.000]"
14,NormalGameNote(Clone)/NoteCube,"[0.000,1.000,0.000]","[0.000,0.000,0.000]","[0.000,0.000,0.000,1.000]","[0.000,1.000,0.000]","[0.495,0.495,0.495]",[],[]
14,NormalGameNote(Clone),"[0.000,1.000,0.000]","[90.000,0.000,0.000]","[0.707,0.000,0.000,0.707]",[],[],[],[]
14,NormalGameNote(Clone)/NoteCube/NoteCircleGlow,"[0.000,1.000,-0.253]","[0.000,0.000,0.000]","[0.000,0.000,0.000,1.000]","[0.000,1.000,-0.253]","[0.500,0.500,0.000]",[],[]
14,NormalGameNote(Clone)/NoteCube/NoteArrowGlow,"[0.000,1.104,-0.253]","[0.000,0.000,0.000]","[0.000,0.000,0.000,1.000]","[0.000,1.104,-0.253]","[0.560,0.280,0.000]",[],[]
14,NormalGameNote(Clone)/NoteCube/NoteArrow,"[0.000,1.108,-0.254]","[0.000,0.000,0.000]","[0.000,0.000,0.000,1.000]","[0.000,1.105,-0.254]","[0.300,0.090,0.010]",[],[]
14,NormalGameNote(Clone)/NoteCube/SmallCuttable,"[0.000,1.000,0.000]","[0.000,0.000,0.000]","[0.000,0.000,0.000,1.000]",[],[],"[0.000,1.000,0.000]","[0.000,0.000,0.000]"
14,NormalGameNote(Clone)/NoteCube/BigCuttable,"[0.000,1.000,0.000]","[0.000,0.000,0.000]","[0.000,0.000,0.000,1.000]",[],[],"[0.000,1.000,0.000]","[0.000,0.000,0.000]"
14,NormalGameNote(Clone)/NoteCube,"[0.000,1.000,0.000]","[0.000,0.000,0.000]","[0.000,0.000,0.000,1.000]","[0.000,1.000,0.000]","[0.495,0.495,0.495]",[],[]
14,NormalGameNote(Clone),"[0.000,1.000,0.000]","[90.000,0.000,0.000]","[0.707,0.000,0.000,0.707]",[],[],[],[]
14,NormalGameNote(Clone)/NoteCube/NoteCircleGlow,"[0.000,1.000,-0.253]","[0.000,0.000,0.000]","[0.000,0.000,0.000,1.000]","[0.000,1.000,-0.253]","[0.500,0.500,0.000]",[],[]
14,NormalGameNote(Clone)/NoteCube/NoteArrowGlow,"[0.000,1.104,-0.253]","[0.000,0.000,0.000]","[0.000,0.000,0.000,1.000]","[0.000,1.104,-0.253]","[0.560,0.280,0.000]",[],[]
14,NormalGameNote(Clone)/NoteCube/NoteArrow,"[0.000,1.108,-0.254]","[0.000,0.000,0.000]","[0.000,0.000,0.000,1.000]","[0.000,1.105,-0.254]","[0.300,0.090,0.010]",[],[]
14,NormalGameNote(Clone)/NoteCube/SmallCuttable,"[0.000,1.000,0.000]","[0.000,0.000,0.000]","[0.000,0.000,0.000,1.000]",[],[],"[0.000,1.000,0.000]","[0.000,0.000,0.000]"
14,NormalGameNote(Clone)/NoteCube/BigCuttable,"[0.000,1.000,0.000]","[0.000,0.000,0.000]","[0.000,0.000,0.000,1.000]",[],[],"[0.000,1.000,0.000]","[0.000,0.000,0.000]"
14,NormalGameNote(Clone)/NoteCube,"[0.000,1.000,0.000]","[0.000,0.000,0.000]","[0.000,0.000,0.000,1.000]","[0.000,1.000,0.000]","[0.495,0.495,0.495]",[],[]
14,NormalGameNote(Clone),"[0.000,1.000,0.000]","[90.000,0.000,0.000]","[0.707,0.000,0.000,0.707]",[],[],[],[]
14,ShortSlider(Clone)/Slider_MeshRenderer,"[0.000,0.000,0.000]","[0.000,0.000,0.000]","[0.000,0.000,0.000,1.000]","[0.000,0.000,0.000]","[0.000,0.000,0.000]",[],[]
14,ShortSlider(Clone)/MeshController,"[0.000,0.000,0.000]","[0.000,0.000,0.000]","[0.000,0.000,0.000,1.000]",[],[],[],[]
14,ShortSlider(Clone),"[0.000,0.000,0.000]","[0.000,0.000,0.000]","[0.000,0.000,0.000,1.000]",[],[],[],[]
14,Obstacle(Clone)/HideWrapper/ObstacleFrame,"[0.000,0.500,0.500]","[0.000,0.000,0.000]","[0.000,0.000,0.000,1.000]","[0.000,0.500,0.500]","[1.000,1.000,1.000]",[],[]
14,Obstacle(Clone)/HideWrapper/ObstacleFakeGlow,"[0.000,0.500,0.500]","[0.000,0.000,0.000]","[0.000,0.000,0.000,1.000]","[0.000,0.500,0.500]","[1.515,1.515,1.515]",[],[]
14,Obstacle(Clone)/HideWrapper,"[0.000,0.000,0.000]","[0.000,0.000,0.000]","[0.000,0.000,0.000,1.000]",[],[],[],[]
14,Obstacle(Clone)/ObstacleCore/DepthWrite,"[0.000,0.500,0.500]","[0.000,0.000,0.000]","[0.000,0.000,0.000,1.000]","[0.000,0.500,0.500]","[0.990,0.990,0.990]",[],[]
14,Obstacle(Clone)/ObstacleCore/Collider,"[0.000,0.500,0.500]","[0.000,0.000,0.000]","[0.000,0.000,0.000,1.000]",[],[],"[0.000,0.500,0.500]","[0.000,0.000,0.000]"
14,Obstacle(Clone)/ObstacleCore,"[0.000,0.500,0.500]","[0.000,0.000,0.000]","[0.000,0.000,0.000,1.000]","[0.000,0.500,0.500]","[0.990,0.990,0.990]",[],[]
14,Obstacle(Clone),"[0.000,0.000,0.000]","[0.000,0.000,0.000]","[0.000,0.000,0.000,1.000]",[],[],[],[]
14,Obstacle(Clone)/HideWrapper/ObstacleFrame,"[0.000,0.500,0.500]","[0.000,0.000,0.000]","[0.000,0.000,0.000,1.000]","[0.000,0.500,0.500]","[1.000,1.000,1.000]",[],[]
14,Obstacle(Clone)/HideWrapper/ObstacleFakeGlow,"[0.000,0.500,0.500]","[0.000,0.000,0.000]","[0.000,0.000,0.000,1.000]","[0.000,0.500,0.500]","[1.515,1.515,1.515]",[],[]
14,Obstacle(Clone)/HideWrapper,"[0.000,0.000,0.000]","[0.000,0.000,0.000]","[0.000,0.000,0.000,1.000]",[],[],[],[]
14,Obstacle(Clone)/ObstacleCore/DepthWrite,"[0.000,0.500,0.500]","[0.000,0.000,0.000]","[0.000,0.000,0.000,1.000]","[0.000,0.500,0.500]","[0.990,0.990,0.990]",[],[]
14,Obstacle(Clone)/ObstacleCore/Collider,"[0.000,0.500,0.500]","[0.000,0.000,0.000]","[0.000,0.000,0.000,1.000]",[],[],"[0.000,0.500,0.500]","[0.000,0.000,0.000]"
14,Obstacle(Clone)/ObstacleCore,"[0.000,0.500,0.500]","[0.000,0.000,0.000]","[0.000,0.000,0.000,1.000]","[0.000,0.500,0.500]","[0.990,0.990,0.990]",[],[]
14,Obstacle(Clone),"[0.000,0.000,0.000]","[0.000,0.000,0.000]","[0.000,0.000,0.000,1.000]",[],[],[],[]
14,Obstacle(Clone)/HideWrapper/ObstacleFrame,"[0.000,0.500,0.500]","[0.000,0.000,0.000]","[0.000,0.000,0.000,1.000]","[0.000,0.500,0.500]","[1.000,1.000,1.000]",[],[]
14,Obstacle(Clone)/HideWrapper/ObstacleFakeGlow,"[0.000,0.500,0.500]","[0.000,0.000,0.000]","[0.000,0.000,0.000,1.000]","[0.000,0.500,0.500]","[1.515,1.515,1.515]",[],[]
14,Obstacle(Clone)/HideWrapper,"[0.000,0.000,0.000]","[0.000,0.000,0.000]","[0.000,0.000,0.000,1.000]",[],[],[],[]
14,Obstacle(Clone)/ObstacleCore/DepthWrite,"[0.000,0.500,0.500]","[0.000,0.000,0.000]","[0.000,0.000,0.000,1.000]","[0.000,0.500,0.500]","[0.990,0.990,0.990]",[],[]
14,Obstacle(Clone)/ObstacleCore/Collider,"[0.000,0.500,0.500]","[0.000,0.000,0.000]","[0.000,0.000,0.000,1.000]",[],[],"[0.000,0.500,0.500]","[0.000,0.000,0.000]"
14,Obstacle(Clone)/ObstacleCore,"[0.000,0.500,0.500]","[0.000,0.000,0.000]","[0.000,0.000,0.000,1.000]","[0.000,0.500,0.500]","[0.990,0.990,0.990]",[],[]
14,Obstacle(Clone),"[0.000,0.000,0.000]","[0.000,0.000,0.000]","[0.000,0.000,0.000,1.000]",[],[],[],[]
14,Obstacle(Clone)/HideWrapper/ObstacleFrame,"[0.000,0.500,0.500]","[0.000,0.000,0.000]","[0.000,0.000,0.000,1.000]","[0.000,0.500,0.500]","[1.000,1.000,1.000]",[],[]
14,Obstacle(Clone)/HideWrapper/ObstacleFakeGlow,"[0.000,0.500,0.500]","[0.000,0.000,0.000]","[0.000,0.000,0.000,1.000]","[0.000,0.500,0.500]","[1.515,1.515,1.515]",[],[]
14,Obstacle(Clone)/HideWrapper,"[0.000,0.000,0.000]","[0.000,0.000,0.000]","[0.000,0.000,0.000,1.000]",[],[],[],[]
14,Obstacle(Clone)/ObstacleCore/DepthWrite,"[0.000,0.500,0.500]","[0.000,0.000,0.000]","[0.000,0.000,0.000,1.000]","[0.000,0.500,0.500]","[0.990,0.990,0.990]",[],[]
14,Obstacle(Clone)/ObstacleCore/Collider,"[0.000,0.500,0.500]","[0.000,0.000,0.000]","[0.000,0.000,0.000,1.000]",[],[],"[0.000,0.500,0.500]","[0.000,0.000,0.000]"
14,Obstacle(Clone)/ObstacleCore,"[0.000,0.500,0.500]","[0.000,0.000,0.000]","[0.000,0.000,0.000,1.000]","[0.000,0.500,0.500]","[0.990,0.990,0.990]",[],[]
14,Obstacle(Clone),"[0.000,0.000,0.000]","[0.000,0.000,0.000]","[0.000,0.000,0.000,1.000]",[],[],[],[]
14,Obstacle(Clone)/HideWrapper/ObstacleFrame,"[0.000,0.500,0.500]","[0.000,0.000,0.000]","[0.000,0.000,0.000,1.000]","[0.000,0.500,0.500]","[1.000,1.000,1.000]",[],[]
14,Obstacle(Clone)/HideWrapper/ObstacleFakeGlow,"[0.000,0.500,0.500]","[0.000,0.000,0.000]","[0.000,0.000,0.000,1.000]","[0.000,0.500,0.500]","[1.515,1.515,1.515]",[],[]
14,Obstacle(Clone)/HideWrapper,"[0.000,0.000,0.000]","[0.000,0.000,0.000]","[0.000,0.000,0.000,1.000]",[],[],[],[]
14,Obstacle(Clone)/ObstacleCore/DepthWrite,"[0.000,0.500,0.500]","[0.000,0.000,0.000]","[0.000,0.000,0.000,1.000]","[0.000,0.500,0.500]","[0.990,0.990,0.990]",[],[]
14,Obstacle(Clone)/ObstacleCore/Collider,"[0.000,0.500,0.500]","[0.000,0.000,0.000]","[0.000,0.000,0.000,1.000]",[],[],"[0.000,0.500,0.500]","[0.000,0.000,0.000]"
14,Obstacle(Clone)/ObstacleCore,"[0.000,0.500,0.500]","[0.000,0.000,0.000]","[0.000,0.000,0.000,1.000]","[0.000,0.500,0.500]","[0.990,0.990,0.990]",[],[]
14,Obstacle(Clone),"[0.000,0.000,0.000]","[0.000,0.000,0.000]","[0.000,0.000,0.000,1.000]",[],[],[],[]
14,Obstacle(Clone)/HideWrapper/ObstacleFrame,"[0.000,0.500,0.500]","[0.000,0.000,0.000]","[0.000,0.000,0.000,1.000]","[0.000,0.500,0.500]","[1.000,1.000,1.000]",[],[]
14,Obstacle(Clone)/HideWrapper/ObstacleFakeGlow,"[0.000,0.500,0.500]","[0.000,0.000,0.000]","[0.000,0.000,0.000,1.000]","[0.000,0.500,0.500]","[1.515,1.515,1.515]",[],[]
14,Obstacle(Clone)/HideWrapper,"[0.000,0.000,0.000]","[0.000,0.000,0.000]","[0.000,0.000,0.000,1.000]",[],[],[],[]
14,Obstacle(Clone)/ObstacleCore/DepthWrite,"[0.000,0.500,0.500]","[0.000,0.000,0.000]","[0.000,0.000,0.000,1.000]","[0.000,0.500,0.500]","[0.990,0.990,0.990]",[],[]
14,Obstacle(Clone)/ObstacleCore/Collider,"[0.000,0.500,0.500]","[0.000,0.000,0.000]","[0.000,0.000,0.000,1.000]",[],[],"[0.000,0.500,0.500]","[0.000,0.000,0.000]"
14,Obstacle(Clone)/ObstacleCore,"[0.000,0.500,0.500]","[0.000,0.000,0.000]","[0.000,0.000,0.000,1.000]","[0.000,0.500,0.500]","[0.990,0.990,0.990]",[],[]
14,Obstacle(Clone),"[0.000,0.000,0.000]","[0.000,0.000,0.000]","[0.000,0.000,0.000,1.000]",[],[],[],[]
14,Obstacle(Clone)/HideWrapper/ObstacleFrame,"[0.000,0.500,0.500]","[0.000,0.000,0.000]","[0.000,0.000,0.000,1.000]","[0.000,0.500,0.500]","[1.000,1.000,1.000]",[],[]
14,Obstacle(Clone)/HideWrapper/ObstacleFakeGlow,"[0.000,0.500,0.500]","[0.000,0.000,0.000]","[0.000,0.000,0.000,1.000]","[0.000,0.500,0.500]","[1.515,1.515,1.515]",[],[]
14,Obstacle(Clone)/HideWrapper,"[0.000,0.000,0.000]","[0.000,0.000,0.000]","[0.000,0.000,0.000,1.000]",[],[],[],[]
14,Obstacle(Clone)/ObstacleCore/DepthWrite,"[0.000,0.500,0.500]","[0.000,0.000,0.000]","[0.000,0.000,0.000,1.000]","[0.000,0.500,0.500]","[0.990,0.990,0.990]",[],[]
14,Obstacle(Clone)/ObstacleCore/Collider,"[0.000,0.500,0.500]","[0.000,0.000,0.000]","[0.000,0.000,0.000,1.000]",[],[],"[0.000,0.500,0.500]","[0.000,0.000,0.000]"
14,Obstacle(Clone)/ObstacleCore,"[0.000,0.500,0.500]","[0.000,0.000,0.000]","[0.000,0.000,0.000,1.000]","[0.000,0.500,0.500]","[0.990,0.990,0.990]",[],[]
14,Obstacle(Clone),"[0.000,0.000,0.000]","[0.000,0.000,0.000]","[0.000,0.000,0.000,1.000]",[],[],[],[]
14,Obstacle(Clone)/HideWrapper/ObstacleFrame,"[0.000,0.500,0.500]","[0.000,0.000,0.000]","[0.000,0.000,0.000,1.000]","[0.000,0.500,0.500]","[1.000,1.000,1.000]",[],[]
14,Obstacle(Clone)/HideWrapper/ObstacleFakeGlow,"[0.000,0.500,0.500]","[0.000,0.000,0.000]","[0.000,0.000,0.000,1.000]","[0.000,0.500,0.500]","[1.515,1.515,1.515]",[],[]
14,Obstacle(Clone)/HideWrapper,"[0.000,0.000,0.000]","[0.000,0.000,0.000]","[0.000,0.000,0.000,1.000]",[],[],[],[]
14,Obstacle(Clone)/ObstacleCore/DepthWrite,"[0.000,0.500,0.500]","[0.000,0.000,0.000]","[0.000,0.000,0.000,1.000]","[0.000,0.500,0.500]","[0.990,0.990,0.990]",[],[]
14,Obstacle(Clone)/ObstacleCore/Collider,"[0.000,0.500,0.500]","[0.000,0.000,0.000]","[0.000,0.000,0.000,1.000]",[],[],"[0.000,0.500,0.500]","[0.000,0.000,0.000]"
14,Obstacle(Clone)/ObstacleCore,"[0.000,0.500,0.500]","[0.000,0.000,0.000]","[0.000,0.000,0.000,1.000]","[0.000,0.500,0.500]","[0.990,0.990,0.990]",[],[]
14,Obstacle(Clone),"[0.000,0.000,0.000]","[0.000,0.000,0.000]","[0.000,0.000,0.000,1.000]",[],[],[],[]
14,Obstacle(Clone)/HideWrapper/ObstacleFrame,"[0.000,0.500,0.500]","[0.000,0.000,0.000]","[0.000,0.000,0.000,1.000]","[0.000,0.500,0.500]","[1.000,1.000,1.000]",[],[]
14,Obstacle(Clone)/HideWrapper/ObstacleFakeGlow,"[0.000,0.500,0.500]","[0.000,0.000,0.000]","[0.000,0.000,0.000,1.000]","[0.000,0.500,0.500]","[1.515,1.515,1.515]",[],[]
14,Obstacle(Clone)/HideWrapper,"[0.000,0.000,0.000]","[0.000,0.000,0.000]","[0.000,0.000,0.000,1.000]",[],[],[],[]
14,Obstacle(Clone)/ObstacleCore/DepthWrite,"[0.000,0.500,0.500]","[0.000,0.000,0.000]","[0.000,0.000,0.000,1.000]","[0.000,0.500,0.500]","[0.990,0.990,0.990]",[],[]
14,Obstacle(Clone)/ObstacleCore/Collider,"[0.000,0.500,0.500]","[0.000,0.000,0.000]","[0.000,0.000,0.000,1.000]",[],[],"[0.000,0.500,0.500]","[0.000,0.000,0.000]"
14,Obstacle(Clone)/ObstacleCore,"[0.000,0.500,0.500]","[0.000,0.000,0.000]","[0.000,0.000,0.000,1.000]","[0.000,0.500,0.500]","[0.990,0.990,0.990]",[],[]
14,Obstacle(Clone),"[0.000,0.000,0.000]","[0.000,0.000,0.000]","[0.000,0.000,0.000,1.000]",[],[],[],[]
14,Obstacle(Clone)/HideWrapper/ObstacleFrame,"[0.000,0.500,0.500]","[0.000,0.000,0.000]","[0.000,0.000,0.000,1.000]","[0.000,0.500,0.500]","[1.000,1.000,1.000]",[],[]
14,Obstacle(Clone)/HideWrapper/ObstacleFakeGlow,"[0.000,0.500,0.500]","[0.000,0.000,0.000]","[0.000,0.000,0.000,1.000]","[0.000,0.500,0.500]","[1.515,1.515,1.515]",[],[]
14,Obstacle(Clone)/HideWrapper,"[0.000,0.000,0.000]","[0.000,0.000,0.000]","[0.000,0.000,0.000,1.000]",[],[],[],[]
14,Obstacle(Clone)/ObstacleCore/DepthWrite,"[0.000,0.500,0.500]","[0.000,0.000,0.000]","[0.000,0.000,0.000,1.000]","[0.000,0.500,0.500]","[0.990,0.990,0.990]",[],[]
14,Obstacle(Clone)/ObstacleCore/Collider,"[0.000,0.500,0.500]","[0.000,0.000,0.000]","[0.000,0.000,0.000,1.000]",[],[],"[0.000,0.500,0.500]","[0.000,0.000,0.000]"
14,Obstacle(Clone)/ObstacleCore,"[0.000,0.500,0.500]","[0.000,0.000,0.000]","[0.000,0.000,0.000,1.000]","[0.000,0.500,0.500]","[0.990,0.990,0.990]",[],[]
14,Obstacle(Clone),"[0.000,0.000,0.000]","[0.000,0.000,0.000]","[0.000,0.000,0.000,1.000]",[],[],[],[]
14,Obstacle(Clone)/HideWrapper/ObstacleFrame,"[0.000,0.500,0.500]","[0.000,0.000,0.000]","[0.000,0.000,0.000,1.000]","[0.000,0.500,0.500]","[1.000,1.000,1.000]",[],[]
14,Obstacle(Clone)/HideWrapper/ObstacleFakeGlow,"[0.000,0.500,0.500]","[0.000,0.000,0.000]","[0.000,0.000,0.000,1.000]","[0.000,0.500,0.500]","[1.515,1.515,1.515]",[],[]
14,Obstacle(Clone)/HideWrapper,"[0.000,0.000,0.000]","[0.000,0.000,0.000]","[0.000,0.000,0.000,1.000]",[],[],[],[]
14,Obstacle(Clone)/ObstacleCore/DepthWrite,"[0.000,0.500,0.500]","[0.000,0.000,0.000]","[0.000,0.000,0.000,1.000]","[0.000,0.500,0.500]","[0.990,0.990,0.990]",[],[]
14,Obstacle(Clone)/ObstacleCore/Collider,"[0.000,0.500,0.500]","[0.000,0.000,0.000]","[0.000,0.000,0.000,1.000]",[],[],"[0.000,0.500,0.500]","[0.000,0.000,0.000]"
14,Obstacle(Clone)/ObstacleCore,"[0.000,0.500,0.500]","[0.000,0.000,0.000]","[0.000,0.000,0.000,1.000]","[0.000,0.500,0.500]","[0.990,0.990,0.990]",[],[]
14,Obstacle(Clone),"[0.000,0.000,0.000]","[0.000,0.000,0.000]","[0.000,0.000,0.000,1.000]",[],[],[],[]
14,Obstacle(Clone)/HideWrapper/ObstacleFrame,"[0.000,0.500,0.500]","[0.000,0.000,0.000]","[0.000,0.000,0.000,1.000]","[0.000,0.500,0.500]","[1.000,1.000,1.000]",[],[]
14,Obstacle(Clone)/HideWrapper/ObstacleFakeGlow,"[0.000,0.500,0.500]","[0.000,0.000,0.000]","[0.000,0.000,0.000,1.000]","[0.000,0.500,0.500]","[1.515,1.515,1.515]",[],[]
14,Obstacle(Clone)/HideWrapper,"[0.000,0.000,0.000]","[0.000,0.000,0.000]","[0.000,0.000,0.000,1.000]",[],[],[],[]
14,Obstacle(Clone)/ObstacleCore/DepthWrite,"[0.000,0.500,0.500]","[0.000,0.000,0.000]","[0.000,0.000,0.000,1.000]","[0.000,0.500,0.500]","[0.990,0.990,0.990]",[],[]
14,Obstacle(Clone)/ObstacleCore/Collider,"[0.000,0.500,0.500]","[0.000,0.000,0.000]","[0.000,0.000,0.000,1.000]",[],[],"[0.000,0.500,0.500]","[0.000,0.000,0.000]"
14,Obstacle(Clone)/ObstacleCore,"[0.000,0.500,0.500]","[0.000,0.000,0.000]","[0.000,0.000,0.000,1.000]","[0.000,0.500,0.500]","[0.990,0.990,0.990]",[],[]
14,Obstacle(Clone),"[0.000,0.000,0.000]","[0.000,0.000,0.000]","[0.000,0.000,0.000,1.000]",[],[],[],[]
14,Obstacle(Clone)/HideWrapper/ObstacleFrame,"[0.000,0.500,0.500]","[0.000,0.000,0.000]","[0.000,0.000,0.000,1.000]","[0.000,0.500,0.500]","[1.000,1.000,1.000]",[],[]
14,Obstacle(Clone)/HideWrapper/ObstacleFakeGlow,"[0.000,0.500,0.500]","[0.000,0.000,0.000]","[0.000,0.000,0.000,1.000]","[0.000,0.500,0.500]","[1.515,1.515,1.515]",[],[]
14,Obstacle(Clone)/HideWrapper,"[0.000,0.000,0.000]","[0.000,0.000,0.000]","[0.000,0.000,0.000,1.000]",[],[],[],[]
14,Obstacle(Clone)/ObstacleCore/DepthWrite,"[0.000,0.500,0.500]","[0.000,0.000,0.000]","[0.000,0.000,0.000,1.000]","[0.000,0.500,0.500]","[0.990,0.990,0.990]",[],[]
14,Obstacle(Clone)/ObstacleCore/Collider,"[0.000,0.500,0.500]","[0.000,0.000,0.000]","[0.000,0.000,0.000,1.000]",[],[],"[0.000,0.500,0.500]","[0.000,0.000,0.000]"
14,Obstacle(Clone)/ObstacleCore,"[0.000,0.500,0.500]","[0.000,0.000,0.000]","[0.000,0.000,0.000,1.000]","[0.000,0.500,0.500]","[0.990,0.990,0.990]",[],[]
14,Obstacle(Clone),"[0.000,0.000,0.000]","[0.000,0.000,0.000]","[0.000,0.000,0.000,1.000]",[],[],[],[]
14,Obstacle(Clone)/HideWrapper/ObstacleFrame,"[0.000,0.500,0.500]","[0.000,0.000,0.000]","[0.000,0.000,0.000,1.000]","[0.000,0.500,0.500]","[1.000,1.000,1.000]",[],[]
14,Obstacle(Clone)/HideWrapper/ObstacleFakeGlow,"[0.000,0.500,0.500]","[0.000,0.000,0.000]","[0.000,0.000,0.000,1.000]","[0.000,0.500,0.500]","[1.515,1.515,1.515]",[],[]
14,Obstacle(Clone)/HideWrapper,"[0.000,0.000,0.000]","[0.000,0.000,0.000]","[0.000,0.000,0.000,1.000]",[],[],[],[]
14,Obstacle(Clone)/ObstacleCore/DepthWrite,"[0.000,0.500,0.500]","[0.000,0.000,0.000]","[0.000,0.000,0.000,1.000]","[0.000,0.500,0.500]","[0.990,0.990,0.990]",[],[]
14,Obstacle(Clone)/ObstacleCore/Collider,"[0.000,0.500,0.500]","[0.000,0.000,0.000]","[0.000,0.000,0.000,1.000]",[],[],"[0.000,0.500,0.500]","[0.000,0.000,0.000]"
14,Obstacle(Clone)/ObstacleCore,"[0.000,0.500,0.500]","[0.000,0.000,0.000]","[0.000,0.000,0.000,1.000]","[0.000,0.500,0.500]","[0.990,0.990,0.990]",[],[]
14,Obstacle(Clone),"[0.000,0.000,0.000]","[0.000,0.000,0.000]","[0.000,0.000,0.000,1.000]",[],[],[],[]
14,Obstacle(Clone)/HideWrapper/ObstacleFrame,"[0.000,0.500,0.500]","[0.000,0.000,0.000]","[0.000,0.000,0.000,1.000]","[0.000,0.500,0.500]","[1.000,1.000,1.000]",[],[]
14,Obstacle(Clone)/HideWrapper/ObstacleFakeGlow,"[0.000,0.500,0.500]","[0.000,0.000,0.000]","[0.000,0.000,0.000,1.000]","[0.000,0.500,0.500]","[1.515,1.515,1.515]",[],[]
14,Obstacle(Clone)/HideWrapper,"[0.000,0.000,0.000]","[0.000,0.000,0.000]","[0.000,0.000,0.000,1.000]",[],[],[],[]
14,Obstacle(Clone)/ObstacleCore/DepthWrite,"[0.000,0.500,0.500]","[0.000,0.000,0.000]","[0.000,0.000,0.000,1.000]","[0.000,0.500,0.500]","[0.990,0.990,0.990]",[],[]
14,Obstacle(Clone)/ObstacleCore/Collider,"[0.000,0.500,0.500]","[0.000,0.000,0.000]","[0.000,0.000,0.000,1.000]",[],[],"[0.000,0.500,0.500]","[0.000,0.000,0.000]"
14,Obstacle(Clone)/ObstacleCore,"[0.000,0.500,0.500]","[0.000,0.000,0.000]","[0.000,0.000,0.000,1.000]","[0.000,0.500,0.500]","[0.990,0.990,0.990]",[],[]
14,Obstacle(Clone),"[0.000,0.000,0.000]","[0.000,0.000,0.000]","[0.000,0.000,0.000,1.000]",[],[],[],[]
14,Obstacle(Clone)/HideWrapper/ObstacleFrame,"[0.000,0.500,0.500]","[0.000,0.000,0.000]","[0.000,0.000,0.000,1.000]","[0.000,0.500,0.500]","[1.000,1.000,1.000]",[],[]
14,Obstacle(Clone)/HideWrapper/ObstacleFakeGlow,"[0.000,0.500,0.500]","[0.000,0.000,0.000]","[0.000,0.000,0.000,1.000]","[0.000,0.500,0.500]","[1.515,1.515,1.515]",[],[]
14,Obstacle(Clone)/HideWrapper,"[0.000,0.000,0.000]","[0.000,0.000,0.000]","[0.000,0.000,0.000,1.000]",[],[],[],[]
14,Obstacle(Clone)/ObstacleCore/DepthWrite,"[0.000,0.500,0.500]","[0.000,0.000,0.000]","[0.000,0.000,0.000,1.000]","[0.000,0.500,0.500]","[0.990,0.990,0.990]",[],[]
14,Obstacle(Clone)/ObstacleCore/Collider,"[0.000,0.500,0.500]","[0.000,0.000,0.000]","[0.000,0.000,0.000,1.000]",[],[],"[0.000,0.500,0.500]","[0.000,0.000,0.000]"
14,Obstacle(Clone)/ObstacleCore,"[0.000,0.500,0.500]","[0.000,0.000,0.000]","[0.000,0.000,0.000,1.000]","[0.000,0.500,0.500]","[0.990,0.990,0.990]",[],[]
14,Obstacle(Clone),"[0.000,0.000,0.000]","[0.000,0.000,0.000]","[0.000,0.000,0.000,1.000]",[],[],[],[]
14,Obstacle(Clone)/HideWrapper/ObstacleFrame,"[0.000,0.500,0.500]","[0.000,0.000,0.000]","[0.000,0.000,0.000,1.000]","[0.000,0.500,0.500]","[1.000,1.000,1.000]",[],[]
14,Obstacle(Clone)/HideWrapper/ObstacleFakeGlow,"[0.000,0.500,0.500]","[0.000,0.000,0.000]","[0.000,0.000,0.000,1.000]","[0.000,0.500,0.500]","[1.515,1.515,1.515]",[],[]
14,Obstacle(Clone)/HideWrapper,"[0.000,0.000,0.000]","[0.000,0.000,0.000]","[0.000,0.000,0.000,1.000]",[],[],[],[]
14,Obstacle(Clone)/ObstacleCore/DepthWrite,"[0.000,0.500,0.500]","[0.000,0.000,0.000]","[0.000,0.000,0.000,1.000]","[0.000,0.500,0.500]","[0.990,0.990,0.990]",[],[]
14,Obstacle(Clone)/ObstacleCore/Collider,"[0.000,0.500,0.500]","[0.000,0.000,0.000]","[0.000,0.000,0.000,1.000]",[],[],"[0.000,0.500,0.500]","[0.000,0.000,0.000]"
14,Obstacle(Clone)/ObstacleCore,"[0.000,0.500,0.500]","[0.000,0.000,0.000]","[0.000,0.000,0.000,1.000]","[0.000,0.500,0.500]","[0.990,0.990,0.990]",[],[]
14,Obstacle(Clone),"[0.000,0.000,0.000]","[0.000,0.000,0.000]","[0.000,0.000,0.000,1.000]",[],[],[],[]
14,Obstacle(Clone)/HideWrapper/ObstacleFrame,"[0.000,0.500,0.500]","[0.000,0.000,0.000]","[0.000,0.000,0.000,1.000]","[0.000,0.500,0.500]","[1.000,1.000,1.000]",[],[]
14,Obstacle(Clone)/HideWrapper/ObstacleFakeGlow,"[0.000,0.500,0.500]","[0.000,0.000,0.000]","[0.000,0.000,0.000,1.000]","[0.000,0.500,0.500]","[1.515,1.515,1.515]",[],[]
14,Obstacle(Clone)/HideWrapper,"[0.000,0.000,0.000]","[0.000,0.000,0.000]","[0.000,0.000,0.000,1.000]",[],[],[],[]
14,Obstacle(Clone)/ObstacleCore/DepthWrite,"[0.000,0.500,0.500]","[0.000,0.000,0.000]","[0.000,0.000,0.000,1.000]","[0.000,0.500,0.500]","[0.990,0.990,0.990]",[],[]
14,Obstacle(Clone)/ObstacleCore/Collider,"[0.000,0.500,0.500]","[0.000,0.000,0.000]","[0.000,0.000,0.000,1.000]",[],[],"[0.000,0.500,0.500]","[0.000,0.000,0.000]"
14,Obstacle(Clone)/ObstacleCore,"[0.000,0.500,0.500]","[0.000,0.000,0.000]","[0.000,0.000,0.000,1.000]","[0.000,0.500,0.500]","[0.990,0.990,0.990]",[],[]
14,Obstacle(Clone),"[0.000,0.000,0.000]","[0.000,0.000,0.000]","[0.000,0.000,0.000,1.000]",[],[],[],[]
14,Obstacle(Clone)/HideWrapper/ObstacleFrame,"[0.000,0.500,0.500]","[0.000,0.000,0.000]","[0.000,0.000,0.000,1.000]","[0.000,0.500,0.500]","[1.000,1.000,1.000]",[],[]
14,Obstacle(Clone)/HideWrapper/ObstacleFakeGlow,"[0.000,0.500,0.500]","[0.000,0.000,0.000]","[0.000,0.000,0.000,1.000]","[0.000,0.500,0.500]","[1.515,1.515,1.515]",[],[]
14,Obstacle(Clone)/HideWrapper,"[0.000,0.000,0.000]","[0.000,0.000,0.000]","[0.000,0.000,0.000,1.000]",[],[],[],[]
14,Obstacle(Clone)/ObstacleCore/DepthWrite,"[0.000,0.500,0.500]","[0.000,0.000,0.000]","[0.000,0.000,0.000,1.000]","[0.000,0.500,0.500]","[0.990,0.990,0.990]",[],[]
14,Obstacle(Clone)/ObstacleCore/Collider,"[0.000,0.500,0.500]","[0.000,0.000,0.000]","[0.000,0.000,0.000,1.000]",[],[],"[0.000,0.500,0.500]","[0.000,0.000,0.000]"
14,Obstacle(Clone)/ObstacleCore,"[0.000,0.500,0.500]","[0.000,0.000,0.000]","[0.000,0.000,0.000,1.000]","[0.000,0.500,0.500]","[0.990,0.990,0.990]",[],[]
14,Obstacle(Clone),"[0.000,0.000,0.000]","[0.000,0.000,0.000]","[0.000,0.000,0.000,1.000]",[],[],[],[]
14,Obstacle(Clone)/HideWrapper/ObstacleFrame,"[0.000,0.500,0.500]","[0.000,0.000,0.000]","[0.000,0.000,0.000,1.000]","[0.000,0.500,0.500]","[1.000,1.000,1.000]",[],[]
14,Obstacle(Clone)/HideWrapper/ObstacleFakeGlow,"[0.000,0.500,0.500]","[0.000,0.000,0.000]","[0.000,0.000,0.000,1.000]","[0.000,0.500,0.500]","[1.515,1.515,1.515]",[],[]
14,Obstacle(Clone)/HideWrapper,"[0.000,0.000,0.000]","[0.000,0.000,0.000]","[0.000,0.000,0.000,1.000]",[],[],[],[]
14,Obstacle(Clone)/ObstacleCore/DepthWrite,"[0.000,0.500,0.500]","[0.000,0.000,0.000]","[0.000,0.000,0.000,1.000]","[0.000,0.500,0.500]","[0.990,0.990,0.990]",[],[]
14,Obstacle(Clone)/ObstacleCore/Collider,"[0.000,0.500,0.500]","[0.000,0.000,0.000]","[0.000,0.000,0.000,1.000]",[],[],"[0.000,0.500,0.500]","[0.000,0.000,0.000]"
14,Obstacle(Clone)/ObstacleCore,"[0.000,0.500,0.500]","[0.000,0.000,0.000]","[0.000,0.000,0.000,1.000]","[0.000,0.500,0.500]","[0.990,0.990,0.990]",[],[]
14,Obstacle(Clone),"[0.000,0.000,0.000]","[0.000,0.000,0.000]","[0.000,0.000,0.000,1.000]",[],[],[],[]
14,Obstacle(Clone)/HideWrapper/ObstacleFrame,"[0.000,0.500,0.500]","[0.000,0.000,0.000]","[0.000,0.000,0.000,1.000]","[0.000,0.500,0.500]","[1.000,1.000,1.000]",[],[]
14,Obstacle(Clone)/HideWrapper/ObstacleFakeGlow,"[0.000,0.500,0.500]","[0.000,0.000,0.000]","[0.000,0.000,0.000,1.000]","[0.000,0.500,0.500]","[1.515,1.515,1.515]",[],[]
14,Obstacle(Clone)/HideWrapper,"[0.000,0.000,0.000]","[0.000,0.000,0.000]","[0.000,0.000,0.000,1.000]",[],[],[],[]
14,Obstacle(Clone)/ObstacleCore/DepthWrite,"[0.000,0.500,0.500]","[0.000,0.000,0.000]","[0.000,0.000,0.000,1.000]","[0.000,0.500,0.500]","[0.990,0.990,0.990]",[],[]
14,Obstacle(Clone)/ObstacleCore/Collider,"[0.000,0.500,0.500]","[0.000,0.000,0.000]","[0.000,0.000,0.000,1.000]",[],[],"[0.000,0.500,0.500]","[0.000,0.000,0.000]"
14,Obstacle(Clone)/ObstacleCore,"[0.000,0.500,0.500]","[0.000,0.000,0.000]","[0.000,0.000,0.000,1.000]","[0.000,0.500,0.500]","[0.990,0.990,0.990]",[],[]
14,Obstacle(Clone),"[0.000,0.000,0.000]","[0.000,0.000,0.000]","[0.000,0.000,0.000,1.000]",[],[],[],[]
14,Obstacle(Clone)/HideWrapper/ObstacleFrame,"[0.000,0.500,0.500]","[0.000,0.000,0.000]","[0.000,0.000,0.000,1.000]","[0.000,0.500,0.500]","[1.000,1.000,1.000]",[],[]
14,Obstacle(Clone)/HideWrapper/ObstacleFakeGlow,"[0.000,0.500,0.500]","[0.000,0.000,0.000]","[0.000,0.000,0.000,1.000]","[0.000,0.500,0.500]","[1.515,1.515,1.515]",[],[]
14,Obstacle(Clone)/HideWrapper,"[0.000,0.000,0.000]","[0.000,0.000,0.000]","[0.000,0.000,0.000,1.000]",[],[],[],[]
14,Obstacle(Clone)/ObstacleCore/DepthWrite,"[0.000,0.500,0.500]","[0.000,0.000,0.000]","[0.000,0.000,0.000,1.000]","[0.000,0.500,0.500]","[0.990,0.990,0.990]",[],[]
14,Obstacle(Clone)/ObstacleCore/Collider,"[0.000,0.500,0.500]","[0.000,0.000,0.000]","[0.000,0.000,0.000,1.000]",[],[],"[0.000,0.500,0.500]","[0.000,0.000,0.000]"
14,Obstacle(Clone)/ObstacleCore,"[0.000,0.500,0.500]","[0.000,0.000,0.000]","[0.000,0.000,0.000,1.000]","[0.000,0.500,0.500]","[0.990,0.990,0.990]",[],[]
14,Obstacle(Clone),"[0.000,0.000,0.000]","[0.000,0.000,0.000]","[0.000,0.000,0.000,1.000]",[],[],[],[]
14,Obstacle(Clone)/HideWrapper/ObstacleFrame,"[0.000,0.500,0.500]","[0.000,0.000,0.000]","[0.000,0.000,0.000,1.000]","[0.000,0.500,0.500]","[1.000,1.000,1.000]",[],[]
14,Obstacle(Clone)/HideWrapper/ObstacleFakeGlow,"[0.000,0.500,0.500]","[0.000,0.000,0.000]","[0.000,0.000,0.000,1.000]","[0.000,0.500,0.500]","[1.515,1.515,1.515]",[],[]
14,Obstacle(Clone)/HideWrapper,"[0.000,0.000,0.000]","[0.000,0.000,0.000]","[0.000,0.000,0.000,1.000]",[],[],[],[]
14,Obstacle(Clone)/ObstacleCore/DepthWrite,"[0.000,0.500,0.500]","[0.000,0.000,0.000]","[0.000,0.000,0.000,1.000]","[0.000,0.500,0.500]","[0.990,0.990,0.990]",[],[]
14,Obstacle(Clone)/ObstacleCore/Collider,"[0.000,0.500,0.500]","[0.000,0.000,0.000]","[0.000,0.000,0.000,1.000]",[],[],"[0.000,0.500,0.500]","[0.000,0.000,0.000]"
14,Obstacle(Clone)/ObstacleCore,"[0.000,0.500,0.500]","[0.000,0.000,0.000]","[0.000,0.000,0.000,1.000]","[0.000,0.500,0.500]","[0.990,0.990,0.990]",[],[]
14,Obstacle(Clone),"[0.000,0.000,0.000]","[0.000,0.000,0.000]","[0.000,0.000,0.000,1.000]",[],[],[],[]
14,Obstacle(Clone)/HideWrapper/ObstacleFrame,"[0.000,0.500,0.500]","[0.000,0.000,0.000]","[0.000,0.000,0.000,1.000]","[0.000,0.500,0.500]","[1.000,1.000,1.000]",[],[]
14,Obstacle(Clone)/HideWrapper/ObstacleFakeGlow,"[0.000,0.500,0.500]","[0.000,0.000,0.000]","[0.000,0.000,0.000,1.000]","[0.000,0.500,0.500]","[1.515,1.515,1.515]",[],[]
14,Obstacle(Clone)/HideWrapper,"[0.000,0.000,0.000]","[0.000,0.000,0.000]","[0.000,0.000,0.000,1.000]",[],[],[],[]
14,Obstacle(Clone)/ObstacleCore/DepthWrite,"[0.000,0.500,0.500]","[0.000,0.000,0.000]","[0.000,0.000,0.000,1.000]","[0.000,0.500,0.500]","[0.990,0.990,0.990]",[],[]
14,Obstacle(Clone)/ObstacleCore/Collider,"[0.000,0.500,0.500]","[0.000,0.000,0.000]","[0.000,0.000,0.000,1.000]",[],[],"[0.000,0.500,0.500]","[0.000,0.000,0.000]"
14,Obstacle(Clone)/ObstacleCore,"[0.000,0.500,0.500]","[0.000,0.000,0.000]","[0.000,0.000,0.000,1.000]","[0.000,0.500,0.500]","[0.990,0.990,0.990]",[],[]
14,Obstacle(Clone),"[0.000,0.000,0.000]","[0.000,0.000,0.000]","[0.000,0.000,0.000,1.000]",[],[],[],[]
14,Obstacle(Clone)/HideWrapper/ObstacleFrame,"[0.000,0.500,0.500]","[0.000,0.000,0.000]","[0.000,0.000,0.000,1.000]","[0.000,0.500,0.500]","[1.000,1.000,1.000]",[],[]
14,Obstacle(Clone)/HideWrapper/ObstacleFakeGlow,"[0.000,0.500,0.500]","[0.000,0.000,0.000]","[0.000,0.000,0.000,1.000]","[0.000,0.500,0.500]","[1.515,1.515,1.515]",[],[]
14,Obstacle(Clone)/HideWrapper,"[0.000,0.000,0.000]","[0.000,0.000,0.000]","[0.000,0.000,0.000,1.000]",[],[],[],[]
14,Obstacle(Clone)/ObstacleCore/DepthWrite,"[0.000,0.500,0.500]","[0.000,0.000,0.000]","[0.000,0.000,0.000,1.000]","[0.000,0.500,0.500]","[0.990,0.990,0.990]",[],[]
14,Obstacle(Clone)/ObstacleCore/Collider,"[0.000,0.500,0.500]","[0.000,0.000,0.000]","[0.000,0.000,0.000,1.000]",[],[],"[0.000,0.500,0.500]","[0.000,0.000,0.000]"
14,Obstacle(Clone)/ObstacleCore,"[0.000,0.500,0.500]","[0.000,0.000,0.000]","[0.000,0.000,0.000,1.000]","[0.000,0.500,0.500]","[0.990,0.990,0.990]",[],[]
14,Obstacle(Clone),"[0.000,0.000,0.000]","[0.000,0.000,0.000]","[0.000,0.000,0.000,1.000]",[],[],[],[]
14,BombNote(Clone)/Mesh,"[0.000,0.463,0.000]","[0.000,0.000,0.000]","[0.000,0.000,0.000,1.000]","[0.009,0.476,0.000]","[0.565,0.542,0.475]","[0.000,0.463,0.000]","[0.000,0.000,0.000]"
14,BombNote(Clone),"[0.000,0.463,0.000]","[90.000,0.000,0.000]","[0.707,0.000,0.000,0.707]",[],[],[],[]
14,BombNote(Clone)/Mesh,"[0.000,0.463,0.000]","[0.000,0.000,0.000]","[0.000,0.000,0.000,1.000]","[0.009,0.476,0.000]","[0.565,0.542,0.475]","[0.000,0.463,0.000]","[0.000,0.000,0.000]"
14,BombNote(Clone),"[0.000,0.463,0.000]","[90.000,0.000,0.000]","[0.707,0.000,0.000,0.707]",[],[],[],[]
14,BombNote(Clone)/Mesh,"[0.000,0.463,0.000]","[0.000,0.000,0.000]","[0.000,0.000,0.000,1.000]","[0.009,0.476,0.000]","[0.565,0.542,0.475]","[0.000,0.463,0.000]","[0.000,0.000,0.000]"
14,BombNote(Clone),"[0.000,0.463,0.000]","[90.000,0.000,0.000]","[0.707,0.000,0.000,0.707]",[],[],[],[]
14,BombNote(Clone)/Mesh,"[0.000,0.463,0.000]","[0.000,0.000,0.000]","[0.000,0.000,0.000,1.000]","[0.009,0.476,0.000]","[0.565,0.542,0.475]","[0.000,0.463,0.000]","[0.000,0.000,0.000]"
14,BombNote(Clone),"[0.000,0.463,0.000]","[90.000,0.000,0.000]","[0.707,0.000,0.000,0.707]",[],[],[],[]
14,BombNote(Clone)/Mesh,"[0.000,0.463,0.000]","[0.000,0.000,0.000]","[0.000,0.000,0.000,1.000]","[0.009,0.476,0.000]","[0.565,0.542,0.475]","[0.000,0.463,0.000]","[0.000,0.000,0.000]"
14,BombNote(Clone),"[0.000,0.463,0.000]","[90.000,0.000,0.000]","[0.707,0.000,0.000,0.707]",[],[],[],[]
14,BombNote(Clone)/Mesh,"[0.000,0.463,0.000]","[0.000,0.000,0.000]","[0.000,0.000,0.000,1.000]","[0.009,0.476,0.000]","[0.565,0.542,0.475]","[0.000,0.463,0.000]","[0.000,0.000,0.000]"
14,BombNote(Clone),"[0.000,0.463,0.000]","[90.000,0.000,0.000]","[0.707,0.000,0.000,0.707]",[],[],[],[]
14,BombNote(Clone)/Mesh,"[0.000,0.463,0.000]","[0.000,0.000,0.000]","[0.000,0.000,0.000,1.000]","[0.009,0.476,0.000]","[0.565,0.542,0.475]","[0.000,0.463,0.000]","[0.000,0.000,0.000]"
14,BombNote(Clone),"[0.000,0.463,0.000]","[90.000,0.000,0.000]","[0.707,0.000,0.000,0.707]",[],[],[],[]
14,BombNote(Clone)/Mesh,"[0.000,0.463,0.000]","[0.000,0.000,0.000]","[0.000,0.000,0.000,1.000]","[0.009,0.476,0.000]","[0.565,0.542,0.475]","[0.000,0.463,0.000]","[0.000,0.000,0.000]"
14,BombNote(Clone),"[0.000,0.463,0.000]","[90.000,0.000,0.000]","[0.707,0.000,0.000,0.707]",[],[],[],[]
14,BombNote(Clone)/Mesh,"[0.000,0.463,0.000]","[0.000,0.000,0.000]","[0.000,0.000,0.000,1.000]","[0.009,0.476,0.000]","[0.565,0.542,0.475]","[0.000,0.463,0.000]","[0.000,0.000,0.000]"
14,BombNote(Clone),"[0.000,0.463,0.000]","[90.000,0.000,0.000]","[0.707,0.000,0.000,0.707]",[],[],[],[]
14,BombNote(Clone)/Mesh,"[0.000,0.463,0.000]","[0.000,0.000,0.000]","[0.000,0.000,0.000,1.000]","[0.009,0.476,0.000]","[0.565,0.542,0.475]","[0.000,0.463,0.000]","[0.000,0.000,0.000]"
14,BombNote(Clone),"[0.000,0.463,0.000]","[90.000,0.000,0.000]","[0.707,0.000,0.000,0.707]",[],[],[],[]
14,BombNote(Clone)/Mesh,"[0.000,0.463,0.000]","[0.000,0.000,0.000]","[0.000,0.000,0.000,1.000]","[0.009,0.476,0.000]","[0.565,0.542,0.475]","[0.000,0.463,0.000]","[0.000,0.000,0.000]"
14,BombNote(Clone),"[0.000,0.463,0.000]","[90.000,0.000,0.000]","[0.707,0.000,0.000,0.707]",[],[],[],[]
14,BombNote(Clone)/Mesh,"[0.000,0.463,0.000]","[0.000,0.000,0.000]","[0.000,0.000,0.000,1.000]","[0.009,0.476,0.000]","[0.565,0.542,0.475]","[0.000,0.463,0.000]","[0.000,0.000,0.000]"
14,BombNote(Clone),"[0.000,0.463,0.000]","[90.000,0.000,0.000]","[0.707,0.000,0.000,0.707]",[],[],[],[]
14,BombNote(Clone)/Mesh,"[0.000,0.463,0.000]","[0.000,0.000,0.000]","[0.000,0.000,0.000,1.000]","[0.009,0.476,0.000]","[0.565,0.542,0.475]","[0.000,0.463,0.000]","[0.000,0.000,0.000]"
14,BombNote(Clone),"[0.000,0.463,0.000]","[90.000,0.000,0.000]","[0.707,0.000,0.000,0.707]",[],[],[],[]
14,BombNote(Clone)/Mesh,"[0.000,0.463,0.000]","[0.000,0.000,0.000]","[0.000,0.000,0.000,1.000]","[0.009,0.476,0.000]","[0.565,0.542,0.475]","[0.000,0.463,0.000]","[0.000,0.000,0.000]"
14,BombNote(Clone),"[0.000,0.463,0.000]","[90.000,0.000,0.000]","[0.707,0.000,0.000,0.707]",[],[],[],[]
14,BombNote(Clone)/Mesh,"[0.000,0.463,0.000]","[0.000,0.000,0.000]","[0.000,0.000,0.000,1.000]","[0.009,0.476,0.000]","[0.565,0.542,0.475]","[0.000,0.463,0.000]","[0.000,0.000,0.000]"
14,BombNote(Clone),"[0.000,0.463,0.000]","[90.000,0.000,0.000]","[0.707,0.000,0.000,0.707]",[],[],[],[]
14,BombNote(Clone)/Mesh,"[0.000,0.463,0.000]","[0.000,0.000,0.000]","[0.000,0.000,0.000,1.000]","[0.009,0.476,0.000]","[0.565,0.542,0.475]","[0.000,0.463,0.000]","[0.000,0.000,0.000]"
14,BombNote(Clone),"[0.000,0.463,0.000]","[90.000,0.000,0.000]","[0.707,0.000,0.000,0.707]",[],[],[],[]
14,BombNote(Clone)/Mesh,"[0.000,0.463,0.000]","[0.000,0.000,0.000]","[0.000,0.000,0.000,1.000]","[0.009,0.476,0.000]","[0.565,0.542,0.475]","[0.000,0.463,0.000]","[0.000,0.000,0.000]"
14,BombNote(Clone),"[0.000,0.463,0.000]","[90.000,0.000,0.000]","[0.707,0.000,0.000,0.707]",[],[],[],[]
14,BombNote(Clone)/Mesh,"[0.000,0.463,0.000]","[0.000,0.000,0.000]","[0.000,0.000,0.000,1.000]","[0.009,0.476,0.000]","[0.565,0.542,0.475]","[0.000,0.463,0.000]","[0.000,0.000,0.000]"
14,BombNote(Clone),"[0.000,0.463,0.000]","[90.000,0.000,0.000]","[0.707,0.000,0.000,0.707]",[],[],[],[]
14,BombNote(Clone)/Mesh,"[0.000,0.463,0.000]","[0.000,0.000,0.000]","[0.000,0.000,0.000,1.000]","[0.009,0.476,0.000]","[0.565,0.542,0.475]","[0.000,0.463,0.000]","[0.000,0.000,0.000]"
14,BombNote(Clone),"[0.000,0.463,0.000]","[90.000,0.000,0.000]","[0.707,0.000,0.000,0.707]",[],[],[],[]
14,BombNote(Clone)/Mesh,"[0.000,0.463,0.000]","[0.000,0.000,0.000]","[0.000,0.000,0.000,1.000]","[0.009,0.476,0.000]","[0.565,0.542,0.475]","[0.000,0.463,0.000]","[0.000,0.000,0.000]"
14,BombNote(Clone),"[0.000,0.463,0.000]","[90.000,0.000,0.000]","[0.707,0.000,0.000,0.707]",[],[],[],[]
14,BombNote(Clone)/Mesh,"[0.000,0.463,0.000]","[0.000,0.000,0.000]","[0.000,0.000,0.000,1.000]","[0.009,0.476,0.000]","[0.565,0.542,0.475]","[0.000,0.463,0.000]","[0.000,0.000,0.000]"
14,BombNote(Clone),"[0.000,0.463,0.000]","[90.000,0.000,0.000]","[0.707,0.000,0.000,0.707]",[],[],[],[]
14,BombNote(Clone)/Mesh,"[0.000,0.463,0.000]","[0.000,0.000,0.000]","[0.000,0.000,0.000,1.000]","[0.009,0.476,0.000]","[0.565,0.542,0.475]","[0.000,0.463,0.000]","[0.000,0.000,0.000]"
14,BombNote(Clone),"[0.000,0.463,0.000]","[90.000,0.000,0.000]","[0.707,0.000,0.000,0.707]",[],[],[],[]
14,BombNote(Clone)/Mesh,"[0.000,0.463,0.000]","[0.000,0.000,0.000]","[0.000,0.000,0.000,1.000]","[0.009,0.476,0.000]","[0.565,0.542,0.475]","[0.000,0.463,0.000]","[0.000,0.000,0.000]"
14,BombNote(Clone),"[0.000,0.463,0.000]","[90.000,0.000,0.000]","[0.707,0.000,0.000,0.707]",[],[],[],[]
14,BombNote(Clone)/Mesh,"[0.000,0.463,0.000]","[0.000,0.000,0.000]","[0.000,0.000,0.000,1.000]","[0.009,0.476,0.000]","[0.565,0.542,0.475]","[0.000,0.463,0.000]","[0.000,0.000,0.000]"
14,BombNote(Clone),"[0.000,0.463,0.000]","[90.000,0.000,0.000]","[0.707,0.000,0.000,0.707]",[],[],[],[]
14,BombNote(Clone)/Mesh,"[0.000,0.463,0.000]","[0.000,0.000,0.000]","[0.000,0.000,0.000,1.000]","[0.009,0.476,0.000]","[0.565,0.542,0.475]","[0.000,0.463,0.000]","[0.000,0.000,0.000]"
14,BombNote(Clone),"[0.000,0.463,0.000]","[90.000,0.000,0.000]","[0.707,0.000,0.000,0.707]",[],[],[],[]
14,BombNote(Clone)/Mesh,"[0.000,0.463,0.000]","[0.000,0.000,0.000]","[0.000,0.000,0.000,1.000]","[0.009,0.476,0.000]","[0.565,0.542,0.475]","[0.000,0.463,0.000]","[0.000,0.000,0.000]"
14,BombNote(Clone),"[0.000,0.463,0.000]","[90.000,0.000,0.000]","[0.707,0.000,0.000,0.707]",[],[],[],[]
14,BombNote(Clone)/Mesh,"[0.000,0.463,0.000]","[0.000,0.000,0.000]","[0.000,0.000,0.000,1.000]","[0.009,0.476,0.000]","[0.565,0.542,0.475]","[0.000,0.463,0.000]","[0.000,0.000,0.000]"
14,BombNote(Clone),"[0.000,0.463,0.000]","[90.000,0.000,0.000]","[0.707,0.000,0.000,0.707]",[],[],[],[]
14,BombNote(Clone)/Mesh,"[0.000,0.463,0.000]","[0.000,0.000,0.000]","[0.000,0.000,0.000,1.000]","[0.009,0.476,0.000]","[0.565,0.542,0.475]","[0.000,0.463,0.000]","[0.000,0.000,0.000]"
14,BombNote(Clone),"[0.000,0.463,0.000]","[90.000,0.000,0.000]","[0.707,0.000,0.000,0.707]",[],[],[],[]
14,BombNote(Clone)/Mesh,"[0.000,0.463,0.000]","[0.000,0.000,0.000]","[0.000,0.000,0.000,1.000]","[0.009,0.476,0.000]","[0.565,0.542,0.475]","[0.000,0.463,0.000]","[0.000,0.000,0.000]"
14,BombNote(Clone),"[0.000,0.463,0.000]","[90.000,0.000,0.000]","[0.707,0.000,0.000,0.707]",[],[],[],[]
14,BombNote(Clone)/Mesh,"[0.000,0.463,0.000]","[0.000,0.000,0.000]","[0.000,0.000,0.000,1.000]","[0.009,0.476,0.000]","[0.565,0.542,0.475]","[0.000,0.463,0.000]","[0.000,0.000,0.000]"
14,BombNote(Clone),"[0.000,0.463,0.000]","[90.000,0.000,0.000]","[0.707,0.000,0.000,0.707]",[],[],[],[]
14,BombNote(Clone)/Mesh,"[0.000,0.463,0.000]","[0.000,0.000,0.000]","[0.000,0.000,0.000,1.000]","[0.009,0.476,0.000]","[0.565,0.542,0.475]","[0.000,0.463,0.000]","[0.000,0.000,0.000]"
14,BombNote(Clone),"[0.000,0.463,0.000]","[90.000,0.000,0.000]","[0.707,0.000,0.000,0.707]",[],[],[],[]
14,BombNote(Clone)/Mesh,"[0.000,0.463,0.000]","[0.000,0.000,0.000]","[0.000,0.000,0.000,1.000]","[0.009,0.476,0.000]","[0.565,0.542,0.475]","[0.000,0.463,0.000]","[0.000,0.000,0.000]"
14,BombNote(Clone),"[0.000,0.463,0.000]","[90.000,0.000,0.000]","[0.707,0.000,0.000,0.707]",[],[],[],[]
14,BombNote(Clone)/Mesh,"[0.000,0.463,0.000]","[0.000,0.000,0.000]","[0.000,0.000,0.000,1.000]","[0.009,0.476,0.000]","[0.565,0.542,0.475]","[0.000,0.463,0.000]","[0.000,0.000,0.000]"
14,BombNote(Clone),"[0.000,0.463,0.000]","[90.000,0.000,0.000]","[0.707,0.000,0.000,0.707]",[],[],[],[]
14,BombNote(Clone)/Mesh,"[0.000,0.463,0.000]","[0.000,0.000,0.000]","[0.000,0.000,0.000,1.000]","[0.009,0.476,0.000]","[0.565,0.542,0.475]","[0.000,0.463,0.000]","[0.000,0.000,0.000]"
14,BombNote(Clone),"[0.000,0.463,0.000]","[90.000,0.000,0.000]","[0.707,0.000,0.000,0.707]",[],[],[],[]
14,BombNote(Clone)/Mesh,"[0.000,0.463,0.000]","[0.000,0.000,0.000]","[0.000,0.000,0.000,1.000]","[0.009,0.476,0.000]","[0.565,0.542,0.475]","[0.000,0.463,0.000]","[0.000,0.000,0.000]"
14,BombNote(Clone),"[0.000,0.463,0.000]","[90.000,0.000,0.000]","[0.707,0.000,0.000,0.707]",[],[],[],[]
14,PlayerHeightDetector(Clone),"[0.000,0.000,0.000]","[0.000,0.000,0.000]","[0.000,0.000,0.000,1.000]",[],[],[],[]
14,GameCore/DisableGCWhileEnabled,"[0.000,0.000,0.000]","[0.000,0.000,0.000]","[0.000,0.000,0.000,1.000]",[],[],[],[]
14,GameCore/BloomFogParamsAnimator,"[0.000,0.000,0.000]","[0.000,0.000,0.000]","[0.000,0.000,0.000,1.000]",[],[],[],[]
14,GameCore/SceneSetup,"[0.000,0.000,0.000]","[0.000,0.000,0.000]","[0.000,0.000,0.000,1.000]",[],[],[],[]
14,GameCore/====== RENDERING ======,"[0.000,0.000,0.000]","[0.000,0.000,0.000]","[0.000,0.000,0.000,1.000]",[],[],[],[]
14,GameCore,"[0.000,0.000,0.000]","[0.000,0.000,0.000]","[0.000,0.000,0.000,1.000]",[],[],[],[]
14,GameCore/SceneContext,"[0.000,0.000,0.000]","[0.000,0.000,0.000]","[0.000,0.000,0.000,1.000]",[],[],[],[]
14,GameCore/====== FADE IN / OUT ======,"[0.000,0.000,0.000]","[0.000,0.000,0.000]","[0.000,0.000,0.000,1.000]",[],[],[],[]
14,GameCore/BloomSkyboxQuad,"[0.000,0.000,0.000]","[0.000,0.000,0.000]","[0.000,0.000,0.000,1.000]","[0.000,0.000,0.000]","[100000000.000,100000000.000,100000000.000]",[],[]
14,GameCore/FadeInOnSceneTransitionFinished,"[0.000,0.000,0.000]","[0.000,0.000,0.000]","[0.000,0.000,0.000,1.000]",[],[],[],[]
14,GameCore/BasicUIAudioManager,"[0.000,0.000,0.000]","[0.000,0.000,0.000]","[0.000,0.000,0.000,1.000]",[],[],[],[]
14,GameCore/FadeOutOnSceneTransition,"[0.000,0.000,0.000]","[0.000,0.000,0.000]","[0.000,0.000,0.000,1.000]",[],[],[],[]
14,GameCore/BlueNoiseHelper,"[-1.715,0.000,0.000]","[0.000,0.000,0.000]","[0.000,0.000,0.000,1.000]",[],[],[],[]
14,GameCore/SceneCameraBloomPrePass,"[0.000,0.000,0.000]","[0.000,0.000,0.000]","[0.000,0.000,0.000,1.000]",[],[],[],[]
14,GameCore/GrabPassTexture1,"[0.000,0.000,0.000]","[0.000,0.000,0.000]","[0.000,0.000,0.000,1.000]","[0.000,0.000,0.000]","[9999999.000,9999999.000,9999999.000]",[],[]
14,GameCore/VRRenderingParamsSetup,"[0.000,0.000,0.000]","[0.000,0.000,0.000]","[0.000,0.000,0.000,1.000]",[],[],[],[]
14,GameCore/EnvironmentColorManager,"[0.000,0.000,0.000]","[0.000,0.000,0.000]","[0.000,0.000,0.000,1.000]",[],[],[],[]
15,SaberTrailRenderer(Clone),"[0.000,0.000,0.000]","[0.000,0.000,0.000]","[0.000,0.000,0.000,1.000]","[0.000,0.000,0.000]","[100.000,100.000,100.000]",[],[]
15,SaberTrailRenderer(Clone),"[0.000,0.000,0.000]","[0.000,0.000,0.000]","[0.000,0.000,0.000,1.000]","[0.000,0.000,0.000]","[100.000,100.000,100.000]",[],[]
15,ObstacleSaberSparkleEffect/BurnPS,"[0.000,0.000,0.001]","[0.000,0.000,0.000]","[0.000,0.000,0.000,1.000]","[0.000,0.000,0.001]","[0.000,0.000,0.000]",[],[]
15,ObstacleSaberSparkleEffect/SparklePS,"[0.000,0.000,0.000]","[0.000,0.000,0.000]","[0.000,0.000,0.000,1.000]","[0.000,0.000,0.000]","[0.000,0.000,0.000]",[],[]
15,ObstacleSaberSparkleEffect,"[0.000,0.000,0.000]","[0.000,0.000,0.000]","[0.000,0.000,0.000,1.000]",[],[],[],[]
15,ObstacleSaberSparkleEffect/BurnPS,"[0.000,0.000,0.001]","[0.000,0.000,0.000]","[0.000,0.000,0.000,1.000]","[0.000,0.000,0.001]","[0.000,0.000,0.000]",[],[]
15,ObstacleSaberSparkleEffect/SparklePS,"[0.000,0.000,0.000]","[0.000,0.000,0.000]","[0.000,0.000,0.000,1.000]","[0.000,0.000,0.000]","[0.000,0.000,0.000]",[],[]
15,ObstacleSaberSparkleEffect,"[0.000,0.000,0.000]","[0.000,0.000,0.000]","[0.000,0.000,0.000,1.000]",[],[],[],[]
15,BurnPS(Clone),"[0.000,0.000,0.000]","[270.000,0.000,0.000]","[-0.707,0.000,0.000,0.707]","[0.000,0.000,0.000]","[0.276,0.456,0.276]",[],[]
15,BurnPS(Clone),"[0.000,0.000,0.000]","[270.000,0.000,0.000]","[-0.707,0.000,0.000,0.707]","[0.000,0.000,0.000]","[0.276,0.456,0.276]",[],[]
15,BigTrackLaneRing(Clone)/NeonTubeBothSidesDirectional (3)/BoxLight,"[-23.028,2.625,119.000]","[0.000,0.000,185.888]","[0.000,0.000,0.999,-0.051]","[-23.028,2.625,119.000]","[0.755,5.983,0.140]",[],[]
15,BigTrackLaneRing(Clone)/NeonTubeBothSidesDirectional (3)/BakedBloom,"[-23.028,2.625,119.000]","[354.370,107.085,178.273]","[0.803,0.041,0.594,-0.031]","[-23.028,2.625,119.000]","[0.000,0.000,0.000]",[],[]
15,BigTrackLaneRing(Clone)/NeonTubeBothSidesDirectional (3),"[-23.028,2.625,119.000]","[0.000,0.000,185.888]","[0.000,0.000,0.999,-0.051]",[],[],[],[]
15,BigTrackLaneRing(Clone)/NeonTubeBothSidesDirectional (2)/BoxLight,"[23.028,7.375,119.000]","[0.000,0.000,5.888]","[0.000,0.000,0.051,0.999]","[23.028,7.375,119.000]","[0.755,5.983,0.140]",[],[]
15,BigTrackLaneRing(Clone)/NeonTubeBothSidesDirectional (2)/BakedBloom,"[23.028,7.375,119.000]","[5.630,252.915,358.273]","[0.041,-0.803,0.031,0.594]","[23.028,7.375,119.000]","[0.000,0.000,0.000]",[],[]
15,BigTrackLaneRing(Clone)/NeonTubeBothSidesDirectional (2),"[23.028,7.375,119.000]","[0.000,0.000,5.888]","[0.000,0.000,0.051,0.999]",[],[],[],[]
15,BigTrackLaneRing(Clone)/NeonTubeBothSidesDirectional (1)/BoxLight,"[2.375,-18.028,119.000]","[0.000,0.000,95.888]","[0.000,0.000,0.742,0.670]","[2.375,-18.028,119.000]","[5.983,0.755,0.140]",[],[]
15,BigTrackLaneRing(Clone)/NeonTubeBothSidesDirectional (1)/BakedBloom,"[2.375,-18.028,119.000]","[72.038,18.550,109.431]","[0.442,-0.398,0.597,0.538]","[2.375,-18.028,119.000]","[0.000,0.000,0.000]",[],[]
15,BigTrackLaneRing(Clone)/NeonTubeBothSidesDirectional (1),"[2.375,-18.028,119.000]","[0.000,0.000,95.888]","[0.000,0.000,0.742,0.670]",[],[],[],[]
15,BigTrackLaneRing(Clone)/NeonTubeBothSidesDirectional/BoxLight,"[-2.375,28.028,119.000]","[0.000,0.000,95.888]","[0.000,0.000,0.742,0.670]","[-2.375,28.028,119.000]","[5.983,0.755,0.140]",[],[]
15,BigTrackLaneRing(Clone)/NeonTubeBothSidesDirectional/BakedBloom,"[-2.375,28.028,119.000]","[72.038,161.450,250.570]","[0.597,-0.538,0.442,0.398]","[-2.375,28.028,119.000]","[0.000,0.000,0.000]",[],[]
15,BigTrackLaneRing(Clone)/NeonTubeBothSidesDirectional,"[-2.375,28.028,119.000]","[0.000,0.000,95.888]","[0.000,0.000,0.742,0.670]",[],[],[],[]
15,BigTrackLaneRing(Clone)/Ring,"[0.000,5.000,119.000]","[275.889,270.000,180.000]","[-0.525,0.474,0.525,0.474]","[0.000,5.000,119.000]","[54.502,54.502,0.800]",[],[]
15,BigTrackLaneRing(Clone),"[0.000,5.000,119.000]","[0.000,0.000,95.888]","[0.000,0.000,0.742,0.670]",[],[],[],[]
15,BigTrackLaneRing(Clone)/NeonTubeBothSidesDirectional (3)/BoxLight,"[-22.885,1.506,111.000]","[0.000,0.000,188.681]","[0.000,0.000,0.997,-0.076]","[-22.885,1.506,111.000]","[1.044,5.952,0.140]",[],[]
15,BigTrackLaneRing(Clone)/NeonTubeBothSidesDirectional (3)/BakedBloom,"[-22.885,1.506,111.000]","[351.701,107.186,177.444]","[0.802,0.061,0.593,-0.045]","[-22.885,1.506,111.000]","[0.000,0.000,0.000]",[],[]
15,BigTrackLaneRing(Clone)/NeonTubeBothSidesDirectional (3),"[-22.885,1.506,111.000]","[0.000,0.000,188.681]","[0.000,0.000,0.997,-0.076]",[],[],[],[]
15,BigTrackLaneRing(Clone)/NeonTubeBothSidesDirectional (2)/BoxLight,"[22.885,8.494,111.000]","[0.000,0.000,8.681]","[0.000,0.000,0.076,0.997]","[22.885,8.494,111.000]","[1.044,5.952,0.140]",[],[]
15,BigTrackLaneRing(Clone)/NeonTubeBothSidesDirectional (2)/BakedBloom,"[22.885,8.494,111.000]","[8.299,252.815,357.444]","[0.061,-0.802,0.045,0.593]","[22.885,8.494,111.000]","[0.000,0.000,0.000]",[],[]
15,BigTrackLaneRing(Clone)/NeonTubeBothSidesDirectional (2),"[22.885,8.494,111.000]","[0.000,0.000,8.681]","[0.000,0.000,0.076,0.997]",[],[],[],[]
15,BigTrackLaneRing(Clone)/NeonTubeBothSidesDirectional (1)/BoxLight,"[3.494,-17.885,111.000]","[0.000,0.000,98.681]","[0.000,0.000,0.759,0.652]","[3.494,-17.885,111.000]","[5.952,1.044,0.140]",[],[]
15,BigTrackLaneRing(Clone)/NeonTubeBothSidesDirectional (1)/BakedBloom,"[3.494,-17.885,111.000]","[70.970,26.276,117.576]","[0.451,-0.388,0.610,0.524]","[3.494,-17.885,111.000]","[0.000,0.000,0.000]",[],[]
15,BigTrackLaneRing(Clone)/NeonTubeBothSidesDirectional (1),"[3.494,-17.885,111.000]","[0.000,0.000,98.681]","[0.000,0.000,0.759,0.652]",[],[],[],[]
15,BigTrackLaneRing(Clone)/NeonTubeBothSidesDirectional/BoxLight,"[-3.494,27.885,111.000]","[0.000,0.000,98.681]","[0.000,0.000,0.759,0.652]","[-3.494,27.885,111.000]","[5.952,1.044,0.140]",[],[]
15,BigTrackLaneRing(Clone)/NeonTubeBothSidesDirectional/BakedBloom,"[-3.494,27.885,111.000]","[70.970,153.724,242.424]","[0.610,-0.524,0.451,0.388]","[-3.494,27.885,111.000]","[0.000,0.000,0.000]",[],[]
15,BigTrackLaneRing(Clone)/NeonTubeBothSidesDirectional,"[-3.494,27.885,111.000]","[0.000,0.000,98.681]","[0.000,0.000,0.759,0.652]",[],[],[],[]
15,BigTrackLaneRing(Clone)/Ring,"[0.000,5.000,111.000]","[278.682,270.000,180.000]","[-0.536,0.461,0.536,0.461]","[0.000,5.000,111.000]","[56.596,56.596,0.800]",[],[]
15,BigTrackLaneRing(Clone),"[0.000,5.000,111.000]","[0.000,0.000,98.681]","[0.000,0.000,0.759,0.652]",[],[],[],[]
15,BigTrackLaneRing(Clone)/NeonTubeBothSidesDirectional (3)/BoxLight,"[-22.687,0.395,103.000]","[0.000,0.000,191.475]","[0.000,0.000,0.995,-0.100]","[-22.687,0.395,103.000]","[1.331,5.908,0.140]",[],[]
15,BigTrackLaneRing(Clone)/NeonTubeBothSidesDirectional (3)/BakedBloom,"[-22.687,0.395,103.000]","[349.033,107.326,176.604]","[0.800,0.080,0.592,-0.059]","[-22.687,0.395,103.000]","[0.000,0.000,0.000]",[],[]
15,BigTrackLaneRing(Clone)/NeonTubeBothSidesDirectional (3),"[-22.687,0.395,103.000]","[0.000,0.000,191.475]","[0.000,0.000,0.995,-0.100]",[],[],[],[]
15,BigTrackLaneRing(Clone)/NeonTubeBothSidesDirectional (2)/BoxLight,"[22.687,9.605,103.000]","[0.000,0.000,11.475]","[0.000,0.000,0.100,0.995]","[22.687,9.605,103.000]","[1.331,5.908,0.140]",[],[]
15,BigTrackLaneRing(Clone)/NeonTubeBothSidesDirectional (2)/BakedBloom,"[22.687,9.605,103.000]","[10.967,252.674,356.604]","[0.080,-0.800,0.059,0.592]","[22.687,9.605,103.000]","[0.000,0.000,0.000]",[],[]
15,BigTrackLaneRing(Clone)/NeonTubeBothSidesDirectional (2),"[22.687,9.605,103.000]","[0.000,0.000,11.475]","[0.000,0.000,0.100,0.995]",[],[],[],[]
15,BigTrackLaneRing(Clone)/NeonTubeBothSidesDirectional (1)/BoxLight,"[4.605,-17.687,103.000]","[0.000,0.000,101.475]","[0.000,0.000,0.774,0.633]","[4.605,-17.687,103.000]","[5.908,1.331,0.140]",[],[]
15,BigTrackLaneRing(Clone)/NeonTubeBothSidesDirectional (1)/BakedBloom,"[4.605,-17.687,103.000]","[69.585,33.051,124.772]","[0.461,-0.376,0.622,0.509]","[4.605,-17.687,103.000]","[0.000,0.000,0.000]",[],[]
15,BigTrackLaneRing(Clone)/NeonTubeBothSidesDirectional (1),"[4.605,-17.687,103.000]","[0.000,0.000,101.475]","[0.000,0.000,0.774,0.633]",[],[],[],[]
15,BigTrackLaneRing(Clone)/NeonTubeBothSidesDirectional/BoxLight,"[-4.605,27.687,103.000]","[0.000,0.000,101.475]","[0.000,0.000,0.774,0.633]","[-4.605,27.687,103.000]","[5.908,1.331,0.140]",[],[]
15,BigTrackLaneRing(Clone)/NeonTubeBothSidesDirectional/BakedBloom,"[-4.605,27.687,103.000]","[69.585,146.949,235.228]","[0.622,-0.509,0.461,0.376]","[-4.605,27.687,103.000]","[0.000,0.000,0.000]",[],[]
15,BigTrackLaneRing(Clone)/NeonTubeBothSidesDirectional,"[-4.605,27.687,103.000]","[0.000,0.000,101.475]","[0.000,0.000,0.774,0.633]",[],[],[],[]
15,BigTrackLaneRing(Clone)/Ring,"[0.000,5.000,103.000]","[281.475,270.000,180.000]","[-0.547,0.448,0.547,0.448]","[0.000,5.000,103.000]","[58.556,58.556,0.800]",[],[]
15,BigTrackLaneRing(Clone),"[0.000,5.000,103.000]","[0.000,0.000,101.475]","[0.000,0.000,0.774,0.633]",[],[],[],[]
15,BigTrackLaneRing(Clone)/NeonTubeBothSidesDirectional (3)/BoxLight,"[-22.436,-0.705,95.000]","[0.000,0.000,194.268]","[0.000,0.000,0.992,-0.124]","[-22.436,-0.705,95.000]","[1.614,5.849,0.140]",[],[]
15,BigTrackLaneRing(Clone)/NeonTubeBothSidesDirectional (3)/BakedBloom,"[-22.436,-0.705,95.000]","[346.368,107.509,175.748]","[0.798,0.100,0.590,-0.074]","[-22.436,-0.705,95.000]","[0.000,0.000,0.000]",[],[]
15,BigTrackLaneRing(Clone)/NeonTubeBothSidesDirectional (3),"[-22.436,-0.705,95.000]","[0.000,0.000,194.268]","[0.000,0.000,0.992,-0.124]",[],[],[],[]
15,BigTrackLaneRing(Clone)/NeonTubeBothSidesDirectional (2)/BoxLight,"[22.436,10.705,95.000]","[0.000,0.000,14.268]","[0.000,0.000,0.124,0.992]","[22.436,10.705,95.000]","[1.614,5.849,0.140]",[],[]
15,BigTrackLaneRing(Clone)/NeonTubeBothSidesDirectional (2)/BakedBloom,"[22.436,10.705,95.000]","[13.632,252.492,355.748]","[0.100,-0.798,0.074,0.590]","[22.436,10.705,95.000]","[0.000,0.000,0.000]",[],[]
15,BigTrackLaneRing(Clone)/NeonTubeBothSidesDirectional (2),"[22.436,10.705,95.000]","[0.000,0.000,14.268]","[0.000,0.000,0.124,0.992]",[],[],[],[]
15,BigTrackLaneRing(Clone)/NeonTubeBothSidesDirectional (1)/BoxLight,"[5.705,-17.436,95.000]","[0.000,0.000,104.268]","[0.000,0.000,0.789,0.614]","[5.705,-17.436,95.000]","[5.849,1.614,0.140]",[],[]
15,BigTrackLaneRing(Clone)/NeonTubeBothSidesDirectional (1)/BakedBloom,"[5.705,-17.436,95.000]","[67.943,38.872,131.016]","[0.470,-0.365,0.635,0.493]","[5.705,-17.436,95.000]","[0.000,0.000,0.000]",[],[]
15,BigTrackLaneRing(Clone)/NeonTubeBothSidesDirectional (1),"[5.705,-17.436,95.000]","[0.000,0.000,104.268]","[0.000,0.000,0.789,0.614]",[],[],[],[]
15,BigTrackLaneRing(Clone)/NeonTubeBothSidesDirectional/BoxLight,"[-5.705,27.436,95.000]","[0.000,0.000,104.268]","[0.000,0.000,0.789,0.614]","[-5.705,27.436,95.000]","[5.849,1.614,0.140]",[],[]
15,BigTrackLaneRing(Clone)/NeonTubeBothSidesDirectional/BakedBloom,"[-5.705,27.436,95.000]","[67.943,141.128,228.984]","[0.635,-0.493,0.470,0.365]","[-5.705,27.436,95.000]","[0.000,0.000,0.000]",[],[]
15,BigTrackLaneRing(Clone)/NeonTubeBothSidesDirectional,"[-5.705,27.436,95.000]","[0.000,0.000,104.268]","[0.000,0.000,0.789,0.614]",[],[],[],[]
15,BigTrackLaneRing(Clone)/Ring,"[0.000,5.000,95.000]","[284.268,270.000,180.000]","[-0.558,0.434,0.558,0.434]","[0.000,5.000,95.000]","[60.377,60.377,0.800]",[],[]
15,BigTrackLaneRing(Clone),"[0.000,5.000,95.000]","[0.000,0.000,104.268]","[0.000,0.000,0.789,0.614]",[],[],[],[]
15,BigTrackLaneRing(Clone)/NeonTubeBothSidesDirectional (3)/BoxLight,"[-22.131,-1.792,87.000]","[0.000,0.000,197.061]","[0.000,0.000,0.989,-0.148]","[-22.131,-1.792,87.000]","[1.894,5.777,0.140]",[],[]
15,BigTrackLaneRing(Clone)/NeonTubeBothSidesDirectional (3)/BakedBloom,"[-22.131,-1.792,87.000]","[343.706,107.735,174.873]","[0.795,0.119,0.588,-0.088]","[-22.131,-1.792,87.000]","[0.000,0.000,0.000]",[],[]
15,BigTrackLaneRing(Clone)/NeonTubeBothSidesDirectional (3),"[-22.131,-1.792,87.000]","[0.000,0.000,197.061]","[0.000,0.000,0.989,-0.148]",[],[],[],[]
15,BigTrackLaneRing(Clone)/NeonTubeBothSidesDirectional (2)/BoxLight,"[22.131,11.792,87.000]","[0.000,0.000,17.061]","[0.000,0.000,0.148,0.989]","[22.131,11.792,87.000]","[1.894,5.777,0.140]",[],[]
15,BigTrackLaneRing(Clone)/NeonTubeBothSidesDirectional (2)/BakedBloom,"[22.131,11.792,87.000]","[16.294,252.266,354.873]","[0.119,-0.795,0.088,0.588]","[22.131,11.792,87.000]","[0.000,0.000,0.000]",[],[]
15,BigTrackLaneRing(Clone)/NeonTubeBothSidesDirectional (2),"[22.131,11.792,87.000]","[0.000,0.000,17.061]","[0.000,0.000,0.148,0.989]",[],[],[],[]
15,BigTrackLaneRing(Clone)/NeonTubeBothSidesDirectional (1)/BoxLight,"[6.792,-17.131,87.000]","[0.000,0.000,107.061]","[0.000,0.000,0.804,0.594]","[6.792,-17.131,87.000]","[5.777,1.894,0.140]",[],[]
15,BigTrackLaneRing(Clone)/NeonTubeBothSidesDirectional (1)/BakedBloom,"[6.792,-17.131,87.000]","[66.095,43.819,136.388]","[0.478,-0.354,0.646,0.478]","[6.792,-17.131,87.000]","[0.000,0.000,0.000]",[],[]
15,BigTrackLaneRing(Clone)/NeonTubeBothSidesDirectional (1),"[6.792,-17.131,87.000]","[0.000,0.000,107.061]","[0.000,0.000,0.804,0.594]",[],[],[],[]
15,BigTrackLaneRing(Clone)/NeonTubeBothSidesDirectional/BoxLight,"[-6.792,27.131,87.000]","[0.000,0.000,107.061]","[0.000,0.000,0.804,0.594]","[-6.792,27.131,87.000]","[5.777,1.894,0.140]",[],[]
15,BigTrackLaneRing(Clone)/NeonTubeBothSidesDirectional/BakedBloom,"[-6.792,27.131,87.000]","[66.095,136.181,223.612]","[0.646,-0.478,0.478,0.354]","[-6.792,27.131,87.000]","[0.000,0.000,0.000]",[],[]
15,BigTrackLaneRing(Clone)/NeonTubeBothSidesDirectional,"[-6.792,27.131,87.000]","[0.000,0.000,107.061]","[0.000,0.000,0.804,0.594]",[],[],[],[]
15,BigTrackLaneRing(Clone)/Ring,"[0.000,5.000,87.000]","[287.061,270.000,180.000]","[-0.569,0.420,0.569,0.420]","[0.000,5.000,87.000]","[62.055,62.055,0.800]",[],[]
15,BigTrackLaneRing(Clone),"[0.000,5.000,87.000]","[0.000,0.000,107.061]","[0.000,0.000,0.804,0.594]",[],[],[],[]
15,BigTrackLaneRing(Clone)/NeonTubeBothSidesDirectional (3)/BoxLight,"[-21.774,-2.862,79.000]","[0.000,0.000,199.854]","[0.000,0.000,0.985,-0.172]","[-21.774,-2.862,79.000]","[2.169,5.691,0.140]",[],[]
15,BigTrackLaneRing(Clone)/NeonTubeBothSidesDirectional (3)/BakedBloom,"[-21.774,-2.862,79.000]","[341.048,108.007,173.974]","[0.792,0.139,0.586,-0.103]","[-21.774,-2.862,79.000]","[0.000,0.000,0.000]",[],[]
15,BigTrackLaneRing(Clone)/NeonTubeBothSidesDirectional (3),"[-21.774,-2.862,79.000]","[0.000,0.000,199.854]","[0.000,0.000,0.985,-0.172]",[],[],[],[]
15,BigTrackLaneRing(Clone)/NeonTubeBothSidesDirectional (2)/BoxLight,"[21.774,12.862,79.000]","[0.000,0.000,19.854]","[0.000,0.000,0.172,0.985]","[21.774,12.862,79.000]","[2.169,5.691,0.140]",[],[]
15,BigTrackLaneRing(Clone)/NeonTubeBothSidesDirectional (2)/BakedBloom,"[21.774,12.862,79.000]","[18.952,251.993,353.974]","[0.139,-0.792,0.103,0.586]","[21.774,12.862,79.000]","[0.000,0.000,0.000]",[],[]
15,BigTrackLaneRing(Clone)/NeonTubeBothSidesDirectional (2),"[21.774,12.862,79.000]","[0.000,0.000,19.854]","[0.000,0.000,0.172,0.985]",[],[],[],[]
15,BigTrackLaneRing(Clone)/NeonTubeBothSidesDirectional (1)/BoxLight,"[7.862,-16.774,79.000]","[0.000,0.000,109.854]","[0.000,0.000,0.818,0.575]","[7.862,-16.774,79.000]","[5.691,2.169,0.140]",[],[]
15,BigTrackLaneRing(Clone)/NeonTubeBothSidesDirectional (1)/BakedBloom,"[7.862,-16.774,79.000]","[64.088,48.006,141.003]","[0.487,-0.342,0.658,0.462]","[7.862,-16.774,79.000]","[0.000,0.000,0.000]",[],[]
15,BigTrackLaneRing(Clone)/NeonTubeBothSidesDirectional (1),"[7.862,-16.774,79.000]","[0.000,0.000,109.854]","[0.000,0.000,0.818,0.575]",[],[],[],[]
15,BigTrackLaneRing(Clone)/NeonTubeBothSidesDirectional/BoxLight,"[-7.862,26.774,79.000]","[0.000,0.000,109.854]","[0.000,0.000,0.818,0.575]","[-7.862,26.774,79.000]","[5.691,2.169,0.140]",[],[]
15,BigTrackLaneRing(Clone)/NeonTubeBothSidesDirectional/BakedBloom,"[-7.862,26.774,79.000]","[64.088,131.994,218.997]","[0.658,-0.462,0.487,0.342]","[-7.862,26.774,79.000]","[0.000,0.000,0.000]",[],[]
15,BigTrackLaneRing(Clone)/NeonTubeBothSidesDirectional,"[-7.862,26.774,79.000]","[0.000,0.000,109.854]","[0.000,0.000,0.818,0.575]",[],[],[],[]
15,BigTrackLaneRing(Clone)/Ring,"[0.000,5.000,79.000]","[289.854,270.000,180.000]","[-0.579,0.406,0.579,0.406]","[0.000,5.000,79.000]","[63.585,63.585,0.800]",[],[]
15,BigTrackLaneRing(Clone),"[0.000,5.000,79.000]","[0.000,0.000,109.854]","[0.000,0.000,0.818,0.575]",[],[],[],[]
15,BigTrackLaneRing(Clone)/NeonTubeBothSidesDirectional (3)/BoxLight,"[-21.365,-3.914,71.000]","[0.000,0.000,202.647]","[0.000,0.000,0.981,-0.196]","[-21.365,-3.914,71.000]","[2.440,5.591,0.140]",[],[]
15,BigTrackLaneRing(Clone)/NeonTubeBothSidesDirectional (3)/BakedBloom,"[-21.365,-3.914,71.000]","[338.394,108.329,173.045]","[0.788,0.158,0.583,-0.117]","[-21.365,-3.914,71.000]","[0.000,0.000,0.000]",[],[]
15,BigTrackLaneRing(Clone)/NeonTubeBothSidesDirectional (3),"[-21.365,-3.914,71.000]","[0.000,0.000,202.647]","[0.000,0.000,0.981,-0.196]",[],[],[],[]
15,BigTrackLaneRing(Clone)/NeonTubeBothSidesDirectional (2)/BoxLight,"[21.365,13.914,71.000]","[0.000,0.000,22.647]","[0.000,0.000,0.196,0.981]","[21.365,13.914,71.000]","[2.440,5.591,0.140]",[],[]
15,BigTrackLaneRing(Clone)/NeonTubeBothSidesDirectional (2)/BakedBloom,"[21.365,13.914,71.000]","[21.606,251.671,353.045]","[0.158,-0.788,0.117,0.583]","[21.365,13.914,71.000]","[0.000,0.000,0.000]",[],[]
15,BigTrackLaneRing(Clone)/NeonTubeBothSidesDirectional (2),"[21.365,13.914,71.000]","[0.000,0.000,22.647]","[0.000,0.000,0.196,0.981]",[],[],[],[]
15,BigTrackLaneRing(Clone)/NeonTubeBothSidesDirectional (1)/BoxLight,"[8.914,-16.365,71.000]","[0.000,0.000,112.647]","[0.000,0.000,0.832,0.555]","[8.914,-16.365,71.000]","[5.591,2.440,0.140]",[],[]
15,BigTrackLaneRing(Clone)/NeonTubeBothSidesDirectional (1)/BakedBloom,"[8.914,-16.365,71.000]","[61.954,51.550,144.979]","[0.495,-0.330,0.669,0.446]","[8.914,-16.365,71.000]","[0.000,0.000,0.000]",[],[]
15,BigTrackLaneRing(Clone)/NeonTubeBothSidesDirectional (1),"[8.914,-16.365,71.000]","[0.000,0.000,112.647]","[0.000,0.000,0.832,0.555]",[],[],[],[]
15,BigTrackLaneRing(Clone)/NeonTubeBothSidesDirectional/BoxLight,"[-8.914,26.365,71.000]","[0.000,0.000,112.647]","[0.000,0.000,0.832,0.555]","[-8.914,26.365,71.000]","[5.591,2.440,0.140]",[],[]
15,BigTrackLaneRing(Clone)/NeonTubeBothSidesDirectional/BakedBloom,"[-8.914,26.365,71.000]","[61.954,128.450,215.021]","[0.669,-0.446,0.495,0.330]","[-8.914,26.365,71.000]","[0.000,0.000,0.000]",[],[]
15,BigTrackLaneRing(Clone)/NeonTubeBothSidesDirectional,"[-8.914,26.365,71.000]","[0.000,0.000,112.647]","[0.000,0.000,0.832,0.555]",[],[],[],[]
15,BigTrackLaneRing(Clone)/Ring,"[0.000,5.000,71.000]","[292.647,270.000,180.000]","[-0.588,0.392,0.588,0.392]","[0.000,5.000,71.000]","[64.964,64.964,0.800]",[],[]
15,BigTrackLaneRing(Clone),"[0.000,5.000,71.000]","[0.000,0.000,112.647]","[0.000,0.000,0.832,0.555]",[],[],[],[]
15,BigTrackLaneRing(Clone)/NeonTubeBothSidesDirectional (3)/BoxLight,"[-20.905,-4.944,63.000]","[0.000,0.000,205.440]","[0.000,0.000,0.975,-0.220]","[-20.905,-4.944,63.000]","[2.704,5.478,0.140]",[],[]
15,BigTrackLaneRing(Clone)/NeonTubeBothSidesDirectional (3)/BakedBloom,"[-20.905,-4.944,63.000]","[335.745,108.704,172.082]","[0.784,0.177,0.580,-0.131]","[-20.905,-4.944,63.000]","[0.000,0.000,0.000]",[],[]
15,BigTrackLaneRing(Clone)/NeonTubeBothSidesDirectional (3),"[-20.905,-4.944,63.000]","[0.000,0.000,205.440]","[0.000,0.000,0.975,-0.220]",[],[],[],[]
15,BigTrackLaneRing(Clone)/NeonTubeBothSidesDirectional (2)/BoxLight,"[20.905,14.944,63.000]","[0.000,0.000,25.440]","[0.000,0.000,0.220,0.975]","[20.905,14.944,63.000]","[2.704,5.478,0.140]",[],[]
15,BigTrackLaneRing(Clone)/NeonTubeBothSidesDirectional (2)/BakedBloom,"[20.905,14.944,63.000]","[24.255,251.296,352.082]","[0.177,-0.784,0.131,0.580]","[20.905,14.944,63.000]","[0.000,0.000,0.000]",[],[]
15,BigTrackLaneRing(Clone)/NeonTubeBothSidesDirectional (2),"[20.905,14.944,63.000]","[0.000,0.000,25.440]","[0.000,0.000,0.220,0.975]",[],[],[],[]
15,BigTrackLaneRing(Clone)/NeonTubeBothSidesDirectional (1)/BoxLight,"[9.944,-15.905,63.000]","[0.000,0.000,115.440]","[0.000,0.000,0.845,0.534]","[9.944,-15.905,63.000]","[5.478,2.704,0.140]",[],[]
15,BigTrackLaneRing(Clone)/NeonTubeBothSidesDirectional (1)/BakedBloom,"[9.944,-15.905,63.000]","[59.721,54.560,148.424]","[0.503,-0.318,0.680,0.429]","[9.944,-15.905,63.000]","[0.000,0.000,0.000]",[],[]
15,BigTrackLaneRing(Clone)/NeonTubeBothSidesDirectional (1),"[9.944,-15.905,63.000]","[0.000,0.000,115.440]","[0.000,0.000,0.845,0.534]",[],[],[],[]
15,BigTrackLaneRing(Clone)/NeonTubeBothSidesDirectional/BoxLight,"[-9.944,25.905,63.000]","[0.000,0.000,115.440]","[0.000,0.000,0.845,0.534]","[-9.944,25.905,63.000]","[5.478,2.704,0.140]",[],[]
15,BigTrackLaneRing(Clone)/NeonTubeBothSidesDirectional/BakedBloom,"[-9.944,25.905,63.000]","[59.721,125.440,211.576]","[0.680,-0.429,0.503,0.318]","[-9.944,25.905,63.000]","[0.000,0.000,0.000]",[],[]
15,BigTrackLaneRing(Clone)/NeonTubeBothSidesDirectional,"[-9.944,25.905,63.000]","[0.000,0.000,115.440]","[0.000,0.000,0.845,0.534]",[],[],[],[]
15,BigTrackLaneRing(Clone)/Ring,"[0.000,5.000,63.000]","[295.440,270.000,180.000]","[-0.598,0.378,0.598,0.378]","[0.000,5.000,63.000]","[66.188,66.188,0.800]",[],[]
15,BigTrackLaneRing(Clone),"[0.000,5.000,63.000]","[0.000,0.000,115.440]","[0.000,0.000,0.845,0.534]",[],[],[],[]
15,BigTrackLaneRing(Clone)/NeonTubeBothSidesDirectional (3)/BoxLight,"[-20.396,-5.951,55.000]","[0.000,0.000,208.233]","[0.000,0.000,0.970,-0.244]","[-20.396,-5.951,55.000]","[2.962,5.352,0.140]",[],[]
15,BigTrackLaneRing(Clone)/NeonTubeBothSidesDirectional (3)/BakedBloom,"[-20.396,-5.951,55.000]","[333.103,109.138,171.078]","[0.780,0.196,0.577,-0.145]","[-20.396,-5.951,55.000]","[0.000,0.000,0.000]",[],[]
15,BigTrackLaneRing(Clone)/NeonTubeBothSidesDirectional (3),"[-20.396,-5.951,55.000]","[0.000,0.000,208.233]","[0.000,0.000,0.970,-0.244]",[],[],[],[]
15,BigTrackLaneRing(Clone)/NeonTubeBothSidesDirectional (2)/BoxLight,"[20.396,15.951,55.000]","[0.000,0.000,28.233]","[0.000,0.000,0.244,0.970]","[20.396,15.951,55.000]","[2.962,5.352,0.140]",[],[]
15,BigTrackLaneRing(Clone)/NeonTubeBothSidesDirectional (2)/BakedBloom,"[20.396,15.951,55.000]","[26.897,250.862,351.078]","[0.196,-0.780,0.145,0.577]","[20.396,15.951,55.000]","[0.000,0.000,0.000]",[],[]
15,BigTrackLaneRing(Clone)/NeonTubeBothSidesDirectional (2),"[20.396,15.951,55.000]","[0.000,0.000,28.233]","[0.000,0.000,0.244,0.970]",[],[],[],[]
15,BigTrackLaneRing(Clone)/NeonTubeBothSidesDirectional (1)/BoxLight,"[10.951,-15.396,55.000]","[0.000,0.000,118.233]","[0.000,0.000,0.858,0.513]","[10.951,-15.396,55.000]","[5.352,2.962,0.140]",[],[]
15,BigTrackLaneRing(Clone)/NeonTubeBothSidesDirectional (1)/BakedBloom,"[10.951,-15.396,55.000]","[57.408,57.126,151.431]","[0.510,-0.305,0.690,0.413]","[10.951,-15.396,55.000]","[0.000,0.000,0.000]",[],[]
15,BigTrackLaneRing(Clone)/NeonTubeBothSidesDirectional (1),"[10.951,-15.396,55.000]","[0.000,0.000,118.233]","[0.000,0.000,0.858,0.513]",[],[],[],[]
15,BigTrackLaneRing(Clone)/NeonTubeBothSidesDirectional/BoxLight,"[-10.951,25.396,55.000]","[0.000,0.000,118.233]","[0.000,0.000,0.858,0.513]","[-10.951,25.396,55.000]","[5.352,2.962,0.140]",[],[]
15,BigTrackLaneRing(Clone)/NeonTubeBothSidesDirectional/BakedBloom,"[-10.951,25.396,55.000]","[57.408,122.874,208.569]","[0.690,-0.413,0.510,0.305]","[-10.951,25.396,55.000]","[0.000,0.000,0.000]",[],[]
15,BigTrackLaneRing(Clone)/NeonTubeBothSidesDirectional,"[-10.951,25.396,55.000]","[0.000,0.000,118.233]","[0.000,0.000,0.858,0.513]",[],[],[],[]
15,BigTrackLaneRing(Clone)/Ring,"[0.000,5.000,55.000]","[298.233,270.000,180.000]","[-0.607,0.363,0.607,0.363]","[0.000,5.000,55.000]","[67.256,67.256,0.800]",[],[]
15,BigTrackLaneRing(Clone),"[0.000,5.000,55.000]","[0.000,0.000,118.233]","[0.000,0.000,0.858,0.513]",[],[],[],[]
15,BigTrackLaneRing(Clone)/NeonTubeBothSidesDirectional (3)/BoxLight,"[-19.838,-6.932,47.000]","[0.000,0.000,211.027]","[0.000,0.000,0.964,-0.267]","[-19.838,-6.932,47.000]","[3.213,5.214,0.140]",[],[]
15,BigTrackLaneRing(Clone)/NeonTubeBothSidesDirectional (3)/BakedBloom,"[-19.838,-6.932,47.000]","[330.468,109.635,170.026]","[0.775,0.215,0.573,-0.159]","[-19.838,-6.932,47.000]","[0.000,0.000,0.000]",[],[]
15,BigTrackLaneRing(Clone)/NeonTubeBothSidesDirectional (3),"[-19.838,-6.932,47.000]","[0.000,0.000,211.027]","[0.000,0.000,0.964,-0.267]",[],[],[],[]
15,BigTrackLaneRing(Clone)/NeonTubeBothSidesDirectional (2)/BoxLight,"[19.838,16.932,47.000]","[0.000,0.000,31.026]","[0.000,0.000,0.267,0.964]","[19.838,16.932,47.000]","[3.213,5.214,0.140]",[],[]
15,BigTrackLaneRing(Clone)/NeonTubeBothSidesDirectional (2)/BakedBloom,"[19.838,16.932,47.000]","[29.532,250.365,350.026]","[0.215,-0.775,0.159,0.573]","[19.838,16.932,47.000]","[0.000,0.000,0.000]",[],[]
15,BigTrackLaneRing(Clone)/NeonTubeBothSidesDirectional (2),"[19.838,16.932,47.000]","[0.000,0.000,31.026]","[0.000,0.000,0.267,0.964]",[],[],[],[]
15,BigTrackLaneRing(Clone)/NeonTubeBothSidesDirectional (1)/BoxLight,"[11.932,-14.838,47.000]","[0.000,0.000,121.027]","[0.000,0.000,0.870,0.492]","[11.932,-14.838,47.000]","[5.214,3.213,0.140]",[],[]
15,BigTrackLaneRing(Clone)/NeonTubeBothSidesDirectional (1)/BakedBloom,"[11.932,-14.838,47.000]","[55.033,59.326,154.077]","[0.518,-0.293,0.700,0.396]","[11.932,-14.838,47.000]","[0.000,0.000,0.000]",[],[]
15,BigTrackLaneRing(Clone)/NeonTubeBothSidesDirectional (1),"[11.932,-14.838,47.000]","[0.000,0.000,121.027]","[0.000,0.000,0.870,0.492]",[],[],[],[]
15,BigTrackLaneRing(Clone)/NeonTubeBothSidesDirectional/BoxLight,"[-11.932,24.838,47.000]","[0.000,0.000,121.027]","[0.000,0.000,0.870,0.492]","[-11.932,24.838,47.000]","[5.214,3.213,0.140]",[],[]
15,BigTrackLaneRing(Clone)/NeonTubeBothSidesDirectional/BakedBloom,"[-11.932,24.838,47.000]","[55.033,120.674,205.923]","[0.700,-0.396,0.518,0.293]","[-11.932,24.838,47.000]","[0.000,0.000,0.000]",[],[]
15,BigTrackLaneRing(Clone)/NeonTubeBothSidesDirectional,"[-11.932,24.838,47.000]","[0.000,0.000,121.027]","[0.000,0.000,0.870,0.492]",[],[],[],[]
15,BigTrackLaneRing(Clone)/Ring,"[0.000,5.000,47.000]","[301.027,270.000,180.000]","[-0.616,0.348,0.616,0.348]","[0.000,5.000,47.000]","[68.163,68.163,0.800]",[],[]
15,BigTrackLaneRing(Clone),"[0.000,5.000,47.000]","[0.000,0.000,121.027]","[0.000,0.000,0.870,0.492]",[],[],[],[]
15,BigTrackLaneRing(Clone)/NeonTubeBothSidesDirectional (3)/BoxLight,"[-18.374,-9.083,39.000]","[0.000,0.000,217.468]","[0.000,0.000,0.947,-0.321]","[-18.374,-9.083,39.000]","[3.761,4.847,0.140]",[],[]
15,BigTrackLaneRing(Clone)/NeonTubeBothSidesDirectional (3)/BakedBloom,"[-18.374,-9.083,39.000]","[324.427,111.067,167.370]","[0.761,0.258,0.563,-0.191]","[-18.374,-9.083,39.000]","[0.000,0.000,0.000]",[],[]
15,BigTrackLaneRing(Clone)/NeonTubeBothSidesDirectional (3),"[-18.374,-9.083,39.000]","[0.000,0.000,217.468]","[0.000,0.000,0.947,-0.321]",[],[],[],[]
15,BigTrackLaneRing(Clone)/NeonTubeBothSidesDirectional (2)/BoxLight,"[18.374,19.083,39.000]","[0.000,0.000,37.468]","[0.000,0.000,0.321,0.947]","[18.374,19.083,39.000]","[3.761,4.847,0.140]",[],[]
15,BigTrackLaneRing(Clone)/NeonTubeBothSidesDirectional (2)/BakedBloom,"[18.374,19.083,39.000]","[35.573,248.933,347.370]","[0.258,-0.761,0.191,0.563]","[18.374,19.083,39.000]","[0.000,0.000,0.000]",[],[]
15,BigTrackLaneRing(Clone)/NeonTubeBothSidesDirectional (2),"[18.374,19.083,39.000]","[0.000,0.000,37.468]","[0.000,0.000,0.321,0.947]",[],[],[],[]
15,BigTrackLaneRing(Clone)/NeonTubeBothSidesDirectional (1)/BoxLight,"[14.083,-13.374,39.000]","[0.000,0.000,127.468]","[0.000,0.000,0.897,0.443]","[14.083,-13.374,39.000]","[4.847,3.761,0.140]",[],[]
15,BigTrackLaneRing(Clone)/NeonTubeBothSidesDirectional (1)/BakedBloom,"[14.083,-13.374,39.000]","[49.377,63.317,159.120]","[0.533,-0.263,0.721,0.356]","[14.083,-13.374,39.000]","[0.000,0.000,0.000]",[],[]
15,BigTrackLaneRing(Clone)/NeonTubeBothSidesDirectional (1),"[14.083,-13.374,39.000]","[0.000,0.000,127.468]","[0.000,0.000,0.897,0.443]",[],[],[],[]
15,BigTrackLaneRing(Clone)/NeonTubeBothSidesDirectional/BoxLight,"[-14.083,23.374,39.000]","[0.000,0.000,127.468]","[0.000,0.000,0.897,0.443]","[-14.083,23.374,39.000]","[4.847,3.761,0.140]",[],[]
15,BigTrackLaneRing(Clone)/NeonTubeBothSidesDirectional/BakedBloom,"[-14.083,23.374,39.000]","[49.377,116.683,200.880]","[0.721,-0.356,0.533,0.263]","[-14.083,23.374,39.000]","[0.000,0.000,0.000]",[],[]
15,BigTrackLaneRing(Clone)/NeonTubeBothSidesDirectional,"[-14.083,23.374,39.000]","[0.000,0.000,127.468]","[0.000,0.000,0.897,0.443]",[],[],[],[]
15,BigTrackLaneRing(Clone)/Ring,"[0.000,5.000,39.000]","[307.468,270.000,180.000]","[-0.634,0.313,0.634,0.313]","[0.000,5.000,39.000]","[69.636,69.636,0.800]",[],[]
15,BigTrackLaneRing(Clone),"[0.000,5.000,39.000]","[0.000,0.000,127.468]","[0.000,0.000,0.897,0.443]",[],[],[],[]
15,BigTrackLaneRing(Clone)/NeonTubeBothSidesDirectional (3)/BoxLight,"[-16.727,-11.004,31.000]","[0.000,0.000,223.735]","[0.000,0.000,0.928,-0.372]","[-16.727,-11.004,31.000]","[4.249,4.432,0.140]",[],[]
15,BigTrackLaneRing(Clone)/NeonTubeBothSidesDirectional (3)/BakedBloom,"[-16.727,-11.004,31.000]","[318.615,112.935,164.372]","[0.746,0.299,0.552,-0.222]","[-16.727,-11.004,31.000]","[0.000,0.000,0.000]",[],[]
15,BigTrackLaneRing(Clone)/NeonTubeBothSidesDirectional (3),"[-16.727,-11.004,31.000]","[0.000,0.000,223.735]","[0.000,0.000,0.928,-0.372]",[],[],[],[]
15,BigTrackLaneRing(Clone)/NeonTubeBothSidesDirectional (2)/BoxLight,"[16.727,21.004,31.000]","[0.000,0.000,43.735]","[0.000,0.000,0.372,0.928]","[16.727,21.004,31.000]","[4.249,4.432,0.140]",[],[]
15,BigTrackLaneRing(Clone)/NeonTubeBothSidesDirectional (2)/BakedBloom,"[16.727,21.004,31.000]","[41.385,247.065,344.372]","[0.299,-0.746,0.222,0.552]","[16.727,21.004,31.000]","[0.000,0.000,0.000]",[],[]
15,BigTrackLaneRing(Clone)/NeonTubeBothSidesDirectional (2),"[16.727,21.004,31.000]","[0.000,0.000,43.735]","[0.000,0.000,0.372,0.928]",[],[],[],[]
15,BigTrackLaneRing(Clone)/NeonTubeBothSidesDirectional (1)/BoxLight,"[16.004,-11.727,31.000]","[0.000,0.000,133.735]","[0.000,0.000,0.920,0.393]","[16.004,-11.727,31.000]","[4.432,4.249,0.140]",[],[]
15,BigTrackLaneRing(Clone)/NeonTubeBothSidesDirectional (1)/BakedBloom,"[16.004,-11.727,31.000]","[43.707,66.143,163.008]","[0.547,-0.234,0.739,0.316]","[16.004,-11.727,31.000]","[0.000,0.000,0.000]",[],[]
15,BigTrackLaneRing(Clone)/NeonTubeBothSidesDirectional (1),"[16.004,-11.727,31.000]","[0.000,0.000,133.735]","[0.000,0.000,0.920,0.393]",[],[],[],[]
15,BigTrackLaneRing(Clone)/NeonTubeBothSidesDirectional/BoxLight,"[-16.004,21.727,31.000]","[0.000,0.000,133.735]","[0.000,0.000,0.920,0.393]","[-16.004,21.727,31.000]","[4.432,4.249,0.140]",[],[]
15,BigTrackLaneRing(Clone)/NeonTubeBothSidesDirectional/BakedBloom,"[-16.004,21.727,31.000]","[43.707,113.857,196.992]","[0.739,-0.316,0.547,0.234]","[-16.004,21.727,31.000]","[0.000,0.000,0.000]",[],[]
15,BigTrackLaneRing(Clone)/NeonTubeBothSidesDirectional,"[-16.004,21.727,31.000]","[0.000,0.000,133.735]","[0.000,0.000,0.920,0.393]",[],[],[],[]
15,BigTrackLaneRing(Clone)/Ring,"[0.000,5.000,31.000]","[313.735,270.000,180.000]","[-0.650,0.278,0.650,0.278]","[0.000,5.000,31.000]","[70.225,70.225,0.800]",[],[]
15,BigTrackLaneRing(Clone),"[0.000,5.000,31.000]","[0.000,0.000,133.735]","[0.000,0.000,0.920,0.393]",[],[],[],[]
15,BigTrackLaneRing(Clone)/NeonTubeBothSidesDirectional (3)/BoxLight,"[-14.929,-12.693,23.000]","[0.000,0.000,229.845]","[0.000,0.000,0.907,-0.421]","[-14.929,-12.693,23.000]","[4.676,3.976,0.140]",[],[]
15,BigTrackLaneRing(Clone)/NeonTubeBothSidesDirectional (3)/BakedBloom,"[-14.929,-12.693,23.000]","[313.038,115.366,160.888]","[0.729,0.339,0.539,-0.251]","[-14.929,-12.693,23.000]","[0.000,0.000,0.000]",[],[]
15,BigTrackLaneRing(Clone)/NeonTubeBothSidesDirectional (3),"[-14.929,-12.693,23.000]","[0.000,0.000,229.845]","[0.000,0.000,0.907,-0.421]",[],[],[],[]
15,BigTrackLaneRing(Clone)/NeonTubeBothSidesDirectional (2)/BoxLight,"[14.929,22.693,23.000]","[0.000,0.000,49.845]","[0.000,0.000,0.421,0.907]","[14.929,22.693,23.000]","[4.676,3.976,0.140]",[],[]
15,BigTrackLaneRing(Clone)/NeonTubeBothSidesDirectional (2)/BakedBloom,"[14.929,22.693,23.000]","[46.962,244.634,340.888]","[0.339,-0.729,0.251,0.539]","[14.929,22.693,23.000]","[0.000,0.000,0.000]",[],[]
15,BigTrackLaneRing(Clone)/NeonTubeBothSidesDirectional (2),"[14.929,22.693,23.000]","[0.000,0.000,49.845]","[0.000,0.000,0.421,0.907]",[],[],[],[]
15,BigTrackLaneRing(Clone)/NeonTubeBothSidesDirectional (1)/BoxLight,"[17.693,-9.929,23.000]","[0.000,0.000,139.845]","[0.000,0.000,0.939,0.343]","[17.693,-9.929,23.000]","[3.976,4.676,0.140]",[],[]
15,BigTrackLaneRing(Clone)/NeonTubeBothSidesDirectional (1)/BakedBloom,"[17.693,-9.929,23.000]","[38.075,68.198,166.143]","[0.559,-0.204,0.755,0.276]","[17.693,-9.929,23.000]","[0.000,0.000,0.000]",[],[]
15,BigTrackLaneRing(Clone)/NeonTubeBothSidesDirectional (1),"[17.693,-9.929,23.000]","[0.000,0.000,139.845]","[0.000,0.000,0.939,0.343]",[],[],[],[]
15,BigTrackLaneRing(Clone)/NeonTubeBothSidesDirectional/BoxLight,"[-17.693,19.929,23.000]","[0.000,0.000,139.845]","[0.000,0.000,0.939,0.343]","[-17.693,19.929,23.000]","[3.976,4.676,0.140]",[],[]
15,BigTrackLaneRing(Clone)/NeonTubeBothSidesDirectional/BakedBloom,"[-17.693,19.929,23.000]","[38.075,111.802,193.857]","[0.755,-0.276,0.559,0.204]","[-17.693,19.929,23.000]","[0.000,0.000,0.000]",[],[]
15,BigTrackLaneRing(Clone)/NeonTubeBothSidesDirectional,"[-17.693,19.929,23.000]","[0.000,0.000,139.845]","[0.000,0.000,0.939,0.343]",[],[],[],[]
15,BigTrackLaneRing(Clone)/Ring,"[0.000,5.000,23.000]","[319.845,270.000,180.000]","[-0.664,0.243,0.664,0.243]","[0.000,5.000,23.000]","[69.991,69.991,0.800]",[],[]
15,BigTrackLaneRing(Clone),"[0.000,5.000,23.000]","[0.000,0.000,139.845]","[0.000,0.000,0.939,0.343]",[],[],[],[]
15,BigTrackLaneRing(Clone)/NeonTubeBothSidesDirectional (3)/BoxLight,"[-13.011,-14.148,15.000]","[0.000,0.000,235.803]","[0.000,0.000,0.884,-0.468]","[-13.011,-14.148,15.000]","[5.041,3.488,0.140]",[],[]
15,BigTrackLaneRing(Clone)/NeonTubeBothSidesDirectional (3)/BakedBloom,"[-13.011,-14.148,15.000]","[307.724,118.545,156.720]","[0.710,0.376,0.526,-0.278]","[-13.011,-14.148,15.000]","[0.000,0.000,0.000]",[],[]
15,BigTrackLaneRing(Clone)/NeonTubeBothSidesDirectional (3),"[-13.011,-14.148,15.000]","[0.000,0.000,235.803]","[0.000,0.000,0.884,-0.468]",[],[],[],[]
15,BigTrackLaneRing(Clone)/NeonTubeBothSidesDirectional (2)/BoxLight,"[13.011,24.148,15.000]","[0.000,0.000,55.803]","[0.000,0.000,0.468,0.884]","[13.011,24.148,15.000]","[5.041,3.488,0.140]",[],[]
15,BigTrackLaneRing(Clone)/NeonTubeBothSidesDirectional (2)/BakedBloom,"[13.011,24.148,15.000]","[52.276,241.455,336.720]","[0.376,-0.710,0.278,0.526]","[13.011,24.148,15.000]","[0.000,0.000,0.000]",[],[]
15,BigTrackLaneRing(Clone)/NeonTubeBothSidesDirectional (2),"[13.011,24.148,15.000]","[0.000,0.000,55.803]","[0.000,0.000,0.468,0.884]",[],[],[],[]
15,BigTrackLaneRing(Clone)/NeonTubeBothSidesDirectional (1)/BoxLight,"[19.148,-8.011,15.000]","[0.000,0.000,145.803]","[0.000,0.000,0.956,0.294]","[19.148,-8.011,15.000]","[3.488,5.041,0.140]",[],[]
15,BigTrackLaneRing(Clone)/NeonTubeBothSidesDirectional (1)/BakedBloom,"[19.148,-8.011,15.000]","[32.512,69.714,168.763]","[0.569,-0.175,0.768,0.236]","[19.148,-8.011,15.000]","[0.000,0.000,0.000]",[],[]
15,BigTrackLaneRing(Clone)/NeonTubeBothSidesDirectional (1),"[19.148,-8.011,15.000]","[0.000,0.000,145.803]","[0.000,0.000,0.956,0.294]",[],[],[],[]
15,BigTrackLaneRing(Clone)/NeonTubeBothSidesDirectional/BoxLight,"[-19.148,18.011,15.000]","[0.000,0.000,145.803]","[0.000,0.000,0.956,0.294]","[-19.148,18.011,15.000]","[3.488,5.041,0.140]",[],[]
15,BigTrackLaneRing(Clone)/NeonTubeBothSidesDirectional/BakedBloom,"[-19.148,18.011,15.000]","[32.512,110.286,191.237]","[0.768,-0.236,0.569,0.175]","[-19.148,18.011,15.000]","[0.000,0.000,0.000]",[],[]
15,BigTrackLaneRing(Clone)/NeonTubeBothSidesDirectional,"[-19.148,18.011,15.000]","[0.000,0.000,145.803]","[0.000,0.000,0.956,0.294]",[],[],[],[]
15,BigTrackLaneRing(Clone)/Ring,"[0.000,5.000,15.000]","[325.803,270.000,180.000]","[-0.676,0.208,0.676,0.208]","[0.000,5.000,15.000]","[68.997,68.997,0.800]",[],[]
15,BigTrackLaneRing(Clone),"[0.000,5.000,15.000]","[0.000,0.000,145.803]","[0.000,0.000,0.956,0.294]",[],[],[],[]
15,BigTrackLaneRing(Clone)/NeonTubeBothSidesDirectional (3)/BoxLight,"[-11.005,-15.367,7.000]","[0.000,0.000,241.617]","[0.000,0.000,0.859,-0.512]","[-11.005,-15.367,7.000]","[5.345,2.975,0.140]",[],[]
15,BigTrackLaneRing(Clone)/NeonTubeBothSidesDirectional (3)/BakedBloom,"[-11.005,-15.367,7.000]","[302.718,122.747,151.582]","[0.690,0.412,0.511,-0.305]","[-11.005,-15.367,7.000]","[0.000,0.000,0.000]",[],[]
15,BigTrackLaneRing(Clone)/NeonTubeBothSidesDirectional (3),"[-11.005,-15.367,7.000]","[0.000,0.000,241.617]","[0.000,0.000,0.859,-0.512]",[],[],[],[]
15,BigTrackLaneRing(Clone)/NeonTubeBothSidesDirectional (2)/BoxLight,"[11.005,25.367,7.000]","[0.000,0.000,61.617]","[0.000,0.000,0.512,0.859]","[11.005,25.367,7.000]","[5.345,2.975,0.140]",[],[]
15,BigTrackLaneRing(Clone)/NeonTubeBothSidesDirectional (2)/BakedBloom,"[11.005,25.367,7.000]","[57.282,237.253,331.582]","[0.412,-0.690,0.305,0.511]","[11.005,25.367,7.000]","[0.000,0.000,0.000]",[],[]
15,BigTrackLaneRing(Clone)/NeonTubeBothSidesDirectional (2),"[11.005,25.367,7.000]","[0.000,0.000,61.617]","[0.000,0.000,0.512,0.859]",[],[],[],[]
15,BigTrackLaneRing(Clone)/NeonTubeBothSidesDirectional (1)/BoxLight,"[20.367,-6.005,7.000]","[0.000,0.000,151.617]","[0.000,0.000,0.969,0.245]","[20.367,-6.005,7.000]","[2.975,5.345,0.140]",[],[]
15,BigTrackLaneRing(Clone)/NeonTubeBothSidesDirectional (1)/BakedBloom,"[20.367,-6.005,7.000]","[27.039,70.837,171.023]","[0.577,-0.146,0.779,0.197]","[20.367,-6.005,7.000]","[0.000,0.000,0.000]",[],[]
15,BigTrackLaneRing(Clone)/NeonTubeBothSidesDirectional (1),"[20.367,-6.005,7.000]","[0.000,0.000,151.617]","[0.000,0.000,0.969,0.245]",[],[],[],[]
15,BigTrackLaneRing(Clone)/NeonTubeBothSidesDirectional/BoxLight,"[-20.367,16.005,7.000]","[0.000,0.000,151.617]","[0.000,0.000,0.969,0.245]","[-20.367,16.005,7.000]","[2.975,5.345,0.140]",[],[]
15,BigTrackLaneRing(Clone)/NeonTubeBothSidesDirectional/BakedBloom,"[-20.367,16.005,7.000]","[27.039,109.163,188.977]","[0.779,-0.197,0.577,0.146]","[-20.367,16.005,7.000]","[0.000,0.000,0.000]",[],[]
15,BigTrackLaneRing(Clone)/NeonTubeBothSidesDirectional,"[-20.367,16.005,7.000]","[0.000,0.000,151.617]","[0.000,0.000,0.969,0.245]",[],[],[],[]
15,BigTrackLaneRing(Clone)/Ring,"[0.000,5.000,7.000]","[331.617,270.000,180.000]","[-0.686,0.173,0.686,0.173]","[0.000,5.000,7.000]","[67.309,67.309,0.800]",[],[]
15,BigTrackLaneRing(Clone),"[0.000,5.000,7.000]","[0.000,0.000,151.617]","[0.000,0.000,0.969,0.245]",[],[],[],[]
15,SmallTrackLaneRing(Clone)/Ring,"[0.000,1.400,115.500]","[334.503,90.000,0.000]","[0.156,-0.690,-0.156,-0.690]","[0.000,1.400,115.548]","[13.754,13.754,0.596]",[],[]
15,SmallTrackLaneRing(Clone),"[0.000,1.400,115.500]","[0.000,0.000,25.497]","[0.000,0.000,-0.221,-0.975]",[],[],[],[]
15,SmallTrackLaneRing(Clone)/Ring,"[0.000,1.400,112.000]","[343.141,90.000,0.000]","[0.104,-0.699,-0.104,-0.699]","[0.000,1.400,112.048]","[12.866,12.866,0.596]",[],[]
15,SmallTrackLaneRing(Clone),"[0.000,1.400,112.000]","[0.000,0.000,16.860]","[0.000,0.000,-0.147,-0.989]",[],[],[],[]
15,SmallTrackLaneRing(Clone)/Ring,"[0.000,1.400,108.500]","[351.778,90.000,0.000]","[0.051,-0.705,-0.051,-0.705]","[0.000,1.400,108.548]","[11.687,11.687,0.596]",[],[]
15,SmallTrackLaneRing(Clone),"[0.000,1.400,108.500]","[0.000,0.000,8.222]","[0.000,0.000,-0.072,-0.997]",[],[],[],[]
15,SmallTrackLaneRing(Clone)/Ring,"[0.000,1.400,105.000]","[0.416,90.000,0.000]","[-0.003,-0.707,0.003,-0.707]","[0.000,1.400,105.048]","[10.392,10.392,0.596]",[],[]
15,SmallTrackLaneRing(Clone),"[0.000,1.400,105.000]","[0.000,0.000,359.584]","[0.000,0.000,0.004,-1.000]",[],[],[],[]
15,SmallTrackLaneRing(Clone)/Ring,"[0.000,1.400,101.500]","[9.054,90.000,0.000]","[-0.056,-0.705,0.056,-0.705]","[0.000,1.400,101.548]","[11.813,11.813,0.596]",[],[]
15,SmallTrackLaneRing(Clone),"[0.000,1.400,101.500]","[0.000,0.000,350.946]","[0.000,0.000,0.079,-0.997]",[],[],[],[]
15,SmallTrackLaneRing(Clone)/Ring,"[0.000,1.400,98.000]","[17.692,90.000,0.000]","[-0.109,-0.699,0.109,-0.699]","[0.000,1.400,98.048]","[12.965,12.965,0.596]",[],[]
15,SmallTrackLaneRing(Clone),"[0.000,1.400,98.000]","[0.000,0.000,342.308]","[0.000,0.000,0.154,-0.988]",[],[],[],[]
15,SmallTrackLaneRing(Clone)/Ring,"[0.000,1.400,94.500]","[26.330,90.000,0.000]","[-0.161,-0.689,0.161,-0.689]","[0.000,1.400,94.548]","[13.823,13.823,0.596]",[],[]
15,SmallTrackLaneRing(Clone),"[0.000,1.400,94.500]","[0.000,0.000,333.670]","[0.000,0.000,0.228,-0.974]",[],[],[],[]
15,SmallTrackLaneRing(Clone)/Ring,"[0.000,1.400,91.000]","[34.968,90.000,0.000]","[-0.212,-0.674,0.212,-0.674]","[0.000,1.400,91.048]","[14.368,14.368,0.596]",[],[]
15,SmallTrackLaneRing(Clone),"[0.000,1.400,91.000]","[0.000,0.000,325.032]","[0.000,0.000,0.300,-0.954]",[],[],[],[]
15,SmallTrackLaneRing(Clone)/Ring,"[0.000,1.400,87.500]","[43.605,90.000,0.000]","[-0.263,-0.657,0.263,-0.657]","[0.000,1.400,87.548]","[14.587,14.587,0.596]",[],[]
15,SmallTrackLaneRing(Clone),"[0.000,1.400,87.500]","[0.000,0.000,316.395]","[0.000,0.000,0.371,-0.928]",[],[],[],[]
15,SmallTrackLaneRing(Clone)/Ring,"[0.000,1.400,84.000]","[52.243,90.000,0.000]","[-0.311,-0.635,0.311,-0.635]","[0.000,1.400,84.048]","[14.475,14.475,0.596]",[],[]
15,SmallTrackLaneRing(Clone),"[0.000,1.400,84.000]","[0.000,0.000,307.757]","[0.000,0.000,0.440,-0.898]",[],[],[],[]
15,SmallTrackLaneRing(Clone)/Ring,"[0.000,1.400,80.500]","[60.881,90.000,0.000]","[-0.358,-0.610,0.358,-0.610]","[0.000,1.400,80.548]","[14.034,14.034,0.596]",[],[]
15,SmallTrackLaneRing(Clone),"[0.000,1.400,80.500]","[0.000,0.000,299.119]","[0.000,0.000,0.507,-0.862]",[],[],[],[]
15,SmallTrackLaneRing(Clone)/Ring,"[0.000,1.400,77.000]","[69.519,90.000,0.000]","[-0.403,-0.581,0.403,-0.581]","[0.000,1.400,77.048]","[13.275,13.275,0.596]",[],[]
15,SmallTrackLaneRing(Clone),"[0.000,1.400,77.000]","[0.000,0.000,290.481]","[0.000,0.000,0.570,-0.822]",[],[],[],[]
15,SmallTrackLaneRing(Clone)/Ring,"[0.000,1.400,73.500]","[78.157,90.000,0.000]","[-0.446,-0.549,0.446,-0.549]","[0.000,1.400,73.548]","[12.215,12.215,0.596]",[],[]
15,SmallTrackLaneRing(Clone),"[0.000,1.400,73.500]","[0.000,0.000,281.843]","[0.000,0.000,0.630,-0.776]",[],[],[],[]
15,SmallTrackLaneRing(Clone)/Ring,"[0.000,1.400,70.000]","[86.795,90.000,0.000]","[-0.486,-0.514,0.486,-0.514]","[0.000,1.400,70.048]","[10.878,10.878,0.596]",[],[]
15,SmallTrackLaneRing(Clone),"[0.000,1.400,70.000]","[0.000,0.000,273.205]","[0.000,0.000,0.687,-0.727]",[],[],[],[]
15,SmallTrackLaneRing(Clone)/Ring,"[0.000,1.400,66.500]","[84.568,270.000,180.000]","[-0.523,-0.476,0.523,-0.476]","[0.000,1.400,66.548]","[11.248,11.248,0.596]",[],[]
15,SmallTrackLaneRing(Clone),"[0.000,1.400,66.500]","[0.000,0.000,264.568]","[0.000,0.000,0.740,-0.673]",[],[],[],[]
15,SmallTrackLaneRing(Clone)/Ring,"[0.000,1.400,63.000]","[75.930,270.000,180.000]","[-0.557,-0.435,0.557,-0.435]","[0.000,1.400,63.048]","[12.516,12.516,0.596]",[],[]
15,SmallTrackLaneRing(Clone),"[0.000,1.400,63.000]","[0.000,0.000,255.930]","[0.000,0.000,0.788,-0.615]",[],[],[],[]
15,SmallTrackLaneRing(Clone)/Ring,"[0.000,1.400,59.500]","[67.292,270.000,180.000]","[-0.589,-0.392,0.589,-0.392]","[0.000,1.400,59.548]","[13.501,13.501,0.596]",[],[]
15,SmallTrackLaneRing(Clone),"[0.000,1.400,59.500]","[0.000,0.000,247.292]","[0.000,0.000,0.832,-0.554]",[],[],[],[]
15,SmallTrackLaneRing(Clone)/Ring,"[0.000,1.400,56.000]","[58.654,270.000,180.000]","[-0.616,-0.346,0.616,-0.346]","[0.000,1.400,56.048]","[14.179,14.179,0.596]",[],[]
15,SmallTrackLaneRing(Clone),"[0.000,1.400,56.000]","[0.000,0.000,238.654]","[0.000,0.000,0.872,-0.490]",[],[],[],[]
15,SmallTrackLaneRing(Clone)/Ring,"[0.000,1.400,52.500]","[50.016,270.000,180.000]","[-0.641,-0.299,0.641,-0.299]","[0.000,1.400,52.548]","[14.535,14.535,0.596]",[],[]
15,SmallTrackLaneRing(Clone),"[0.000,1.400,52.500]","[0.000,0.000,230.016]","[0.000,0.000,0.906,-0.423]",[],[],[],[]
15,SmallTrackLaneRing(Clone)/Ring,"[0.000,1.400,49.000]","[41.378,270.000,180.000]","[-0.662,-0.250,0.662,-0.250]","[0.000,1.400,49.048]","[14.562,14.562,0.596]",[],[]
15,SmallTrackLaneRing(Clone),"[0.000,1.400,49.000]","[0.000,0.000,221.378]","[0.000,0.000,0.936,-0.353]",[],[],[],[]
15,SmallTrackLaneRing(Clone)/Ring,"[0.000,1.400,45.500]","[32.741,270.000,180.000]","[-0.678,-0.199,0.678,-0.199]","[0.000,1.400,45.548]","[14.258,14.258,0.596]",[],[]
15,SmallTrackLaneRing(Clone),"[0.000,1.400,45.500]","[0.000,0.000,212.741]","[0.000,0.000,0.959,-0.282]",[],[],[],[]
15,SmallTrackLaneRing(Clone)/Ring,"[0.000,1.400,42.000]","[24.103,270.000,180.000]","[-0.692,-0.148,0.692,-0.148]","[0.000,1.400,42.048]","[13.631,13.631,0.596]",[],[]
15,SmallTrackLaneRing(Clone),"[0.000,1.400,42.000]","[0.000,0.000,204.103]","[0.000,0.000,0.978,-0.209]",[],[],[],[]
15,SmallTrackLaneRing(Clone)/Ring,"[0.000,1.400,38.500]","[15.465,270.000,180.000]","[-0.701,-0.095,0.701,-0.095]","[0.000,1.400,38.548]","[12.695,12.695,0.596]",[],[]
15,SmallTrackLaneRing(Clone),"[0.000,1.400,38.500]","[0.000,0.000,195.465]","[0.000,0.000,0.991,-0.135]",[],[],[],[]
15,SmallTrackLaneRing(Clone)/Ring,"[0.000,1.400,35.000]","[6.827,270.000,180.000]","[-0.706,-0.042,0.706,-0.042]","[0.000,1.400,35.048]","[11.471,11.471,0.596]",[],[]
15,SmallTrackLaneRing(Clone),"[0.000,1.400,35.000]","[0.000,0.000,186.827]","[0.000,0.000,0.998,-0.060]",[],[],[],[]
15,SmallTrackLaneRing(Clone)/Ring,"[0.000,1.400,31.500]","[358.189,270.000,180.000]","[-0.707,0.011,0.707,0.011]","[0.000,1.400,31.548]","[10.638,10.638,0.596]",[],[]
15,SmallTrackLaneRing(Clone),"[0.000,1.400,31.500]","[0.000,0.000,178.189]","[0.000,0.000,1.000,0.016]",[],[],[],[]
15,SmallTrackLaneRing(Clone)/Ring,"[0.000,1.400,28.000]","[337.973,270.000,180.000]","[-0.694,0.135,0.694,0.135]","[0.000,1.400,28.048]","[13.434,13.434,0.596]",[],[]
15,SmallTrackLaneRing(Clone),"[0.000,1.400,28.000]","[0.000,0.000,157.973]","[0.000,0.000,0.982,0.191]",[],[],[],[]
15,SmallTrackLaneRing(Clone)/Ring,"[0.000,1.400,24.500]","[320.802,270.000,180.000]","[-0.666,0.237,0.666,0.237]","[0.000,1.400,24.548]","[14.516,14.516,0.596]",[],[]
15,SmallTrackLaneRing(Clone),"[0.000,1.400,24.500]","[0.000,0.000,140.802]","[0.000,0.000,0.942,0.335]",[],[],[],[]
15,SmallTrackLaneRing(Clone)/Ring,"[0.000,1.400,21.000]","[306.321,270.000,180.000]","[-0.631,0.319,0.631,0.319]","[0.000,1.400,21.048]","[14.424,14.424,0.596]",[],[]
15,SmallTrackLaneRing(Clone),"[0.000,1.400,21.000]","[0.000,0.000,126.321]","[0.000,0.000,0.892,0.451]",[],[],[],[]
15,SmallTrackLaneRing(Clone)/Ring,"[0.000,1.400,17.500]","[294.242,270.000,180.000]","[-0.594,0.384,0.594,0.384]","[0.000,1.400,17.548]","[13.644,13.644,0.596]",[],[]
15,SmallTrackLaneRing(Clone),"[0.000,1.400,17.500]","[0.000,0.000,114.242]","[0.000,0.000,0.840,0.543]",[],[],[],[]
15,SmallTrackLaneRing(Clone)/Ring,"[0.000,1.400,14.000]","[284.304,270.000,180.000]","[-0.558,0.434,0.558,0.434]","[0.000,1.400,14.048]","[12.547,12.547,0.596]",[],[]
15,SmallTrackLaneRing(Clone),"[0.000,1.400,14.000]","[0.000,0.000,104.304]","[0.000,0.000,0.790,0.614]",[],[],[],[]
15,CubeNoteSliceDebrisHD(Clone)/NoteDebrisMesh,"[0.000,1.000,0.000]","[0.000,0.000,0.000]","[0.000,0.000,0.000,1.000]","[0.000,1.000,0.000]","[0.495,0.080,0.495]",[],[]
15,CubeNoteSliceDebrisHD(Clone),"[0.000,1.000,0.000]","[0.000,0.000,0.000]","[0.000,0.000,0.000,1.000]",[],[],"[0.000,1.000,0.000]","[0.000,0.000,0.000]"
15,CubeNoteSliceDebrisHD(Clone)/NoteDebrisMesh,"[0.000,1.000,0.000]","[0.000,0.000,0.000]","[0.000,0.000,0.000,1.000]","[0.000,1.000,0.000]","[0.495,0.080,0.495]",[],[]
15,CubeNoteSliceDebrisHD(Clone),"[0.000,1.000,0.000]","[0.000,0.000,0.000]","[0.000,0.000,0.000,1.000]",[],[],"[0.000,1.000,0.000]","[0.000,0.000,0.000]"
15,CubeNoteSliceDebrisHD(Clone)/NoteDebrisMesh,"[0.000,1.000,0.000]","[0.000,0.000,0.000]","[0.000,0.000,0.000,1.000]","[0.000,1.000,0.000]","[0.495,0.080,0.495]",[],[]
15,CubeNoteSliceDebrisHD(Clone),"[0.000,1.000,0.000]","[0.000,0.000,0.000]","[0.000,0.000,0.000,1.000]",[],[],"[0.000,1.000,0.000]","[0.000,0.000,0.000]"
15,CubeNoteSliceDebrisHD(Clone)/NoteDebrisMesh,"[0.000,1.000,0.000]","[0.000,0.000,0.000]","[0.000,0.000,0.000,1.000]","[0.000,1.000,0.000]","[0.495,0.080,0.495]",[],[]
15,CubeNoteSliceDebrisHD(Clone),"[0.000,1.000,0.000]","[0.000,0.000,0.000]","[0.000,0.000,0.000,1.000]",[],[],"[0.000,1.000,0.000]","[0.000,0.000,0.000]"
15,CubeNoteSliceDebrisHD(Clone)/NoteDebrisMesh,"[0.000,1.000,0.000]","[0.000,0.000,0.000]","[0.000,0.000,0.000,1.000]","[0.000,1.000,0.000]","[0.495,0.080,0.495]",[],[]
15,CubeNoteSliceDebrisHD(Clone),"[0.000,1.000,0.000]","[0.000,0.000,0.000]","[0.000,0.000,0.000,1.000]",[],[],"[0.000,1.000,0.000]","[0.000,0.000,0.000]"
15,CubeNoteSliceDebrisHD(Clone)/NoteDebrisMesh,"[0.000,1.000,0.000]","[0.000,0.000,0.000]","[0.000,0.000,0.000,1.000]","[0.000,1.000,0.000]","[0.495,0.080,0.495]",[],[]
15,CubeNoteSliceDebrisHD(Clone),"[0.000,1.000,0.000]","[0.000,0.000,0.000]","[0.000,0.000,0.000,1.000]",[],[],"[0.000,1.000,0.000]","[0.000,0.000,0.000]"
15,CubeNoteSliceDebrisHD(Clone)/NoteDebrisMesh,"[0.000,1.000,0.000]","[0.000,0.000,0.000]","[0.000,0.000,0.000,1.000]","[0.000,1.000,0.000]","[0.495,0.080,0.495]",[],[]
15,CubeNoteSliceDebrisHD(Clone),"[0.000,1.000,0.000]","[0.000,0.000,0.000]","[0.000,0.000,0.000,1.000]",[],[],"[0.000,1.000,0.000]","[0.000,0.000,0.000]"
15,CubeNoteSliceDebrisHD(Clone)/NoteDebrisMesh,"[0.000,1.000,0.000]","[0.000,0.000,0.000]","[0.000,0.000,0.000,1.000]","[0.000,1.000,0.000]","[0.495,0.080,0.495]",[],[]
15,CubeNoteSliceDebrisHD(Clone),"[0.000,1.000,0.000]","[0.000,0.000,0.000]","[0.000,0.000,0.000,1.000]",[],[],"[0.000,1.000,0.000]","[0.000,0.000,0.000]"
15,CubeNoteSliceDebrisHD(Clone)/NoteDebrisMesh,"[0.000,1.000,0.000]","[0.000,0.000,0.000]","[0.000,0.000,0.000,1.000]","[0.000,1.000,0.000]","[0.495,0.080,0.495]",[],[]
15,CubeNoteSliceDebrisHD(Clone),"[0.000,1.000,0.000]","[0.000,0.000,0.000]","[0.000,0.000,0.000,1.000]",[],[],"[0.000,1.000,0.000]","[0.000,0.000,0.000]"
15,CubeNoteSliceDebrisHD(Clone)/NoteDebrisMesh,"[0.000,1.000,0.000]","[0.000,0.000,0.000]","[0.000,0.000,0.000,1.000]","[0.000,1.000,0.000]","[0.495,0.080,0.495]",[],[]
15,CubeNoteSliceDebrisHD(Clone),"[0.000,1.000,0.000]","[0.000,0.000,0.000]","[0.000,0.000,0.000,1.000]",[],[],"[0.000,1.000,0.000]","[0.000,0.000,0.000]"
15,CubeNoteSliceDebrisHD(Clone)/NoteDebrisMesh,"[0.000,1.000,0.000]","[0.000,0.000,0.000]","[0.000,0.000,0.000,1.000]","[0.000,1.000,0.000]","[0.495,0.080,0.495]",[],[]
15,CubeNoteSliceDebrisHD(Clone),"[0.000,1.000,0.000]","[0.000,0.000,0.000]","[0.000,0.000,0.000,1.000]",[],[],"[0.000,1.000,0.000]","[0.000,0.000,0.000]"
15,CubeNoteSliceDebrisHD(Clone)/NoteDebrisMesh,"[0.000,1.000,0.000]","[0.000,0.000,0.000]","[0.000,0.000,0.000,1.000]","[0.000,1.000,0.000]","[0.495,0.080,0.495]",[],[]
15,CubeNoteSliceDebrisHD(Clone),"[0.000,1.000,0.000]","[0.000,0.000,0.000]","[0.000,0.000,0.000,1.000]",[],[],"[0.000,1.000,0.000]","[0.000,0.000,0.000]"
15,CubeNoteSliceDebrisHD(Clone)/NoteDebrisMesh,"[0.000,1.000,0.000]","[0.000,0.000,0.000]","[0.000,0.000,0.000,1.000]","[0.000,1.000,0.000]","[0.495,0.080,0.495]",[],[]
15,CubeNoteSliceDebrisHD(Clone),"[0.000,1.000,0.000]","[0.000,0.000,0.000]","[0.000,0.000,0.000,1.000]",[],[],"[0.000,1.000,0.000]","[0.000,0.000,0.000]"
15,CubeNoteSliceDebrisHD(Clone)/NoteDebrisMesh,"[0.000,1.000,0.000]","[0.000,0.000,0.000]","[0.000,0.000,0.000,1.000]","[0.000,1.000,0.000]","[0.495,0.080,0.495]",[],[]
15,CubeNoteSliceDebrisHD(Clone),"[0.000,1.000,0.000]","[0.000,0.000,0.000]","[0.000,0.000,0.000,1.000]",[],[],"[0.000,1.000,0.000]","[0.000,0.000,0.000]"
15,CubeNoteSliceDebrisHD(Clone)/NoteDebrisMesh,"[0.000,1.000,0.000]","[0.000,0.000,0.000]","[0.000,0.000,0.000,1.000]","[0.000,1.000,0.000]","[0.495,0.080,0.495]",[],[]
15,CubeNoteSliceDebrisHD(Clone),"[0.000,1.000,0.000]","[0.000,0.000,0.000]","[0.000,0.000,0.000,1.000]",[],[],"[0.000,1.000,0.000]","[0.000,0.000,0.000]"
15,CubeNoteSliceDebrisHD(Clone)/NoteDebrisMesh,"[0.000,1.000,0.000]","[0.000,0.000,0.000]","[0.000,0.000,0.000,1.000]","[0.000,1.000,0.000]","[0.495,0.080,0.495]",[],[]
15,CubeNoteSliceDebrisHD(Clone),"[0.000,1.000,0.000]","[0.000,0.000,0.000]","[0.000,0.000,0.000,1.000]",[],[],"[0.000,1.000,0.000]","[0.000,0.000,0.000]"
15,CubeNoteSliceDebrisHD(Clone)/NoteDebrisMesh,"[0.000,1.000,0.000]","[0.000,0.000,0.000]","[0.000,0.000,0.000,1.000]","[0.000,1.000,0.000]","[0.495,0.080,0.495]",[],[]
15,CubeNoteSliceDebrisHD(Clone),"[0.000,1.000,0.000]","[0.000,0.000,0.000]","[0.000,0.000,0.000,1.000]",[],[],"[0.000,1.000,0.000]","[0.000,0.000,0.000]"
15,CubeNoteSliceDebrisHD(Clone)/NoteDebrisMesh,"[0.000,1.000,0.000]","[0.000,0.000,0.000]","[0.000,0.000,0.000,1.000]","[0.000,1.000,0.000]","[0.495,0.080,0.495]",[],[]
15,CubeNoteSliceDebrisHD(Clone),"[0.000,1.000,0.000]","[0.000,0.000,0.000]","[0.000,0.000,0.000,1.000]",[],[],"[0.000,1.000,0.000]","[0.000,0.000,0.000]"
15,CubeNoteSliceDebrisHD(Clone)/NoteDebrisMesh,"[0.000,1.000,0.000]","[0.000,0.000,0.000]","[0.000,0.000,0.000,1.000]","[0.000,1.000,0.000]","[0.495,0.080,0.495]",[],[]
15,CubeNoteSliceDebrisHD(Clone),"[0.000,1.000,0.000]","[0.000,0.000,0.000]","[0.000,0.000,0.000,1.000]",[],[],"[0.000,1.000,0.000]","[0.000,0.000,0.000]"
15,CubeNoteSliceDebrisHD(Clone)/NoteDebrisMesh,"[0.000,1.000,0.000]","[0.000,0.000,0.000]","[0.000,0.000,0.000,1.000]","[0.000,1.000,0.000]","[0.495,0.080,0.495]",[],[]
15,CubeNoteSliceDebrisHD(Clone),"[0.000,1.000,0.000]","[0.000,0.000,0.000]","[0.000,0.000,0.000,1.000]",[],[],"[0.000,1.000,0.000]","[0.000,0.000,0.000]"
15,CubeNoteSliceDebrisHD(Clone)/NoteDebrisMesh,"[0.000,1.000,0.000]","[0.000,0.000,0.000]","[0.000,0.000,0.000,1.000]","[0.000,1.000,0.000]","[0.495,0.080,0.495]",[],[]
15,CubeNoteSliceDebrisHD(Clone),"[0.000,1.000,0.000]","[0.000,0.000,0.000]","[0.000,0.000,0.000,1.000]",[],[],"[0.000,1.000,0.000]","[0.000,0.000,0.000]"
15,CubeNoteSliceDebrisHD(Clone)/NoteDebrisMesh,"[0.000,1.000,0.000]","[0.000,0.000,0.000]","[0.000,0.000,0.000,1.000]","[0.000,1.000,0.000]","[0.495,0.080,0.495]",[],[]
15,CubeNoteSliceDebrisHD(Clone),"[0.000,1.000,0.000]","[0.000,0.000,0.000]","[0.000,0.000,0.000,1.000]",[],[],"[0.000,1.000,0.000]","[0.000,0.000,0.000]"
15,CubeNoteSliceDebrisHD(Clone)/NoteDebrisMesh,"[0.000,1.000,0.000]","[0.000,0.000,0.000]","[0.000,0.000,0.000,1.000]","[0.000,1.000,0.000]","[0.495,0.080,0.495]",[],[]
15,CubeNoteSliceDebrisHD(Clone),"[0.000,1.000,0.000]","[0.000,0.000,0.000]","[0.000,0.000,0.000,1.000]",[],[],"[0.000,1.000,0.000]","[0.000,0.000,0.000]"
15,CubeNoteSliceDebrisHD(Clone)/NoteDebrisMesh,"[0.000,1.000,0.000]","[0.000,0.000,0.000]","[0.000,0.000,0.000,1.000]","[0.000,1.000,0.000]","[0.495,0.080,0.495]",[],[]
15,CubeNoteSliceDebrisHD(Clone),"[0.000,1.000,0.000]","[0.000,0.000,0.000]","[0.000,0.000,0.000,1.000]",[],[],"[0.000,1.000,0.000]","[0.000,0.000,0.000]"
15,CubeNoteSliceDebrisHD(Clone)/NoteDebrisMesh,"[0.000,1.000,0.000]","[0.000,0.000,0.000]","[0.000,0.000,0.000,1.000]","[0.000,1.000,0.000]","[0.495,0.080,0.495]",[],[]
15,CubeNoteSliceDebrisHD(Clone),"[0.000,1.000,0.000]","[0.000,0.000,0.000]","[0.000,0.000,0.000,1.000]",[],[],"[0.000,1.000,0.000]","[0.000,0.000,0.000]"
15,CubeNoteSliceDebrisHD(Clone)/NoteDebrisMesh,"[0.000,1.000,0.000]","[0.000,0.000,0.000]","[0.000,0.000,0.000,1.000]","[0.000,1.000,0.000]","[0.495,0.080,0.495]",[],[]
15,CubeNoteSliceDebrisHD(Clone),"[0.000,1.000,0.000]","[0.000,0.000,0.000]","[0.000,0.000,0.000,1.000]",[],[],"[0.000,1.000,0.000]","[0.000,0.000,0.000]"
15,CubeNoteSliceDebrisHD(Clone)/NoteDebrisMesh,"[0.000,1.000,0.000]","[0.000,0.000,0.000]","[0.000,0.000,0.000,1.000]","[0.000,1.000,0.000]","[0.495,0.080,0.495]",[],[]
15,CubeNoteSliceDebrisHD(Clone),"[0.000,1.000,0.000]","[0.000,0.000,0.000]","[0.000,0.000,0.000,1.000]",[],[],"[0.000,1.000,0.000]","[0.000,0.000,0.000]"
15,CubeNoteSliceDebrisHD(Clone)/NoteDebrisMesh,"[0.000,1.000,0.000]","[0.000,0.000,0.000]","[0.000,0.000,0.000,1.000]","[0.000,1.000,0.000]","[0.495,0.080,0.495]",[],[]
15,CubeNoteSliceDebrisHD(Clone),"[0.000,1.000,0.000]","[0.000,0.000,0.000]","[0.000,0.000,0.000,1.000]",[],[],"[0.000,1.000,0.000]","[0.000,0.000,0.000]"
15,CubeNoteSliceDebrisHD(Clone)/NoteDebrisMesh,"[0.000,1.000,0.000]","[0.000,0.000,0.000]","[0.000,0.000,0.000,1.000]","[0.000,1.000,0.000]","[0.495,0.080,0.495]",[],[]
15,CubeNoteSliceDebrisHD(Clone),"[0.000,1.000,0.000]","[0.000,0.000,0.000]","[0.000,0.000,0.000,1.000]",[],[],"[0.000,1.000,0.000]","[0.000,0.000,0.000]"
15,CubeNoteSliceDebrisHD(Clone)/NoteDebrisMesh,"[0.000,1.000,0.000]","[0.000,0.000,0.000]","[0.000,0.000,0.000,1.000]","[0.000,1.000,0.000]","[0.495,0.080,0.495]",[],[]
15,CubeNoteSliceDebrisHD(Clone),"[0.000,1.000,0.000]","[0.000,0.000,0.000]","[0.000,0.000,0.000,1.000]",[],[],"[0.000,1.000,0.000]","[0.000,0.000,0.000]"
15,CubeNoteSliceDebrisHD(Clone)/NoteDebrisMesh,"[0.000,1.000,0.000]","[0.000,0.000,0.000]","[0.000,0.000,0.000,1.000]","[0.000,1.000,0.000]","[0.495,0.080,0.495]",[],[]
15,CubeNoteSliceDebrisHD(Clone),"[0.000,1.000,0.000]","[0.000,0.000,0.000]","[0.000,0.000,0.000,1.000]",[],[],"[0.000,1.000,0.000]","[0.000,0.000,0.000]"
15,CubeNoteSliceDebrisHD(Clone)/NoteDebrisMesh,"[0.000,1.000,0.000]","[0.000,0.000,0.000]","[0.000,0.000,0.000,1.000]","[0.000,1.000,0.000]","[0.495,0.080,0.495]",[],[]
15,CubeNoteSliceDebrisHD(Clone),"[0.000,1.000,0.000]","[0.000,0.000,0.000]","[0.000,0.000,0.000,1.000]",[],[],"[0.000,1.000,0.000]","[0.000,0.000,0.000]"
15,CubeNoteSliceDebrisHD(Clone)/NoteDebrisMesh,"[0.000,1.000,0.000]","[0.000,0.000,0.000]","[0.000,0.000,0.000,1.000]","[0.000,1.000,0.000]","[0.495,0.080,0.495]",[],[]
15,CubeNoteSliceDebrisHD(Clone),"[0.000,1.000,0.000]","[0.000,0.000,0.000]","[0.000,0.000,0.000,1.000]",[],[],"[0.000,1.000,0.000]","[0.000,0.000,0.000]"
15,CubeNoteSliceDebrisHD(Clone)/NoteDebrisMesh,"[0.000,1.000,0.000]","[0.000,0.000,0.000]","[0.000,0.000,0.000,1.000]","[0.000,1.000,0.000]","[0.495,0.080,0.495]",[],[]
15,CubeNoteSliceDebrisHD(Clone),"[0.000,1.000,0.000]","[0.000,0.000,0.000]","[0.000,0.000,0.000,1.000]",[],[],"[0.000,1.000,0.000]","[0.000,0.000,0.000]"
15,CubeNoteSliceDebrisHD(Clone)/NoteDebrisMesh,"[0.000,1.000,0.000]","[0.000,0.000,0.000]","[0.000,0.000,0.000,1.000]","[0.000,1.000,0.000]","[0.495,0.080,0.495]",[],[]
15,CubeNoteSliceDebrisHD(Clone),"[0.000,1.000,0.000]","[0.000,0.000,0.000]","[0.000,0.000,0.000,1.000]",[],[],"[0.000,1.000,0.000]","[0.000,0.000,0.000]"
15,CubeNoteSliceDebrisHD(Clone)/NoteDebrisMesh,"[0.000,1.000,0.000]","[0.000,0.000,0.000]","[0.000,0.000,0.000,1.000]","[0.000,1.000,0.000]","[0.495,0.080,0.495]",[],[]
15,CubeNoteSliceDebrisHD(Clone),"[0.000,1.000,0.000]","[0.000,0.000,0.000]","[0.000,0.000,0.000,1.000]",[],[],"[0.000,1.000,0.000]","[0.000,0.000,0.000]"
15,CubeNoteSliceDebrisHD(Clone)/NoteDebrisMesh,"[0.000,1.000,0.000]","[0.000,0.000,0.000]","[0.000,0.000,0.000,1.000]","[0.000,1.000,0.000]","[0.495,0.080,0.495]",[],[]
15,CubeNoteSliceDebrisHD(Clone),"[0.000,1.000,0.000]","[0.000,0.000,0.000]","[0.000,0.000,0.000,1.000]",[],[],"[0.000,1.000,0.000]","[0.000,0.000,0.000]"
15,CubeNoteSliceDebrisHD(Clone)/NoteDebrisMesh,"[0.000,1.000,0.000]","[0.000,0.000,0.000]","[0.000,0.000,0.000,1.000]","[0.000,1.000,0.000]","[0.495,0.080,0.495]",[],[]
15,CubeNoteSliceDebrisHD(Clone),"[0.000,1.000,0.000]","[0.000,0.000,0.000]","[0.000,0.000,0.000,1.000]",[],[],"[0.000,1.000,0.000]","[0.000,0.000,0.000]"
15,CubeNoteSliceDebrisHD(Clone)/NoteDebrisMesh,"[0.000,1.000,0.000]","[0.000,0.000,0.000]","[0.000,0.000,0.000,1.000]","[0.000,1.000,0.000]","[0.495,0.080,0.495]",[],[]
15,CubeNoteSliceDebrisHD(Clone),"[0.000,1.000,0.000]","[0.000,0.000,0.000]","[0.000,0.000,0.000,1.000]",[],[],"[0.000,1.000,0.000]","[0.000,0.000,0.000]"
15,CubeNoteSliceDebrisHD(Clone)/NoteDebrisMesh,"[0.000,1.000,0.000]","[0.000,0.000,0.000]","[0.000,0.000,0.000,1.000]","[0.000,1.000,0.000]","[0.495,0.080,0.495]",[],[]
15,CubeNoteSliceDebrisHD(Clone),"[0.000,1.000,0.000]","[0.000,0.000,0.000]","[0.000,0.000,0.000,1.000]",[],[],"[0.000,1.000,0.000]","[0.000,0.000,0.000]"
15,CubeNoteHalfDebrisHD(Clone)/NoteDebrisMesh,"[0.000,1.000,0.000]","[0.000,0.000,0.000]","[0.000,0.000,0.000,1.000]","[0.000,1.104,0.000]","[0.495,0.287,0.495]",[],[]
15,CubeNoteHalfDebrisHD(Clone),"[0.000,1.000,0.000]","[0.000,0.000,0.000]","[0.000,0.000,0.000,1.000]",[],[],"[0.000,1.000,0.000]","[0.000,0.000,0.000]"
15,CubeNoteHalfDebrisHD(Clone)/NoteDebrisMesh,"[0.000,1.000,0.000]","[0.000,0.000,0.000]","[0.000,0.000,0.000,1.000]","[0.000,1.104,0.000]","[0.495,0.287,0.495]",[],[]
15,CubeNoteHalfDebrisHD(Clone),"[0.000,1.000,0.000]","[0.000,0.000,0.000]","[0.000,0.000,0.000,1.000]",[],[],"[0.000,1.000,0.000]","[0.000,0.000,0.000]"
15,CubeNoteHalfDebrisHD(Clone)/NoteDebrisMesh,"[0.000,1.000,0.000]","[0.000,0.000,0.000]","[0.000,0.000,0.000,1.000]","[0.000,1.104,0.000]","[0.495,0.287,0.495]",[],[]
15,CubeNoteHalfDebrisHD(Clone),"[0.000,1.000,0.000]","[0.000,0.000,0.000]","[0.000,0.000,0.000,1.000]",[],[],"[0.000,1.000,0.000]","[0.000,0.000,0.000]"
15,CubeNoteHalfDebrisHD(Clone)/NoteDebrisMesh,"[0.000,1.000,0.000]","[0.000,0.000,0.000]","[0.000,0.000,0.000,1.000]","[0.000,1.104,0.000]","[0.495,0.287,0.495]",[],[]
15,CubeNoteHalfDebrisHD(Clone),"[0.000,1.000,0.000]","[0.000,0.000,0.000]","[0.000,0.000,0.000,1.000]",[],[],"[0.000,1.000,0.000]","[0.000,0.000,0.000]"
15,CubeNoteHalfDebrisHD(Clone)/NoteDebrisMesh,"[0.000,1.000,0.000]","[0.000,0.000,0.000]","[0.000,0.000,0.000,1.000]","[0.000,1.104,0.000]","[0.495,0.287,0.495]",[],[]
15,CubeNoteHalfDebrisHD(Clone),"[0.000,1.000,0.000]","[0.000,0.000,0.000]","[0.000,0.000,0.000,1.000]",[],[],"[0.000,1.000,0.000]","[0.000,0.000,0.000]"
15,CubeNoteHalfDebrisHD(Clone)/NoteDebrisMesh,"[0.000,1.000,0.000]","[0.000,0.000,0.000]","[0.000,0.000,0.000,1.000]","[0.000,1.104,0.000]","[0.495,0.287,0.495]",[],[]
15,CubeNoteHalfDebrisHD(Clone),"[0.000,1.000,0.000]","[0.000,0.000,0.000]","[0.000,0.000,0.000,1.000]",[],[],"[0.000,1.000,0.000]","[0.000,0.000,0.000]"
15,CubeNoteHalfDebrisHD(Clone)/NoteDebrisMesh,"[0.000,1.000,0.000]","[0.000,0.000,0.000]","[0.000,0.000,0.000,1.000]","[0.000,1.104,0.000]","[0.495,0.287,0.495]",[],[]
15,CubeNoteHalfDebrisHD(Clone),"[0.000,1.000,0.000]","[0.000,0.000,0.000]","[0.000,0.000,0.000,1.000]",[],[],"[0.000,1.000,0.000]","[0.000,0.000,0.000]"
15,CubeNoteHalfDebrisHD(Clone)/NoteDebrisMesh,"[0.000,1.000,0.000]","[0.000,0.000,0.000]","[0.000,0.000,0.000,1.000]","[0.000,1.104,0.000]","[0.495,0.287,0.495]",[],[]
15,CubeNoteHalfDebrisHD(Clone),"[0.000,1.000,0.000]","[0.000,0.000,0.000]","[0.000,0.000,0.000,1.000]",[],[],"[0.000,1.000,0.000]","[0.000,0.000,0.000]"
15,CubeNoteHalfDebrisHD(Clone)/NoteDebrisMesh,"[0.000,1.000,0.000]","[0.000,0.000,0.000]","[0.000,0.000,0.000,1.000]","[0.000,1.104,0.000]","[0.495,0.287,0.495]",[],[]
15,CubeNoteHalfDebrisHD(Clone),"[0.000,1.000,0.000]","[0.000,0.000,0.000]","[0.000,0.000,0.000,1.000]",[],[],"[0.000,1.000,0.000]","[0.000,0.000,0.000]"
15,CubeNoteHalfDebrisHD(Clone)/NoteDebrisMesh,"[0.000,1.000,0.000]","[0.000,0.000,0.000]","[0.000,0.000,0.000,1.000]","[0.000,1.104,0.000]","[0.495,0.287,0.495]",[],[]
15,CubeNoteHalfDebrisHD(Clone),"[0.000,1.000,0.000]","[0.000,0.000,0.000]","[0.000,0.000,0.000,1.000]",[],[],"[0.000,1.000,0.000]","[0.000,0.000,0.000]"
15,CubeNoteHalfDebrisHD(Clone)/NoteDebrisMesh,"[0.000,1.000,0.000]","[0.000,0.000,0.000]","[0.000,0.000,0.000,1.000]","[0.000,1.104,0.000]","[0.495,0.287,0.495]",[],[]
15,CubeNoteHalfDebrisHD(Clone),"[0.000,1.000,0.000]","[0.000,0.000,0.000]","[0.000,0.000,0.000,1.000]",[],[],"[0.000,1.000,0.000]","[0.000,0.000,0.000]"
15,CubeNoteHalfDebrisHD(Clone)/NoteDebrisMesh,"[0.000,1.000,0.000]","[0.000,0.000,0.000]","[0.000,0.000,0.000,1.000]","[0.000,1.104,0.000]","[0.495,0.287,0.495]",[],[]
15,CubeNoteHalfDebrisHD(Clone),"[0.000,1.000,0.000]","[0.000,0.000,0.000]","[0.000,0.000,0.000,1.000]",[],[],"[0.000,1.000,0.000]","[0.000,0.000,0.000]"
15,CubeNoteHalfDebrisHD(Clone)/NoteDebrisMesh,"[0.000,1.000,0.000]","[0.000,0.000,0.000]","[0.000,0.000,0.000,1.000]","[0.000,1.104,0.000]","[0.495,0.287,0.495]",[],[]
15,CubeNoteHalfDebrisHD(Clone),"[0.000,1.000,0.000]","[0.000,0.000,0.000]","[0.000,0.000,0.000,1.000]",[],[],"[0.000,1.000,0.000]","[0.000,0.000,0.000]"
15,CubeNoteHalfDebrisHD(Clone)/NoteDebrisMesh,"[0.000,1.000,0.000]","[0.000,0.000,0.000]","[0.000,0.000,0.000,1.000]","[0.000,1.104,0.000]","[0.495,0.287,0.495]",[],[]
15,CubeNoteHalfDebrisHD(Clone),"[0.000,1.000,0.000]","[0.000,0.000,0.000]","[0.000,0.000,0.000,1.000]",[],[],"[0.000,1.000,0.000]","[0.000,0.000,0.000]"
15,CubeNoteHalfDebrisHD(Clone)/NoteDebrisMesh,"[0.000,1.000,0.000]","[0.000,0.000,0.000]","[0.000,0.000,0.000,1.000]","[0.000,1.104,0.000]","[0.495,0.287,0.495]",[],[]
15,CubeNoteHalfDebrisHD(Clone),"[0.000,1.000,0.000]","[0.000,0.000,0.000]","[0.000,0.000,0.000,1.000]",[],[],"[0.000,1.000,0.000]","[0.000,0.000,0.000]"
15,CubeNoteHalfDebrisHD(Clone)/NoteDebrisMesh,"[0.000,1.000,0.000]","[0.000,0.000,0.000]","[0.000,0.000,0.000,1.000]","[0.000,1.104,0.000]","[0.495,0.287,0.495]",[],[]
15,CubeNoteHalfDebrisHD(Clone),"[0.000,1.000,0.000]","[0.000,0.000,0.000]","[0.000,0.000,0.000,1.000]",[],[],"[0.000,1.000,0.000]","[0.000,0.000,0.000]"
15,CubeNoteHalfDebrisHD(Clone)/NoteDebrisMesh,"[0.000,1.000,0.000]","[0.000,0.000,0.000]","[0.000,0.000,0.000,1.000]","[0.000,1.104,0.000]","[0.495,0.287,0.495]",[],[]
15,CubeNoteHalfDebrisHD(Clone),"[0.000,1.000,0.000]","[0.000,0.000,0.000]","[0.000,0.000,0.000,1.000]",[],[],"[0.000,1.000,0.000]","[0.000,0.000,0.000]"
15,CubeNoteHalfDebrisHD(Clone)/NoteDebrisMesh,"[0.000,1.000,0.000]","[0.000,0.000,0.000]","[0.000,0.000,0.000,1.000]","[0.000,1.104,0.000]","[0.495,0.287,0.495]",[],[]
15,CubeNoteHalfDebrisHD(Clone),"[0.000,1.000,0.000]","[0.000,0.000,0.000]","[0.000,0.000,0.000,1.000]",[],[],"[0.000,1.000,0.000]","[0.000,0.000,0.000]"
15,CubeNoteHalfDebrisHD(Clone)/NoteDebrisMesh,"[0.000,1.000,0.000]","[0.000,0.000,0.000]","[0.000,0.000,0.000,1.000]","[0.000,1.104,0.000]","[0.495,0.287,0.495]",[],[]
15,CubeNoteHalfDebrisHD(Clone),"[0.000,1.000,0.000]","[0.000,0.000,0.000]","[0.000,0.000,0.000,1.000]",[],[],"[0.000,1.000,0.000]","[0.000,0.000,0.000]"
15,CubeNoteHalfDebrisHD(Clone)/NoteDebrisMesh,"[0.000,1.000,0.000]","[0.000,0.000,0.000]","[0.000,0.000,0.000,1.000]","[0.000,1.104,0.000]","[0.495,0.287,0.495]",[],[]
15,CubeNoteHalfDebrisHD(Clone),"[0.000,1.000,0.000]","[0.000,0.000,0.000]","[0.000,0.000,0.000,1.000]",[],[],"[0.000,1.000,0.000]","[0.000,0.000,0.000]"
15,CubeNoteHalfDebrisHD(Clone)/NoteDebrisMesh,"[0.000,1.000,0.000]","[0.000,0.000,0.000]","[0.000,0.000,0.000,1.000]","[0.000,1.104,0.000]","[0.495,0.287,0.495]",[],[]
15,CubeNoteHalfDebrisHD(Clone),"[0.000,1.000,0.000]","[0.000,0.000,0.000]","[0.000,0.000,0.000,1.000]",[],[],"[0.000,1.000,0.000]","[0.000,0.000,0.000]"
15,CubeNoteHalfDebrisHD(Clone)/NoteDebrisMesh,"[0.000,1.000,0.000]","[0.000,0.000,0.000]","[0.000,0.000,0.000,1.000]","[0.000,1.104,0.000]","[0.495,0.287,0.495]",[],[]
15,CubeNoteHalfDebrisHD(Clone),"[0.000,1.000,0.000]","[0.000,0.000,0.000]","[0.000,0.000,0.000,1.000]",[],[],"[0.000,1.000,0.000]","[0.000,0.000,0.000]"
15,CubeNoteHalfDebrisHD(Clone)/NoteDebrisMesh,"[0.000,1.000,0.000]","[0.000,0.000,0.000]","[0.000,0.000,0.000,1.000]","[0.000,1.104,0.000]","[0.495,0.287,0.495]",[],[]
15,CubeNoteHalfDebrisHD(Clone),"[0.000,1.000,0.000]","[0.000,0.000,0.000]","[0.000,0.000,0.000,1.000]",[],[],"[0.000,1.000,0.000]","[0.000,0.000,0.000]"
15,CubeNoteHalfDebrisHD(Clone)/NoteDebrisMesh,"[0.000,1.000,0.000]","[0.000,0.000,0.000]","[0.000,0.000,0.000,1.000]","[0.000,1.104,0.000]","[0.495,0.287,0.495]",[],[]
15,CubeNoteHalfDebrisHD(Clone),"[0.000,1.000,0.000]","[0.000,0.000,0.000]","[0.000,0.000,0.000,1.000]",[],[],"[0.000,1.000,0.000]","[0.000,0.000,0.000]"
15,CubeNoteHalfDebrisHD(Clone)/NoteDebrisMesh,"[0.000,1.000,0.000]","[0.000,0.000,0.000]","[0.000,0.000,0.000,1.000]","[0.000,1.104,0.000]","[0.495,0.287,0.495]",[],[]
15,CubeNoteHalfDebrisHD(Clone),"[0.000,1.000,0.000]","[0.000,0.000,0.000]","[0.000,0.000,0.000,1.000]",[],[],"[0.000,1.000,0.000]","[0.000,0.000,0.000]"
15,CubeNoteHalfDebrisHD(Clone)/NoteDebrisMesh,"[0.000,1.000,0.000]","[0.000,0.000,0.000]","[0.000,0.000,0.000,1.000]","[0.000,1.104,0.000]","[0.495,0.287,0.495]",[],[]
15,CubeNoteHalfDebrisHD(Clone),"[0.000,1.000,0.000]","[0.000,0.000,0.000]","[0.000,0.000,0.000,1.000]",[],[],"[0.000,1.000,0.000]","[0.000,0.000,0.000]"
15,CubeNoteHalfDebrisHD(Clone)/NoteDebrisMesh,"[0.000,1.000,0.000]","[0.000,0.000,0.000]","[0.000,0.000,0.000,1.000]","[0.000,1.104,0.000]","[0.495,0.287,0.495]",[],[]
15,CubeNoteHalfDebrisHD(Clone),"[0.000,1.000,0.000]","[0.000,0.000,0.000]","[0.000,0.000,0.000,1.000]",[],[],"[0.000,1.000,0.000]","[0.000,0.000,0.000]"
15,CubeNoteHalfDebrisHD(Clone)/NoteDebrisMesh,"[0.000,1.000,0.000]","[0.000,0.000,0.000]","[0.000,0.000,0.000,1.000]","[0.000,1.104,0.000]","[0.495,0.287,0.495]",[],[]
15,CubeNoteHalfDebrisHD(Clone),"[0.000,1.000,0.000]","[0.000,0.000,0.000]","[0.000,0.000,0.000,1.000]",[],[],"[0.000,1.000,0.000]","[0.000,0.000,0.000]"
15,CubeNoteHalfDebrisHD(Clone)/NoteDebrisMesh,"[0.000,1.000,0.000]","[0.000,0.000,0.000]","[0.000,0.000,0.000,1.000]","[0.000,1.104,0.000]","[0.495,0.287,0.495]",[],[]
15,CubeNoteHalfDebrisHD(Clone),"[0.000,1.000,0.000]","[0.000,0.000,0.000]","[0.000,0.000,0.000,1.000]",[],[],"[0.000,1.000,0.000]","[0.000,0.000,0.000]"
15,CubeNoteHalfDebrisHD(Clone)/NoteDebrisMesh,"[0.000,1.000,0.000]","[0.000,0.000,0.000]","[0.000,0.000,0.000,1.000]","[0.000,1.104,0.000]","[0.495,0.287,0.495]",[],[]
15,CubeNoteHalfDebrisHD(Clone),"[0.000,1.000,0.000]","[0.000,0.000,0.000]","[0.000,0.000,0.000,1.000]",[],[],"[0.000,1.000,0.000]","[0.000,0.000,0.000]"
15,CubeNoteHalfDebrisHD(Clone)/NoteDebrisMesh,"[0.000,1.000,0.000]","[0.000,0.000,0.000]","[0.000,0.000,0.000,1.000]","[0.000,1.104,0.000]","[0.495,0.287,0.495]",[],[]
15,CubeNoteHalfDebrisHD(Clone),"[0.000,1.000,0.000]","[0.000,0.000,0.000]","[0.000,0.000,0.000,1.000]",[],[],"[0.000,1.000,0.000]","[0.000,0.000,0.000]"
15,CubeNoteHalfDebrisHD(Clone)/NoteDebrisMesh,"[0.000,1.000,0.000]","[0.000,0.000,0.000]","[0.000,0.000,0.000,1.000]","[0.000,1.104,0.000]","[0.495,0.287,0.495]",[],[]
15,CubeNoteHalfDebrisHD(Clone),"[0.000,1.000,0.000]","[0.000,0.000,0.000]","[0.000,0.000,0.000,1.000]",[],[],"[0.000,1.000,0.000]","[0.000,0.000,0.000]"
15,CubeNoteHalfDebrisHD(Clone)/NoteDebrisMesh,"[0.000,1.000,0.000]","[0.000,0.000,0.000]","[0.000,0.000,0.000,1.000]","[0.000,1.104,0.000]","[0.495,0.287,0.495]",[],[]
15,CubeNoteHalfDebrisHD(Clone),"[0.000,1.000,0.000]","[0.000,0.000,0.000]","[0.000,0.000,0.000,1.000]",[],[],"[0.000,1.000,0.000]","[0.000,0.000,0.000]"
15,CubeNoteHalfDebrisHD(Clone)/NoteDebrisMesh,"[0.000,1.000,0.000]","[0.000,0.000,0.000]","[0.000,0.000,0.000,1.000]","[0.000,1.104,0.000]","[0.495,0.287,0.495]",[],[]
15,CubeNoteHalfDebrisHD(Clone),"[0.000,1.000,0.000]","[0.000,0.000,0.000]","[0.000,0.000,0.000,1.000]",[],[],"[0.000,1.000,0.000]","[0.000,0.000,0.000]"
15,CubeNoteHalfDebrisHD(Clone)/NoteDebrisMesh,"[0.000,1.000,0.000]","[0.000,0.000,0.000]","[0.000,0.000,0.000,1.000]","[0.000,1.104,0.000]","[0.495,0.287,0.495]",[],[]
15,CubeNoteHalfDebrisHD(Clone),"[0.000,1.000,0.000]","[0.000,0.000,0.000]","[0.000,0.000,0.000,1.000]",[],[],"[0.000,1.000,0.000]","[0.000,0.000,0.000]"
15,CubeNoteHalfDebrisHD(Clone)/NoteDebrisMesh,"[0.000,1.000,0.000]","[0.000,0.000,0.000]","[0.000,0.000,0.000,1.000]","[0.000,1.104,0.000]","[0.495,0.287,0.495]",[],[]
15,CubeNoteHalfDebrisHD(Clone),"[0.000,1.000,0.000]","[0.000,0.000,0.000]","[0.000,0.000,0.000,1.000]",[],[],"[0.000,1.000,0.000]","[0.000,0.000,0.000]"
15,CubeNoteHalfDebrisHD(Clone)/NoteDebrisMesh,"[0.000,1.000,0.000]","[0.000,0.000,0.000]","[0.000,0.000,0.000,1.000]","[0.000,1.104,0.000]","[0.495,0.287,0.495]",[],[]
15,CubeNoteHalfDebrisHD(Clone),"[0.000,1.000,0.000]","[0.000,0.000,0.000]","[0.000,0.000,0.000,1.000]",[],[],"[0.000,1.000,0.000]","[0.000,0.000,0.000]"
15,CubeNoteHalfDebrisHD(Clone)/NoteDebrisMesh,"[0.000,1.000,0.000]","[0.000,0.000,0.000]","[0.000,0.000,0.000,1.000]","[0.000,1.104,0.000]","[0.495,0.287,0.495]",[],[]
15,CubeNoteHalfDebrisHD(Clone),"[0.000,1.000,0.000]","[0.000,0.000,0.000]","[0.000,0.000,0.000,1.000]",[],[],"[0.000,1.000,0.000]","[0.000,0.000,0.000]"
15,CubeNoteHalfDebrisHD(Clone)/NoteDebrisMesh,"[0.000,1.000,0.000]","[0.000,0.000,0.000]","[0.000,0.000,0.000,1.000]","[0.000,1.104,0.000]","[0.495,0.287,0.495]",[],[]
15,CubeNoteHalfDebrisHD(Clone),"[0.000,1.000,0.000]","[0.000,0.000,0.000]","[0.000,0.000,0.000,1.000]",[],[],"[0.000,1.000,0.000]","[0.000,0.000,0.000]"
15,CubeNoteHalfDebrisHD(Clone)/NoteDebrisMesh,"[0.000,1.000,0.000]","[0.000,0.000,0.000]","[0.000,0.000,0.000,1.000]","[0.000,1.104,0.000]","[0.495,0.287,0.495]",[],[]
15,CubeNoteHalfDebrisHD(Clone),"[0.000,1.000,0.000]","[0.000,0.000,0.000]","[0.000,0.000,0.000,1.000]",[],[],"[0.000,1.000,0.000]","[0.000,0.000,0.000]"
15,NoteDebrisHD(Clone)/NoteDebrisMesh,"[-1.031,1.014,0.945]","[0.426,332.851,351.816]","[0.020,-0.234,-0.068,0.970]","[-1.031,1.014,0.945]","[0.723,0.564,0.699]",[],[]
15,NoteDebrisHD(Clone),"[-1.060,1.129,0.939]","[0.426,332.851,351.816]","[0.020,-0.234,-0.068,0.970]",[],[],"[-1.071,1.160,0.880]","[0.160,0.160,0.160]"
15,NoteDebrisHD(Clone)/NoteDebrisMesh,"[-0.683,0.191,1.049]","[6.432,334.739,8.355]","[0.039,-0.222,0.083,0.971]","[-0.683,0.191,1.049]","[0.737,0.613,0.680]",[],[]
15,NoteDebrisHD(Clone),"[-0.647,0.133,1.054]","[6.432,334.739,8.355]","[0.039,-0.222,0.083,0.971]",[],[],"[-0.623,0.080,1.005]","[0.160,0.160,0.160]"
15,NoteDebrisHD(Clone)/NoteDebrisMesh,"[1.182,0.090,0.978]","[24.218,246.145,169.897]","[-0.806,-0.186,0.547,-0.128]","[1.182,0.090,0.978]","[0.795,0.726,0.644]",[],[]
15,NoteDebrisHD(Clone),"[1.225,0.090,0.909]","[24.218,246.145,169.897]","[-0.806,-0.186,0.547,-0.128]",[],[],"[1.225,0.090,0.909]","[0.000,0.000,0.000]"
15,NoteDebrisHD(Clone)/NoteDebrisMesh,"[-3.219,-2.459,-1.735]","[354.189,318.220,235.132]","[0.294,-0.207,-0.836,0.416]","[-3.219,-2.459,-1.735]","[0.850,0.735,0.817]",[],[]
15,NoteDebrisHD(Clone),"[-3.192,-2.352,-1.704]","[354.189,318.220,235.132]","[0.294,-0.207,-0.836,0.416]",[],[],"[-3.192,-2.352,-1.704]","[0.000,0.000,0.000]"
15,NoteDebrisHD(Clone)/NoteDebrisMesh,"[0.000,1.000,0.000]","[0.000,0.000,0.000]","[0.000,0.000,0.000,1.000]","[0.000,1.000,0.000]","[0.495,0.495,0.495]",[],[]
15,NoteDebrisHD(Clone),"[0.000,1.000,0.000]","[0.000,0.000,0.000]","[0.000,0.000,0.000,1.000]",[],[],"[0.000,1.000,0.000]","[0.000,0.000,0.000]"
15,NoteDebrisHD(Clone)/NoteDebrisMesh,"[0.000,1.000,0.000]","[0.000,0.000,0.000]","[0.000,0.000,0.000,1.000]","[0.000,1.000,0.000]","[0.495,0.495,0.495]",[],[]
15,NoteDebrisHD(Clone),"[0.000,1.000,0.000]","[0.000,0.000,0.000]","[0.000,0.000,0.000,1.000]",[],[],"[0.000,1.000,0.000]","[0.000,0.000,0.000]"
15,NoteDebrisHD(Clone)/NoteDebrisMesh,"[0.000,1.000,0.000]","[0.000,0.000,0.000]","[0.000,0.000,0.000,1.000]","[0.000,1.000,0.000]","[0.495,0.495,0.495]",[],[]
15,NoteDebrisHD(Clone),"[0.000,1.000,0.000]","[0.000,0.000,0.000]","[0.000,0.000,0.000,1.000]",[],[],"[0.000,1.000,0.000]","[0.000,0.000,0.000]"
15,NoteDebrisHD(Clone)/NoteDebrisMesh,"[0.000,1.000,0.000]","[0.000,0.000,0.000]","[0.000,0.000,0.000,1.000]","[0.000,1.000,0.000]","[0.495,0.495,0.495]",[],[]
15,NoteDebrisHD(Clone),"[0.000,1.000,0.000]","[0.000,0.000,0.000]","[0.000,0.000,0.000,1.000]",[],[],"[0.000,1.000,0.000]","[0.000,0.000,0.000]"
15,NoteDebrisHD(Clone)/NoteDebrisMesh,"[0.000,1.000,0.000]","[0.000,0.000,0.000]","[0.000,0.000,0.000,1.000]","[0.000,1.000,0.000]","[0.495,0.495,0.495]",[],[]
15,NoteDebrisHD(Clone),"[0.000,1.000,0.000]","[0.000,0.000,0.000]","[0.000,0.000,0.000,1.000]",[],[],"[0.000,1.000,0.000]","[0.000,0.000,0.000]"
15,NoteDebrisHD(Clone)/NoteDebrisMesh,"[0.000,1.000,0.000]","[0.000,0.000,0.000]","[0.000,0.000,0.000,1.000]","[0.000,1.000,0.000]","[0.495,0.495,0.495]",[],[]
15,NoteDebrisHD(Clone),"[0.000,1.000,0.000]","[0.000,0.000,0.000]","[0.000,0.000,0.000,1.000]",[],[],"[0.000,1.000,0.000]","[0.000,0.000,0.000]"
15,NoteDebrisHD(Clone)/NoteDebrisMesh,"[0.000,1.000,0.000]","[0.000,0.000,0.000]","[0.000,0.000,0.000,1.000]","[0.000,1.000,0.000]","[0.495,0.495,0.495]",[],[]
15,NoteDebrisHD(Clone),"[0.000,1.000,0.000]","[0.000,0.000,0.000]","[0.000,0.000,0.000,1.000]",[],[],"[0.000,1.000,0.000]","[0.000,0.000,0.000]"
15,NoteDebrisHD(Clone)/NoteDebrisMesh,"[0.000,1.000,0.000]","[0.000,0.000,0.000]","[0.000,0.000,0.000,1.000]","[0.000,1.000,0.000]","[0.495,0.495,0.495]",[],[]
15,NoteDebrisHD(Clone),"[0.000,1.000,0.000]","[0.000,0.000,0.000]","[0.000,0.000,0.000,1.000]",[],[],"[0.000,1.000,0.000]","[0.000,0.000,0.000]"
15,NoteDebrisHD(Clone)/NoteDebrisMesh,"[0.000,1.000,0.000]","[0.000,0.000,0.000]","[0.000,0.000,0.000,1.000]","[0.000,1.000,0.000]","[0.495,0.495,0.495]",[],[]
15,NoteDebrisHD(Clone),"[0.000,1.000,0.000]","[0.000,0.000,0.000]","[0.000,0.000,0.000,1.000]",[],[],"[0.000,1.000,0.000]","[0.000,0.000,0.000]"
15,NoteDebrisHD(Clone)/NoteDebrisMesh,"[0.000,1.000,0.000]","[0.000,0.000,0.000]","[0.000,0.000,0.000,1.000]","[0.000,1.000,0.000]","[0.495,0.495,0.495]",[],[]
15,NoteDebrisHD(Clone),"[0.000,1.000,0.000]","[0.000,0.000,0.000]","[0.000,0.000,0.000,1.000]",[],[],"[0.000,1.000,0.000]","[0.000,0.000,0.000]"
15,NoteDebrisHD(Clone)/NoteDebrisMesh,"[0.000,1.000,0.000]","[0.000,0.000,0.000]","[0.000,0.000,0.000,1.000]","[0.000,1.000,0.000]","[0.495,0.495,0.495]",[],[]
15,NoteDebrisHD(Clone),"[0.000,1.000,0.000]","[0.000,0.000,0.000]","[0.000,0.000,0.000,1.000]",[],[],"[0.000,1.000,0.000]","[0.000,0.000,0.000]"
15,NoteDebrisHD(Clone)/NoteDebrisMesh,"[0.000,1.000,0.000]","[0.000,0.000,0.000]","[0.000,0.000,0.000,1.000]","[0.000,1.000,0.000]","[0.495,0.495,0.495]",[],[]
15,NoteDebrisHD(Clone),"[0.000,1.000,0.000]","[0.000,0.000,0.000]","[0.000,0.000,0.000,1.000]",[],[],"[0.000,1.000,0.000]","[0.000,0.000,0.000]"
15,NoteDebrisHD(Clone)/NoteDebrisMesh,"[0.000,1.000,0.000]","[0.000,0.000,0.000]","[0.000,0.000,0.000,1.000]","[0.000,1.000,0.000]","[0.495,0.495,0.495]",[],[]
15,NoteDebrisHD(Clone),"[0.000,1.000,0.000]","[0.000,0.000,0.000]","[0.000,0.000,0.000,1.000]",[],[],"[0.000,1.000,0.000]","[0.000,0.000,0.000]"
15,NoteDebrisHD(Clone)/NoteDebrisMesh,"[0.000,1.000,0.000]","[0.000,0.000,0.000]","[0.000,0.000,0.000,1.000]","[0.000,1.000,0.000]","[0.495,0.495,0.495]",[],[]
15,NoteDebrisHD(Clone),"[0.000,1.000,0.000]","[0.000,0.000,0.000]","[0.000,0.000,0.000,1.000]",[],[],"[0.000,1.000,0.000]","[0.000,0.000,0.000]"
15,NoteDebrisHD(Clone)/NoteDebrisMesh,"[0.000,1.000,0.000]","[0.000,0.000,0.000]","[0.000,0.000,0.000,1.000]","[0.000,1.000,0.000]","[0.495,0.495,0.495]",[],[]
15,NoteDebrisHD(Clone),"[0.000,1.000,0.000]","[0.000,0.000,0.000]","[0.000,0.000,0.000,1.000]",[],[],"[0.000,1.000,0.000]","[0.000,0.000,0.000]"
15,NoteDebrisHD(Clone)/NoteDebrisMesh,"[0.000,1.000,0.000]","[0.000,0.000,0.000]","[0.000,0.000,0.000,1.000]","[0.000,1.000,0.000]","[0.495,0.495,0.495]",[],[]
15,NoteDebrisHD(Clone),"[0.000,1.000,0.000]","[0.000,0.000,0.000]","[0.000,0.000,0.000,1.000]",[],[],"[0.000,1.000,0.000]","[0.000,0.000,0.000]"
15,NoteDebrisHD(Clone)/NoteDebrisMesh,"[0.000,1.000,0.000]","[0.000,0.000,0.000]","[0.000,0.000,0.000,1.000]","[0.000,1.000,0.000]","[0.495,0.495,0.495]",[],[]
15,NoteDebrisHD(Clone),"[0.000,1.000,0.000]","[0.000,0.000,0.000]","[0.000,0.000,0.000,1.000]",[],[],"[0.000,1.000,0.000]","[0.000,0.000,0.000]"
15,NoteDebrisHD(Clone)/NoteDebrisMesh,"[0.000,1.000,0.000]","[0.000,0.000,0.000]","[0.000,0.000,0.000,1.000]","[0.000,1.000,0.000]","[0.495,0.495,0.495]",[],[]
15,NoteDebrisHD(Clone),"[0.000,1.000,0.000]","[0.000,0.000,0.000]","[0.000,0.000,0.000,1.000]",[],[],"[0.000,1.000,0.000]","[0.000,0.000,0.000]"
15,NoteDebrisHD(Clone)/NoteDebrisMesh,"[0.000,1.000,0.000]","[0.000,0.000,0.000]","[0.000,0.000,0.000,1.000]","[0.000,1.000,0.000]","[0.495,0.495,0.495]",[],[]
15,NoteDebrisHD(Clone),"[0.000,1.000,0.000]","[0.000,0.000,0.000]","[0.000,0.000,0.000,1.000]",[],[],"[0.000,1.000,0.000]","[0.000,0.000,0.000]"
15,NoteDebrisHD(Clone)/NoteDebrisMesh,"[0.000,1.000,0.000]","[0.000,0.000,0.000]","[0.000,0.000,0.000,1.000]","[0.000,1.000,0.000]","[0.495,0.495,0.495]",[],[]
15,NoteDebrisHD(Clone),"[0.000,1.000,0.000]","[0.000,0.000,0.000]","[0.000,0.000,0.000,1.000]",[],[],"[0.000,1.000,0.000]","[0.000,0.000,0.000]"
15,NoteDebrisHD(Clone)/NoteDebrisMesh,"[0.000,1.000,0.000]","[0.000,0.000,0.000]","[0.000,0.000,0.000,1.000]","[0.000,1.000,0.000]","[0.495,0.495,0.495]",[],[]
15,NoteDebrisHD(Clone),"[0.000,1.000,0.000]","[0.000,0.000,0.000]","[0.000,0.000,0.000,1.000]",[],[],"[0.000,1.000,0.000]","[0.000,0.000,0.000]"
15,NoteDebrisHD(Clone)/NoteDebrisMesh,"[0.000,1.000,0.000]","[0.000,0.000,0.000]","[0.000,0.000,0.000,1.000]","[0.000,1.000,0.000]","[0.495,0.495,0.495]",[],[]
15,NoteDebrisHD(Clone),"[0.000,1.000,0.000]","[0.000,0.000,0.000]","[0.000,0.000,0.000,1.000]",[],[],"[0.000,1.000,0.000]","[0.000,0.000,0.000]"
15,NoteDebrisHD(Clone)/NoteDebrisMesh,"[0.000,1.000,0.000]","[0.000,0.000,0.000]","[0.000,0.000,0.000,1.000]","[0.000,1.000,0.000]","[0.495,0.495,0.495]",[],[]
15,NoteDebrisHD(Clone),"[0.000,1.000,0.000]","[0.000,0.000,0.000]","[0.000,0.000,0.000,1.000]",[],[],"[0.000,1.000,0.000]","[0.000,0.000,0.000]"
15,NoteDebrisHD(Clone)/NoteDebrisMesh,"[0.000,1.000,0.000]","[0.000,0.000,0.000]","[0.000,0.000,0.000,1.000]","[0.000,1.000,0.000]","[0.495,0.495,0.495]",[],[]
15,NoteDebrisHD(Clone),"[0.000,1.000,0.000]","[0.000,0.000,0.000]","[0.000,0.000,0.000,1.000]",[],[],"[0.000,1.000,0.000]","[0.000,0.000,0.000]"
15,NoteDebrisHD(Clone)/NoteDebrisMesh,"[0.000,1.000,0.000]","[0.000,0.000,0.000]","[0.000,0.000,0.000,1.000]","[0.000,1.000,0.000]","[0.495,0.495,0.495]",[],[]
15,NoteDebrisHD(Clone),"[0.000,1.000,0.000]","[0.000,0.000,0.000]","[0.000,0.000,0.000,1.000]",[],[],"[0.000,1.000,0.000]","[0.000,0.000,0.000]"
15,NoteDebrisHD(Clone)/NoteDebrisMesh,"[0.000,1.000,0.000]","[0.000,0.000,0.000]","[0.000,0.000,0.000,1.000]","[0.000,1.000,0.000]","[0.495,0.495,0.495]",[],[]
15,NoteDebrisHD(Clone),"[0.000,1.000,0.000]","[0.000,0.000,0.000]","[0.000,0.000,0.000,1.000]",[],[],"[0.000,1.000,0.000]","[0.000,0.000,0.000]"
15,NoteDebrisHD(Clone)/NoteDebrisMesh,"[0.000,1.000,0.000]","[0.000,0.000,0.000]","[0.000,0.000,0.000,1.000]","[0.000,1.000,0.000]","[0.495,0.495,0.495]",[],[]
15,NoteDebrisHD(Clone),"[0.000,1.000,0.000]","[0.000,0.000,0.000]","[0.000,0.000,0.000,1.000]",[],[],"[0.000,1.000,0.000]","[0.000,0.000,0.000]"
15,NoteDebrisHD(Clone)/NoteDebrisMesh,"[0.000,1.000,0.000]","[0.000,0.000,0.000]","[0.000,0.000,0.000,1.000]","[0.000,1.000,0.000]","[0.495,0.495,0.495]",[],[]
15,NoteDebrisHD(Clone),"[0.000,1.000,0.000]","[0.000,0.000,0.000]","[0.000,0.000,0.000,1.000]",[],[],"[0.000,1.000,0.000]","[0.000,0.000,0.000]"
15,NoteDebrisHD(Clone)/NoteDebrisMesh,"[0.000,1.000,0.000]","[0.000,0.000,0.000]","[0.000,0.000,0.000,1.000]","[0.000,1.000,0.000]","[0.495,0.495,0.495]",[],[]
15,NoteDebrisHD(Clone),"[0.000,1.000,0.000]","[0.000,0.000,0.000]","[0.000,0.000,0.000,1.000]",[],[],"[0.000,1.000,0.000]","[0.000,0.000,0.000]"
15,NoteDebrisHD(Clone)/NoteDebrisMesh,"[0.000,1.000,0.000]","[0.000,0.000,0.000]","[0.000,0.000,0.000,1.000]","[0.000,1.000,0.000]","[0.495,0.495,0.495]",[],[]
15,NoteDebrisHD(Clone),"[0.000,1.000,0.000]","[0.000,0.000,0.000]","[0.000,0.000,0.000,1.000]",[],[],"[0.000,1.000,0.000]","[0.000,0.000,0.000]"
15,NoteDebrisHD(Clone)/NoteDebrisMesh,"[0.000,1.000,0.000]","[0.000,0.000,0.000]","[0.000,0.000,0.000,1.000]","[0.000,1.000,0.000]","[0.495,0.495,0.495]",[],[]
15,NoteDebrisHD(Clone),"[0.000,1.000,0.000]","[0.000,0.000,0.000]","[0.000,0.000,0.000,1.000]",[],[],"[0.000,1.000,0.000]","[0.000,0.000,0.000]"
15,NoteDebrisHD(Clone)/NoteDebrisMesh,"[0.000,1.000,0.000]","[0.000,0.000,0.000]","[0.000,0.000,0.000,1.000]","[0.000,1.000,0.000]","[0.495,0.495,0.495]",[],[]
15,NoteDebrisHD(Clone),"[0.000,1.000,0.000]","[0.000,0.000,0.000]","[0.000,0.000,0.000,1.000]",[],[],"[0.000,1.000,0.000]","[0.000,0.000,0.000]"
15,NoteDebrisHD(Clone)/NoteDebrisMesh,"[0.000,1.000,0.000]","[0.000,0.000,0.000]","[0.000,0.000,0.000,1.000]","[0.000,1.000,0.000]","[0.495,0.495,0.495]",[],[]
15,NoteDebrisHD(Clone),"[0.000,1.000,0.000]","[0.000,0.000,0.000]","[0.000,0.000,0.000,1.000]",[],[],"[0.000,1.000,0.000]","[0.000,0.000,0.000]"
15,NoteDebrisHD(Clone)/NoteDebrisMesh,"[0.000,1.000,0.000]","[0.000,0.000,0.000]","[0.000,0.000,0.000,1.000]","[0.000,1.000,0.000]","[0.495,0.495,0.495]",[],[]
15,NoteDebrisHD(Clone),"[0.000,1.000,0.000]","[0.000,0.000,0.000]","[0.000,0.000,0.000,1.000]",[],[],"[0.000,1.000,0.000]","[0.000,0.000,0.000]"
15,NoteDebrisHD(Clone)/NoteDebrisMesh,"[0.000,1.000,0.000]","[0.000,0.000,0.000]","[0.000,0.000,0.000,1.000]","[0.000,1.000,0.000]","[0.495,0.495,0.495]",[],[]
15,NoteDebrisHD(Clone),"[0.000,1.000,0.000]","[0.000,0.000,0.000]","[0.000,0.000,0.000,1.000]",[],[],"[0.000,1.000,0.000]","[0.000,0.000,0.000]"
15,NoteDebrisHD(Clone)/NoteDebrisMesh,"[0.000,1.000,0.000]","[0.000,0.000,0.000]","[0.000,0.000,0.000,1.000]","[0.000,1.000,0.000]","[0.495,0.495,0.495]",[],[]
15,NoteDebrisHD(Clone),"[0.000,1.000,0.000]","[0.000,0.000,0.000]","[0.000,0.000,0.000,1.000]",[],[],"[0.000,1.000,0.000]","[0.000,0.000,0.000]"
15,SongTimeTweeningManager(Clone),"[0.000,0.000,0.000]","[0.000,0.000,0.000]","[0.000,0.000,0.000,1.000]",[],[],[],[]
15,SaberBurnMarkLine,"[0.000,0.000,0.000]","[0.000,0.000,0.000]","[0.000,0.000,0.000,1.000]","[0.000,0.000,0.000]","[0.000,0.000,0.000]",[],[]
15,SaberBurnMarkLine,"[0.000,0.000,0.000]","[0.000,0.000,0.000]","[0.000,0.000,0.000,1.000]","[0.000,0.000,0.000]","[0.000,0.000,0.000]",[],[]
15,MissedNoteEffectSpawner(Clone)/MissedNoteFlyingSpriteSpawner,"[0.000,0.000,0.000]","[0.000,0.000,0.000]","[0.000,0.000,0.000,1.000]",[],[],[],[]
15,MissedNoteEffectSpawner(Clone),"[0.000,0.000,0.000]","[0.000,0.000,0.000]","[0.000,0.000,0.000,1.000]",[],[],[],[]
15,BadNoteCutEffectSpawner(Clone)/BadCutFlyingSpriteSpawner,"[0.000,0.000,0.000]","[0.000,0.000,0.000]","[0.000,0.000,0.000,1.000]",[],[],[],[]
15,BadNoteCutEffectSpawner(Clone),"[0.000,0.000,0.000]","[0.000,0.000,0.000]","[0.000,0.000,0.000,1.000]",[],[],[],[]
15,NoteCutScoreSpawner(Clone)/FlyingScoreSpawner,"[0.000,0.000,0.000]","[0.000,0.000,0.000]","[0.000,0.000,0.000,1.000]",[],[],[],[]
15,NoteCutScoreSpawner(Clone),"[0.000,0.000,0.000]","[0.000,0.000,0.000]","[0.000,0.000,0.000,1.000]",[],[],[],[]
15,ArcAndObstacleHapticEffectManager(Clone),"[0.000,0.000,0.000]","[0.000,0.000,0.000]","[0.000,0.000,0.000,1.000]",[],[],[],[]
15,BombCutSoundEffect(Clone),"[0.000,0.000,0.000]","[0.000,0.000,0.000]","[0.000,0.000,0.000,1.000]",[],[],[],[]
15,BombCutSoundEffect(Clone),"[0.000,0.000,0.000]","[0.000,0.000,0.000]","[0.000,0.000,0.000,1.000]",[],[],[],[]
15,BombCutSoundEffect(Clone),"[0.000,0.000,0.000]","[0.000,0.000,0.000]","[0.000,0.000,0.000,1.000]",[],[],[],[]
15,BombCutSoundEffect(Clone),"[0.000,0.000,0.000]","[0.000,0.000,0.000]","[0.000,0.000,0.000,1.000]",[],[],[],[]
15,BombCutSoundEffect(Clone),"[0.000,0.000,0.000]","[0.000,0.000,0.000]","[0.000,0.000,0.000,1.000]",[],[],[],[]
15,BombCutSoundEffect(Clone),"[0.000,0.000,0.000]","[0.000,0.000,0.000]","[0.000,0.000,0.000,1.000]",[],[],[],[]
15,BombCutSoundEffect(Clone),"[0.000,0.000,0.000]","[0.000,0.000,0.000]","[0.000,0.000,0.000,1.000]",[],[],[],[]
15,BombCutSoundEffect(Clone),"[0.000,0.000,0.000]","[0.000,0.000,0.000]","[0.000,0.000,0.000,1.000]",[],[],[],[]
15,BombCutSoundEffect(Clone),"[0.000,0.000,0.000]","[0.000,0.000,0.000]","[0.000,0.000,0.000,1.000]",[],[],[],[]
15,BombCutSoundEffect(Clone),"[0.000,0.000,0.000]","[0.000,0.000,0.000]","[0.000,0.000,0.000,1.000]",[],[],[],[]
15,BombCutSoundEffect(Clone),"[0.000,0.000,0.000]","[0.000,0.000,0.000]","[0.000,0.000,0.000,1.000]",[],[],[],[]
15,BombCutSoundEffect(Clone),"[0.000,0.000,0.000]","[0.000,0.000,0.000]","[0.000,0.000,0.000,1.000]",[],[],[],[]
15,BombCutSoundEffect(Clone),"[0.000,0.000,0.000]","[0.000,0.000,0.000]","[0.000,0.000,0.000,1.000]",[],[],[],[]
15,BombCutSoundEffect(Clone),"[0.000,0.000,0.000]","[0.000,0.000,0.000]","[0.000,0.000,0.000,1.000]",[],[],[],[]
15,BombCutSoundEffect(Clone),"[0.000,0.000,0.000]","[0.000,0.000,0.000]","[0.000,0.000,0.000,1.000]",[],[],[],[]
15,BombCutSoundEffect(Clone),"[0.000,0.000,0.000]","[0.000,0.000,0.000]","[0.000,0.000,0.000,1.000]",[],[],[],[]
15,BombCutSoundEffect(Clone),"[0.000,0.000,0.000]","[0.000,0.000,0.000]","[0.000,0.000,0.000,1.000]",[],[],[],[]
15,BombCutSoundEffect(Clone),"[0.000,0.000,0.000]","[0.000,0.000,0.000]","[0.000,0.000,0.000,1.000]",[],[],[],[]
15,BombCutSoundEffect(Clone),"[0.000,0.000,0.000]","[0.000,0.000,0.000]","[0.000,0.000,0.000,1.000]",[],[],[],[]
15,BombCutSoundEffect(Clone),"[0.000,0.000,0.000]","[0.000,0.000,0.000]","[0.000,0.000,0.000,1.000]",[],[],[],[]
15,BombCutSoundEffect(Clone),"[0.000,0.000,0.000]","[0.000,0.000,0.000]","[0.000,0.000,0.000,1.000]",[],[],[],[]
15,BombCutSoundEffect(Clone),"[0.000,0.000,0.000]","[0.000,0.000,0.000]","[0.000,0.000,0.000,1.000]",[],[],[],[]
15,BombCutSoundEffect(Clone),"[0.000,0.000,0.000]","[0.000,0.000,0.000]","[0.000,0.000,0.000,1.000]",[],[],[],[]
15,BombCutSoundEffect(Clone),"[0.000,0.000,0.000]","[0.000,0.000,0.000]","[0.000,0.000,0.000,1.000]",[],[],[],[]
15,NoteCutSoundEffect(Clone),"[-0.309,0.687,1.484]","[0.000,0.000,0.000]","[0.000,0.000,0.000,1.000]",[],[],[],[]
15,NoteCutSoundEffect(Clone),"[-0.920,0.698,1.536]","[0.000,0.000,0.000]","[0.000,0.000,0.000,1.000]",[],[],[],[]
15,NoteCutSoundEffect(Clone),"[-1.215,0.816,1.180]","[0.000,0.000,0.000]","[0.000,0.000,0.000,1.000]",[],[],[],[]
15,NoteCutSoundEffect(Clone),"[0.000,0.000,0.000]","[0.000,0.000,0.000]","[0.000,0.000,0.000,1.000]",[],[],[],[]
15,NoteCutSoundEffect(Clone),"[0.000,0.000,0.000]","[0.000,0.000,0.000]","[0.000,0.000,0.000,1.000]",[],[],[],[]
15,NoteCutSoundEffect(Clone),"[0.000,0.000,0.000]","[0.000,0.000,0.000]","[0.000,0.000,0.000,1.000]",[],[],[],[]
15,NoteCutSoundEffect(Clone),"[0.000,0.000,0.000]","[0.000,0.000,0.000]","[0.000,0.000,0.000,1.000]",[],[],[],[]
15,NoteCutSoundEffect(Clone),"[0.000,0.000,0.000]","[0.000,0.000,0.000]","[0.000,0.000,0.000,1.000]",[],[],[],[]
15,NoteCutSoundEffect(Clone),"[0.000,0.000,0.000]","[0.000,0.000,0.000]","[0.000,0.000,0.000,1.000]",[],[],[],[]
15,NoteCutSoundEffect(Clone),"[0.000,0.000,0.000]","[0.000,0.000,0.000]","[0.000,0.000,0.000,1.000]",[],[],[],[]
15,NoteCutSoundEffect(Clone),"[0.000,0.000,0.000]","[0.000,0.000,0.000]","[0.000,0.000,0.000,1.000]",[],[],[],[]
15,NoteCutSoundEffect(Clone),"[0.000,0.000,0.000]","[0.000,0.000,0.000]","[0.000,0.000,0.000,1.000]",[],[],[],[]
15,NoteCutSoundEffect(Clone),"[0.000,0.000,0.000]","[0.000,0.000,0.000]","[0.000,0.000,0.000,1.000]",[],[],[],[]
15,NoteCutSoundEffect(Clone),"[0.000,0.000,0.000]","[0.000,0.000,0.000]","[0.000,0.000,0.000,1.000]",[],[],[],[]
15,NoteCutSoundEffect(Clone),"[0.000,0.000,0.000]","[0.000,0.000,0.000]","[0.000,0.000,0.000,1.000]",[],[],[],[]
15,NoteCutSoundEffect(Clone),"[0.000,0.000,0.000]","[0.000,0.000,0.000]","[0.000,0.000,0.000,1.000]",[],[],[],[]
15,NoteCutSoundEffect(Clone),"[0.000,0.000,0.000]","[0.000,0.000,0.000]","[0.000,0.000,0.000,1.000]",[],[],[],[]
15,NoteCutSoundEffect(Clone),"[0.000,0.000,0.000]","[0.000,0.000,0.000]","[0.000,0.000,0.000,1.000]",[],[],[],[]
15,NoteCutSoundEffect(Clone),"[0.000,0.000,0.000]","[0.000,0.000,0.000]","[0.000,0.000,0.000,1.000]",[],[],[],[]
15,NoteCutSoundEffect(Clone),"[0.000,0.000,0.000]","[0.000,0.000,0.000]","[0.000,0.000,0.000,1.000]",[],[],[],[]
15,NoteCutSoundEffect(Clone),"[0.000,0.000,0.000]","[0.000,0.000,0.000]","[0.000,0.000,0.000,1.000]",[],[],[],[]
15,NoteCutSoundEffect(Clone),"[0.000,0.000,0.000]","[0.000,0.000,0.000]","[0.000,0.000,0.000,1.000]",[],[],[],[]
15,NoteCutSoundEffect(Clone),"[0.000,0.000,0.000]","[0.000,0.000,0.000]","[0.000,0.000,0.000,1.000]",[],[],[],[]
15,NoteCutSoundEffect(Clone),"[0.000,0.000,0.000]","[0.000,0.000,0.000]","[0.000,0.000,0.000,1.000]",[],[],[],[]
15,NoteCutSoundEffect(Clone),"[0.000,0.000,0.000]","[0.000,0.000,0.000]","[0.000,0.000,0.000,1.000]",[],[],[],[]
15,NoteCutSoundEffect(Clone),"[0.000,0.000,0.000]","[0.000,0.000,0.000]","[0.000,0.000,0.000,1.000]",[],[],[],[]
15,NoteCutSoundEffect(Clone),"[0.000,0.000,0.000]","[0.000,0.000,0.000]","[0.000,0.000,0.000,1.000]",[],[],[],[]
15,NoteCutSoundEffect(Clone),"[0.000,0.000,0.000]","[0.000,0.000,0.000]","[0.000,0.000,0.000,1.000]",[],[],[],[]
15,NoteCutSoundEffect(Clone),"[0.000,0.000,0.000]","[0.000,0.000,0.000]","[0.000,0.000,0.000,1.000]",[],[],[],[]
15,NoteCutSoundEffect(Clone),"[0.000,0.000,0.000]","[0.000,0.000,0.000]","[0.000,0.000,0.000,1.000]",[],[],[],[]
15,NoteCutSoundEffect(Clone),"[0.000,0.000,0.000]","[0.000,0.000,0.000]","[0.000,0.000,0.000,1.000]",[],[],[],[]
15,NoteCutSoundEffect(Clone),"[0.000,0.000,0.000]","[0.000,0.000,0.000]","[0.000,0.000,0.000,1.000]",[],[],[],[]
15,NoteCutSoundEffect(Clone),"[0.000,0.000,0.000]","[0.000,0.000,0.000]","[0.000,0.000,0.000,1.000]",[],[],[],[]
15,NoteCutSoundEffect(Clone),"[0.000,0.000,0.000]","[0.000,0.000,0.000]","[0.000,0.000,0.000,1.000]",[],[],[],[]
15,NoteCutSoundEffect(Clone),"[0.000,0.000,0.000]","[0.000,0.000,0.000]","[0.000,0.000,0.000,1.000]",[],[],[],[]
15,NoteCutSoundEffect(Clone),"[0.000,0.000,0.000]","[0.000,0.000,0.000]","[0.000,0.000,0.000,1.000]",[],[],[],[]
15,NoteCutSoundEffect(Clone),"[0.000,0.000,0.000]","[0.000,0.000,0.000]","[0.000,0.000,0.000,1.000]",[],[],[],[]
15,NoteCutSoundEffect(Clone),"[0.000,0.000,0.000]","[0.000,0.000,0.000]","[0.000,0.000,0.000,1.000]",[],[],[],[]
15,NoteCutSoundEffect(Clone),"[0.000,0.000,0.000]","[0.000,0.000,0.000]","[0.000,0.000,0.000,1.000]",[],[],[],[]
15,NoteCutSoundEffect(Clone),"[0.000,0.000,0.000]","[0.000,0.000,0.000]","[0.000,0.000,0.000,1.000]",[],[],[],[]
15,NoteCutSoundEffect(Clone),"[0.000,0.000,0.000]","[0.000,0.000,0.000]","[0.000,0.000,0.000,1.000]",[],[],[],[]
15,NoteCutSoundEffect(Clone),"[0.000,0.000,0.000]","[0.000,0.000,0.000]","[0.000,0.000,0.000,1.000]",[],[],[],[]
15,NoteCutSoundEffect(Clone),"[0.000,0.000,0.000]","[0.000,0.000,0.000]","[0.000,0.000,0.000,1.000]",[],[],[],[]
15,NoteCutSoundEffect(Clone),"[0.000,0.000,0.000]","[0.000,0.000,0.000]","[0.000,0.000,0.000,1.000]",[],[],[],[]
15,NoteCutSoundEffect(Clone),"[0.000,0.000,0.000]","[0.000,0.000,0.000]","[0.000,0.000,0.000,1.000]",[],[],[],[]
15,NoteCutSoundEffect(Clone),"[0.000,0.000,0.000]","[0.000,0.000,0.000]","[0.000,0.000,0.000,1.000]",[],[],[],[]
15,NoteCutSoundEffect(Clone),"[0.000,0.000,0.000]","[0.000,0.000,0.000]","[0.000,0.000,0.000,1.000]",[],[],[],[]
15,NoteCutSoundEffect(Clone),"[0.000,0.000,0.000]","[0.000,0.000,0.000]","[0.000,0.000,0.000,1.000]",[],[],[],[]
15,NoteCutSoundEffect(Clone),"[0.000,0.000,0.000]","[0.000,0.000,0.000]","[0.000,0.000,0.000,1.000]",[],[],[],[]
15,NoteCutSoundEffect(Clone),"[0.000,0.000,0.000]","[0.000,0.000,0.000]","[0.000,0.000,0.000,1.000]",[],[],[],[]
15,NoteCutSoundEffect(Clone),"[0.000,0.000,0.000]","[0.000,0.000,0.000]","[0.000,0.000,0.000,1.000]",[],[],[],[]
15,NoteCutSoundEffect(Clone),"[0.000,0.000,0.000]","[0.000,0.000,0.000]","[0.000,0.000,0.000,1.000]",[],[],[],[]
15,NoteCutSoundEffect(Clone),"[0.000,0.000,0.000]","[0.000,0.000,0.000]","[0.000,0.000,0.000,1.000]",[],[],[],[]
15,NoteCutSoundEffect(Clone),"[0.000,0.000,0.000]","[0.000,0.000,0.000]","[0.000,0.000,0.000,1.000]",[],[],[],[]
15,NoteCutSoundEffect(Clone),"[0.000,0.000,0.000]","[0.000,0.000,0.000]","[0.000,0.000,0.000,1.000]",[],[],[],[]
15,NoteCutSoundEffect(Clone),"[0.000,0.000,0.000]","[0.000,0.000,0.000]","[0.000,0.000,0.000,1.000]",[],[],[],[]
15,NoteCutSoundEffect(Clone),"[0.000,0.000,0.000]","[0.000,0.000,0.000]","[0.000,0.000,0.000,1.000]",[],[],[],[]
15,NoteCutSoundEffect(Clone),"[0.000,0.000,0.000]","[0.000,0.000,0.000]","[0.000,0.000,0.000,1.000]",[],[],[],[]
15,NoteCutSoundEffect(Clone),"[0.000,0.000,0.000]","[0.000,0.000,0.000]","[0.000,0.000,0.000,1.000]",[],[],[],[]
15,NoteCutSoundEffect(Clone),"[0.000,0.000,0.000]","[0.000,0.000,0.000]","[0.000,0.000,0.000,1.000]",[],[],[],[]
15,NoteCutSoundEffect(Clone),"[0.000,0.000,0.000]","[0.000,0.000,0.000]","[0.000,0.000,0.000,1.000]",[],[],[],[]
15,NoteCutSoundEffect(Clone),"[0.000,0.000,0.000]","[0.000,0.000,0.000]","[0.000,0.000,0.000,1.000]",[],[],[],[]
15,NoteCutSoundEffect(Clone),"[0.000,0.000,0.000]","[0.000,0.000,0.000]","[0.000,0.000,0.000,1.000]",[],[],[],[]
15,NoteCutSoundEffect(Clone),"[0.000,0.000,0.000]","[0.000,0.000,0.000]","[0.000,0.000,0.000,1.000]",[],[],[],[]
15,NoteCutSoundEffect(Clone),"[0.000,0.000,0.000]","[0.000,0.000,0.000]","[0.000,0.000,0.000,1.000]",[],[],[],[]
15,NoteCutSoundEffect(Clone),"[0.000,0.000,0.000]","[0.000,0.000,0.000]","[0.000,0.000,0.000,1.000]",[],[],[],[]
15,NoteCutSoundEffect(Clone),"[0.000,0.000,0.000]","[0.000,0.000,0.000]","[0.000,0.000,0.000,1.000]",[],[],[],[]
15,NoteCutSoundEffect(Clone),"[0.000,0.000,0.000]","[0.000,0.000,0.000]","[0.000,0.000,0.000,1.000]",[],[],[],[]
15,NoteCutSoundEffect(Clone),"[0.000,0.000,0.000]","[0.000,0.000,0.000]","[0.000,0.000,0.000,1.000]",[],[],[],[]
15,NoteCutSoundEffect(Clone),"[0.000,0.000,0.000]","[0.000,0.000,0.000]","[0.000,0.000,0.000,1.000]",[],[],[],[]
15,NoteCutSoundEffect(Clone),"[0.000,0.000,0.000]","[0.000,0.000,0.000]","[0.000,0.000,0.000,1.000]",[],[],[],[]
15,NoteCutSoundEffect(Clone),"[0.000,0.000,0.000]","[0.000,0.000,0.000]","[0.000,0.000,0.000,1.000]",[],[],[],[]
15,NoteCutSoundEffect(Clone),"[0.000,0.000,0.000]","[0.000,0.000,0.000]","[0.000,0.000,0.000,1.000]",[],[],[],[]
15,NoteCutSoundEffect(Clone),"[0.000,0.000,0.000]","[0.000,0.000,0.000]","[0.000,0.000,0.000,1.000]",[],[],[],[]
15,NoteCutSoundEffect(Clone),"[0.000,0.000,0.000]","[0.000,0.000,0.000]","[0.000,0.000,0.000,1.000]",[],[],[],[]
15,NoteCutSoundEffect(Clone),"[0.000,0.000,0.000]","[0.000,0.000,0.000]","[0.000,0.000,0.000,1.000]",[],[],[],[]
15,NoteCutSoundEffect(Clone),"[0.000,0.000,0.000]","[0.000,0.000,0.000]","[0.000,0.000,0.000,1.000]",[],[],[],[]
15,NoteCutSoundEffect(Clone),"[0.000,0.000,0.000]","[0.000,0.000,0.000]","[0.000,0.000,0.000,1.000]",[],[],[],[]
15,NoteCutSoundEffect(Clone),"[0.000,0.000,0.000]","[0.000,0.000,0.000]","[0.000,0.000,0.000,1.000]",[],[],[],[]
15,NoteCutSoundEffect(Clone),"[0.000,0.000,0.000]","[0.000,0.000,0.000]","[0.000,0.000,0.000,1.000]",[],[],[],[]
15,BeatEffect(Clone)/Light,"[-0.900,0.100,15.167]","[0.000,0.000,0.000]","[0.000,0.000,0.000,1.000]",[],[],[],[]
15,BeatEffect(Clone)/SpriteV,"[-0.900,0.129,15.167]","[0.000,0.000,0.000]","[0.000,0.000,0.000,1.000]","[-0.900,10.490,15.167]","[0.006,20.723,0.200]",[],[]
15,BeatEffect(Clone),"[-0.900,0.100,15.167]","[0.000,0.000,0.000]","[0.000,0.000,0.000,1.000]",[],[],[],[]
15,BeatEffect(Clone)/Light,"[17.000,0.020,7.750]","[90.000,0.000,0.000]","[0.707,0.000,0.000,0.707]",[],[],[],[]
15,BeatEffect(Clone)/SpriteV,"[17.000,0.020,7.779]","[90.000,0.000,0.000]","[0.707,0.000,0.000,0.707]","[17.000,0.020,9.420]","[0.219,0.200,3.281]",[],[]
15,BeatEffect(Clone),"[17.000,0.020,7.750]","[90.000,0.000,0.000]","[0.707,0.000,0.000,0.707]",[],[],[],[]
15,BeatEffect(Clone)/Light,"[17.000,0.020,7.750]","[90.000,0.000,0.000]","[0.707,0.000,0.000,0.707]",[],[],[],[]
15,BeatEffect(Clone)/SpriteV,"[17.000,0.020,7.779]","[90.000,0.000,0.000]","[0.707,0.000,0.000,0.707]","[17.000,0.020,9.420]","[0.219,0.200,3.281]",[],[]
15,BeatEffect(Clone),"[17.000,0.020,7.750]","[90.000,0.000,0.000]","[0.707,0.000,0.000,0.707]",[],[],[],[]
15,BeatEffect(Clone)/Light,"[17.000,0.020,7.750]","[90.000,0.000,0.000]","[0.707,0.000,0.000,0.707]",[],[],[],[]
15,BeatEffect(Clone)/SpriteV,"[17.000,0.020,7.779]","[90.000,0.000,0.000]","[0.707,0.000,0.000,0.707]","[17.000,0.020,9.420]","[0.219,0.200,3.281]",[],[]
15,BeatEffect(Clone),"[17.000,0.020,7.750]","[90.000,0.000,0.000]","[0.707,0.000,0.000,0.707]",[],[],[],[]
15,BeatEffect(Clone)/Light,"[17.000,0.020,7.750]","[90.000,0.000,0.000]","[0.707,0.000,0.000,0.707]",[],[],[],[]
15,BeatEffect(Clone)/SpriteV,"[17.000,0.020,7.779]","[90.000,0.000,0.000]","[0.707,0.000,0.000,0.707]","[17.000,0.020,9.420]","[0.219,0.200,3.281]",[],[]
15,BeatEffect(Clone),"[17.000,0.020,7.750]","[90.000,0.000,0.000]","[0.707,0.000,0.000,0.707]",[],[],[],[]
15,BeatEffect(Clone)/Light,"[17.000,0.020,7.750]","[90.000,0.000,0.000]","[0.707,0.000,0.000,0.707]",[],[],[],[]
15,BeatEffect(Clone)/SpriteV,"[17.000,0.020,7.779]","[90.000,0.000,0.000]","[0.707,0.000,0.000,0.707]","[17.000,0.020,9.420]","[0.219,0.200,3.281]",[],[]
15,BeatEffect(Clone),"[17.000,0.020,7.750]","[90.000,0.000,0.000]","[0.707,0.000,0.000,0.707]",[],[],[],[]
15,BeatEffect(Clone)/Light,"[17.000,0.020,7.750]","[90.000,0.000,0.000]","[0.707,0.000,0.000,0.707]",[],[],[],[]
15,BeatEffect(Clone)/SpriteV,"[17.000,0.020,7.779]","[90.000,0.000,0.000]","[0.707,0.000,0.000,0.707]","[17.000,0.020,9.420]","[0.219,0.200,3.281]",[],[]
15,BeatEffect(Clone),"[17.000,0.020,7.750]","[90.000,0.000,0.000]","[0.707,0.000,0.000,0.707]",[],[],[],[]
15,BeatEffect(Clone)/Light,"[17.000,0.020,7.750]","[90.000,0.000,0.000]","[0.707,0.000,0.000,0.707]",[],[],[],[]
15,BeatEffect(Clone)/SpriteV,"[17.000,0.020,7.779]","[90.000,0.000,0.000]","[0.707,0.000,0.000,0.707]","[17.000,0.020,9.420]","[0.219,0.200,3.281]",[],[]
15,BeatEffect(Clone),"[17.000,0.020,7.750]","[90.000,0.000,0.000]","[0.707,0.000,0.000,0.707]",[],[],[],[]
15,BeatEffect(Clone)/Light,"[17.000,0.020,7.750]","[90.000,0.000,0.000]","[0.707,0.000,0.000,0.707]",[],[],[],[]
15,BeatEffect(Clone)/SpriteV,"[17.000,0.020,7.779]","[90.000,0.000,0.000]","[0.707,0.000,0.000,0.707]","[17.000,0.020,9.420]","[0.219,0.200,3.281]",[],[]
15,BeatEffect(Clone),"[17.000,0.020,7.750]","[90.000,0.000,0.000]","[0.707,0.000,0.000,0.707]",[],[],[],[]
15,BeatEffect(Clone)/Light,"[17.000,0.020,7.750]","[90.000,0.000,0.000]","[0.707,0.000,0.000,0.707]",[],[],[],[]
15,BeatEffect(Clone)/SpriteV,"[17.000,0.020,7.779]","[90.000,0.000,0.000]","[0.707,0.000,0.000,0.707]","[17.000,0.020,9.420]","[0.219,0.200,3.281]",[],[]
15,BeatEffect(Clone),"[17.000,0.020,7.750]","[90.000,0.000,0.000]","[0.707,0.000,0.000,0.707]",[],[],[],[]
15,BeatEffect(Clone)/Light,"[17.000,0.020,7.750]","[90.000,0.000,0.000]","[0.707,0.000,0.000,0.707]",[],[],[],[]
15,BeatEffect(Clone)/SpriteV,"[17.000,0.020,7.779]","[90.000,0.000,0.000]","[0.707,0.000,0.000,0.707]","[17.000,0.020,9.420]","[0.219,0.200,3.281]",[],[]
15,BeatEffect(Clone),"[17.000,0.020,7.750]","[90.000,0.000,0.000]","[0.707,0.000,0.000,0.707]",[],[],[],[]
15,BeatEffect(Clone)/Light,"[17.000,0.020,7.750]","[90.000,0.000,0.000]","[0.707,0.000,0.000,0.707]",[],[],[],[]
15,BeatEffect(Clone)/SpriteV,"[17.000,0.020,7.779]","[90.000,0.000,0.000]","[0.707,0.000,0.000,0.707]","[17.000,0.020,9.420]","[0.219,0.200,3.281]",[],[]
15,BeatEffect(Clone),"[17.000,0.020,7.750]","[90.000,0.000,0.000]","[0.707,0.000,0.000,0.707]",[],[],[],[]
15,BeatEffect(Clone)/Light,"[17.000,0.020,7.750]","[90.000,0.000,0.000]","[0.707,0.000,0.000,0.707]",[],[],[],[]
15,BeatEffect(Clone)/SpriteV,"[17.000,0.020,7.779]","[90.000,0.000,0.000]","[0.707,0.000,0.000,0.707]","[17.000,0.020,9.420]","[0.219,0.200,3.281]",[],[]
15,BeatEffect(Clone),"[17.000,0.020,7.750]","[90.000,0.000,0.000]","[0.707,0.000,0.000,0.707]",[],[],[],[]
15,BeatEffect(Clone)/Light,"[17.000,0.020,7.750]","[90.000,0.000,0.000]","[0.707,0.000,0.000,0.707]",[],[],[],[]
15,BeatEffect(Clone)/SpriteV,"[17.000,0.020,7.779]","[90.000,0.000,0.000]","[0.707,0.000,0.000,0.707]","[17.000,0.020,9.420]","[0.219,0.200,3.281]",[],[]
15,BeatEffect(Clone),"[17.000,0.020,7.750]","[90.000,0.000,0.000]","[0.707,0.000,0.000,0.707]",[],[],[],[]
15,BeatEffect(Clone)/Light,"[17.000,0.020,7.750]","[90.000,0.000,0.000]","[0.707,0.000,0.000,0.707]",[],[],[],[]
15,BeatEffect(Clone)/SpriteV,"[17.000,0.020,7.779]","[90.000,0.000,0.000]","[0.707,0.000,0.000,0.707]","[17.000,0.020,9.420]","[0.219,0.200,3.281]",[],[]
15,BeatEffect(Clone),"[17.000,0.020,7.750]","[90.000,0.000,0.000]","[0.707,0.000,0.000,0.707]",[],[],[],[]
15,BeatEffect(Clone)/Light,"[17.000,0.020,7.750]","[90.000,0.000,0.000]","[0.707,0.000,0.000,0.707]",[],[],[],[]
15,BeatEffect(Clone)/SpriteV,"[17.000,0.020,7.779]","[90.000,0.000,0.000]","[0.707,0.000,0.000,0.707]","[17.000,0.020,9.420]","[0.219,0.200,3.281]",[],[]
15,BeatEffect(Clone),"[17.000,0.020,7.750]","[90.000,0.000,0.000]","[0.707,0.000,0.000,0.707]",[],[],[],[]
15,BeatEffect(Clone)/Light,"[17.000,0.020,7.750]","[90.000,0.000,0.000]","[0.707,0.000,0.000,0.707]",[],[],[],[]
15,BeatEffect(Clone)/SpriteV,"[17.000,0.020,7.779]","[90.000,0.000,0.000]","[0.707,0.000,0.000,0.707]","[17.000,0.020,9.420]","[0.219,0.200,3.281]",[],[]
15,BeatEffect(Clone),"[17.000,0.020,7.750]","[90.000,0.000,0.000]","[0.707,0.000,0.000,0.707]",[],[],[],[]
15,BeatEffect(Clone)/Light,"[17.000,0.020,7.750]","[90.000,0.000,0.000]","[0.707,0.000,0.000,0.707]",[],[],[],[]
15,BeatEffect(Clone)/SpriteV,"[17.000,0.020,7.779]","[90.000,0.000,0.000]","[0.707,0.000,0.000,0.707]","[17.000,0.020,9.420]","[0.219,0.200,3.281]",[],[]
15,BeatEffect(Clone),"[17.000,0.020,7.750]","[90.000,0.000,0.000]","[0.707,0.000,0.000,0.707]",[],[],[],[]
15,BeatEffect(Clone)/Light,"[17.000,0.020,7.750]","[90.000,0.000,0.000]","[0.707,0.000,0.000,0.707]",[],[],[],[]
15,BeatEffect(Clone)/SpriteV,"[17.000,0.020,7.779]","[90.000,0.000,0.000]","[0.707,0.000,0.000,0.707]","[17.000,0.020,9.420]","[0.219,0.200,3.281]",[],[]
15,BeatEffect(Clone),"[17.000,0.020,7.750]","[90.000,0.000,0.000]","[0.707,0.000,0.000,0.707]",[],[],[],[]
15,BeatEffect(Clone)/Light,"[17.000,0.020,7.750]","[90.000,0.000,0.000]","[0.707,0.000,0.000,0.707]",[],[],[],[]
15,BeatEffect(Clone)/SpriteV,"[17.000,0.020,7.779]","[90.000,0.000,0.000]","[0.707,0.000,0.000,0.707]","[17.000,0.020,9.420]","[0.219,0.200,3.281]",[],[]
15,BeatEffect(Clone),"[17.000,0.020,7.750]","[90.000,0.000,0.000]","[0.707,0.000,0.000,0.707]",[],[],[],[]
15,BeatEffect(Clone)/Light,"[17.000,0.020,7.750]","[90.000,0.000,0.000]","[0.707,0.000,0.000,0.707]",[],[],[],[]
15,BeatEffect(Clone)/SpriteV,"[17.000,0.020,7.779]","[90.000,0.000,0.000]","[0.707,0.000,0.000,0.707]","[17.000,0.020,9.420]","[0.219,0.200,3.281]",[],[]
15,BeatEffect(Clone),"[17.000,0.020,7.750]","[90.000,0.000,0.000]","[0.707,0.000,0.000,0.707]",[],[],[],[]
15,BeatEffect(Clone)/Light,"[17.000,0.020,7.750]","[90.000,0.000,0.000]","[0.707,0.000,0.000,0.707]",[],[],[],[]
15,BeatEffect(Clone)/SpriteV,"[17.000,0.020,7.779]","[90.000,0.000,0.000]","[0.707,0.000,0.000,0.707]","[17.000,0.020,9.420]","[0.219,0.200,3.281]",[],[]
15,BeatEffect(Clone),"[17.000,0.020,7.750]","[90.000,0.000,0.000]","[0.707,0.000,0.000,0.707]",[],[],[],[]
15,BeatEffect(Clone)/Light,"[17.000,0.020,7.750]","[90.000,0.000,0.000]","[0.707,0.000,0.000,0.707]",[],[],[],[]
15,BeatEffect(Clone)/SpriteV,"[17.000,0.020,7.779]","[90.000,0.000,0.000]","[0.707,0.000,0.000,0.707]","[17.000,0.020,9.420]","[0.219,0.200,3.281]",[],[]
15,BeatEffect(Clone),"[17.000,0.020,7.750]","[90.000,0.000,0.000]","[0.707,0.000,0.000,0.707]",[],[],[],[]
15,BeatEffect(Clone)/Light,"[17.000,0.020,7.750]","[90.000,0.000,0.000]","[0.707,0.000,0.000,0.707]",[],[],[],[]
15,BeatEffect(Clone)/SpriteV,"[17.000,0.020,7.779]","[90.000,0.000,0.000]","[0.707,0.000,0.000,0.707]","[17.000,0.020,9.420]","[0.219,0.200,3.281]",[],[]
15,BeatEffect(Clone),"[17.000,0.020,7.750]","[90.000,0.000,0.000]","[0.707,0.000,0.000,0.707]",[],[],[],[]
15,FlyingSpriteEffect(Clone),"[-1.652,1.106,9.985]","[0.000,0.000,0.000]","[0.000,0.000,0.000,1.000]","[-1.652,1.106,9.985]","[1.280,1.280,0.200]",[],[]
15,FlyingSpriteEffect(Clone),"[0.000,0.590,2.327]","[0.000,0.000,0.000]","[0.000,0.000,0.000,1.000]","[0.000,0.590,2.327]","[1.280,1.280,0.200]",[],[]
15,FlyingSpriteEffect(Clone),"[0.000,0.590,2.327]","[0.000,0.000,0.000]","[0.000,0.000,0.000,1.000]","[0.000,0.590,2.327]","[1.280,1.280,0.200]",[],[]
15,FlyingSpriteEffect(Clone),"[0.000,0.590,2.327]","[0.000,0.000,0.000]","[0.000,0.000,0.000,1.000]","[0.000,0.590,2.327]","[1.280,1.280,0.200]",[],[]
15,FlyingSpriteEffect(Clone),"[0.000,0.590,2.327]","[0.000,0.000,0.000]","[0.000,0.000,0.000,1.000]","[0.000,0.590,2.327]","[1.280,1.280,0.200]",[],[]
15,FlyingSpriteEffect(Clone),"[0.000,0.590,2.327]","[0.000,0.000,0.000]","[0.000,0.000,0.000,1.000]","[0.000,0.590,2.327]","[1.280,1.280,0.200]",[],[]
15,FlyingSpriteEffect(Clone),"[0.000,0.590,2.327]","[0.000,0.000,0.000]","[0.000,0.000,0.000,1.000]","[0.000,0.590,2.327]","[1.280,1.280,0.200]",[],[]
15,FlyingSpriteEffect(Clone),"[0.000,0.590,2.327]","[0.000,0.000,0.000]","[0.000,0.000,0.000,1.000]","[0.000,0.590,2.327]","[1.280,1.280,0.200]",[],[]
15,FlyingSpriteEffect(Clone),"[0.000,0.590,2.327]","[0.000,0.000,0.000]","[0.000,0.000,0.000,1.000]","[0.000,0.590,2.327]","[1.280,1.280,0.200]",[],[]
15,FlyingSpriteEffect(Clone),"[0.000,0.590,2.327]","[0.000,0.000,0.000]","[0.000,0.000,0.000,1.000]","[0.000,0.590,2.327]","[1.280,1.280,0.200]",[],[]
15,FlyingSpriteEffect(Clone),"[0.000,0.590,2.327]","[0.000,0.000,0.000]","[0.000,0.000,0.000,1.000]","[0.000,0.590,2.327]","[1.280,1.280,0.200]",[],[]
15,FlyingSpriteEffect(Clone),"[0.000,0.590,2.327]","[0.000,0.000,0.000]","[0.000,0.000,0.000,1.000]","[0.000,0.590,2.327]","[1.280,1.280,0.200]",[],[]
15,FlyingSpriteEffect(Clone),"[0.000,0.590,2.327]","[0.000,0.000,0.000]","[0.000,0.000,0.000,1.000]","[0.000,0.590,2.327]","[1.280,1.280,0.200]",[],[]
15,FlyingSpriteEffect(Clone),"[0.000,0.590,2.327]","[0.000,0.000,0.000]","[0.000,0.000,0.000,1.000]","[0.000,0.590,2.327]","[1.280,1.280,0.200]",[],[]
15,FlyingSpriteEffect(Clone),"[0.000,0.590,2.327]","[0.000,0.000,0.000]","[0.000,0.000,0.000,1.000]","[0.000,0.590,2.327]","[1.280,1.280,0.200]",[],[]
15,FlyingSpriteEffect(Clone),"[0.000,0.590,2.327]","[0.000,0.000,0.000]","[0.000,0.000,0.000,1.000]","[0.000,0.590,2.327]","[1.280,1.280,0.200]",[],[]
15,FlyingSpriteEffect(Clone),"[0.000,0.590,2.327]","[0.000,0.000,0.000]","[0.000,0.000,0.000,1.000]","[0.000,0.590,2.327]","[1.280,1.280,0.200]",[],[]
15,FlyingSpriteEffect(Clone),"[0.000,0.590,2.327]","[0.000,0.000,0.000]","[0.000,0.000,0.000,1.000]","[0.000,0.590,2.327]","[1.280,1.280,0.200]",[],[]
15,FlyingSpriteEffect(Clone),"[0.000,0.590,2.327]","[0.000,0.000,0.000]","[0.000,0.000,0.000,1.000]","[0.000,0.590,2.327]","[1.280,1.280,0.200]",[],[]
15,FlyingSpriteEffect(Clone),"[0.000,0.590,2.327]","[0.000,0.000,0.000]","[0.000,0.000,0.000,1.000]","[0.000,0.590,2.327]","[1.280,1.280,0.200]",[],[]
15,FlyingSpriteEffect(Clone),"[0.000,0.590,2.327]","[0.000,0.000,0.000]","[0.000,0.000,0.000,1.000]","[0.000,0.590,2.327]","[1.280,1.280,0.200]",[],[]
15,FlyingSpriteEffect(Clone),"[0.000,0.590,2.327]","[0.000,0.000,0.000]","[0.000,0.000,0.000,1.000]","[0.000,0.590,2.327]","[1.280,1.280,0.200]",[],[]
15,FlyingSpriteEffect(Clone),"[0.000,0.590,2.327]","[0.000,0.000,0.000]","[0.000,0.000,0.000,1.000]","[0.000,0.590,2.327]","[1.280,1.280,0.200]",[],[]
15,FlyingSpriteEffect(Clone),"[0.000,0.590,2.327]","[0.000,0.000,0.000]","[0.000,0.000,0.000,1.000]","[0.000,0.590,2.327]","[1.280,1.280,0.200]",[],[]
15,FlyingScoreEffect(Clone)/Line,"[0.000,-0.298,6.532]","[0.000,0.000,0.000]","[0.000,0.000,0.000,1.000]","[0.000,-0.298,6.532]","[0.320,0.040,0.200]",[],[]
15,FlyingScoreEffect(Clone)/Text,"[-0.010,-0.148,6.532]","[0.000,0.000,0.000]","[0.000,0.000,0.000,1.000]","[-0.010,-0.148,6.532]","[0.000,0.000,0.000]",[],[]
15,FlyingScoreEffect(Clone),"[0.000,-0.148,6.532]","[0.000,0.000,0.000]","[0.000,0.000,0.000,1.000]",[],[],[],[]
15,FlyingScoreEffect(Clone)/Line,"[0.000,-0.298,6.532]","[0.000,0.000,0.000]","[0.000,0.000,0.000,1.000]","[0.000,-0.298,6.532]","[0.320,0.040,0.200]",[],[]
15,FlyingScoreEffect(Clone)/Text,"[-0.010,-0.148,6.532]","[0.000,0.000,0.000]","[0.000,0.000,0.000,1.000]","[-0.010,-0.148,6.532]","[0.000,0.000,0.000]",[],[]
15,FlyingScoreEffect(Clone),"[0.000,-0.148,6.532]","[0.000,0.000,0.000]","[0.000,0.000,0.000,1.000]",[],[],[],[]
15,FlyingScoreEffect(Clone)/Line,"[0.000,-0.298,6.532]","[0.000,0.000,0.000]","[0.000,0.000,0.000,1.000]","[0.000,-0.298,6.532]","[0.320,0.040,0.200]",[],[]
15,FlyingScoreEffect(Clone)/Text,"[-0.010,-0.148,6.532]","[0.000,0.000,0.000]","[0.000,0.000,0.000,1.000]","[-0.010,-0.148,6.532]","[0.000,0.000,0.000]",[],[]
15,FlyingScoreEffect(Clone),"[0.000,-0.148,6.532]","[0.000,0.000,0.000]","[0.000,0.000,0.000,1.000]",[],[],[],[]
15,FlyingScoreEffect(Clone)/Line,"[0.000,-0.298,6.532]","[0.000,0.000,0.000]","[0.000,0.000,0.000,1.000]","[0.000,-0.298,6.532]","[0.320,0.040,0.200]",[],[]
15,FlyingScoreEffect(Clone)/Text,"[-0.010,-0.148,6.532]","[0.000,0.000,0.000]","[0.000,0.000,0.000,1.000]","[-0.010,-0.148,6.532]","[0.000,0.000,0.000]",[],[]
15,FlyingScoreEffect(Clone),"[0.000,-0.148,6.532]","[0.000,0.000,0.000]","[0.000,0.000,0.000,1.000]",[],[],[],[]
15,FlyingScoreEffect(Clone)/Line,"[0.000,-0.298,6.532]","[0.000,0.000,0.000]","[0.000,0.000,0.000,1.000]","[0.000,-0.298,6.532]","[0.320,0.040,0.200]",[],[]
15,FlyingScoreEffect(Clone)/Text,"[-0.010,-0.148,6.532]","[0.000,0.000,0.000]","[0.000,0.000,0.000,1.000]","[-0.010,-0.148,6.532]","[0.000,0.000,0.000]",[],[]
15,FlyingScoreEffect(Clone),"[0.000,-0.148,6.532]","[0.000,0.000,0.000]","[0.000,0.000,0.000,1.000]",[],[],[],[]
15,FlyingScoreEffect(Clone)/Line,"[0.000,-0.298,6.532]","[0.000,0.000,0.000]","[0.000,0.000,0.000,1.000]","[0.000,-0.298,6.532]","[0.320,0.040,0.200]",[],[]
15,FlyingScoreEffect(Clone)/Text,"[-0.010,-0.148,6.532]","[0.000,0.000,0.000]","[0.000,0.000,0.000,1.000]","[-0.010,-0.148,6.532]","[0.000,0.000,0.000]",[],[]
15,FlyingScoreEffect(Clone),"[0.000,-0.148,6.532]","[0.000,0.000,0.000]","[0.000,0.000,0.000,1.000]",[],[],[],[]
15,FlyingScoreEffect(Clone)/Line,"[0.000,-0.298,6.532]","[0.000,0.000,0.000]","[0.000,0.000,0.000,1.000]","[0.000,-0.298,6.532]","[0.320,0.040,0.200]",[],[]
15,FlyingScoreEffect(Clone)/Text,"[-0.010,-0.148,6.532]","[0.000,0.000,0.000]","[0.000,0.000,0.000,1.000]","[-0.010,-0.148,6.532]","[0.000,0.000,0.000]",[],[]
15,FlyingScoreEffect(Clone),"[0.000,-0.148,6.532]","[0.000,0.000,0.000]","[0.000,0.000,0.000,1.000]",[],[],[],[]
15,FlyingScoreEffect(Clone)/Line,"[0.000,-0.298,6.532]","[0.000,0.000,0.000]","[0.000,0.000,0.000,1.000]","[0.000,-0.298,6.532]","[0.320,0.040,0.200]",[],[]
15,FlyingScoreEffect(Clone)/Text,"[-0.010,-0.148,6.532]","[0.000,0.000,0.000]","[0.000,0.000,0.000,1.000]","[-0.010,-0.148,6.532]","[0.000,0.000,0.000]",[],[]
15,FlyingScoreEffect(Clone),"[0.000,-0.148,6.532]","[0.000,0.000,0.000]","[0.000,0.000,0.000,1.000]",[],[],[],[]
15,FlyingScoreEffect(Clone)/Line,"[0.000,-0.298,6.532]","[0.000,0.000,0.000]","[0.000,0.000,0.000,1.000]","[0.000,-0.298,6.532]","[0.320,0.040,0.200]",[],[]
15,FlyingScoreEffect(Clone)/Text,"[-0.010,-0.148,6.532]","[0.000,0.000,0.000]","[0.000,0.000,0.000,1.000]","[-0.010,-0.148,6.532]","[0.000,0.000,0.000]",[],[]
15,FlyingScoreEffect(Clone),"[0.000,-0.148,6.532]","[0.000,0.000,0.000]","[0.000,0.000,0.000,1.000]",[],[],[],[]
15,FlyingScoreEffect(Clone)/Line,"[0.000,-0.298,6.532]","[0.000,0.000,0.000]","[0.000,0.000,0.000,1.000]","[0.000,-0.298,6.532]","[0.320,0.040,0.200]",[],[]
15,FlyingScoreEffect(Clone)/Text,"[-0.010,-0.148,6.532]","[0.000,0.000,0.000]","[0.000,0.000,0.000,1.000]","[-0.010,-0.148,6.532]","[0.000,0.000,0.000]",[],[]
15,FlyingScoreEffect(Clone),"[0.000,-0.148,6.532]","[0.000,0.000,0.000]","[0.000,0.000,0.000,1.000]",[],[],[],[]
15,FlyingScoreEffect(Clone)/Line,"[0.000,-0.298,6.532]","[0.000,0.000,0.000]","[0.000,0.000,0.000,1.000]","[0.000,-0.298,6.532]","[0.320,0.040,0.200]",[],[]
15,FlyingScoreEffect(Clone)/Text,"[-0.010,-0.148,6.532]","[0.000,0.000,0.000]","[0.000,0.000,0.000,1.000]","[-0.010,-0.148,6.532]","[0.000,0.000,0.000]",[],[]
15,FlyingScoreEffect(Clone),"[0.000,-0.148,6.532]","[0.000,0.000,0.000]","[0.000,0.000,0.000,1.000]",[],[],[],[]
15,FlyingScoreEffect(Clone)/Line,"[0.000,-0.298,6.532]","[0.000,0.000,0.000]","[0.000,0.000,0.000,1.000]","[0.000,-0.298,6.532]","[0.320,0.040,0.200]",[],[]
15,FlyingScoreEffect(Clone)/Text,"[-0.010,-0.148,6.532]","[0.000,0.000,0.000]","[0.000,0.000,0.000,1.000]","[-0.010,-0.148,6.532]","[0.000,0.000,0.000]",[],[]
15,FlyingScoreEffect(Clone),"[0.000,-0.148,6.532]","[0.000,0.000,0.000]","[0.000,0.000,0.000,1.000]",[],[],[],[]
15,FlyingScoreEffect(Clone)/Line,"[0.000,-0.298,6.532]","[0.000,0.000,0.000]","[0.000,0.000,0.000,1.000]","[0.000,-0.298,6.532]","[0.320,0.040,0.200]",[],[]
15,FlyingScoreEffect(Clone)/Text,"[-0.010,-0.148,6.532]","[0.000,0.000,0.000]","[0.000,0.000,0.000,1.000]","[-0.010,-0.148,6.532]","[0.000,0.000,0.000]",[],[]
15,FlyingScoreEffect(Clone),"[0.000,-0.148,6.532]","[0.000,0.000,0.000]","[0.000,0.000,0.000,1.000]",[],[],[],[]
15,FlyingScoreEffect(Clone)/Line,"[0.000,-0.298,6.532]","[0.000,0.000,0.000]","[0.000,0.000,0.000,1.000]","[0.000,-0.298,6.532]","[0.320,0.040,0.200]",[],[]
15,FlyingScoreEffect(Clone)/Text,"[-0.010,-0.148,6.532]","[0.000,0.000,0.000]","[0.000,0.000,0.000,1.000]","[-0.010,-0.148,6.532]","[0.000,0.000,0.000]",[],[]
15,FlyingScoreEffect(Clone),"[0.000,-0.148,6.532]","[0.000,0.000,0.000]","[0.000,0.000,0.000,1.000]",[],[],[],[]
15,FlyingScoreEffect(Clone)/Line,"[0.000,-0.298,6.532]","[0.000,0.000,0.000]","[0.000,0.000,0.000,1.000]","[0.000,-0.298,6.532]","[0.320,0.040,0.200]",[],[]
15,FlyingScoreEffect(Clone)/Text,"[-0.010,-0.148,6.532]","[0.000,0.000,0.000]","[0.000,0.000,0.000,1.000]","[-0.010,-0.148,6.532]","[0.000,0.000,0.000]",[],[]
15,FlyingScoreEffect(Clone),"[0.000,-0.148,6.532]","[0.000,0.000,0.000]","[0.000,0.000,0.000,1.000]",[],[],[],[]
15,FlyingScoreEffect(Clone)/Line,"[0.000,-0.298,6.532]","[0.000,0.000,0.000]","[0.000,0.000,0.000,1.000]","[0.000,-0.298,6.532]","[0.320,0.040,0.200]",[],[]
15,FlyingScoreEffect(Clone)/Text,"[-0.010,-0.148,6.532]","[0.000,0.000,0.000]","[0.000,0.000,0.000,1.000]","[-0.010,-0.148,6.532]","[0.000,0.000,0.000]",[],[]
15,FlyingScoreEffect(Clone),"[0.000,-0.148,6.532]","[0.000,0.000,0.000]","[0.000,0.000,0.000,1.000]",[],[],[],[]
15,FlyingScoreEffect(Clone)/Line,"[0.000,-0.298,6.532]","[0.000,0.000,0.000]","[0.000,0.000,0.000,1.000]","[0.000,-0.298,6.532]","[0.320,0.040,0.200]",[],[]
15,FlyingScoreEffect(Clone)/Text,"[-0.010,-0.148,6.532]","[0.000,0.000,0.000]","[0.000,0.000,0.000,1.000]","[-0.010,-0.148,6.532]","[0.000,0.000,0.000]",[],[]
15,FlyingScoreEffect(Clone),"[0.000,-0.148,6.532]","[0.000,0.000,0.000]","[0.000,0.000,0.000,1.000]",[],[],[],[]
15,FlyingScoreEffect(Clone)/Line,"[0.000,-0.298,6.532]","[0.000,0.000,0.000]","[0.000,0.000,0.000,1.000]","[0.000,-0.298,6.532]","[0.320,0.040,0.200]",[],[]
15,FlyingScoreEffect(Clone)/Text,"[-0.010,-0.148,6.532]","[0.000,0.000,0.000]","[0.000,0.000,0.000,1.000]","[-0.010,-0.148,6.532]","[0.000,0.000,0.000]",[],[]
15,FlyingScoreEffect(Clone),"[0.000,-0.148,6.532]","[0.000,0.000,0.000]","[0.000,0.000,0.000,1.000]",[],[],[],[]
15,FlyingScoreEffect(Clone)/Line,"[0.000,-0.298,6.532]","[0.000,0.000,0.000]","[0.000,0.000,0.000,1.000]","[0.000,-0.298,6.532]","[0.320,0.040,0.200]",[],[]
15,FlyingScoreEffect(Clone)/Text,"[-0.010,-0.148,6.532]","[0.000,0.000,0.000]","[0.000,0.000,0.000,1.000]","[-0.010,-0.148,6.532]","[0.000,0.000,0.000]",[],[]
15,FlyingScoreEffect(Clone),"[0.000,-0.148,6.532]","[0.000,0.000,0.000]","[0.000,0.000,0.000,1.000]",[],[],[],[]
15,FlyingScoreEffect(Clone)/Line,"[0.000,-0.298,6.532]","[0.000,0.000,0.000]","[0.000,0.000,0.000,1.000]","[0.000,-0.298,6.532]","[0.320,0.040,0.200]",[],[]
15,FlyingScoreEffect(Clone)/Text,"[-0.010,-0.148,6.532]","[0.000,0.000,0.000]","[0.000,0.000,0.000,1.000]","[-0.010,-0.148,6.532]","[0.000,0.000,0.000]",[],[]
15,FlyingScoreEffect(Clone),"[0.000,-0.148,6.532]","[0.000,0.000,0.000]","[0.000,0.000,0.000,1.000]",[],[],[],[]
15,FlyingScoreEffect(Clone)/Line,"[0.000,-0.298,6.532]","[0.000,0.000,0.000]","[0.000,0.000,0.000,1.000]","[0.000,-0.298,6.532]","[0.320,0.040,0.200]",[],[]
15,FlyingScoreEffect(Clone)/Text,"[-0.010,-0.148,6.532]","[0.000,0.000,0.000]","[0.000,0.000,0.000,1.000]","[-0.010,-0.148,6.532]","[0.000,0.000,0.000]",[],[]
15,FlyingScoreEffect(Clone),"[0.000,-0.148,6.532]","[0.000,0.000,0.000]","[0.000,0.000,0.000,1.000]",[],[],[],[]
15,FlyingScoreEffect(Clone)/Line,"[0.000,-0.298,6.532]","[0.000,0.000,0.000]","[0.000,0.000,0.000,1.000]","[0.000,-0.298,6.532]","[0.320,0.040,0.200]",[],[]
15,FlyingScoreEffect(Clone)/Text,"[-0.010,-0.148,6.532]","[0.000,0.000,0.000]","[0.000,0.000,0.000,1.000]","[-0.010,-0.148,6.532]","[0.000,0.000,0.000]",[],[]
15,FlyingScoreEffect(Clone),"[0.000,-0.148,6.532]","[0.000,0.000,0.000]","[0.000,0.000,0.000,1.000]",[],[],[],[]
15,FlyingScoreEffect(Clone)/Line,"[0.000,-0.298,6.532]","[0.000,0.000,0.000]","[0.000,0.000,0.000,1.000]","[0.000,-0.298,6.532]","[0.320,0.040,0.200]",[],[]
15,FlyingScoreEffect(Clone)/Text,"[-0.010,-0.148,6.532]","[0.000,0.000,0.000]","[0.000,0.000,0.000,1.000]","[-0.010,-0.148,6.532]","[0.000,0.000,0.000]",[],[]
15,FlyingScoreEffect(Clone),"[0.000,-0.148,6.532]","[0.000,0.000,0.000]","[0.000,0.000,0.000,1.000]",[],[],[],[]
15,FlyingScoreEffect(Clone)/Line,"[0.000,-0.298,6.532]","[0.000,0.000,0.000]","[0.000,0.000,0.000,1.000]","[0.000,-0.298,6.532]","[0.320,0.040,0.200]",[],[]
15,FlyingScoreEffect(Clone)/Text,"[-0.010,-0.148,6.532]","[0.000,0.000,0.000]","[0.000,0.000,0.000,1.000]","[-0.010,-0.148,6.532]","[0.000,0.000,0.000]",[],[]
15,FlyingScoreEffect(Clone),"[0.000,-0.148,6.532]","[0.000,0.000,0.000]","[0.000,0.000,0.000,1.000]",[],[],[],[]
15,FlyingTextEffect(Clone)/Text,"[0.000,0.722,0.000]","[0.000,0.000,0.000]","[0.000,0.000,0.000,1.000]","[0.000,0.722,0.000]","[0.000,0.000,0.000]",[],[]
15,FlyingTextEffect(Clone),"[0.000,0.722,0.000]","[0.000,0.000,0.000]","[0.000,0.000,0.000,1.000]",[],[],[],[]
15,FlyingTextEffect(Clone)/Text,"[0.000,0.722,0.000]","[0.000,0.000,0.000]","[0.000,0.000,0.000,1.000]","[0.000,0.722,0.000]","[0.000,0.000,0.000]",[],[]
15,FlyingTextEffect(Clone),"[0.000,0.722,0.000]","[0.000,0.000,0.000]","[0.000,0.000,0.000,1.000]",[],[],[],[]
15,FlyingTextEffect(Clone)/Text,"[0.000,0.722,0.000]","[0.000,0.000,0.000]","[0.000,0.000,0.000,1.000]","[0.000,0.722,0.000]","[0.000,0.000,0.000]",[],[]
15,FlyingTextEffect(Clone),"[0.000,0.722,0.000]","[0.000,0.000,0.000]","[0.000,0.000,0.000,1.000]",[],[],[],[]
15,FlyingTextEffect(Clone)/Text,"[0.000,0.722,0.000]","[0.000,0.000,0.000]","[0.000,0.000,0.000,1.000]","[0.000,0.722,0.000]","[0.000,0.000,0.000]",[],[]
15,FlyingTextEffect(Clone),"[0.000,0.722,0.000]","[0.000,0.000,0.000]","[0.000,0.000,0.000,1.000]",[],[],[],[]
15,FlyingTextEffect(Clone)/Text,"[0.000,0.722,0.000]","[0.000,0.000,0.000]","[0.000,0.000,0.000,1.000]","[0.000,0.722,0.000]","[0.000,0.000,0.000]",[],[]
15,FlyingTextEffect(Clone),"[0.000,0.722,0.000]","[0.000,0.000,0.000]","[0.000,0.000,0.000,1.000]",[],[],[],[]
15,FlyingTextEffect(Clone)/Text,"[0.000,0.722,0.000]","[0.000,0.000,0.000]","[0.000,0.000,0.000,1.000]","[0.000,0.722,0.000]","[0.000,0.000,0.000]",[],[]
15,FlyingTextEffect(Clone),"[0.000,0.722,0.000]","[0.000,0.000,0.000]","[0.000,0.000,0.000,1.000]",[],[],[],[]
15,FlyingTextEffect(Clone)/Text,"[0.000,0.722,0.000]","[0.000,0.000,0.000]","[0.000,0.000,0.000,1.000]","[0.000,0.722,0.000]","[0.000,0.000,0.000]",[],[]
15,FlyingTextEffect(Clone),"[0.000,0.722,0.000]","[0.000,0.000,0.000]","[0.000,0.000,0.000,1.000]",[],[],[],[]
15,FlyingTextEffect(Clone)/Text,"[0.000,0.722,0.000]","[0.000,0.000,0.000]","[0.000,0.000,0.000,1.000]","[0.000,0.722,0.000]","[0.000,0.000,0.000]",[],[]
15,FlyingTextEffect(Clone),"[0.000,0.722,0.000]","[0.000,0.000,0.000]","[0.000,0.000,0.000,1.000]",[],[],[],[]
15,FlyingTextEffect(Clone)/Text,"[0.000,0.722,0.000]","[0.000,0.000,0.000]","[0.000,0.000,0.000,1.000]","[0.000,0.722,0.000]","[0.000,0.000,0.000]",[],[]
15,FlyingTextEffect(Clone),"[0.000,0.722,0.000]","[0.000,0.000,0.000]","[0.000,0.000,0.000,1.000]",[],[],[],[]
15,FlyingTextEffect(Clone)/Text,"[0.000,0.722,0.000]","[0.000,0.000,0.000]","[0.000,0.000,0.000,1.000]","[0.000,0.722,0.000]","[0.000,0.000,0.000]",[],[]
15,FlyingTextEffect(Clone),"[0.000,0.722,0.000]","[0.000,0.000,0.000]","[0.000,0.000,0.000,1.000]",[],[],[],[]
15,FlyingTextEffect(Clone)/Text,"[0.000,0.722,0.000]","[0.000,0.000,0.000]","[0.000,0.000,0.000,1.000]","[0.000,0.722,0.000]","[0.000,0.000,0.000]",[],[]
15,FlyingTextEffect(Clone),"[0.000,0.722,0.000]","[0.000,0.000,0.000]","[0.000,0.000,0.000,1.000]",[],[],[],[]
15,FlyingTextEffect(Clone)/Text,"[0.000,0.722,0.000]","[0.000,0.000,0.000]","[0.000,0.000,0.000,1.000]","[0.000,0.722,0.000]","[0.000,0.000,0.000]",[],[]
15,FlyingTextEffect(Clone),"[0.000,0.722,0.000]","[0.000,0.000,0.000]","[0.000,0.000,0.000,1.000]",[],[],[],[]
15,FlyingTextEffect(Clone)/Text,"[0.000,0.722,0.000]","[0.000,0.000,0.000]","[0.000,0.000,0.000,1.000]","[0.000,0.722,0.000]","[0.000,0.000,0.000]",[],[]
15,FlyingTextEffect(Clone),"[0.000,0.722,0.000]","[0.000,0.000,0.000]","[0.000,0.000,0.000,1.000]",[],[],[],[]
15,FlyingTextEffect(Clone)/Text,"[0.000,0.722,0.000]","[0.000,0.000,0.000]","[0.000,0.000,0.000,1.000]","[0.000,0.722,0.000]","[0.000,0.000,0.000]",[],[]
15,FlyingTextEffect(Clone),"[0.000,0.722,0.000]","[0.000,0.000,0.000]","[0.000,0.000,0.000,1.000]",[],[],[],[]
15,FlyingTextEffect(Clone)/Text,"[0.000,0.722,0.000]","[0.000,0.000,0.000]","[0.000,0.000,0.000,1.000]","[0.000,0.722,0.000]","[0.000,0.000,0.000]",[],[]
15,FlyingTextEffect(Clone),"[0.000,0.722,0.000]","[0.000,0.000,0.000]","[0.000,0.000,0.000,1.000]",[],[],[],[]
15,FlyingTextEffect(Clone)/Text,"[0.000,0.722,0.000]","[0.000,0.000,0.000]","[0.000,0.000,0.000,1.000]","[0.000,0.722,0.000]","[0.000,0.000,0.000]",[],[]
15,FlyingTextEffect(Clone),"[0.000,0.722,0.000]","[0.000,0.000,0.000]","[0.000,0.000,0.000,1.000]",[],[],[],[]
15,FlyingTextEffect(Clone)/Text,"[0.000,0.722,0.000]","[0.000,0.000,0.000]","[0.000,0.000,0.000,1.000]","[0.000,0.722,0.000]","[0.000,0.000,0.000]",[],[]
15,FlyingTextEffect(Clone),"[0.000,0.722,0.000]","[0.000,0.000,0.000]","[0.000,0.000,0.000,1.000]",[],[],[],[]
15,FlyingTextEffect(Clone)/Text,"[0.000,0.722,0.000]","[0.000,0.000,0.000]","[0.000,0.000,0.000,1.000]","[0.000,0.722,0.000]","[0.000,0.000,0.000]",[],[]
15,FlyingTextEffect(Clone),"[0.000,0.722,0.000]","[0.000,0.000,0.000]","[0.000,0.000,0.000,1.000]",[],[],[],[]
15,FlyingTextEffect(Clone)/Text,"[0.000,0.722,0.000]","[0.000,0.000,0.000]","[0.000,0.000,0.000,1.000]","[0.000,0.722,0.000]","[0.000,0.000,0.000]",[],[]
15,FlyingTextEffect(Clone),"[0.000,0.722,0.000]","[0.000,0.000,0.000]","[0.000,0.000,0.000,1.000]",[],[],[],[]
15,FlyingTextEffect(Clone)/Text,"[0.000,0.722,0.000]","[0.000,0.000,0.000]","[0.000,0.000,0.000,1.000]","[0.000,0.722,0.000]","[0.000,0.000,0.000]",[],[]
15,FlyingTextEffect(Clone),"[0.000,0.722,0.000]","[0.000,0.000,0.000]","[0.000,0.000,0.000,1.000]",[],[],[],[]
15,FlyingTextEffect(Clone)/Text,"[0.000,0.722,0.000]","[0.000,0.000,0.000]","[0.000,0.000,0.000,1.000]","[0.000,0.722,0.000]","[0.000,0.000,0.000]",[],[]
15,FlyingTextEffect(Clone),"[0.000,0.722,0.000]","[0.000,0.000,0.000]","[0.000,0.000,0.000,1.000]",[],[],[],[]
15,FlyingTextEffect(Clone)/Text,"[0.000,0.722,0.000]","[0.000,0.000,0.000]","[0.000,0.000,0.000,1.000]","[0.000,0.722,0.000]","[0.000,0.000,0.000]",[],[]
15,FlyingTextEffect(Clone),"[0.000,0.722,0.000]","[0.000,0.000,0.000]","[0.000,0.000,0.000,1.000]",[],[],[],[]
15,FlyingTextEffect(Clone)/Text,"[0.000,0.722,0.000]","[0.000,0.000,0.000]","[0.000,0.000,0.000,1.000]","[0.000,0.722,0.000]","[0.000,0.000,0.000]",[],[]
15,FlyingTextEffect(Clone),"[0.000,0.722,0.000]","[0.000,0.000,0.000]","[0.000,0.000,0.000,1.000]",[],[],[],[]
15,FlyingTextEffect(Clone)/Text,"[0.000,0.722,0.000]","[0.000,0.000,0.000]","[0.000,0.000,0.000,1.000]","[0.000,0.722,0.000]","[0.000,0.000,0.000]",[],[]
15,FlyingTextEffect(Clone),"[0.000,0.722,0.000]","[0.000,0.000,0.000]","[0.000,0.000,0.000,1.000]",[],[],[],[]
15,BeatLine(Clone)/Light/BoxLight,"[0.000,0.000,0.000]","[0.000,0.000,0.000]","[0.000,0.000,0.000,1.000]","[0.000,0.000,0.000]","[0.020,500.000,0.020]",[],[]
15,BeatLine(Clone)/Light/BakedBloom,"[0.000,0.000,0.000]","[0.000,0.000,0.000]","[0.000,0.000,0.000,1.000]","[0.000,0.000,0.000]","[0.000,0.000,0.000]",[],[]
15,BeatLine(Clone)/Light,"[0.000,0.000,0.000]","[0.000,0.000,0.000]","[0.000,0.000,0.000,1.000]",[],[],[],[]
15,BeatLine(Clone),"[0.000,0.000,0.000]","[0.000,0.000,0.000]","[0.000,0.000,0.000,1.000]",[],[],[],[]
15,BeatLine(Clone)/Light/BoxLight,"[0.000,0.000,0.000]","[0.000,0.000,0.000]","[0.000,0.000,0.000,1.000]","[0.000,0.000,0.000]","[0.020,500.000,0.020]",[],[]
15,BeatLine(Clone)/Light/BakedBloom,"[0.000,0.000,0.000]","[0.000,0.000,0.000]","[0.000,0.000,0.000,1.000]","[0.000,0.000,0.000]","[0.000,0.000,0.000]",[],[]
15,BeatLine(Clone)/Light,"[0.000,0.000,0.000]","[0.000,0.000,0.000]","[0.000,0.000,0.000,1.000]",[],[],[],[]
15,BeatLine(Clone),"[0.000,0.000,0.000]","[0.000,0.000,0.000]","[0.000,0.000,0.000,1.000]",[],[],[],[]
15,BeatLine(Clone)/Light/BoxLight,"[0.000,0.000,0.000]","[0.000,0.000,0.000]","[0.000,0.000,0.000,1.000]","[0.000,0.000,0.000]","[0.020,500.000,0.020]",[],[]
15,BeatLine(Clone)/Light/BakedBloom,"[0.000,0.000,0.000]","[0.000,0.000,0.000]","[0.000,0.000,0.000,1.000]","[0.000,0.000,0.000]","[0.000,0.000,0.000]",[],[]
15,BeatLine(Clone)/Light,"[0.000,0.000,0.000]","[0.000,0.000,0.000]","[0.000,0.000,0.000,1.000]",[],[],[],[]
15,BeatLine(Clone),"[0.000,0.000,0.000]","[0.000,0.000,0.000]","[0.000,0.000,0.000,1.000]",[],[],[],[]
15,BeatLine(Clone)/Light/BoxLight,"[0.000,0.000,0.000]","[0.000,0.000,0.000]","[0.000,0.000,0.000,1.000]","[0.000,0.000,0.000]","[0.020,500.000,0.020]",[],[]
15,BeatLine(Clone)/Light/BakedBloom,"[0.000,0.000,0.000]","[0.000,0.000,0.000]","[0.000,0.000,0.000,1.000]","[0.000,0.000,0.000]","[0.000,0.000,0.000]",[],[]
15,BeatLine(Clone)/Light,"[0.000,0.000,0.000]","[0.000,0.000,0.000]","[0.000,0.000,0.000,1.000]",[],[],[],[]
15,BeatLine(Clone),"[0.000,0.000,0.000]","[0.000,0.000,0.000]","[0.000,0.000,0.000,1.000]",[],[],[],[]
15,BeatLine(Clone)/Light/BoxLight,"[0.000,0.000,0.000]","[0.000,0.000,0.000]","[0.000,0.000,0.000,1.000]","[0.000,0.000,0.000]","[0.020,500.000,0.020]",[],[]
15,BeatLine(Clone)/Light/BakedBloom,"[0.000,0.000,0.000]","[0.000,0.000,0.000]","[0.000,0.000,0.000,1.000]","[0.000,0.000,0.000]","[0.000,0.000,0.000]",[],[]
15,BeatLine(Clone)/Light,"[0.000,0.000,0.000]","[0.000,0.000,0.000]","[0.000,0.000,0.000,1.000]",[],[],[],[]
15,BeatLine(Clone),"[0.000,0.000,0.000]","[0.000,0.000,0.000]","[0.000,0.000,0.000,1.000]",[],[],[],[]
15,BeatLine(Clone)/Light/BoxLight,"[0.000,0.000,0.000]","[0.000,0.000,0.000]","[0.000,0.000,0.000,1.000]","[0.000,0.000,0.000]","[0.020,500.000,0.020]",[],[]
15,BeatLine(Clone)/Light/BakedBloom,"[0.000,0.000,0.000]","[0.000,0.000,0.000]","[0.000,0.000,0.000,1.000]","[0.000,0.000,0.000]","[0.000,0.000,0.000]",[],[]
15,BeatLine(Clone)/Light,"[0.000,0.000,0.000]","[0.000,0.000,0.000]","[0.000,0.000,0.000,1.000]",[],[],[],[]
15,BeatLine(Clone),"[0.000,0.000,0.000]","[0.000,0.000,0.000]","[0.000,0.000,0.000,1.000]",[],[],[],[]
15,BeatLine(Clone)/Light/BoxLight,"[0.000,0.000,0.000]","[0.000,0.000,0.000]","[0.000,0.000,0.000,1.000]","[0.000,0.000,0.000]","[0.020,500.000,0.020]",[],[]
15,BeatLine(Clone)/Light/BakedBloom,"[0.000,0.000,0.000]","[0.000,0.000,0.000]","[0.000,0.000,0.000,1.000]","[0.000,0.000,0.000]","[0.000,0.000,0.000]",[],[]
15,BeatLine(Clone)/Light,"[0.000,0.000,0.000]","[0.000,0.000,0.000]","[0.000,0.000,0.000,1.000]",[],[],[],[]
15,BeatLine(Clone),"[0.000,0.000,0.000]","[0.000,0.000,0.000]","[0.000,0.000,0.000,1.000]",[],[],[],[]
15,BeatLine(Clone)/Light/BoxLight,"[0.000,0.000,0.000]","[0.000,0.000,0.000]","[0.000,0.000,0.000,1.000]","[0.000,0.000,0.000]","[0.020,500.000,0.020]",[],[]
15,BeatLine(Clone)/Light/BakedBloom,"[0.000,0.000,0.000]","[0.000,0.000,0.000]","[0.000,0.000,0.000,1.000]","[0.000,0.000,0.000]","[0.000,0.000,0.000]",[],[]
15,BeatLine(Clone)/Light,"[0.000,0.000,0.000]","[0.000,0.000,0.000]","[0.000,0.000,0.000,1.000]",[],[],[],[]
15,BeatLine(Clone),"[0.000,0.000,0.000]","[0.000,0.000,0.000]","[0.000,0.000,0.000,1.000]",[],[],[],[]
15,BeatLine(Clone)/Light/BoxLight,"[0.000,0.000,0.000]","[0.000,0.000,0.000]","[0.000,0.000,0.000,1.000]","[0.000,0.000,0.000]","[0.020,500.000,0.020]",[],[]
15,BeatLine(Clone)/Light/BakedBloom,"[0.000,0.000,0.000]","[0.000,0.000,0.000]","[0.000,0.000,0.000,1.000]","[0.000,0.000,0.000]","[0.000,0.000,0.000]",[],[]
15,BeatLine(Clone)/Light,"[0.000,0.000,0.000]","[0.000,0.000,0.000]","[0.000,0.000,0.000,1.000]",[],[],[],[]
15,BeatLine(Clone),"[0.000,0.000,0.000]","[0.000,0.000,0.000]","[0.000,0.000,0.000,1.000]",[],[],[],[]
15,BeatLine(Clone)/Light/BoxLight,"[0.000,0.000,0.000]","[0.000,0.000,0.000]","[0.000,0.000,0.000,1.000]","[0.000,0.000,0.000]","[0.020,500.000,0.020]",[],[]
15,BeatLine(Clone)/Light/BakedBloom,"[0.000,0.000,0.000]","[0.000,0.000,0.000]","[0.000,0.000,0.000,1.000]","[0.000,0.000,0.000]","[0.000,0.000,0.000]",[],[]
15,BeatLine(Clone)/Light,"[0.000,0.000,0.000]","[0.000,0.000,0.000]","[0.000,0.000,0.000,1.000]",[],[],[],[]
15,BeatLine(Clone),"[0.000,0.000,0.000]","[0.000,0.000,0.000]","[0.000,0.000,0.000,1.000]",[],[],[],[]
15,BeatLine(Clone)/Light/BoxLight,"[0.000,0.000,0.000]","[0.000,0.000,0.000]","[0.000,0.000,0.000,1.000]","[0.000,0.000,0.000]","[0.020,500.000,0.020]",[],[]
15,BeatLine(Clone)/Light/BakedBloom,"[0.000,0.000,0.000]","[0.000,0.000,0.000]","[0.000,0.000,0.000,1.000]","[0.000,0.000,0.000]","[0.000,0.000,0.000]",[],[]
15,BeatLine(Clone)/Light,"[0.000,0.000,0.000]","[0.000,0.000,0.000]","[0.000,0.000,0.000,1.000]",[],[],[],[]
15,BeatLine(Clone),"[0.000,0.000,0.000]","[0.000,0.000,0.000]","[0.000,0.000,0.000,1.000]",[],[],[],[]
15,BeatLine(Clone)/Light/BoxLight,"[0.000,0.000,0.000]","[0.000,0.000,0.000]","[0.000,0.000,0.000,1.000]","[0.000,0.000,0.000]","[0.020,500.000,0.020]",[],[]
15,BeatLine(Clone)/Light/BakedBloom,"[0.000,0.000,0.000]","[0.000,0.000,0.000]","[0.000,0.000,0.000,1.000]","[0.000,0.000,0.000]","[0.000,0.000,0.000]",[],[]
15,BeatLine(Clone)/Light,"[0.000,0.000,0.000]","[0.000,0.000,0.000]","[0.000,0.000,0.000,1.000]",[],[],[],[]
15,BeatLine(Clone),"[0.000,0.000,0.000]","[0.000,0.000,0.000]","[0.000,0.000,0.000,1.000]",[],[],[],[]
15,BeatLine(Clone)/Light/BoxLight,"[0.000,0.000,0.000]","[0.000,0.000,0.000]","[0.000,0.000,0.000,1.000]","[0.000,0.000,0.000]","[0.020,500.000,0.020]",[],[]
15,BeatLine(Clone)/Light/BakedBloom,"[0.000,0.000,0.000]","[0.000,0.000,0.000]","[0.000,0.000,0.000,1.000]","[0.000,0.000,0.000]","[0.000,0.000,0.000]",[],[]
15,BeatLine(Clone)/Light,"[0.000,0.000,0.000]","[0.000,0.000,0.000]","[0.000,0.000,0.000,1.000]",[],[],[],[]
15,BeatLine(Clone),"[0.000,0.000,0.000]","[0.000,0.000,0.000]","[0.000,0.000,0.000,1.000]",[],[],[],[]
15,BeatLine(Clone)/Light/BoxLight,"[0.000,0.000,0.000]","[0.000,0.000,0.000]","[0.000,0.000,0.000,1.000]","[0.000,0.000,0.000]","[0.020,500.000,0.020]",[],[]
15,BeatLine(Clone)/Light/BakedBloom,"[0.000,0.000,0.000]","[0.000,0.000,0.000]","[0.000,0.000,0.000,1.000]","[0.000,0.000,0.000]","[0.000,0.000,0.000]",[],[]
15,BeatLine(Clone)/Light,"[0.000,0.000,0.000]","[0.000,0.000,0.000]","[0.000,0.000,0.000,1.000]",[],[],[],[]
15,BeatLine(Clone),"[0.000,0.000,0.000]","[0.000,0.000,0.000]","[0.000,0.000,0.000,1.000]",[],[],[],[]
15,BeatLine(Clone)/Light/BoxLight,"[0.000,0.000,0.000]","[0.000,0.000,0.000]","[0.000,0.000,0.000,1.000]","[0.000,0.000,0.000]","[0.020,500.000,0.020]",[],[]
15,BeatLine(Clone)/Light/BakedBloom,"[0.000,0.000,0.000]","[0.000,0.000,0.000]","[0.000,0.000,0.000,1.000]","[0.000,0.000,0.000]","[0.000,0.000,0.000]",[],[]
15,BeatLine(Clone)/Light,"[0.000,0.000,0.000]","[0.000,0.000,0.000]","[0.000,0.000,0.000,1.000]",[],[],[],[]
15,BeatLine(Clone),"[0.000,0.000,0.000]","[0.000,0.000,0.000]","[0.000,0.000,0.000,1.000]",[],[],[],[]
15,BeatLine(Clone)/Light/BoxLight,"[0.000,0.000,0.000]","[0.000,0.000,0.000]","[0.000,0.000,0.000,1.000]","[0.000,0.000,0.000]","[0.020,500.000,0.020]",[],[]
15,BeatLine(Clone)/Light/BakedBloom,"[0.000,0.000,0.000]","[0.000,0.000,0.000]","[0.000,0.000,0.000,1.000]","[0.000,0.000,0.000]","[0.000,0.000,0.000]",[],[]
15,BeatLine(Clone)/Light,"[0.000,0.000,0.000]","[0.000,0.000,0.000]","[0.000,0.000,0.000,1.000]",[],[],[],[]
15,BeatLine(Clone),"[0.000,0.000,0.000]","[0.000,0.000,0.000]","[0.000,0.000,0.000,1.000]",[],[],[],[]
15,ShortSlider(Clone)/Slider_MeshRenderer,"[0.000,0.000,0.000]","[0.000,0.000,0.000]","[0.000,0.000,0.000,1.000]","[0.000,0.000,0.000]","[0.000,0.000,0.000]",[],[]
15,ShortSlider(Clone)/MeshController,"[0.000,0.000,0.000]","[0.000,0.000,0.000]","[0.000,0.000,0.000,1.000]",[],[],[],[]
15,ShortSlider(Clone),"[0.000,0.000,0.000]","[0.000,0.000,0.000]","[0.000,0.000,0.000,1.000]",[],[],[],[]
15,ShortSlider(Clone)/Slider_MeshRenderer,"[0.000,0.000,0.000]","[0.000,0.000,0.000]","[0.000,0.000,0.000,1.000]","[0.000,0.000,0.000]","[0.000,0.000,0.000]",[],[]
15,ShortSlider(Clone)/MeshController,"[0.000,0.000,0.000]","[0.000,0.000,0.000]","[0.000,0.000,0.000,1.000]",[],[],[],[]
15,ShortSlider(Clone),"[0.000,0.000,0.000]","[0.000,0.000,0.000]","[0.000,0.000,0.000,1.000]",[],[],[],[]
15,ShortSlider(Clone)/Slider_MeshRenderer,"[0.000,0.000,0.000]","[0.000,0.000,0.000]","[0.000,0.000,0.000,1.000]","[0.000,0.000,0.000]","[0.000,0.000,0.000]",[],[]
15,ShortSlider(Clone)/MeshController,"[0.000,0.000,0.000]","[0.000,0.000,0.000]","[0.000,0.000,0.000,1.000]",[],[],[],[]
15,ShortSlider(Clone),"[0.000,0.000,0.000]","[0.000,0.000,0.000]","[0.000,0.000,0.000,1.000]",[],[],[],[]
15,ShortSlider(Clone)/Slider_MeshRenderer,"[0.000,0.000,0.000]","[0.000,0.000,0.000]","[0.000,0.000,0.000,1.000]","[0.000,0.000,0.000]","[0.000,0.000,0.000]",[],[]
15,ShortSlider(Clone)/MeshController,"[0.000,0.000,0.000]","[0.000,0.000,0.000]","[0.000,0.000,0.000,1.000]",[],[],[],[]
15,ShortSlider(Clone),"[0.000,0.000,0.000]","[0.000,0.000,0.000]","[0.000,0.000,0.000,1.000]",[],[],[],[]
15,ShortSlider(Clone)/Slider_MeshRenderer,"[0.000,0.000,0.000]","[0.000,0.000,0.000]","[0.000,0.000,0.000,1.000]","[0.000,0.000,0.000]","[0.000,0.000,0.000]",[],[]
15,ShortSlider(Clone)/MeshController,"[0.000,0.000,0.000]","[0.000,0.000,0.000]","[0.000,0.000,0.000,1.000]",[],[],[],[]
15,ShortSlider(Clone),"[0.000,0.000,0.000]","[0.000,0.000,0.000]","[0.000,0.000,0.000,1.000]",[],[],[],[]
15,ShortSlider(Clone)/Slider_MeshRenderer,"[0.000,0.000,0.000]","[0.000,0.000,0.000]","[0.000,0.000,0.000,1.000]","[0.000,0.000,0.000]","[0.000,0.000,0.000]",[],[]
15,ShortSlider(Clone)/MeshController,"[0.000,0.000,0.000]","[0.000,0.000,0.000]","[0.000,0.000,0.000,1.000]",[],[],[],[]
15,ShortSlider(Clone),"[0.000,0.000,0.000]","[0.000,0.000,0.000]","[0.000,0.000,0.000,1.000]",[],[],[],[]
15,ShortSlider(Clone)/Slider_MeshRenderer,"[0.000,0.000,0.000]","[0.000,0.000,0.000]","[0.000,0.000,0.000,1.000]","[0.000,0.000,0.000]","[0.000,0.000,0.000]",[],[]
15,ShortSlider(Clone)/MeshController,"[0.000,0.000,0.000]","[0.000,0.000,0.000]","[0.000,0.000,0.000,1.000]",[],[],[],[]
15,ShortSlider(Clone),"[0.000,0.000,0.000]","[0.000,0.000,0.000]","[0.000,0.000,0.000,1.000]",[],[],[],[]
15,ShortSlider(Clone)/Slider_MeshRenderer,"[0.000,0.000,0.000]","[0.000,0.000,0.000]","[0.000,0.000,0.000,1.000]","[0.000,0.000,0.000]","[0.000,0.000,0.000]",[],[]
15,ShortSlider(Clone)/MeshController,"[0.000,0.000,0.000]","[0.000,0.000,0.000]","[0.000,0.000,0.000,1.000]",[],[],[],[]
15,ShortSlider(Clone),"[0.000,0.000,0.000]","[0.000,0.000,0.000]","[0.000,0.000,0.000,1.000]",[],[],[],[]
15,ShortSlider(Clone)/Slider_MeshRenderer,"[0.000,0.000,0.000]","[0.000,0.000,0.000]","[0.000,0.000,0.000,1.000]","[0.000,0.000,0.000]","[0.000,0.000,0.000]",[],[]
15,ShortSlider(Clone)/MeshController,"[0.000,0.000,0.000]","[0.000,0.000,0.000]","[0.000,0.000,0.000,1.000]",[],[],[],[]
15,ShortSlider(Clone),"[0.000,0.000,0.000]","[0.000,0.000,0.000]","[0.000,0.000,0.000,1.000]",[],[],[],[]
15,LongSlider(Clone)/Slider_MeshRenderer,"[0.000,0.000,0.000]","[0.000,0.000,0.000]","[0.000,0.000,0.000,1.000]","[0.000,0.000,0.000]","[0.000,0.000,0.000]",[],[]
15,LongSlider(Clone)/MeshController,"[0.000,0.000,0.000]","[0.000,0.000,0.000]","[0.000,0.000,0.000,1.000]",[],[],[],[]
15,LongSlider(Clone),"[0.000,0.000,0.000]","[0.000,0.000,0.000]","[0.000,0.000,0.000,1.000]",[],[],[],[]
15,LongSlider(Clone)/Slider_MeshRenderer,"[0.000,0.000,0.000]","[0.000,0.000,0.000]","[0.000,0.000,0.000,1.000]","[0.000,0.000,0.000]","[0.000,0.000,0.000]",[],[]
15,LongSlider(Clone)/MeshController,"[0.000,0.000,0.000]","[0.000,0.000,0.000]","[0.000,0.000,0.000,1.000]",[],[],[],[]
15,LongSlider(Clone),"[0.000,0.000,0.000]","[0.000,0.000,0.000]","[0.000,0.000,0.000,1.000]",[],[],[],[]
15,LongSlider(Clone)/Slider_MeshRenderer,"[0.000,0.000,0.000]","[0.000,0.000,0.000]","[0.000,0.000,0.000,1.000]","[0.000,0.000,0.000]","[0.000,0.000,0.000]",[],[]
15,LongSlider(Clone)/MeshController,"[0.000,0.000,0.000]","[0.000,0.000,0.000]","[0.000,0.000,0.000,1.000]",[],[],[],[]
15,LongSlider(Clone),"[0.000,0.000,0.000]","[0.000,0.000,0.000]","[0.000,0.000,0.000,1.000]",[],[],[],[]
15,LongSlider(Clone)/Slider_MeshRenderer,"[0.000,0.000,0.000]","[0.000,0.000,0.000]","[0.000,0.000,0.000,1.000]","[0.000,0.000,0.000]","[0.000,0.000,0.000]",[],[]
15,LongSlider(Clone)/MeshController,"[0.000,0.000,0.000]","[0.000,0.000,0.000]","[0.000,0.000,0.000,1.000]",[],[],[],[]
15,LongSlider(Clone),"[0.000,0.000,0.000]","[0.000,0.000,0.000]","[0.000,0.000,0.000,1.000]",[],[],[],[]
15,LongSlider(Clone)/Slider_MeshRenderer,"[0.000,0.000,0.000]","[0.000,0.000,0.000]","[0.000,0.000,0.000,1.000]","[0.000,0.000,0.000]","[0.000,0.000,0.000]",[],[]
15,LongSlider(Clone)/MeshController,"[0.000,0.000,0.000]","[0.000,0.000,0.000]","[0.000,0.000,0.000,1.000]",[],[],[],[]
15,LongSlider(Clone),"[0.000,0.000,0.000]","[0.000,0.000,0.000]","[0.000,0.000,0.000,1.000]",[],[],[],[]
15,LongSlider(Clone)/Slider_MeshRenderer,"[0.000,0.000,0.000]","[0.000,0.000,0.000]","[0.000,0.000,0.000,1.000]","[0.000,0.000,0.000]","[0.000,0.000,0.000]",[],[]
15,LongSlider(Clone)/MeshController,"[0.000,0.000,0.000]","[0.000,0.000,0.000]","[0.000,0.000,0.000,1.000]",[],[],[],[]
15,LongSlider(Clone),"[0.000,0.000,0.000]","[0.000,0.000,0.000]","[0.000,0.000,0.000,1.000]",[],[],[],[]
15,LongSlider(Clone)/Slider_MeshRenderer,"[0.000,0.000,0.000]","[0.000,0.000,0.000]","[0.000,0.000,0.000,1.000]","[0.000,0.000,0.000]","[0.000,0.000,0.000]",[],[]
15,LongSlider(Clone)/MeshController,"[0.000,0.000,0.000]","[0.000,0.000,0.000]","[0.000,0.000,0.000,1.000]",[],[],[],[]
15,LongSlider(Clone),"[0.000,0.000,0.000]","[0.000,0.000,0.000]","[0.000,0.000,0.000,1.000]",[],[],[],[]
15,LongSlider(Clone)/Slider_MeshRenderer,"[0.000,0.000,0.000]","[0.000,0.000,0.000]","[0.000,0.000,0.000,1.000]","[0.000,0.000,0.000]","[0.000,0.000,0.000]",[],[]
15,LongSlider(Clone)/MeshController,"[0.000,0.000,0.000]","[0.000,0.000,0.000]","[0.000,0.000,0.000,1.000]",[],[],[],[]
15,LongSlider(Clone),"[0.000,0.000,0.000]","[0.000,0.000,0.000]","[0.000,0.000,0.000,1.000]",[],[],[],[]
15,LongSlider(Clone)/Slider_MeshRenderer,"[0.000,0.000,0.000]","[0.000,0.000,0.000]","[0.000,0.000,0.000,1.000]","[0.000,0.000,0.000]","[0.000,0.000,0.000]",[],[]
15,LongSlider(Clone)/MeshController,"[0.000,0.000,0.000]","[0.000,0.000,0.000]","[0.000,0.000,0.000,1.000]",[],[],[],[]
15,LongSlider(Clone),"[0.000,0.000,0.000]","[0.000,0.000,0.000]","[0.000,0.000,0.000,1.000]",[],[],[],[]
15,LongSlider(Clone)/Slider_MeshRenderer,"[0.000,0.000,0.000]","[0.000,0.000,0.000]","[0.000,0.000,0.000,1.000]","[0.000,0.000,0.000]","[0.000,0.000,0.000]",[],[]
15,LongSlider(Clone)/MeshController,"[0.000,0.000,0.000]","[0.000,0.000,0.000]","[0.000,0.000,0.000,1.000]",[],[],[],[]
15,LongSlider(Clone),"[0.000,0.000,0.000]","[0.000,0.000,0.000]","[0.000,0.000,0.000,1.000]",[],[],[],[]
15,MediumSlider(Clone)/Slider_MeshRenderer,"[0.000,0.000,0.000]","[0.000,0.000,0.000]","[0.000,0.000,0.000,1.000]","[0.000,0.000,0.000]","[0.000,0.000,0.000]",[],[]
15,MediumSlider(Clone)/MeshController,"[0.000,0.000,0.000]","[0.000,0.000,0.000]","[0.000,0.000,0.000,1.000]",[],[],[],[]
15,MediumSlider(Clone),"[0.000,0.000,0.000]","[0.000,0.000,0.000]","[0.000,0.000,0.000,1.000]",[],[],[],[]
15,MediumSlider(Clone)/Slider_MeshRenderer,"[0.000,0.000,0.000]","[0.000,0.000,0.000]","[0.000,0.000,0.000,1.000]","[0.000,0.000,0.000]","[0.000,0.000,0.000]",[],[]
15,MediumSlider(Clone)/MeshController,"[0.000,0.000,0.000]","[0.000,0.000,0.000]","[0.000,0.000,0.000,1.000]",[],[],[],[]
15,MediumSlider(Clone),"[0.000,0.000,0.000]","[0.000,0.000,0.000]","[0.000,0.000,0.000,1.000]",[],[],[],[]
15,MediumSlider(Clone)/Slider_MeshRenderer,"[0.000,0.000,0.000]","[0.000,0.000,0.000]","[0.000,0.000,0.000,1.000]","[0.000,0.000,0.000]","[0.000,0.000,0.000]",[],[]
15,MediumSlider(Clone)/MeshController,"[0.000,0.000,0.000]","[0.000,0.000,0.000]","[0.000,0.000,0.000,1.000]",[],[],[],[]
15,MediumSlider(Clone),"[0.000,0.000,0.000]","[0.000,0.000,0.000]","[0.000,0.000,0.000,1.000]",[],[],[],[]
15,MediumSlider(Clone)/Slider_MeshRenderer,"[0.000,0.000,0.000]","[0.000,0.000,0.000]","[0.000,0.000,0.000,1.000]","[0.000,0.000,0.000]","[0.000,0.000,0.000]",[],[]
15,MediumSlider(Clone)/MeshController,"[0.000,0.000,0.000]","[0.000,0.000,0.000]","[0.000,0.000,0.000,1.000]",[],[],[],[]
15,MediumSlider(Clone),"[0.000,0.000,0.000]","[0.000,0.000,0.000]","[0.000,0.000,0.000,1.000]",[],[],[],[]
15,MediumSlider(Clone)/Slider_MeshRenderer,"[0.000,0.000,0.000]","[0.000,0.000,0.000]","[0.000,0.000,0.000,1.000]","[0.000,0.000,0.000]","[0.000,0.000,0.000]",[],[]
15,MediumSlider(Clone)/MeshController,"[0.000,0.000,0.000]","[0.000,0.000,0.000]","[0.000,0.000,0.000,1.000]",[],[],[],[]
15,MediumSlider(Clone),"[0.000,0.000,0.000]","[0.000,0.000,0.000]","[0.000,0.000,0.000,1.000]",[],[],[],[]
15,MediumSlider(Clone)/Slider_MeshRenderer,"[0.000,0.000,0.000]","[0.000,0.000,0.000]","[0.000,0.000,0.000,1.000]","[0.000,0.000,0.000]","[0.000,0.000,0.000]",[],[]
15,MediumSlider(Clone)/MeshController,"[0.000,0.000,0.000]","[0.000,0.000,0.000]","[0.000,0.000,0.000,1.000]",[],[],[],[]
15,MediumSlider(Clone),"[0.000,0.000,0.000]","[0.000,0.000,0.000]","[0.000,0.000,0.000,1.000]",[],[],[],[]
15,MediumSlider(Clone)/Slider_MeshRenderer,"[0.000,0.000,0.000]","[0.000,0.000,0.000]","[0.000,0.000,0.000,1.000]","[0.000,0.000,0.000]","[0.000,0.000,0.000]",[],[]
15,MediumSlider(Clone)/MeshController,"[0.000,0.000,0.000]","[0.000,0.000,0.000]","[0.000,0.000,0.000,1.000]",[],[],[],[]
15,MediumSlider(Clone),"[0.000,0.000,0.000]","[0.000,0.000,0.000]","[0.000,0.000,0.000,1.000]",[],[],[],[]
15,MediumSlider(Clone)/Slider_MeshRenderer,"[0.000,0.000,0.000]","[0.000,0.000,0.000]","[0.000,0.000,0.000,1.000]","[0.000,0.000,0.000]","[0.000,0.000,0.000]",[],[]
15,MediumSlider(Clone)/MeshController,"[0.000,0.000,0.000]","[0.000,0.000,0.000]","[0.000,0.000,0.000,1.000]",[],[],[],[]
15,MediumSlider(Clone),"[0.000,0.000,0.000]","[0.000,0.000,0.000]","[0.000,0.000,0.000,1.000]",[],[],[],[]
15,MediumSlider(Clone)/Slider_MeshRenderer,"[0.000,0.000,0.000]","[0.000,0.000,0.000]","[0.000,0.000,0.000,1.000]","[0.000,0.000,0.000]","[0.000,0.000,0.000]",[],[]
15,MediumSlider(Clone)/MeshController,"[0.000,0.000,0.000]","[0.000,0.000,0.000]","[0.000,0.000,0.000,1.000]",[],[],[],[]
15,MediumSlider(Clone),"[0.000,0.000,0.000]","[0.000,0.000,0.000]","[0.000,0.000,0.000,1.000]",[],[],[],[]
15,MediumSlider(Clone)/Slider_MeshRenderer,"[0.000,0.000,0.000]","[0.000,0.000,0.000]","[0.000,0.000,0.000,1.000]","[0.000,0.000,0.000]","[0.000,0.000,0.000]",[],[]
15,MediumSlider(Clone)/MeshController,"[0.000,0.000,0.000]","[0.000,0.000,0.000]","[0.000,0.000,0.000,1.000]",[],[],[],[]
15,MediumSlider(Clone),"[0.000,0.000,0.000]","[0.000,0.000,0.000]","[0.000,0.000,0.000,1.000]",[],[],[],[]
15,BurstSliderNote(Clone)/NoteCube/Circle,"[0.000,1.000,-0.248]","[0.000,0.000,0.000]","[0.000,0.000,0.000,1.000]","[0.000,1.000,-0.248]","[0.100,0.100,0.000]",[],[]
15,BurstSliderNote(Clone)/NoteCube/SmallCuttable,"[0.000,1.000,0.000]","[0.000,0.000,0.000]","[0.000,0.000,0.000,1.000]",[],[],"[0.000,1.000,0.000]","[0.000,0.000,0.000]"
15,BurstSliderNote(Clone)/NoteCube/BigCuttable,"[0.000,1.000,0.000]","[0.000,0.000,0.000]","[0.000,0.000,0.000,1.000]",[],[],"[0.000,1.000,0.000]","[0.000,0.000,0.000]"
15,BurstSliderNote(Clone)/NoteCube,"[0.000,1.000,0.000]","[0.000,0.000,0.000]","[0.000,0.000,0.000,1.000]","[0.000,1.000,0.000]","[0.495,0.080,0.495]",[],[]
15,BurstSliderNote(Clone),"[0.000,1.000,0.000]","[90.000,0.000,0.000]","[0.707,0.000,0.000,0.707]",[],[],[],[]
15,BurstSliderNote(Clone)/NoteCube/Circle,"[0.000,1.000,-0.248]","[0.000,0.000,0.000]","[0.000,0.000,0.000,1.000]","[0.000,1.000,-0.248]","[0.100,0.100,0.000]",[],[]
15,BurstSliderNote(Clone)/NoteCube/SmallCuttable,"[0.000,1.000,0.000]","[0.000,0.000,0.000]","[0.000,0.000,0.000,1.000]",[],[],"[0.000,1.000,0.000]","[0.000,0.000,0.000]"
15,BurstSliderNote(Clone)/NoteCube/BigCuttable,"[0.000,1.000,0.000]","[0.000,0.000,0.000]","[0.000,0.000,0.000,1.000]",[],[],"[0.000,1.000,0.000]","[0.000,0.000,0.000]"
15,BurstSliderNote(Clone)/NoteCube,"[0.000,1.000,0.000]","[0.000,0.000,0.000]","[0.000,0.000,0.000,1.000]","[0.000,1.000,0.000]","[0.495,0.080,0.495]",[],[]
15,BurstSliderNote(Clone),"[0.000,1.000,0.000]","[90.000,0.000,0.000]","[0.707,0.000,0.000,0.707]",[],[],[],[]
15,BurstSliderNote(Clone)/NoteCube/Circle,"[0.000,1.000,-0.248]","[0.000,0.000,0.000]","[0.000,0.000,0.000,1.000]","[0.000,1.000,-0.248]","[0.100,0.100,0.000]",[],[]
15,BurstSliderNote(Clone)/NoteCube/SmallCuttable,"[0.000,1.000,0.000]","[0.000,0.000,0.000]","[0.000,0.000,0.000,1.000]",[],[],"[0.000,1.000,0.000]","[0.000,0.000,0.000]"
15,BurstSliderNote(Clone)/NoteCube/BigCuttable,"[0.000,1.000,0.000]","[0.000,0.000,0.000]","[0.000,0.000,0.000,1.000]",[],[],"[0.000,1.000,0.000]","[0.000,0.000,0.000]"
15,BurstSliderNote(Clone)/NoteCube,"[0.000,1.000,0.000]","[0.000,0.000,0.000]","[0.000,0.000,0.000,1.000]","[0.000,1.000,0.000]","[0.495,0.080,0.495]",[],[]
15,BurstSliderNote(Clone),"[0.000,1.000,0.000]","[90.000,0.000,0.000]","[0.707,0.000,0.000,0.707]",[],[],[],[]
15,BurstSliderNote(Clone)/NoteCube/Circle,"[0.000,1.000,-0.248]","[0.000,0.000,0.000]","[0.000,0.000,0.000,1.000]","[0.000,1.000,-0.248]","[0.100,0.100,0.000]",[],[]
15,BurstSliderNote(Clone)/NoteCube/SmallCuttable,"[0.000,1.000,0.000]","[0.000,0.000,0.000]","[0.000,0.000,0.000,1.000]",[],[],"[0.000,1.000,0.000]","[0.000,0.000,0.000]"
15,BurstSliderNote(Clone)/NoteCube/BigCuttable,"[0.000,1.000,0.000]","[0.000,0.000,0.000]","[0.000,0.000,0.000,1.000]",[],[],"[0.000,1.000,0.000]","[0.000,0.000,0.000]"
15,BurstSliderNote(Clone)/NoteCube,"[0.000,1.000,0.000]","[0.000,0.000,0.000]","[0.000,0.000,0.000,1.000]","[0.000,1.000,0.000]","[0.495,0.080,0.495]",[],[]
15,BurstSliderNote(Clone),"[0.000,1.000,0.000]","[90.000,0.000,0.000]","[0.707,0.000,0.000,0.707]",[],[],[],[]
15,BurstSliderNote(Clone)/NoteCube/Circle,"[0.000,1.000,-0.248]","[0.000,0.000,0.000]","[0.000,0.000,0.000,1.000]","[0.000,1.000,-0.248]","[0.100,0.100,0.000]",[],[]
15,BurstSliderNote(Clone)/NoteCube/SmallCuttable,"[0.000,1.000,0.000]","[0.000,0.000,0.000]","[0.000,0.000,0.000,1.000]",[],[],"[0.000,1.000,0.000]","[0.000,0.000,0.000]"
15,BurstSliderNote(Clone)/NoteCube/BigCuttable,"[0.000,1.000,0.000]","[0.000,0.000,0.000]","[0.000,0.000,0.000,1.000]",[],[],"[0.000,1.000,0.000]","[0.000,0.000,0.000]"
15,BurstSliderNote(Clone)/NoteCube,"[0.000,1.000,0.000]","[0.000,0.000,0.000]","[0.000,0.000,0.000,1.000]","[0.000,1.000,0.000]","[0.495,0.080,0.495]",[],[]
15,BurstSliderNote(Clone),"[0.000,1.000,0.000]","[90.000,0.000,0.000]","[0.707,0.000,0.000,0.707]",[],[],[],[]
15,BurstSliderNote(Clone)/NoteCube/Circle,"[0.000,1.000,-0.248]","[0.000,0.000,0.000]","[0.000,0.000,0.000,1.000]","[0.000,1.000,-0.248]","[0.100,0.100,0.000]",[],[]
15,BurstSliderNote(Clone)/NoteCube/SmallCuttable,"[0.000,1.000,0.000]","[0.000,0.000,0.000]","[0.000,0.000,0.000,1.000]",[],[],"[0.000,1.000,0.000]","[0.000,0.000,0.000]"
15,BurstSliderNote(Clone)/NoteCube/BigCuttable,"[0.000,1.000,0.000]","[0.000,0.000,0.000]","[0.000,0.000,0.000,1.000]",[],[],"[0.000,1.000,0.000]","[0.000,0.000,0.000]"
15,BurstSliderNote(Clone)/NoteCube,"[0.000,1.000,0.000]","[0.000,0.000,0.000]","[0.000,0.000,0.000,1.000]","[0.000,1.000,0.000]","[0.495,0.080,0.495]",[],[]
15,BurstSliderNote(Clone),"[0.000,1.000,0.000]","[90.000,0.000,0.000]","[0.707,0.000,0.000,0.707]",[],[],[],[]
15,BurstSliderNote(Clone)/NoteCube/Circle,"[0.000,1.000,-0.248]","[0.000,0.000,0.000]","[0.000,0.000,0.000,1.000]","[0.000,1.000,-0.248]","[0.100,0.100,0.000]",[],[]
15,BurstSliderNote(Clone)/NoteCube/SmallCuttable,"[0.000,1.000,0.000]","[0.000,0.000,0.000]","[0.000,0.000,0.000,1.000]",[],[],"[0.000,1.000,0.000]","[0.000,0.000,0.000]"
15,BurstSliderNote(Clone)/NoteCube/BigCuttable,"[0.000,1.000,0.000]","[0.000,0.000,0.000]","[0.000,0.000,0.000,1.000]",[],[],"[0.000,1.000,0.000]","[0.000,0.000,0.000]"
15,BurstSliderNote(Clone)/NoteCube,"[0.000,1.000,0.000]","[0.000,0.000,0.000]","[0.000,0.000,0.000,1.000]","[0.000,1.000,0.000]","[0.495,0.080,0.495]",[],[]
15,BurstSliderNote(Clone),"[0.000,1.000,0.000]","[90.000,0.000,0.000]","[0.707,0.000,0.000,0.707]",[],[],[],[]
15,BurstSliderNote(Clone)/NoteCube/Circle,"[0.000,1.000,-0.248]","[0.000,0.000,0.000]","[0.000,0.000,0.000,1.000]","[0.000,1.000,-0.248]","[0.100,0.100,0.000]",[],[]
15,BurstSliderNote(Clone)/NoteCube/SmallCuttable,"[0.000,1.000,0.000]","[0.000,0.000,0.000]","[0.000,0.000,0.000,1.000]",[],[],"[0.000,1.000,0.000]","[0.000,0.000,0.000]"
15,BurstSliderNote(Clone)/NoteCube/BigCuttable,"[0.000,1.000,0.000]","[0.000,0.000,0.000]","[0.000,0.000,0.000,1.000]",[],[],"[0.000,1.000,0.000]","[0.000,0.000,0.000]"
15,BurstSliderNote(Clone)/NoteCube,"[0.000,1.000,0.000]","[0.000,0.000,0.000]","[0.000,0.000,0.000,1.000]","[0.000,1.000,0.000]","[0.495,0.080,0.495]",[],[]
15,BurstSliderNote(Clone),"[0.000,1.000,0.000]","[90.000,0.000,0.000]","[0.707,0.000,0.000,0.707]",[],[],[],[]
15,BurstSliderNote(Clone)/NoteCube/Circle,"[0.000,1.000,-0.248]","[0.000,0.000,0.000]","[0.000,0.000,0.000,1.000]","[0.000,1.000,-0.248]","[0.100,0.100,0.000]",[],[]
15,BurstSliderNote(Clone)/NoteCube/SmallCuttable,"[0.000,1.000,0.000]","[0.000,0.000,0.000]","[0.000,0.000,0.000,1.000]",[],[],"[0.000,1.000,0.000]","[0.000,0.000,0.000]"
15,BurstSliderNote(Clone)/NoteCube/BigCuttable,"[0.000,1.000,0.000]","[0.000,0.000,0.000]","[0.000,0.000,0.000,1.000]",[],[],"[0.000,1.000,0.000]","[0.000,0.000,0.000]"
15,BurstSliderNote(Clone)/NoteCube,"[0.000,1.000,0.000]","[0.000,0.000,0.000]","[0.000,0.000,0.000,1.000]","[0.000,1.000,0.000]","[0.495,0.080,0.495]",[],[]
15,BurstSliderNote(Clone),"[0.000,1.000,0.000]","[90.000,0.000,0.000]","[0.707,0.000,0.000,0.707]",[],[],[],[]
15,BurstSliderNote(Clone)/NoteCube/Circle,"[0.000,1.000,-0.248]","[0.000,0.000,0.000]","[0.000,0.000,0.000,1.000]","[0.000,1.000,-0.248]","[0.100,0.100,0.000]",[],[]
15,BurstSliderNote(Clone)/NoteCube/SmallCuttable,"[0.000,1.000,0.000]","[0.000,0.000,0.000]","[0.000,0.000,0.000,1.000]",[],[],"[0.000,1.000,0.000]","[0.000,0.000,0.000]"
15,BurstSliderNote(Clone)/NoteCube/BigCuttable,"[0.000,1.000,0.000]","[0.000,0.000,0.000]","[0.000,0.000,0.000,1.000]",[],[],"[0.000,1.000,0.000]","[0.000,0.000,0.000]"
15,BurstSliderNote(Clone)/NoteCube,"[0.000,1.000,0.000]","[0.000,0.000,0.000]","[0.000,0.000,0.000,1.000]","[0.000,1.000,0.000]","[0.495,0.080,0.495]",[],[]
15,BurstSliderNote(Clone),"[0.000,1.000,0.000]","[90.000,0.000,0.000]","[0.707,0.000,0.000,0.707]",[],[],[],[]
15,BurstSliderNote(Clone)/NoteCube/Circle,"[0.000,1.000,-0.248]","[0.000,0.000,0.000]","[0.000,0.000,0.000,1.000]","[0.000,1.000,-0.248]","[0.100,0.100,0.000]",[],[]
15,BurstSliderNote(Clone)/NoteCube/SmallCuttable,"[0.000,1.000,0.000]","[0.000,0.000,0.000]","[0.000,0.000,0.000,1.000]",[],[],"[0.000,1.000,0.000]","[0.000,0.000,0.000]"
15,BurstSliderNote(Clone)/NoteCube/BigCuttable,"[0.000,1.000,0.000]","[0.000,0.000,0.000]","[0.000,0.000,0.000,1.000]",[],[],"[0.000,1.000,0.000]","[0.000,0.000,0.000]"
15,BurstSliderNote(Clone)/NoteCube,"[0.000,1.000,0.000]","[0.000,0.000,0.000]","[0.000,0.000,0.000,1.000]","[0.000,1.000,0.000]","[0.495,0.080,0.495]",[],[]
15,BurstSliderNote(Clone),"[0.000,1.000,0.000]","[90.000,0.000,0.000]","[0.707,0.000,0.000,0.707]",[],[],[],[]
15,BurstSliderNote(Clone)/NoteCube/Circle,"[0.000,1.000,-0.248]","[0.000,0.000,0.000]","[0.000,0.000,0.000,1.000]","[0.000,1.000,-0.248]","[0.100,0.100,0.000]",[],[]
15,BurstSliderNote(Clone)/NoteCube/SmallCuttable,"[0.000,1.000,0.000]","[0.000,0.000,0.000]","[0.000,0.000,0.000,1.000]",[],[],"[0.000,1.000,0.000]","[0.000,0.000,0.000]"
15,BurstSliderNote(Clone)/NoteCube/BigCuttable,"[0.000,1.000,0.000]","[0.000,0.000,0.000]","[0.000,0.000,0.000,1.000]",[],[],"[0.000,1.000,0.000]","[0.000,0.000,0.000]"
15,BurstSliderNote(Clone)/NoteCube,"[0.000,1.000,0.000]","[0.000,0.000,0.000]","[0.000,0.000,0.000,1.000]","[0.000,1.000,0.000]","[0.495,0.080,0.495]",[],[]
15,BurstSliderNote(Clone),"[0.000,1.000,0.000]","[90.000,0.000,0.000]","[0.707,0.000,0.000,0.707]",[],[],[],[]
15,BurstSliderNote(Clone)/NoteCube/Circle,"[0.000,1.000,-0.248]","[0.000,0.000,0.000]","[0.000,0.000,0.000,1.000]","[0.000,1.000,-0.248]","[0.100,0.100,0.000]",[],[]
15,BurstSliderNote(Clone)/NoteCube/SmallCuttable,"[0.000,1.000,0.000]","[0.000,0.000,0.000]","[0.000,0.000,0.000,1.000]",[],[],"[0.000,1.000,0.000]","[0.000,0.000,0.000]"
15,BurstSliderNote(Clone)/NoteCube/BigCuttable,"[0.000,1.000,0.000]","[0.000,0.000,0.000]","[0.000,0.000,0.000,1.000]",[],[],"[0.000,1.000,0.000]","[0.000,0.000,0.000]"
15,BurstSliderNote(Clone)/NoteCube,"[0.000,1.000,0.000]","[0.000,0.000,0.000]","[0.000,0.000,0.000,1.000]","[0.000,1.000,0.000]","[0.495,0.080,0.495]",[],[]
15,BurstSliderNote(Clone),"[0.000,1.000,0.000]","[90.000,0.000,0.000]","[0.707,0.000,0.000,0.707]",[],[],[],[]
15,BurstSliderNote(Clone)/NoteCube/Circle,"[0.000,1.000,-0.248]","[0.000,0.000,0.000]","[0.000,0.000,0.000,1.000]","[0.000,1.000,-0.248]","[0.100,0.100,0.000]",[],[]
15,BurstSliderNote(Clone)/NoteCube/SmallCuttable,"[0.000,1.000,0.000]","[0.000,0.000,0.000]","[0.000,0.000,0.000,1.000]",[],[],"[0.000,1.000,0.000]","[0.000,0.000,0.000]"
15,BurstSliderNote(Clone)/NoteCube/BigCuttable,"[0.000,1.000,0.000]","[0.000,0.000,0.000]","[0.000,0.000,0.000,1.000]",[],[],"[0.000,1.000,0.000]","[0.000,0.000,0.000]"
15,BurstSliderNote(Clone)/NoteCube,"[0.000,1.000,0.000]","[0.000,0.000,0.000]","[0.000,0.000,0.000,1.000]","[0.000,1.000,0.000]","[0.495,0.080,0.495]",[],[]
15,BurstSliderNote(Clone),"[0.000,1.000,0.000]","[90.000,0.000,0.000]","[0.707,0.000,0.000,0.707]",[],[],[],[]
15,BurstSliderNote(Clone)/NoteCube/Circle,"[0.000,1.000,-0.248]","[0.000,0.000,0.000]","[0.000,0.000,0.000,1.000]","[0.000,1.000,-0.248]","[0.100,0.100,0.000]",[],[]
15,BurstSliderNote(Clone)/NoteCube/SmallCuttable,"[0.000,1.000,0.000]","[0.000,0.000,0.000]","[0.000,0.000,0.000,1.000]",[],[],"[0.000,1.000,0.000]","[0.000,0.000,0.000]"
15,BurstSliderNote(Clone)/NoteCube/BigCuttable,"[0.000,1.000,0.000]","[0.000,0.000,0.000]","[0.000,0.000,0.000,1.000]",[],[],"[0.000,1.000,0.000]","[0.000,0.000,0.000]"
15,BurstSliderNote(Clone)/NoteCube,"[0.000,1.000,0.000]","[0.000,0.000,0.000]","[0.000,0.000,0.000,1.000]","[0.000,1.000,0.000]","[0.495,0.080,0.495]",[],[]
15,BurstSliderNote(Clone),"[0.000,1.000,0.000]","[90.000,0.000,0.000]","[0.707,0.000,0.000,0.707]",[],[],[],[]
15,BurstSliderNote(Clone)/NoteCube/Circle,"[0.000,1.000,-0.248]","[0.000,0.000,0.000]","[0.000,0.000,0.000,1.000]","[0.000,1.000,-0.248]","[0.100,0.100,0.000]",[],[]
15,BurstSliderNote(Clone)/NoteCube/SmallCuttable,"[0.000,1.000,0.000]","[0.000,0.000,0.000]","[0.000,0.000,0.000,1.000]",[],[],"[0.000,1.000,0.000]","[0.000,0.000,0.000]"
15,BurstSliderNote(Clone)/NoteCube/BigCuttable,"[0.000,1.000,0.000]","[0.000,0.000,0.000]","[0.000,0.000,0.000,1.000]",[],[],"[0.000,1.000,0.000]","[0.000,0.000,0.000]"
15,BurstSliderNote(Clone)/NoteCube,"[0.000,1.000,0.000]","[0.000,0.000,0.000]","[0.000,0.000,0.000,1.000]","[0.000,1.000,0.000]","[0.495,0.080,0.495]",[],[]
15,BurstSliderNote(Clone),"[0.000,1.000,0.000]","[90.000,0.000,0.000]","[0.707,0.000,0.000,0.707]",[],[],[],[]
15,BurstSliderNote(Clone)/NoteCube/Circle,"[0.000,1.000,-0.248]","[0.000,0.000,0.000]","[0.000,0.000,0.000,1.000]","[0.000,1.000,-0.248]","[0.100,0.100,0.000]",[],[]
15,BurstSliderNote(Clone)/NoteCube/SmallCuttable,"[0.000,1.000,0.000]","[0.000,0.000,0.000]","[0.000,0.000,0.000,1.000]",[],[],"[0.000,1.000,0.000]","[0.000,0.000,0.000]"
15,BurstSliderNote(Clone)/NoteCube/BigCuttable,"[0.000,1.000,0.000]","[0.000,0.000,0.000]","[0.000,0.000,0.000,1.000]",[],[],"[0.000,1.000,0.000]","[0.000,0.000,0.000]"
15,BurstSliderNote(Clone)/NoteCube,"[0.000,1.000,0.000]","[0.000,0.000,0.000]","[0.000,0.000,0.000,1.000]","[0.000,1.000,0.000]","[0.495,0.080,0.495]",[],[]
15,BurstSliderNote(Clone),"[0.000,1.000,0.000]","[90.000,0.000,0.000]","[0.707,0.000,0.000,0.707]",[],[],[],[]
15,BurstSliderNote(Clone)/NoteCube/Circle,"[0.000,1.000,-0.248]","[0.000,0.000,0.000]","[0.000,0.000,0.000,1.000]","[0.000,1.000,-0.248]","[0.100,0.100,0.000]",[],[]
15,BurstSliderNote(Clone)/NoteCube/SmallCuttable,"[0.000,1.000,0.000]","[0.000,0.000,0.000]","[0.000,0.000,0.000,1.000]",[],[],"[0.000,1.000,0.000]","[0.000,0.000,0.000]"
15,BurstSliderNote(Clone)/NoteCube/BigCuttable,"[0.000,1.000,0.000]","[0.000,0.000,0.000]","[0.000,0.000,0.000,1.000]",[],[],"[0.000,1.000,0.000]","[0.000,0.000,0.000]"
15,BurstSliderNote(Clone)/NoteCube,"[0.000,1.000,0.000]","[0.000,0.000,0.000]","[0.000,0.000,0.000,1.000]","[0.000,1.000,0.000]","[0.495,0.080,0.495]",[],[]
15,BurstSliderNote(Clone),"[0.000,1.000,0.000]","[90.000,0.000,0.000]","[0.707,0.000,0.000,0.707]",[],[],[],[]
15,BurstSliderNote(Clone)/NoteCube/Circle,"[0.000,1.000,-0.248]","[0.000,0.000,0.000]","[0.000,0.000,0.000,1.000]","[0.000,1.000,-0.248]","[0.100,0.100,0.000]",[],[]
15,BurstSliderNote(Clone)/NoteCube/SmallCuttable,"[0.000,1.000,0.000]","[0.000,0.000,0.000]","[0.000,0.000,0.000,1.000]",[],[],"[0.000,1.000,0.000]","[0.000,0.000,0.000]"
15,BurstSliderNote(Clone)/NoteCube/BigCuttable,"[0.000,1.000,0.000]","[0.000,0.000,0.000]","[0.000,0.000,0.000,1.000]",[],[],"[0.000,1.000,0.000]","[0.000,0.000,0.000]"
15,BurstSliderNote(Clone)/NoteCube,"[0.000,1.000,0.000]","[0.000,0.000,0.000]","[0.000,0.000,0.000,1.000]","[0.000,1.000,0.000]","[0.495,0.080,0.495]",[],[]
15,BurstSliderNote(Clone),"[0.000,1.000,0.000]","[90.000,0.000,0.000]","[0.707,0.000,0.000,0.707]",[],[],[],[]
15,BurstSliderNote(Clone)/NoteCube/Circle,"[0.000,1.000,-0.248]","[0.000,0.000,0.000]","[0.000,0.000,0.000,1.000]","[0.000,1.000,-0.248]","[0.100,0.100,0.000]",[],[]
15,BurstSliderNote(Clone)/NoteCube/SmallCuttable,"[0.000,1.000,0.000]","[0.000,0.000,0.000]","[0.000,0.000,0.000,1.000]",[],[],"[0.000,1.000,0.000]","[0.000,0.000,0.000]"
15,BurstSliderNote(Clone)/NoteCube/BigCuttable,"[0.000,1.000,0.000]","[0.000,0.000,0.000]","[0.000,0.000,0.000,1.000]",[],[],"[0.000,1.000,0.000]","[0.000,0.000,0.000]"
15,BurstSliderNote(Clone)/NoteCube,"[0.000,1.000,0.000]","[0.000,0.000,0.000]","[0.000,0.000,0.000,1.000]","[0.000,1.000,0.000]","[0.495,0.080,0.495]",[],[]
15,BurstSliderNote(Clone),"[0.000,1.000,0.000]","[90.000,0.000,0.000]","[0.707,0.000,0.000,0.707]",[],[],[],[]
15,BurstSliderNote(Clone)/NoteCube/Circle,"[0.000,1.000,-0.248]","[0.000,0.000,0.000]","[0.000,0.000,0.000,1.000]","[0.000,1.000,-0.248]","[0.100,0.100,0.000]",[],[]
15,BurstSliderNote(Clone)/NoteCube/SmallCuttable,"[0.000,1.000,0.000]","[0.000,0.000,0.000]","[0.000,0.000,0.000,1.000]",[],[],"[0.000,1.000,0.000]","[0.000,0.000,0.000]"
15,BurstSliderNote(Clone)/NoteCube/BigCuttable,"[0.000,1.000,0.000]","[0.000,0.000,0.000]","[0.000,0.000,0.000,1.000]",[],[],"[0.000,1.000,0.000]","[0.000,0.000,0.000]"
15,BurstSliderNote(Clone)/NoteCube,"[0.000,1.000,0.000]","[0.000,0.000,0.000]","[0.000,0.000,0.000,1.000]","[0.000,1.000,0.000]","[0.495,0.080,0.495]",[],[]
15,BurstSliderNote(Clone),"[0.000,1.000,0.000]","[90.000,0.000,0.000]","[0.707,0.000,0.000,0.707]",[],[],[],[]
15,BurstSliderNote(Clone)/NoteCube/Circle,"[0.000,1.000,-0.248]","[0.000,0.000,0.000]","[0.000,0.000,0.000,1.000]","[0.000,1.000,-0.248]","[0.100,0.100,0.000]",[],[]
15,BurstSliderNote(Clone)/NoteCube/SmallCuttable,"[0.000,1.000,0.000]","[0.000,0.000,0.000]","[0.000,0.000,0.000,1.000]",[],[],"[0.000,1.000,0.000]","[0.000,0.000,0.000]"
15,BurstSliderNote(Clone)/NoteCube/BigCuttable,"[0.000,1.000,0.000]","[0.000,0.000,0.000]","[0.000,0.000,0.000,1.000]",[],[],"[0.000,1.000,0.000]","[0.000,0.000,0.000]"
15,BurstSliderNote(Clone)/NoteCube,"[0.000,1.000,0.000]","[0.000,0.000,0.000]","[0.000,0.000,0.000,1.000]","[0.000,1.000,0.000]","[0.495,0.080,0.495]",[],[]
15,BurstSliderNote(Clone),"[0.000,1.000,0.000]","[90.000,0.000,0.000]","[0.707,0.000,0.000,0.707]",[],[],[],[]
15,BurstSliderNote(Clone)/NoteCube/Circle,"[0.000,1.000,-0.248]","[0.000,0.000,0.000]","[0.000,0.000,0.000,1.000]","[0.000,1.000,-0.248]","[0.100,0.100,0.000]",[],[]
15,BurstSliderNote(Clone)/NoteCube/SmallCuttable,"[0.000,1.000,0.000]","[0.000,0.000,0.000]","[0.000,0.000,0.000,1.000]",[],[],"[0.000,1.000,0.000]","[0.000,0.000,0.000]"
15,BurstSliderNote(Clone)/NoteCube/BigCuttable,"[0.000,1.000,0.000]","[0.000,0.000,0.000]","[0.000,0.000,0.000,1.000]",[],[],"[0.000,1.000,0.000]","[0.000,0.000,0.000]"
15,BurstSliderNote(Clone)/NoteCube,"[0.000,1.000,0.000]","[0.000,0.000,0.000]","[0.000,0.000,0.000,1.000]","[0.000,1.000,0.000]","[0.495,0.080,0.495]",[],[]
15,BurstSliderNote(Clone),"[0.000,1.000,0.000]","[90.000,0.000,0.000]","[0.707,0.000,0.000,0.707]",[],[],[],[]
15,BurstSliderNote(Clone)/NoteCube/Circle,"[0.000,1.000,-0.248]","[0.000,0.000,0.000]","[0.000,0.000,0.000,1.000]","[0.000,1.000,-0.248]","[0.100,0.100,0.000]",[],[]
15,BurstSliderNote(Clone)/NoteCube/SmallCuttable,"[0.000,1.000,0.000]","[0.000,0.000,0.000]","[0.000,0.000,0.000,1.000]",[],[],"[0.000,1.000,0.000]","[0.000,0.000,0.000]"
15,BurstSliderNote(Clone)/NoteCube/BigCuttable,"[0.000,1.000,0.000]","[0.000,0.000,0.000]","[0.000,0.000,0.000,1.000]",[],[],"[0.000,1.000,0.000]","[0.000,0.000,0.000]"
15,BurstSliderNote(Clone)/NoteCube,"[0.000,1.000,0.000]","[0.000,0.000,0.000]","[0.000,0.000,0.000,1.000]","[0.000,1.000,0.000]","[0.495,0.080,0.495]",[],[]
15,BurstSliderNote(Clone),"[0.000,1.000,0.000]","[90.000,0.000,0.000]","[0.707,0.000,0.000,0.707]",[],[],[],[]
15,BurstSliderNote(Clone)/NoteCube/Circle,"[0.000,1.000,-0.248]","[0.000,0.000,0.000]","[0.000,0.000,0.000,1.000]","[0.000,1.000,-0.248]","[0.100,0.100,0.000]",[],[]
15,BurstSliderNote(Clone)/NoteCube/SmallCuttable,"[0.000,1.000,0.000]","[0.000,0.000,0.000]","[0.000,0.000,0.000,1.000]",[],[],"[0.000,1.000,0.000]","[0.000,0.000,0.000]"
15,BurstSliderNote(Clone)/NoteCube/BigCuttable,"[0.000,1.000,0.000]","[0.000,0.000,0.000]","[0.000,0.000,0.000,1.000]",[],[],"[0.000,1.000,0.000]","[0.000,0.000,0.000]"
15,BurstSliderNote(Clone)/NoteCube,"[0.000,1.000,0.000]","[0.000,0.000,0.000]","[0.000,0.000,0.000,1.000]","[0.000,1.000,0.000]","[0.495,0.080,0.495]",[],[]
15,BurstSliderNote(Clone),"[0.000,1.000,0.000]","[90.000,0.000,0.000]","[0.707,0.000,0.000,0.707]",[],[],[],[]
15,BurstSliderNote(Clone)/NoteCube/Circle,"[0.000,1.000,-0.248]","[0.000,0.000,0.000]","[0.000,0.000,0.000,1.000]","[0.000,1.000,-0.248]","[0.100,0.100,0.000]",[],[]
15,BurstSliderNote(Clone)/NoteCube/SmallCuttable,"[0.000,1.000,0.000]","[0.000,0.000,0.000]","[0.000,0.000,0.000,1.000]",[],[],"[0.000,1.000,0.000]","[0.000,0.000,0.000]"
15,BurstSliderNote(Clone)/NoteCube/BigCuttable,"[0.000,1.000,0.000]","[0.000,0.000,0.000]","[0.000,0.000,0.000,1.000]",[],[],"[0.000,1.000,0.000]","[0.000,0.000,0.000]"
15,BurstSliderNote(Clone)/NoteCube,"[0.000,1.000,0.000]","[0.000,0.000,0.000]","[0.000,0.000,0.000,1.000]","[0.000,1.000,0.000]","[0.495,0.080,0.495]",[],[]
15,BurstSliderNote(Clone),"[0.000,1.000,0.000]","[90.000,0.000,0.000]","[0.707,0.000,0.000,0.707]",[],[],[],[]
15,BurstSliderNote(Clone)/NoteCube/Circle,"[0.000,1.000,-0.248]","[0.000,0.000,0.000]","[0.000,0.000,0.000,1.000]","[0.000,1.000,-0.248]","[0.100,0.100,0.000]",[],[]
15,BurstSliderNote(Clone)/NoteCube/SmallCuttable,"[0.000,1.000,0.000]","[0.000,0.000,0.000]","[0.000,0.000,0.000,1.000]",[],[],"[0.000,1.000,0.000]","[0.000,0.000,0.000]"
15,BurstSliderNote(Clone)/NoteCube/BigCuttable,"[0.000,1.000,0.000]","[0.000,0.000,0.000]","[0.000,0.000,0.000,1.000]",[],[],"[0.000,1.000,0.000]","[0.000,0.000,0.000]"
15,BurstSliderNote(Clone)/NoteCube,"[0.000,1.000,0.000]","[0.000,0.000,0.000]","[0.000,0.000,0.000,1.000]","[0.000,1.000,0.000]","[0.495,0.080,0.495]",[],[]
15,BurstSliderNote(Clone),"[0.000,1.000,0.000]","[90.000,0.000,0.000]","[0.707,0.000,0.000,0.707]",[],[],[],[]
15,BurstSliderNote(Clone)/NoteCube/Circle,"[0.000,1.000,-0.248]","[0.000,0.000,0.000]","[0.000,0.000,0.000,1.000]","[0.000,1.000,-0.248]","[0.100,0.100,0.000]",[],[]
15,BurstSliderNote(Clone)/NoteCube/SmallCuttable,"[0.000,1.000,0.000]","[0.000,0.000,0.000]","[0.000,0.000,0.000,1.000]",[],[],"[0.000,1.000,0.000]","[0.000,0.000,0.000]"
15,BurstSliderNote(Clone)/NoteCube/BigCuttable,"[0.000,1.000,0.000]","[0.000,0.000,0.000]","[0.000,0.000,0.000,1.000]",[],[],"[0.000,1.000,0.000]","[0.000,0.000,0.000]"
15,BurstSliderNote(Clone)/NoteCube,"[0.000,1.000,0.000]","[0.000,0.000,0.000]","[0.000,0.000,0.000,1.000]","[0.000,1.000,0.000]","[0.495,0.080,0.495]",[],[]
15,BurstSliderNote(Clone),"[0.000,1.000,0.000]","[90.000,0.000,0.000]","[0.707,0.000,0.000,0.707]",[],[],[],[]
15,BurstSliderNote(Clone)/NoteCube/Circle,"[0.000,1.000,-0.248]","[0.000,0.000,0.000]","[0.000,0.000,0.000,1.000]","[0.000,1.000,-0.248]","[0.100,0.100,0.000]",[],[]
15,BurstSliderNote(Clone)/NoteCube/SmallCuttable,"[0.000,1.000,0.000]","[0.000,0.000,0.000]","[0.000,0.000,0.000,1.000]",[],[],"[0.000,1.000,0.000]","[0.000,0.000,0.000]"
15,BurstSliderNote(Clone)/NoteCube/BigCuttable,"[0.000,1.000,0.000]","[0.000,0.000,0.000]","[0.000,0.000,0.000,1.000]",[],[],"[0.000,1.000,0.000]","[0.000,0.000,0.000]"
15,BurstSliderNote(Clone)/NoteCube,"[0.000,1.000,0.000]","[0.000,0.000,0.000]","[0.000,0.000,0.000,1.000]","[0.000,1.000,0.000]","[0.495,0.080,0.495]",[],[]
15,BurstSliderNote(Clone),"[0.000,1.000,0.000]","[90.000,0.000,0.000]","[0.707,0.000,0.000,0.707]",[],[],[],[]
15,BurstSliderNote(Clone)/NoteCube/Circle,"[0.000,1.000,-0.248]","[0.000,0.000,0.000]","[0.000,0.000,0.000,1.000]","[0.000,1.000,-0.248]","[0.100,0.100,0.000]",[],[]
15,BurstSliderNote(Clone)/NoteCube/SmallCuttable,"[0.000,1.000,0.000]","[0.000,0.000,0.000]","[0.000,0.000,0.000,1.000]",[],[],"[0.000,1.000,0.000]","[0.000,0.000,0.000]"
15,BurstSliderNote(Clone)/NoteCube/BigCuttable,"[0.000,1.000,0.000]","[0.000,0.000,0.000]","[0.000,0.000,0.000,1.000]",[],[],"[0.000,1.000,0.000]","[0.000,0.000,0.000]"
15,BurstSliderNote(Clone)/NoteCube,"[0.000,1.000,0.000]","[0.000,0.000,0.000]","[0.000,0.000,0.000,1.000]","[0.000,1.000,0.000]","[0.495,0.080,0.495]",[],[]
15,BurstSliderNote(Clone),"[0.000,1.000,0.000]","[90.000,0.000,0.000]","[0.707,0.000,0.000,0.707]",[],[],[],[]
15,BurstSliderNote(Clone)/NoteCube/Circle,"[0.000,1.000,-0.248]","[0.000,0.000,0.000]","[0.000,0.000,0.000,1.000]","[0.000,1.000,-0.248]","[0.100,0.100,0.000]",[],[]
15,BurstSliderNote(Clone)/NoteCube/SmallCuttable,"[0.000,1.000,0.000]","[0.000,0.000,0.000]","[0.000,0.000,0.000,1.000]",[],[],"[0.000,1.000,0.000]","[0.000,0.000,0.000]"
15,BurstSliderNote(Clone)/NoteCube/BigCuttable,"[0.000,1.000,0.000]","[0.000,0.000,0.000]","[0.000,0.000,0.000,1.000]",[],[],"[0.000,1.000,0.000]","[0.000,0.000,0.000]"
15,BurstSliderNote(Clone)/NoteCube,"[0.000,1.000,0.000]","[0.000,0.000,0.000]","[0.000,0.000,0.000,1.000]","[0.000,1.000,0.000]","[0.495,0.080,0.495]",[],[]
15,BurstSliderNote(Clone),"[0.000,1.000,0.000]","[90.000,0.000,0.000]","[0.707,0.000,0.000,0.707]",[],[],[],[]
15,BurstSliderNote(Clone)/NoteCube/Circle,"[0.000,1.000,-0.248]","[0.000,0.000,0.000]","[0.000,0.000,0.000,1.000]","[0.000,1.000,-0.248]","[0.100,0.100,0.000]",[],[]
15,BurstSliderNote(Clone)/NoteCube/SmallCuttable,"[0.000,1.000,0.000]","[0.000,0.000,0.000]","[0.000,0.000,0.000,1.000]",[],[],"[0.000,1.000,0.000]","[0.000,0.000,0.000]"
15,BurstSliderNote(Clone)/NoteCube/BigCuttable,"[0.000,1.000,0.000]","[0.000,0.000,0.000]","[0.000,0.000,0.000,1.000]",[],[],"[0.000,1.000,0.000]","[0.000,0.000,0.000]"
15,BurstSliderNote(Clone)/NoteCube,"[0.000,1.000,0.000]","[0.000,0.000,0.000]","[0.000,0.000,0.000,1.000]","[0.000,1.000,0.000]","[0.495,0.080,0.495]",[],[]
15,BurstSliderNote(Clone),"[0.000,1.000,0.000]","[90.000,0.000,0.000]","[0.707,0.000,0.000,0.707]",[],[],[],[]
15,BurstSliderNote(Clone)/NoteCube/Circle,"[0.000,1.000,-0.248]","[0.000,0.000,0.000]","[0.000,0.000,0.000,1.000]","[0.000,1.000,-0.248]","[0.100,0.100,0.000]",[],[]
15,BurstSliderNote(Clone)/NoteCube/SmallCuttable,"[0.000,1.000,0.000]","[0.000,0.000,0.000]","[0.000,0.000,0.000,1.000]",[],[],"[0.000,1.000,0.000]","[0.000,0.000,0.000]"
15,BurstSliderNote(Clone)/NoteCube/BigCuttable,"[0.000,1.000,0.000]","[0.000,0.000,0.000]","[0.000,0.000,0.000,1.000]",[],[],"[0.000,1.000,0.000]","[0.000,0.000,0.000]"
15,BurstSliderNote(Clone)/NoteCube,"[0.000,1.000,0.000]","[0.000,0.000,0.000]","[0.000,0.000,0.000,1.000]","[0.000,1.000,0.000]","[0.495,0.080,0.495]",[],[]
15,BurstSliderNote(Clone),"[0.000,1.000,0.000]","[90.000,0.000,0.000]","[0.707,0.000,0.000,0.707]",[],[],[],[]
15,BurstSliderNote(Clone)/NoteCube/Circle,"[0.000,1.000,-0.248]","[0.000,0.000,0.000]","[0.000,0.000,0.000,1.000]","[0.000,1.000,-0.248]","[0.100,0.100,0.000]",[],[]
15,BurstSliderNote(Clone)/NoteCube/SmallCuttable,"[0.000,1.000,0.000]","[0.000,0.000,0.000]","[0.000,0.000,0.000,1.000]",[],[],"[0.000,1.000,0.000]","[0.000,0.000,0.000]"
15,BurstSliderNote(Clone)/NoteCube/BigCuttable,"[0.000,1.000,0.000]","[0.000,0.000,0.000]","[0.000,0.000,0.000,1.000]",[],[],"[0.000,1.000,0.000]","[0.000,0.000,0.000]"
15,BurstSliderNote(Clone)/NoteCube,"[0.000,1.000,0.000]","[0.000,0.000,0.000]","[0.000,0.000,0.000,1.000]","[0.000,1.000,0.000]","[0.495,0.080,0.495]",[],[]
15,BurstSliderNote(Clone),"[0.000,1.000,0.000]","[90.000,0.000,0.000]","[0.707,0.000,0.000,0.707]",[],[],[],[]
15,BurstSliderNote(Clone)/NoteCube/Circle,"[0.000,1.000,-0.248]","[0.000,0.000,0.000]","[0.000,0.000,0.000,1.000]","[0.000,1.000,-0.248]","[0.100,0.100,0.000]",[],[]
15,BurstSliderNote(Clone)/NoteCube/SmallCuttable,"[0.000,1.000,0.000]","[0.000,0.000,0.000]","[0.000,0.000,0.000,1.000]",[],[],"[0.000,1.000,0.000]","[0.000,0.000,0.000]"
15,BurstSliderNote(Clone)/NoteCube/BigCuttable,"[0.000,1.000,0.000]","[0.000,0.000,0.000]","[0.000,0.000,0.000,1.000]",[],[],"[0.000,1.000,0.000]","[0.000,0.000,0.000]"
15,BurstSliderNote(Clone)/NoteCube,"[0.000,1.000,0.000]","[0.000,0.000,0.000]","[0.000,0.000,0.000,1.000]","[0.000,1.000,0.000]","[0.495,0.080,0.495]",[],[]
15,BurstSliderNote(Clone),"[0.000,1.000,0.000]","[90.000,0.000,0.000]","[0.707,0.000,0.000,0.707]",[],[],[],[]
15,BurstSliderNote(Clone)/NoteCube/Circle,"[0.000,1.000,-0.248]","[0.000,0.000,0.000]","[0.000,0.000,0.000,1.000]","[0.000,1.000,-0.248]","[0.100,0.100,0.000]",[],[]
15,BurstSliderNote(Clone)/NoteCube/SmallCuttable,"[0.000,1.000,0.000]","[0.000,0.000,0.000]","[0.000,0.000,0.000,1.000]",[],[],"[0.000,1.000,0.000]","[0.000,0.000,0.000]"
15,BurstSliderNote(Clone)/NoteCube/BigCuttable,"[0.000,1.000,0.000]","[0.000,0.000,0.000]","[0.000,0.000,0.000,1.000]",[],[],"[0.000,1.000,0.000]","[0.000,0.000,0.000]"
15,BurstSliderNote(Clone)/NoteCube,"[0.000,1.000,0.000]","[0.000,0.000,0.000]","[0.000,0.000,0.000,1.000]","[0.000,1.000,0.000]","[0.495,0.080,0.495]",[],[]
15,BurstSliderNote(Clone),"[0.000,1.000,0.000]","[90.000,0.000,0.000]","[0.707,0.000,0.000,0.707]",[],[],[],[]
15,BurstSliderNote(Clone)/NoteCube/Circle,"[0.000,1.000,-0.248]","[0.000,0.000,0.000]","[0.000,0.000,0.000,1.000]","[0.000,1.000,-0.248]","[0.100,0.100,0.000]",[],[]
15,BurstSliderNote(Clone)/NoteCube/SmallCuttable,"[0.000,1.000,0.000]","[0.000,0.000,0.000]","[0.000,0.000,0.000,1.000]",[],[],"[0.000,1.000,0.000]","[0.000,0.000,0.000]"
15,BurstSliderNote(Clone)/NoteCube/BigCuttable,"[0.000,1.000,0.000]","[0.000,0.000,0.000]","[0.000,0.000,0.000,1.000]",[],[],"[0.000,1.000,0.000]","[0.000,0.000,0.000]"
15,BurstSliderNote(Clone)/NoteCube,"[0.000,1.000,0.000]","[0.000,0.000,0.000]","[0.000,0.000,0.000,1.000]","[0.000,1.000,0.000]","[0.495,0.080,0.495]",[],[]
15,BurstSliderNote(Clone),"[0.000,1.000,0.000]","[90.000,0.000,0.000]","[0.707,0.000,0.000,0.707]",[],[],[],[]
15,BurstSliderNote(Clone)/NoteCube/Circle,"[0.000,1.000,-0.248]","[0.000,0.000,0.000]","[0.000,0.000,0.000,1.000]","[0.000,1.000,-0.248]","[0.100,0.100,0.000]",[],[]
15,BurstSliderNote(Clone)/NoteCube/SmallCuttable,"[0.000,1.000,0.000]","[0.000,0.000,0.000]","[0.000,0.000,0.000,1.000]",[],[],"[0.000,1.000,0.000]","[0.000,0.000,0.000]"
15,BurstSliderNote(Clone)/NoteCube/BigCuttable,"[0.000,1.000,0.000]","[0.000,0.000,0.000]","[0.000,0.000,0.000,1.000]",[],[],"[0.000,1.000,0.000]","[0.000,0.000,0.000]"
15,BurstSliderNote(Clone)/NoteCube,"[0.000,1.000,0.000]","[0.000,0.000,0.000]","[0.000,0.000,0.000,1.000]","[0.000,1.000,0.000]","[0.495,0.080,0.495]",[],[]
15,BurstSliderNote(Clone),"[0.000,1.000,0.000]","[90.000,0.000,0.000]","[0.707,0.000,0.000,0.707]",[],[],[],[]
15,BurstSliderNote(Clone)/NoteCube/Circle,"[0.000,1.000,-0.248]","[0.000,0.000,0.000]","[0.000,0.000,0.000,1.000]","[0.000,1.000,-0.248]","[0.100,0.100,0.000]",[],[]
15,BurstSliderNote(Clone)/NoteCube/SmallCuttable,"[0.000,1.000,0.000]","[0.000,0.000,0.000]","[0.000,0.000,0.000,1.000]",[],[],"[0.000,1.000,0.000]","[0.000,0.000,0.000]"
15,BurstSliderNote(Clone)/NoteCube/BigCuttable,"[0.000,1.000,0.000]","[0.000,0.000,0.000]","[0.000,0.000,0.000,1.000]",[],[],"[0.000,1.000,0.000]","[0.000,0.000,0.000]"
15,BurstSliderNote(Clone)/NoteCube,"[0.000,1.000,0.000]","[0.000,0.000,0.000]","[0.000,0.000,0.000,1.000]","[0.000,1.000,0.000]","[0.495,0.080,0.495]",[],[]
15,BurstSliderNote(Clone),"[0.000,1.000,0.000]","[90.000,0.000,0.000]","[0.707,0.000,0.000,0.707]",[],[],[],[]
15,BurstSliderNote(Clone)/NoteCube/Circle,"[0.000,1.000,-0.248]","[0.000,0.000,0.000]","[0.000,0.000,0.000,1.000]","[0.000,1.000,-0.248]","[0.100,0.100,0.000]",[],[]
15,BurstSliderNote(Clone)/NoteCube/SmallCuttable,"[0.000,1.000,0.000]","[0.000,0.000,0.000]","[0.000,0.000,0.000,1.000]",[],[],"[0.000,1.000,0.000]","[0.000,0.000,0.000]"
15,BurstSliderNote(Clone)/NoteCube/BigCuttable,"[0.000,1.000,0.000]","[0.000,0.000,0.000]","[0.000,0.000,0.000,1.000]",[],[],"[0.000,1.000,0.000]","[0.000,0.000,0.000]"
15,BurstSliderNote(Clone)/NoteCube,"[0.000,1.000,0.000]","[0.000,0.000,0.000]","[0.000,0.000,0.000,1.000]","[0.000,1.000,0.000]","[0.495,0.080,0.495]",[],[]
15,BurstSliderNote(Clone),"[0.000,1.000,0.000]","[90.000,0.000,0.000]","[0.707,0.000,0.000,0.707]",[],[],[],[]
15,BurstSliderHeadNote(Clone)/NoteCube/NoteCircleGlow,"[0.000,1.000,-0.253]","[0.000,0.000,0.000]","[0.000,0.000,0.000,1.000]","[0.000,1.000,-0.253]","[0.500,0.500,0.000]",[],[]
15,BurstSliderHeadNote(Clone)/NoteCube/NoteArrowGlow,"[0.000,1.104,-0.253]","[0.000,0.000,0.000]","[0.000,0.000,0.000,1.000]","[0.000,1.104,-0.253]","[0.560,0.280,0.000]",[],[]
15,BurstSliderHeadNote(Clone)/NoteCube/NoteArrow,"[0.000,1.108,-0.254]","[0.000,0.000,0.000]","[0.000,0.000,0.000,1.000]","[0.000,1.105,-0.254]","[0.300,0.090,0.010]",[],[]
15,BurstSliderHeadNote(Clone)/NoteCube/SmallCuttable,"[0.000,1.000,0.000]","[0.000,0.000,0.000]","[0.000,0.000,0.000,1.000]",[],[],"[0.000,1.000,0.000]","[0.000,0.000,0.000]"
15,BurstSliderHeadNote(Clone)/NoteCube/BigCuttable,"[0.000,1.000,0.000]","[0.000,0.000,0.000]","[0.000,0.000,0.000,1.000]",[],[],"[0.000,1.000,0.000]","[0.000,0.000,0.000]"
15,BurstSliderHeadNote(Clone)/NoteCube,"[0.000,1.000,0.000]","[0.000,0.000,0.000]","[0.000,0.000,0.000,1.000]","[0.000,1.104,0.000]","[0.495,0.287,0.495]",[],[]
15,BurstSliderHeadNote(Clone),"[0.000,1.000,0.000]","[90.000,0.000,0.000]","[0.707,0.000,0.000,0.707]",[],[],[],[]
15,BurstSliderHeadNote(Clone)/NoteCube/NoteCircleGlow,"[0.000,1.000,-0.253]","[0.000,0.000,0.000]","[0.000,0.000,0.000,1.000]","[0.000,1.000,-0.253]","[0.500,0.500,0.000]",[],[]
15,BurstSliderHeadNote(Clone)/NoteCube/NoteArrowGlow,"[0.000,1.104,-0.253]","[0.000,0.000,0.000]","[0.000,0.000,0.000,1.000]","[0.000,1.104,-0.253]","[0.560,0.280,0.000]",[],[]
15,BurstSliderHeadNote(Clone)/NoteCube/NoteArrow,"[0.000,1.108,-0.254]","[0.000,0.000,0.000]","[0.000,0.000,0.000,1.000]","[0.000,1.105,-0.254]","[0.300,0.090,0.010]",[],[]
15,BurstSliderHeadNote(Clone)/NoteCube/SmallCuttable,"[0.000,1.000,0.000]","[0.000,0.000,0.000]","[0.000,0.000,0.000,1.000]",[],[],"[0.000,1.000,0.000]","[0.000,0.000,0.000]"
15,BurstSliderHeadNote(Clone)/NoteCube/BigCuttable,"[0.000,1.000,0.000]","[0.000,0.000,0.000]","[0.000,0.000,0.000,1.000]",[],[],"[0.000,1.000,0.000]","[0.000,0.000,0.000]"
15,BurstSliderHeadNote(Clone)/NoteCube,"[0.000,1.000,0.000]","[0.000,0.000,0.000]","[0.000,0.000,0.000,1.000]","[0.000,1.104,0.000]","[0.495,0.287,0.495]",[],[]
15,BurstSliderHeadNote(Clone),"[0.000,1.000,0.000]","[90.000,0.000,0.000]","[0.707,0.000,0.000,0.707]",[],[],[],[]
15,BurstSliderHeadNote(Clone)/NoteCube/NoteCircleGlow,"[0.000,1.000,-0.253]","[0.000,0.000,0.000]","[0.000,0.000,0.000,1.000]","[0.000,1.000,-0.253]","[0.500,0.500,0.000]",[],[]
15,BurstSliderHeadNote(Clone)/NoteCube/NoteArrowGlow,"[0.000,1.104,-0.253]","[0.000,0.000,0.000]","[0.000,0.000,0.000,1.000]","[0.000,1.104,-0.253]","[0.560,0.280,0.000]",[],[]
15,BurstSliderHeadNote(Clone)/NoteCube/NoteArrow,"[0.000,1.108,-0.254]","[0.000,0.000,0.000]","[0.000,0.000,0.000,1.000]","[0.000,1.105,-0.254]","[0.300,0.090,0.010]",[],[]
15,BurstSliderHeadNote(Clone)/NoteCube/SmallCuttable,"[0.000,1.000,0.000]","[0.000,0.000,0.000]","[0.000,0.000,0.000,1.000]",[],[],"[0.000,1.000,0.000]","[0.000,0.000,0.000]"
15,BurstSliderHeadNote(Clone)/NoteCube/BigCuttable,"[0.000,1.000,0.000]","[0.000,0.000,0.000]","[0.000,0.000,0.000,1.000]",[],[],"[0.000,1.000,0.000]","[0.000,0.000,0.000]"
15,BurstSliderHeadNote(Clone)/NoteCube,"[0.000,1.000,0.000]","[0.000,0.000,0.000]","[0.000,0.000,0.000,1.000]","[0.000,1.104,0.000]","[0.495,0.287,0.495]",[],[]
15,BurstSliderHeadNote(Clone),"[0.000,1.000,0.000]","[90.000,0.000,0.000]","[0.707,0.000,0.000,0.707]",[],[],[],[]
15,BurstSliderHeadNote(Clone)/NoteCube/NoteCircleGlow,"[0.000,1.000,-0.253]","[0.000,0.000,0.000]","[0.000,0.000,0.000,1.000]","[0.000,1.000,-0.253]","[0.500,0.500,0.000]",[],[]
15,BurstSliderHeadNote(Clone)/NoteCube/NoteArrowGlow,"[0.000,1.104,-0.253]","[0.000,0.000,0.000]","[0.000,0.000,0.000,1.000]","[0.000,1.104,-0.253]","[0.560,0.280,0.000]",[],[]
15,BurstSliderHeadNote(Clone)/NoteCube/NoteArrow,"[0.000,1.108,-0.254]","[0.000,0.000,0.000]","[0.000,0.000,0.000,1.000]","[0.000,1.105,-0.254]","[0.300,0.090,0.010]",[],[]
15,BurstSliderHeadNote(Clone)/NoteCube/SmallCuttable,"[0.000,1.000,0.000]","[0.000,0.000,0.000]","[0.000,0.000,0.000,1.000]",[],[],"[0.000,1.000,0.000]","[0.000,0.000,0.000]"
15,BurstSliderHeadNote(Clone)/NoteCube/BigCuttable,"[0.000,1.000,0.000]","[0.000,0.000,0.000]","[0.000,0.000,0.000,1.000]",[],[],"[0.000,1.000,0.000]","[0.000,0.000,0.000]"
15,BurstSliderHeadNote(Clone)/NoteCube,"[0.000,1.000,0.000]","[0.000,0.000,0.000]","[0.000,0.000,0.000,1.000]","[0.000,1.104,0.000]","[0.495,0.287,0.495]",[],[]
15,BurstSliderHeadNote(Clone),"[0.000,1.000,0.000]","[90.000,0.000,0.000]","[0.707,0.000,0.000,0.707]",[],[],[],[]
15,BurstSliderHeadNote(Clone)/NoteCube/NoteCircleGlow,"[0.000,1.000,-0.253]","[0.000,0.000,0.000]","[0.000,0.000,0.000,1.000]","[0.000,1.000,-0.253]","[0.500,0.500,0.000]",[],[]
15,BurstSliderHeadNote(Clone)/NoteCube/NoteArrowGlow,"[0.000,1.104,-0.253]","[0.000,0.000,0.000]","[0.000,0.000,0.000,1.000]","[0.000,1.104,-0.253]","[0.560,0.280,0.000]",[],[]
15,BurstSliderHeadNote(Clone)/NoteCube/NoteArrow,"[0.000,1.108,-0.254]","[0.000,0.000,0.000]","[0.000,0.000,0.000,1.000]","[0.000,1.105,-0.254]","[0.300,0.090,0.010]",[],[]
15,BurstSliderHeadNote(Clone)/NoteCube/SmallCuttable,"[0.000,1.000,0.000]","[0.000,0.000,0.000]","[0.000,0.000,0.000,1.000]",[],[],"[0.000,1.000,0.000]","[0.000,0.000,0.000]"
15,BurstSliderHeadNote(Clone)/NoteCube/BigCuttable,"[0.000,1.000,0.000]","[0.000,0.000,0.000]","[0.000,0.000,0.000,1.000]",[],[],"[0.000,1.000,0.000]","[0.000,0.000,0.000]"
15,BurstSliderHeadNote(Clone)/NoteCube,"[0.000,1.000,0.000]","[0.000,0.000,0.000]","[0.000,0.000,0.000,1.000]","[0.000,1.104,0.000]","[0.495,0.287,0.495]",[],[]
15,BurstSliderHeadNote(Clone),"[0.000,1.000,0.000]","[90.000,0.000,0.000]","[0.707,0.000,0.000,0.707]",[],[],[],[]
15,BurstSliderHeadNote(Clone)/NoteCube/NoteCircleGlow,"[0.000,1.000,-0.253]","[0.000,0.000,0.000]","[0.000,0.000,0.000,1.000]","[0.000,1.000,-0.253]","[0.500,0.500,0.000]",[],[]
15,BurstSliderHeadNote(Clone)/NoteCube/NoteArrowGlow,"[0.000,1.104,-0.253]","[0.000,0.000,0.000]","[0.000,0.000,0.000,1.000]","[0.000,1.104,-0.253]","[0.560,0.280,0.000]",[],[]
15,BurstSliderHeadNote(Clone)/NoteCube/NoteArrow,"[0.000,1.108,-0.254]","[0.000,0.000,0.000]","[0.000,0.000,0.000,1.000]","[0.000,1.105,-0.254]","[0.300,0.090,0.010]",[],[]
15,BurstSliderHeadNote(Clone)/NoteCube/SmallCuttable,"[0.000,1.000,0.000]","[0.000,0.000,0.000]","[0.000,0.000,0.000,1.000]",[],[],"[0.000,1.000,0.000]","[0.000,0.000,0.000]"
15,BurstSliderHeadNote(Clone)/NoteCube/BigCuttable,"[0.000,1.000,0.000]","[0.000,0.000,0.000]","[0.000,0.000,0.000,1.000]",[],[],"[0.000,1.000,0.000]","[0.000,0.000,0.000]"
15,BurstSliderHeadNote(Clone)/NoteCube,"[0.000,1.000,0.000]","[0.000,0.000,0.000]","[0.000,0.000,0.000,1.000]","[0.000,1.104,0.000]","[0.495,0.287,0.495]",[],[]
15,BurstSliderHeadNote(Clone),"[0.000,1.000,0.000]","[90.000,0.000,0.000]","[0.707,0.000,0.000,0.707]",[],[],[],[]
15,BurstSliderHeadNote(Clone)/NoteCube/NoteCircleGlow,"[0.000,1.000,-0.253]","[0.000,0.000,0.000]","[0.000,0.000,0.000,1.000]","[0.000,1.000,-0.253]","[0.500,0.500,0.000]",[],[]
15,BurstSliderHeadNote(Clone)/NoteCube/NoteArrowGlow,"[0.000,1.104,-0.253]","[0.000,0.000,0.000]","[0.000,0.000,0.000,1.000]","[0.000,1.104,-0.253]","[0.560,0.280,0.000]",[],[]
15,BurstSliderHeadNote(Clone)/NoteCube/NoteArrow,"[0.000,1.108,-0.254]","[0.000,0.000,0.000]","[0.000,0.000,0.000,1.000]","[0.000,1.105,-0.254]","[0.300,0.090,0.010]",[],[]
15,BurstSliderHeadNote(Clone)/NoteCube/SmallCuttable,"[0.000,1.000,0.000]","[0.000,0.000,0.000]","[0.000,0.000,0.000,1.000]",[],[],"[0.000,1.000,0.000]","[0.000,0.000,0.000]"
15,BurstSliderHeadNote(Clone)/NoteCube/BigCuttable,"[0.000,1.000,0.000]","[0.000,0.000,0.000]","[0.000,0.000,0.000,1.000]",[],[],"[0.000,1.000,0.000]","[0.000,0.000,0.000]"
15,BurstSliderHeadNote(Clone)/NoteCube,"[0.000,1.000,0.000]","[0.000,0.000,0.000]","[0.000,0.000,0.000,1.000]","[0.000,1.104,0.000]","[0.495,0.287,0.495]",[],[]
15,BurstSliderHeadNote(Clone),"[0.000,1.000,0.000]","[90.000,0.000,0.000]","[0.707,0.000,0.000,0.707]",[],[],[],[]
15,BurstSliderHeadNote(Clone)/NoteCube/NoteCircleGlow,"[0.000,1.000,-0.253]","[0.000,0.000,0.000]","[0.000,0.000,0.000,1.000]","[0.000,1.000,-0.253]","[0.500,0.500,0.000]",[],[]
15,BurstSliderHeadNote(Clone)/NoteCube/NoteArrowGlow,"[0.000,1.104,-0.253]","[0.000,0.000,0.000]","[0.000,0.000,0.000,1.000]","[0.000,1.104,-0.253]","[0.560,0.280,0.000]",[],[]
15,BurstSliderHeadNote(Clone)/NoteCube/NoteArrow,"[0.000,1.108,-0.254]","[0.000,0.000,0.000]","[0.000,0.000,0.000,1.000]","[0.000,1.105,-0.254]","[0.300,0.090,0.010]",[],[]
15,BurstSliderHeadNote(Clone)/NoteCube/SmallCuttable,"[0.000,1.000,0.000]","[0.000,0.000,0.000]","[0.000,0.000,0.000,1.000]",[],[],"[0.000,1.000,0.000]","[0.000,0.000,0.000]"
15,BurstSliderHeadNote(Clone)/NoteCube/BigCuttable,"[0.000,1.000,0.000]","[0.000,0.000,0.000]","[0.000,0.000,0.000,1.000]",[],[],"[0.000,1.000,0.000]","[0.000,0.000,0.000]"
15,BurstSliderHeadNote(Clone)/NoteCube,"[0.000,1.000,0.000]","[0.000,0.000,0.000]","[0.000,0.000,0.000,1.000]","[0.000,1.104,0.000]","[0.495,0.287,0.495]",[],[]
15,BurstSliderHeadNote(Clone),"[0.000,1.000,0.000]","[90.000,0.000,0.000]","[0.707,0.000,0.000,0.707]",[],[],[],[]
15,BurstSliderHeadNote(Clone)/NoteCube/NoteCircleGlow,"[0.000,1.000,-0.253]","[0.000,0.000,0.000]","[0.000,0.000,0.000,1.000]","[0.000,1.000,-0.253]","[0.500,0.500,0.000]",[],[]
15,BurstSliderHeadNote(Clone)/NoteCube/NoteArrowGlow,"[0.000,1.104,-0.253]","[0.000,0.000,0.000]","[0.000,0.000,0.000,1.000]","[0.000,1.104,-0.253]","[0.560,0.280,0.000]",[],[]
15,BurstSliderHeadNote(Clone)/NoteCube/NoteArrow,"[0.000,1.108,-0.254]","[0.000,0.000,0.000]","[0.000,0.000,0.000,1.000]","[0.000,1.105,-0.254]","[0.300,0.090,0.010]",[],[]
15,BurstSliderHeadNote(Clone)/NoteCube/SmallCuttable,"[0.000,1.000,0.000]","[0.000,0.000,0.000]","[0.000,0.000,0.000,1.000]",[],[],"[0.000,1.000,0.000]","[0.000,0.000,0.000]"
15,BurstSliderHeadNote(Clone)/NoteCube/BigCuttable,"[0.000,1.000,0.000]","[0.000,0.000,0.000]","[0.000,0.000,0.000,1.000]",[],[],"[0.000,1.000,0.000]","[0.000,0.000,0.000]"
15,BurstSliderHeadNote(Clone)/NoteCube,"[0.000,1.000,0.000]","[0.000,0.000,0.000]","[0.000,0.000,0.000,1.000]","[0.000,1.104,0.000]","[0.495,0.287,0.495]",[],[]
15,BurstSliderHeadNote(Clone),"[0.000,1.000,0.000]","[90.000,0.000,0.000]","[0.707,0.000,0.000,0.707]",[],[],[],[]
15,BurstSliderHeadNote(Clone)/NoteCube/NoteCircleGlow,"[0.000,1.000,-0.253]","[0.000,0.000,0.000]","[0.000,0.000,0.000,1.000]","[0.000,1.000,-0.253]","[0.500,0.500,0.000]",[],[]
15,BurstSliderHeadNote(Clone)/NoteCube/NoteArrowGlow,"[0.000,1.104,-0.253]","[0.000,0.000,0.000]","[0.000,0.000,0.000,1.000]","[0.000,1.104,-0.253]","[0.560,0.280,0.000]",[],[]
15,BurstSliderHeadNote(Clone)/NoteCube/NoteArrow,"[0.000,1.108,-0.254]","[0.000,0.000,0.000]","[0.000,0.000,0.000,1.000]","[0.000,1.105,-0.254]","[0.300,0.090,0.010]",[],[]
15,BurstSliderHeadNote(Clone)/NoteCube/SmallCuttable,"[0.000,1.000,0.000]","[0.000,0.000,0.000]","[0.000,0.000,0.000,1.000]",[],[],"[0.000,1.000,0.000]","[0.000,0.000,0.000]"
15,BurstSliderHeadNote(Clone)/NoteCube/BigCuttable,"[0.000,1.000,0.000]","[0.000,0.000,0.000]","[0.000,0.000,0.000,1.000]",[],[],"[0.000,1.000,0.000]","[0.000,0.000,0.000]"
15,BurstSliderHeadNote(Clone)/NoteCube,"[0.000,1.000,0.000]","[0.000,0.000,0.000]","[0.000,0.000,0.000,1.000]","[0.000,1.104,0.000]","[0.495,0.287,0.495]",[],[]
15,BurstSliderHeadNote(Clone),"[0.000,1.000,0.000]","[90.000,0.000,0.000]","[0.707,0.000,0.000,0.707]",[],[],[],[]
15,NormalGameNote(Clone)/NoteCube/NoteCircleGlow,"[-0.788,0.666,1.313]","[3.489,333.622,0.047]","[0.030,-0.228,0.007,0.973]","[-0.788,0.666,1.313]","[0.462,0.499,0.249]",[],[]
15,NormalGameNote(Clone)/NoteCube/NoteArrowGlow,"[-0.791,0.770,1.318]","[3.489,333.622,0.047]","[0.030,-0.228,0.007,0.973]","[-0.791,0.770,1.318]","[0.509,0.280,0.264]",[],[]
15,NormalGameNote(Clone)/NoteCube/NoteArrow,"[-0.791,0.774,1.318]","[3.489,333.622,0.047]","[0.030,-0.228,0.007,0.973]","[-0.790,0.771,1.318]","[0.276,0.091,0.147]",[],[]
15,NormalGameNote(Clone)/NoteCube/SmallCuttable,"[-0.900,0.651,1.539]","[3.489,333.622,0.047]","[0.030,-0.228,0.007,0.973]",[],[],"[-0.900,0.651,1.539]","[0.000,0.000,0.000]"
15,NormalGameNote(Clone)/NoteCube/BigCuttable,"[-0.900,0.651,1.539]","[3.489,333.622,0.047]","[0.030,-0.228,0.007,0.973]",[],[],"[-0.900,0.651,1.539]","[0.000,0.000,0.000]"
15,NormalGameNote(Clone)/NoteCube,"[-0.900,0.651,1.539]","[3.489,333.622,0.047]","[0.030,-0.228,0.007,0.973]","[-0.900,0.651,1.539]","[0.676,0.524,0.689]",[],[]
15,NormalGameNote(Clone),"[-0.900,0.651,1.539]","[0.000,0.000,0.000]","[0.000,0.000,0.000,1.000]",[],[],[],[]
15,NormalGameNote(Clone)/NoteCube/NoteCircleGlow,"[-0.879,0.430,11.478]","[2.173,355.257,251.190]","[0.045,-0.009,-0.812,0.582]","[-0.879,0.430,11.478]","[0.631,0.634,0.064]",[],[]
15,NormalGameNote(Clone)/NoteCube/NoteArrowGlow,"[-0.781,0.396,11.485]","[2.173,355.257,251.190]","[0.045,-0.009,-0.812,0.582]","[-0.781,0.396,11.485]","[0.443,0.620,0.053]",[],[]
15,NormalGameNote(Clone)/NoteCube/NoteArrow,"[-0.777,0.395,11.485]","[2.173,355.257,251.190]","[0.045,-0.009,-0.812,0.582]","[-0.780,0.396,11.485]","[0.181,0.313,0.035]",[],[]
15,NormalGameNote(Clone)/NoteCube/SmallCuttable,"[-0.900,0.420,11.730]","[2.173,355.257,251.190]","[0.045,-0.009,-0.812,0.582]",[],[],"[-0.900,0.420,11.730]","[0.000,0.000,0.000]"
15,NormalGameNote(Clone)/NoteCube/BigCuttable,"[-0.900,0.420,11.730]","[2.173,355.257,251.190]","[0.045,-0.009,-0.812,0.582]",[],[],"[-0.900,0.420,11.730]","[0.000,0.000,0.000]"
15,NormalGameNote(Clone)/NoteCube,"[-0.900,0.420,11.730]","[2.173,355.257,251.190]","[0.045,-0.009,-0.812,0.582]","[-0.900,0.420,11.730]","[0.666,0.646,0.556]",[],[]
15,NormalGameNote(Clone),"[-0.900,0.420,11.730]","[0.000,0.000,0.000]","[0.000,0.000,0.000,1.000]",[],[],[],[]
15,NormalGameNote(Clone)/NoteCube/NoteCircleGlow,"[0.000,1.000,-0.253]","[0.000,0.000,0.000]","[0.000,0.000,0.000,1.000]","[0.000,1.000,-0.253]","[0.500,0.500,0.000]",[],[]
15,NormalGameNote(Clone)/NoteCube/NoteArrowGlow,"[0.000,1.104,-0.253]","[0.000,0.000,0.000]","[0.000,0.000,0.000,1.000]","[0.000,1.104,-0.253]","[0.560,0.280,0.000]",[],[]
15,NormalGameNote(Clone)/NoteCube/NoteArrow,"[0.000,1.108,-0.254]","[0.000,0.000,0.000]","[0.000,0.000,0.000,1.000]","[0.000,1.105,-0.254]","[0.300,0.090,0.010]",[],[]
15,NormalGameNote(Clone)/NoteCube/SmallCuttable,"[0.000,1.000,0.000]","[0.000,0.000,0.000]","[0.000,0.000,0.000,1.000]",[],[],"[0.000,1.000,0.000]","[0.000,0.000,0.000]"
15,NormalGameNote(Clone)/NoteCube/BigCuttable,"[0.000,1.000,0.000]","[0.000,0.000,0.000]","[0.000,0.000,0.000,1.000]",[],[],"[0.000,1.000,0.000]","[0.000,0.000,0.000]"
15,NormalGameNote(Clone)/NoteCube,"[0.000,1.000,0.000]","[0.000,0.000,0.000]","[0.000,0.000,0.000,1.000]","[0.000,1.000,0.000]","[0.495,0.495,0.495]",[],[]
15,NormalGameNote(Clone),"[0.000,1.000,0.000]","[90.000,0.000,0.000]","[0.707,0.000,0.000,0.707]",[],[],[],[]
15,NormalGameNote(Clone)/NoteCube/NoteCircleGlow,"[0.000,1.000,-0.253]","[0.000,0.000,0.000]","[0.000,0.000,0.000,1.000]","[0.000,1.000,-0.253]","[0.500,0.500,0.000]",[],[]
15,NormalGameNote(Clone)/NoteCube/NoteArrowGlow,"[0.000,1.104,-0.253]","[0.000,0.000,0.000]","[0.000,0.000,0.000,1.000]","[0.000,1.104,-0.253]","[0.560,0.280,0.000]",[],[]
15,NormalGameNote(Clone)/NoteCube/NoteArrow,"[0.000,1.108,-0.254]","[0.000,0.000,0.000]","[0.000,0.000,0.000,1.000]","[0.000,1.105,-0.254]","[0.300,0.090,0.010]",[],[]
15,NormalGameNote(Clone)/NoteCube/SmallCuttable,"[0.000,1.000,0.000]","[0.000,0.000,0.000]","[0.000,0.000,0.000,1.000]",[],[],"[0.000,1.000,0.000]","[0.000,0.000,0.000]"
15,NormalGameNote(Clone)/NoteCube/BigCuttable,"[0.000,1.000,0.000]","[0.000,0.000,0.000]","[0.000,0.000,0.000,1.000]",[],[],"[0.000,1.000,0.000]","[0.000,0.000,0.000]"
15,NormalGameNote(Clone)/NoteCube,"[0.000,1.000,0.000]","[0.000,0.000,0.000]","[0.000,0.000,0.000,1.000]","[0.000,1.000,0.000]","[0.495,0.495,0.495]",[],[]
15,NormalGameNote(Clone),"[0.000,1.000,0.000]","[90.000,0.000,0.000]","[0.707,0.000,0.000,0.707]",[],[],[],[]
15,NormalGameNote(Clone)/NoteCube/NoteCircleGlow,"[0.000,1.000,-0.253]","[0.000,0.000,0.000]","[0.000,0.000,0.000,1.000]","[0.000,1.000,-0.253]","[0.500,0.500,0.000]",[],[]
15,NormalGameNote(Clone)/NoteCube/NoteArrowGlow,"[0.000,1.104,-0.253]","[0.000,0.000,0.000]","[0.000,0.000,0.000,1.000]","[0.000,1.104,-0.253]","[0.560,0.280,0.000]",[],[]
15,NormalGameNote(Clone)/NoteCube/NoteArrow,"[0.000,1.108,-0.254]","[0.000,0.000,0.000]","[0.000,0.000,0.000,1.000]","[0.000,1.105,-0.254]","[0.300,0.090,0.010]",[],[]
15,NormalGameNote(Clone)/NoteCube/SmallCuttable,"[0.000,1.000,0.000]","[0.000,0.000,0.000]","[0.000,0.000,0.000,1.000]",[],[],"[0.000,1.000,0.000]","[0.000,0.000,0.000]"
15,NormalGameNote(Clone)/NoteCube/BigCuttable,"[0.000,1.000,0.000]","[0.000,0.000,0.000]","[0.000,0.000,0.000,1.000]",[],[],"[0.000,1.000,0.000]","[0.000,0.000,0.000]"
15,NormalGameNote(Clone)/NoteCube,"[0.000,1.000,0.000]","[0.000,0.000,0.000]","[0.000,0.000,0.000,1.000]","[0.000,1.000,0.000]","[0.495,0.495,0.495]",[],[]
15,NormalGameNote(Clone),"[0.000,1.000,0.000]","[90.000,0.000,0.000]","[0.707,0.000,0.000,0.707]",[],[],[],[]
15,NormalGameNote(Clone)/NoteCube/NoteCircleGlow,"[0.000,1.000,-0.253]","[0.000,0.000,0.000]","[0.000,0.000,0.000,1.000]","[0.000,1.000,-0.253]","[0.500,0.500,0.000]",[],[]
15,NormalGameNote(Clone)/NoteCube/NoteArrowGlow,"[0.000,1.104,-0.253]","[0.000,0.000,0.000]","[0.000,0.000,0.000,1.000]","[0.000,1.104,-0.253]","[0.560,0.280,0.000]",[],[]
15,NormalGameNote(Clone)/NoteCube/NoteArrow,"[0.000,1.108,-0.254]","[0.000,0.000,0.000]","[0.000,0.000,0.000,1.000]","[0.000,1.105,-0.254]","[0.300,0.090,0.010]",[],[]
15,NormalGameNote(Clone)/NoteCube/SmallCuttable,"[0.000,1.000,0.000]","[0.000,0.000,0.000]","[0.000,0.000,0.000,1.000]",[],[],"[0.000,1.000,0.000]","[0.000,0.000,0.000]"
15,NormalGameNote(Clone)/NoteCube/BigCuttable,"[0.000,1.000,0.000]","[0.000,0.000,0.000]","[0.000,0.000,0.000,1.000]",[],[],"[0.000,1.000,0.000]","[0.000,0.000,0.000]"
15,NormalGameNote(Clone)/NoteCube,"[0.000,1.000,0.000]","[0.000,0.000,0.000]","[0.000,0.000,0.000,1.000]","[0.000,1.000,0.000]","[0.495,0.495,0.495]",[],[]
15,NormalGameNote(Clone),"[0.000,1.000,0.000]","[90.000,0.000,0.000]","[0.707,0.000,0.000,0.707]",[],[],[],[]
15,NormalGameNote(Clone)/NoteCube/NoteCircleGlow,"[0.000,1.000,-0.253]","[0.000,0.000,0.000]","[0.000,0.000,0.000,1.000]","[0.000,1.000,-0.253]","[0.500,0.500,0.000]",[],[]
15,NormalGameNote(Clone)/NoteCube/NoteArrowGlow,"[0.000,1.104,-0.253]","[0.000,0.000,0.000]","[0.000,0.000,0.000,1.000]","[0.000,1.104,-0.253]","[0.560,0.280,0.000]",[],[]
15,NormalGameNote(Clone)/NoteCube/NoteArrow,"[0.000,1.108,-0.254]","[0.000,0.000,0.000]","[0.000,0.000,0.000,1.000]","[0.000,1.105,-0.254]","[0.300,0.090,0.010]",[],[]
15,NormalGameNote(Clone)/NoteCube/SmallCuttable,"[0.000,1.000,0.000]","[0.000,0.000,0.000]","[0.000,0.000,0.000,1.000]",[],[],"[0.000,1.000,0.000]","[0.000,0.000,0.000]"
15,NormalGameNote(Clone)/NoteCube/BigCuttable,"[0.000,1.000,0.000]","[0.000,0.000,0.000]","[0.000,0.000,0.000,1.000]",[],[],"[0.000,1.000,0.000]","[0.000,0.000,0.000]"
15,NormalGameNote(Clone)/NoteCube,"[0.000,1.000,0.000]","[0.000,0.000,0.000]","[0.000,0.000,0.000,1.000]","[0.000,1.000,0.000]","[0.495,0.495,0.495]",[],[]
15,NormalGameNote(Clone),"[0.000,1.000,0.000]","[90.000,0.000,0.000]","[0.707,0.000,0.000,0.707]",[],[],[],[]
15,NormalGameNote(Clone)/NoteCube/NoteCircleGlow,"[0.000,1.000,-0.253]","[0.000,0.000,0.000]","[0.000,0.000,0.000,1.000]","[0.000,1.000,-0.253]","[0.500,0.500,0.000]",[],[]
15,NormalGameNote(Clone)/NoteCube/NoteArrowGlow,"[0.000,1.104,-0.253]","[0.000,0.000,0.000]","[0.000,0.000,0.000,1.000]","[0.000,1.104,-0.253]","[0.560,0.280,0.000]",[],[]
15,NormalGameNote(Clone)/NoteCube/NoteArrow,"[0.000,1.108,-0.254]","[0.000,0.000,0.000]","[0.000,0.000,0.000,1.000]","[0.000,1.105,-0.254]","[0.300,0.090,0.010]",[],[]
15,NormalGameNote(Clone)/NoteCube/SmallCuttable,"[0.000,1.000,0.000]","[0.000,0.000,0.000]","[0.000,0.000,0.000,1.000]",[],[],"[0.000,1.000,0.000]","[0.000,0.000,0.000]"
15,NormalGameNote(Clone)/NoteCube/BigCuttable,"[0.000,1.000,0.000]","[0.000,0.000,0.000]","[0.000,0.000,0.000,1.000]",[],[],"[0.000,1.000,0.000]","[0.000,0.000,0.000]"
15,NormalGameNote(Clone)/NoteCube,"[0.000,1.000,0.000]","[0.000,0.000,0.000]","[0.000,0.000,0.000,1.000]","[0.000,1.000,0.000]","[0.495,0.495,0.495]",[],[]
15,NormalGameNote(Clone),"[0.000,1.000,0.000]","[90.000,0.000,0.000]","[0.707,0.000,0.000,0.707]",[],[],[],[]
15,NormalGameNote(Clone)/NoteCube/NoteCircleGlow,"[0.000,1.000,-0.253]","[0.000,0.000,0.000]","[0.000,0.000,0.000,1.000]","[0.000,1.000,-0.253]","[0.500,0.500,0.000]",[],[]
15,NormalGameNote(Clone)/NoteCube/NoteArrowGlow,"[0.000,1.104,-0.253]","[0.000,0.000,0.000]","[0.000,0.000,0.000,1.000]","[0.000,1.104,-0.253]","[0.560,0.280,0.000]",[],[]
15,NormalGameNote(Clone)/NoteCube/NoteArrow,"[0.000,1.108,-0.254]","[0.000,0.000,0.000]","[0.000,0.000,0.000,1.000]","[0.000,1.105,-0.254]","[0.300,0.090,0.010]",[],[]
15,NormalGameNote(Clone)/NoteCube/SmallCuttable,"[0.000,1.000,0.000]","[0.000,0.000,0.000]","[0.000,0.000,0.000,1.000]",[],[],"[0.000,1.000,0.000]","[0.000,0.000,0.000]"
15,NormalGameNote(Clone)/NoteCube/BigCuttable,"[0.000,1.000,0.000]","[0.000,0.000,0.000]","[0.000,0.000,0.000,1.000]",[],[],"[0.000,1.000,0.000]","[0.000,0.000,0.000]"
15,NormalGameNote(Clone)/NoteCube,"[0.000,1.000,0.000]","[0.000,0.000,0.000]","[0.000,0.000,0.000,1.000]","[0.000,1.000,0.000]","[0.495,0.495,0.495]",[],[]
15,NormalGameNote(Clone),"[0.000,1.000,0.000]","[90.000,0.000,0.000]","[0.707,0.000,0.000,0.707]",[],[],[],[]
15,NormalGameNote(Clone)/NoteCube/NoteCircleGlow,"[0.000,1.000,-0.253]","[0.000,0.000,0.000]","[0.000,0.000,0.000,1.000]","[0.000,1.000,-0.253]","[0.500,0.500,0.000]",[],[]
15,NormalGameNote(Clone)/NoteCube/NoteArrowGlow,"[0.000,1.104,-0.253]","[0.000,0.000,0.000]","[0.000,0.000,0.000,1.000]","[0.000,1.104,-0.253]","[0.560,0.280,0.000]",[],[]
15,NormalGameNote(Clone)/NoteCube/NoteArrow,"[0.000,1.108,-0.254]","[0.000,0.000,0.000]","[0.000,0.000,0.000,1.000]","[0.000,1.105,-0.254]","[0.300,0.090,0.010]",[],[]
15,NormalGameNote(Clone)/NoteCube/SmallCuttable,"[0.000,1.000,0.000]","[0.000,0.000,0.000]","[0.000,0.000,0.000,1.000]",[],[],"[0.000,1.000,0.000]","[0.000,0.000,0.000]"
15,NormalGameNote(Clone)/NoteCube/BigCuttable,"[0.000,1.000,0.000]","[0.000,0.000,0.000]","[0.000,0.000,0.000,1.000]",[],[],"[0.000,1.000,0.000]","[0.000,0.000,0.000]"
15,NormalGameNote(Clone)/NoteCube,"[0.000,1.000,0.000]","[0.000,0.000,0.000]","[0.000,0.000,0.000,1.000]","[0.000,1.000,0.000]","[0.495,0.495,0.495]",[],[]
15,NormalGameNote(Clone),"[0.000,1.000,0.000]","[90.000,0.000,0.000]","[0.707,0.000,0.000,0.707]",[],[],[],[]
15,NormalGameNote(Clone)/NoteCube/NoteCircleGlow,"[0.000,1.000,-0.253]","[0.000,0.000,0.000]","[0.000,0.000,0.000,1.000]","[0.000,1.000,-0.253]","[0.500,0.500,0.000]",[],[]
15,NormalGameNote(Clone)/NoteCube/NoteArrowGlow,"[0.000,1.104,-0.253]","[0.000,0.000,0.000]","[0.000,0.000,0.000,1.000]","[0.000,1.104,-0.253]","[0.560,0.280,0.000]",[],[]
15,NormalGameNote(Clone)/NoteCube/NoteArrow,"[0.000,1.108,-0.254]","[0.000,0.000,0.000]","[0.000,0.000,0.000,1.000]","[0.000,1.105,-0.254]","[0.300,0.090,0.010]",[],[]
15,NormalGameNote(Clone)/NoteCube/SmallCuttable,"[0.000,1.000,0.000]","[0.000,0.000,0.000]","[0.000,0.000,0.000,1.000]",[],[],"[0.000,1.000,0.000]","[0.000,0.000,0.000]"
15,NormalGameNote(Clone)/NoteCube/BigCuttable,"[0.000,1.000,0.000]","[0.000,0.000,0.000]","[0.000,0.000,0.000,1.000]",[],[],"[0.000,1.000,0.000]","[0.000,0.000,0.000]"
15,NormalGameNote(Clone)/NoteCube,"[0.000,1.000,0.000]","[0.000,0.000,0.000]","[0.000,0.000,0.000,1.000]","[0.000,1.000,0.000]","[0.495,0.495,0.495]",[],[]
15,NormalGameNote(Clone),"[0.000,1.000,0.000]","[90.000,0.000,0.000]","[0.707,0.000,0.000,0.707]",[],[],[],[]
15,NormalGameNote(Clone)/NoteCube/NoteCircleGlow,"[0.000,1.000,-0.253]","[0.000,0.000,0.000]","[0.000,0.000,0.000,1.000]","[0.000,1.000,-0.253]","[0.500,0.500,0.000]",[],[]
15,NormalGameNote(Clone)/NoteCube/NoteArrowGlow,"[0.000,1.104,-0.253]","[0.000,0.000,0.000]","[0.000,0.000,0.000,1.000]","[0.000,1.104,-0.253]","[0.560,0.280,0.000]",[],[]
15,NormalGameNote(Clone)/NoteCube/NoteArrow,"[0.000,1.108,-0.254]","[0.000,0.000,0.000]","[0.000,0.000,0.000,1.000]","[0.000,1.105,-0.254]","[0.300,0.090,0.010]",[],[]
15,NormalGameNote(Clone)/NoteCube/SmallCuttable,"[0.000,1.000,0.000]","[0.000,0.000,0.000]","[0.000,0.000,0.000,1.000]",[],[],"[0.000,1.000,0.000]","[0.000,0.000,0.000]"
15,NormalGameNote(Clone)/NoteCube/BigCuttable,"[0.000,1.000,0.000]","[0.000,0.000,0.000]","[0.000,0.000,0.000,1.000]",[],[],"[0.000,1.000,0.000]","[0.000,0.000,0.000]"
15,NormalGameNote(Clone)/NoteCube,"[0.000,1.000,0.000]","[0.000,0.000,0.000]","[0.000,0.000,0.000,1.000]","[0.000,1.000,0.000]","[0.495,0.495,0.495]",[],[]
15,NormalGameNote(Clone),"[0.000,1.000,0.000]","[90.000,0.000,0.000]","[0.707,0.000,0.000,0.707]",[],[],[],[]
15,NormalGameNote(Clone)/NoteCube/NoteCircleGlow,"[0.000,1.000,-0.253]","[0.000,0.000,0.000]","[0.000,0.000,0.000,1.000]","[0.000,1.000,-0.253]","[0.500,0.500,0.000]",[],[]
15,NormalGameNote(Clone)/NoteCube/NoteArrowGlow,"[0.000,1.104,-0.253]","[0.000,0.000,0.000]","[0.000,0.000,0.000,1.000]","[0.000,1.104,-0.253]","[0.560,0.280,0.000]",[],[]
15,NormalGameNote(Clone)/NoteCube/NoteArrow,"[0.000,1.108,-0.254]","[0.000,0.000,0.000]","[0.000,0.000,0.000,1.000]","[0.000,1.105,-0.254]","[0.300,0.090,0.010]",[],[]
15,NormalGameNote(Clone)/NoteCube/SmallCuttable,"[0.000,1.000,0.000]","[0.000,0.000,0.000]","[0.000,0.000,0.000,1.000]",[],[],"[0.000,1.000,0.000]","[0.000,0.000,0.000]"
15,NormalGameNote(Clone)/NoteCube/BigCuttable,"[0.000,1.000,0.000]","[0.000,0.000,0.000]","[0.000,0.000,0.000,1.000]",[],[],"[0.000,1.000,0.000]","[0.000,0.000,0.000]"
15,NormalGameNote(Clone)/NoteCube,"[0.000,1.000,0.000]","[0.000,0.000,0.000]","[0.000,0.000,0.000,1.000]","[0.000,1.000,0.000]","[0.495,0.495,0.495]",[],[]
15,NormalGameNote(Clone),"[0.000,1.000,0.000]","[90.000,0.000,0.000]","[0.707,0.000,0.000,0.707]",[],[],[],[]
15,NormalGameNote(Clone)/NoteCube/NoteCircleGlow,"[0.000,1.000,-0.253]","[0.000,0.000,0.000]","[0.000,0.000,0.000,1.000]","[0.000,1.000,-0.253]","[0.500,0.500,0.000]",[],[]
15,NormalGameNote(Clone)/NoteCube/NoteArrowGlow,"[0.000,1.104,-0.253]","[0.000,0.000,0.000]","[0.000,0.000,0.000,1.000]","[0.000,1.104,-0.253]","[0.560,0.280,0.000]",[],[]
15,NormalGameNote(Clone)/NoteCube/NoteArrow,"[0.000,1.108,-0.254]","[0.000,0.000,0.000]","[0.000,0.000,0.000,1.000]","[0.000,1.105,-0.254]","[0.300,0.090,0.010]",[],[]
15,NormalGameNote(Clone)/NoteCube/SmallCuttable,"[0.000,1.000,0.000]","[0.000,0.000,0.000]","[0.000,0.000,0.000,1.000]",[],[],"[0.000,1.000,0.000]","[0.000,0.000,0.000]"
15,NormalGameNote(Clone)/NoteCube/BigCuttable,"[0.000,1.000,0.000]","[0.000,0.000,0.000]","[0.000,0.000,0.000,1.000]",[],[],"[0.000,1.000,0.000]","[0.000,0.000,0.000]"
15,NormalGameNote(Clone)/NoteCube,"[0.000,1.000,0.000]","[0.000,0.000,0.000]","[0.000,0.000,0.000,1.000]","[0.000,1.000,0.000]","[0.495,0.495,0.495]",[],[]
15,NormalGameNote(Clone),"[0.000,1.000,0.000]","[90.000,0.000,0.000]","[0.707,0.000,0.000,0.707]",[],[],[],[]
15,NormalGameNote(Clone)/NoteCube/NoteCircleGlow,"[0.000,1.000,-0.253]","[0.000,0.000,0.000]","[0.000,0.000,0.000,1.000]","[0.000,1.000,-0.253]","[0.500,0.500,0.000]",[],[]
15,NormalGameNote(Clone)/NoteCube/NoteArrowGlow,"[0.000,1.104,-0.253]","[0.000,0.000,0.000]","[0.000,0.000,0.000,1.000]","[0.000,1.104,-0.253]","[0.560,0.280,0.000]",[],[]
15,NormalGameNote(Clone)/NoteCube/NoteArrow,"[0.000,1.108,-0.254]","[0.000,0.000,0.000]","[0.000,0.000,0.000,1.000]","[0.000,1.105,-0.254]","[0.300,0.090,0.010]",[],[]
15,NormalGameNote(Clone)/NoteCube/SmallCuttable,"[0.000,1.000,0.000]","[0.000,0.000,0.000]","[0.000,0.000,0.000,1.000]",[],[],"[0.000,1.000,0.000]","[0.000,0.000,0.000]"
15,NormalGameNote(Clone)/NoteCube/BigCuttable,"[0.000,1.000,0.000]","[0.000,0.000,0.000]","[0.000,0.000,0.000,1.000]",[],[],"[0.000,1.000,0.000]","[0.000,0.000,0.000]"
15,NormalGameNote(Clone)/NoteCube,"[0.000,1.000,0.000]","[0.000,0.000,0.000]","[0.000,0.000,0.000,1.000]","[0.000,1.000,0.000]","[0.495,0.495,0.495]",[],[]
15,NormalGameNote(Clone),"[0.000,1.000,0.000]","[90.000,0.000,0.000]","[0.707,0.000,0.000,0.707]",[],[],[],[]
15,NormalGameNote(Clone)/NoteCube/NoteCircleGlow,"[0.000,1.000,-0.253]","[0.000,0.000,0.000]","[0.000,0.000,0.000,1.000]","[0.000,1.000,-0.253]","[0.500,0.500,0.000]",[],[]
15,NormalGameNote(Clone)/NoteCube/NoteArrowGlow,"[0.000,1.104,-0.253]","[0.000,0.000,0.000]","[0.000,0.000,0.000,1.000]","[0.000,1.104,-0.253]","[0.560,0.280,0.000]",[],[]
15,NormalGameNote(Clone)/NoteCube/NoteArrow,"[0.000,1.108,-0.254]","[0.000,0.000,0.000]","[0.000,0.000,0.000,1.000]","[0.000,1.105,-0.254]","[0.300,0.090,0.010]",[],[]
15,NormalGameNote(Clone)/NoteCube/SmallCuttable,"[0.000,1.000,0.000]","[0.000,0.000,0.000]","[0.000,0.000,0.000,1.000]",[],[],"[0.000,1.000,0.000]","[0.000,0.000,0.000]"
15,NormalGameNote(Clone)/NoteCube/BigCuttable,"[0.000,1.000,0.000]","[0.000,0.000,0.000]","[0.000,0.000,0.000,1.000]",[],[],"[0.000,1.000,0.000]","[0.000,0.000,0.000]"
15,NormalGameNote(Clone)/NoteCube,"[0.000,1.000,0.000]","[0.000,0.000,0.000]","[0.000,0.000,0.000,1.000]","[0.000,1.000,0.000]","[0.495,0.495,0.495]",[],[]
15,NormalGameNote(Clone),"[0.000,1.000,0.000]","[90.000,0.000,0.000]","[0.707,0.000,0.000,0.707]",[],[],[],[]
15,NormalGameNote(Clone)/NoteCube/NoteCircleGlow,"[0.000,1.000,-0.253]","[0.000,0.000,0.000]","[0.000,0.000,0.000,1.000]","[0.000,1.000,-0.253]","[0.500,0.500,0.000]",[],[]
15,NormalGameNote(Clone)/NoteCube/NoteArrowGlow,"[0.000,1.104,-0.253]","[0.000,0.000,0.000]","[0.000,0.000,0.000,1.000]","[0.000,1.104,-0.253]","[0.560,0.280,0.000]",[],[]
15,NormalGameNote(Clone)/NoteCube/NoteArrow,"[0.000,1.108,-0.254]","[0.000,0.000,0.000]","[0.000,0.000,0.000,1.000]","[0.000,1.105,-0.254]","[0.300,0.090,0.010]",[],[]
15,NormalGameNote(Clone)/NoteCube/SmallCuttable,"[0.000,1.000,0.000]","[0.000,0.000,0.000]","[0.000,0.000,0.000,1.000]",[],[],"[0.000,1.000,0.000]","[0.000,0.000,0.000]"
15,NormalGameNote(Clone)/NoteCube/BigCuttable,"[0.000,1.000,0.000]","[0.000,0.000,0.000]","[0.000,0.000,0.000,1.000]",[],[],"[0.000,1.000,0.000]","[0.000,0.000,0.000]"
15,NormalGameNote(Clone)/NoteCube,"[0.000,1.000,0.000]","[0.000,0.000,0.000]","[0.000,0.000,0.000,1.000]","[0.000,1.000,0.000]","[0.495,0.495,0.495]",[],[]
15,NormalGameNote(Clone),"[0.000,1.000,0.000]","[90.000,0.000,0.000]","[0.707,0.000,0.000,0.707]",[],[],[],[]
15,NormalGameNote(Clone)/NoteCube/NoteCircleGlow,"[0.000,1.000,-0.253]","[0.000,0.000,0.000]","[0.000,0.000,0.000,1.000]","[0.000,1.000,-0.253]","[0.500,0.500,0.000]",[],[]
15,NormalGameNote(Clone)/NoteCube/NoteArrowGlow,"[0.000,1.104,-0.253]","[0.000,0.000,0.000]","[0.000,0.000,0.000,1.000]","[0.000,1.104,-0.253]","[0.560,0.280,0.000]",[],[]
15,NormalGameNote(Clone)/NoteCube/NoteArrow,"[0.000,1.108,-0.254]","[0.000,0.000,0.000]","[0.000,0.000,0.000,1.000]","[0.000,1.105,-0.254]","[0.300,0.090,0.010]",[],[]
15,NormalGameNote(Clone)/NoteCube/SmallCuttable,"[0.000,1.000,0.000]","[0.000,0.000,0.000]","[0.000,0.000,0.000,1.000]",[],[],"[0.000,1.000,0.000]","[0.000,0.000,0.000]"
15,NormalGameNote(Clone)/NoteCube/BigCuttable,"[0.000,1.000,0.000]","[0.000,0.000,0.000]","[0.000,0.000,0.000,1.000]",[],[],"[0.000,1.000,0.000]","[0.000,0.000,0.000]"
15,NormalGameNote(Clone)/NoteCube,"[0.000,1.000,0.000]","[0.000,0.000,0.000]","[0.000,0.000,0.000,1.000]","[0.000,1.000,0.000]","[0.495,0.495,0.495]",[],[]
15,NormalGameNote(Clone),"[0.000,1.000,0.000]","[90.000,0.000,0.000]","[0.707,0.000,0.000,0.707]",[],[],[],[]
15,NormalGameNote(Clone)/NoteCube/NoteCircleGlow,"[0.000,1.000,-0.253]","[0.000,0.000,0.000]","[0.000,0.000,0.000,1.000]","[0.000,1.000,-0.253]","[0.500,0.500,0.000]",[],[]
15,NormalGameNote(Clone)/NoteCube/NoteArrowGlow,"[0.000,1.104,-0.253]","[0.000,0.000,0.000]","[0.000,0.000,0.000,1.000]","[0.000,1.104,-0.253]","[0.560,0.280,0.000]",[],[]
15,NormalGameNote(Clone)/NoteCube/NoteArrow,"[0.000,1.108,-0.254]","[0.000,0.000,0.000]","[0.000,0.000,0.000,1.000]","[0.000,1.105,-0.254]","[0.300,0.090,0.010]",[],[]
15,NormalGameNote(Clone)/NoteCube/SmallCuttable,"[0.000,1.000,0.000]","[0.000,0.000,0.000]","[0.000,0.000,0.000,1.000]",[],[],"[0.000,1.000,0.000]","[0.000,0.000,0.000]"
15,NormalGameNote(Clone)/NoteCube/BigCuttable,"[0.000,1.000,0.000]","[0.000,0.000,0.000]","[0.000,0.000,0.000,1.000]",[],[],"[0.000,1.000,0.000]","[0.000,0.000,0.000]"
15,NormalGameNote(Clone)/NoteCube,"[0.000,1.000,0.000]","[0.000,0.000,0.000]","[0.000,0.000,0.000,1.000]","[0.000,1.000,0.000]","[0.495,0.495,0.495]",[],[]
15,NormalGameNote(Clone),"[0.000,1.000,0.000]","[90.000,0.000,0.000]","[0.707,0.000,0.000,0.707]",[],[],[],[]
15,NormalGameNote(Clone)/NoteCube/NoteCircleGlow,"[0.000,1.000,-0.253]","[0.000,0.000,0.000]","[0.000,0.000,0.000,1.000]","[0.000,1.000,-0.253]","[0.500,0.500,0.000]",[],[]
15,NormalGameNote(Clone)/NoteCube/NoteArrowGlow,"[0.000,1.104,-0.253]","[0.000,0.000,0.000]","[0.000,0.000,0.000,1.000]","[0.000,1.104,-0.253]","[0.560,0.280,0.000]",[],[]
15,NormalGameNote(Clone)/NoteCube/NoteArrow,"[0.000,1.108,-0.254]","[0.000,0.000,0.000]","[0.000,0.000,0.000,1.000]","[0.000,1.105,-0.254]","[0.300,0.090,0.010]",[],[]
15,NormalGameNote(Clone)/NoteCube/SmallCuttable,"[0.000,1.000,0.000]","[0.000,0.000,0.000]","[0.000,0.000,0.000,1.000]",[],[],"[0.000,1.000,0.000]","[0.000,0.000,0.000]"
15,NormalGameNote(Clone)/NoteCube/BigCuttable,"[0.000,1.000,0.000]","[0.000,0.000,0.000]","[0.000,0.000,0.000,1.000]",[],[],"[0.000,1.000,0.000]","[0.000,0.000,0.000]"
15,NormalGameNote(Clone)/NoteCube,"[0.000,1.000,0.000]","[0.000,0.000,0.000]","[0.000,0.000,0.000,1.000]","[0.000,1.000,0.000]","[0.495,0.495,0.495]",[],[]
15,NormalGameNote(Clone),"[0.000,1.000,0.000]","[90.000,0.000,0.000]","[0.707,0.000,0.000,0.707]",[],[],[],[]
15,NormalGameNote(Clone)/NoteCube/NoteCircleGlow,"[0.000,1.000,-0.253]","[0.000,0.000,0.000]","[0.000,0.000,0.000,1.000]","[0.000,1.000,-0.253]","[0.500,0.500,0.000]",[],[]
15,NormalGameNote(Clone)/NoteCube/NoteArrowGlow,"[0.000,1.104,-0.253]","[0.000,0.000,0.000]","[0.000,0.000,0.000,1.000]","[0.000,1.104,-0.253]","[0.560,0.280,0.000]",[],[]
15,NormalGameNote(Clone)/NoteCube/NoteArrow,"[0.000,1.108,-0.254]","[0.000,0.000,0.000]","[0.000,0.000,0.000,1.000]","[0.000,1.105,-0.254]","[0.300,0.090,0.010]",[],[]
15,NormalGameNote(Clone)/NoteCube/SmallCuttable,"[0.000,1.000,0.000]","[0.000,0.000,0.000]","[0.000,0.000,0.000,1.000]",[],[],"[0.000,1.000,0.000]","[0.000,0.000,0.000]"
15,NormalGameNote(Clone)/NoteCube/BigCuttable,"[0.000,1.000,0.000]","[0.000,0.000,0.000]","[0.000,0.000,0.000,1.000]",[],[],"[0.000,1.000,0.000]","[0.000,0.000,0.000]"
15,NormalGameNote(Clone)/NoteCube,"[0.000,1.000,0.000]","[0.000,0.000,0.000]","[0.000,0.000,0.000,1.000]","[0.000,1.000,0.000]","[0.495,0.495,0.495]",[],[]
15,NormalGameNote(Clone),"[0.000,1.000,0.000]","[90.000,0.000,0.000]","[0.707,0.000,0.000,0.707]",[],[],[],[]
15,NormalGameNote(Clone)/NoteCube/NoteCircleGlow,"[0.000,1.000,-0.253]","[0.000,0.000,0.000]","[0.000,0.000,0.000,1.000]","[0.000,1.000,-0.253]","[0.500,0.500,0.000]",[],[]
15,NormalGameNote(Clone)/NoteCube/NoteArrowGlow,"[0.000,1.104,-0.253]","[0.000,0.000,0.000]","[0.000,0.000,0.000,1.000]","[0.000,1.104,-0.253]","[0.560,0.280,0.000]",[],[]
15,NormalGameNote(Clone)/NoteCube/NoteArrow,"[0.000,1.108,-0.254]","[0.000,0.000,0.000]","[0.000,0.000,0.000,1.000]","[0.000,1.105,-0.254]","[0.300,0.090,0.010]",[],[]
15,NormalGameNote(Clone)/NoteCube/SmallCuttable,"[0.000,1.000,0.000]","[0.000,0.000,0.000]","[0.000,0.000,0.000,1.000]",[],[],"[0.000,1.000,0.000]","[0.000,0.000,0.000]"
15,NormalGameNote(Clone)/NoteCube/BigCuttable,"[0.000,1.000,0.000]","[0.000,0.000,0.000]","[0.000,0.000,0.000,1.000]",[],[],"[0.000,1.000,0.000]","[0.000,0.000,0.000]"
15,NormalGameNote(Clone)/NoteCube,"[0.000,1.000,0.000]","[0.000,0.000,0.000]","[0.000,0.000,0.000,1.000]","[0.000,1.000,0.000]","[0.495,0.495,0.495]",[],[]
15,NormalGameNote(Clone),"[0.000,1.000,0.000]","[90.000,0.000,0.000]","[0.707,0.000,0.000,0.707]",[],[],[],[]
15,NormalGameNote(Clone)/NoteCube/NoteCircleGlow,"[0.000,1.000,-0.253]","[0.000,0.000,0.000]","[0.000,0.000,0.000,1.000]","[0.000,1.000,-0.253]","[0.500,0.500,0.000]",[],[]
15,NormalGameNote(Clone)/NoteCube/NoteArrowGlow,"[0.000,1.104,-0.253]","[0.000,0.000,0.000]","[0.000,0.000,0.000,1.000]","[0.000,1.104,-0.253]","[0.560,0.280,0.000]",[],[]
15,NormalGameNote(Clone)/NoteCube/NoteArrow,"[0.000,1.108,-0.254]","[0.000,0.000,0.000]","[0.000,0.000,0.000,1.000]","[0.000,1.105,-0.254]","[0.300,0.090,0.010]",[],[]
15,NormalGameNote(Clone)/NoteCube/SmallCuttable,"[0.000,1.000,0.000]","[0.000,0.000,0.000]","[0.000,0.000,0.000,1.000]",[],[],"[0.000,1.000,0.000]","[0.000,0.000,0.000]"
15,NormalGameNote(Clone)/NoteCube/BigCuttable,"[0.000,1.000,0.000]","[0.000,0.000,0.000]","[0.000,0.000,0.000,1.000]",[],[],"[0.000,1.000,0.000]","[0.000,0.000,0.000]"
15,NormalGameNote(Clone)/NoteCube,"[0.000,1.000,0.000]","[0.000,0.000,0.000]","[0.000,0.000,0.000,1.000]","[0.000,1.000,0.000]","[0.495,0.495,0.495]",[],[]
15,NormalGameNote(Clone),"[0.000,1.000,0.000]","[90.000,0.000,0.000]","[0.707,0.000,0.000,0.707]",[],[],[],[]
15,NormalGameNote(Clone)/NoteCube/NoteCircleGlow,"[0.000,1.000,-0.253]","[0.000,0.000,0.000]","[0.000,0.000,0.000,1.000]","[0.000,1.000,-0.253]","[0.500,0.500,0.000]",[],[]
15,NormalGameNote(Clone)/NoteCube/NoteArrowGlow,"[0.000,1.104,-0.253]","[0.000,0.000,0.000]","[0.000,0.000,0.000,1.000]","[0.000,1.104,-0.253]","[0.560,0.280,0.000]",[],[]
15,NormalGameNote(Clone)/NoteCube/NoteArrow,"[0.000,1.108,-0.254]","[0.000,0.000,0.000]","[0.000,0.000,0.000,1.000]","[0.000,1.105,-0.254]","[0.300,0.090,0.010]",[],[]
15,NormalGameNote(Clone)/NoteCube/SmallCuttable,"[0.000,1.000,0.000]","[0.000,0.000,0.000]","[0.000,0.000,0.000,1.000]",[],[],"[0.000,1.000,0.000]","[0.000,0.000,0.000]"
15,NormalGameNote(Clone)/NoteCube/BigCuttable,"[0.000,1.000,0.000]","[0.000,0.000,0.000]","[0.000,0.000,0.000,1.000]",[],[],"[0.000,1.000,0.000]","[0.000,0.000,0.000]"
15,NormalGameNote(Clone)/NoteCube,"[0.000,1.000,0.000]","[0.000,0.000,0.000]","[0.000,0.000,0.000,1.000]","[0.000,1.000,0.000]","[0.495,0.495,0.495]",[],[]
15,NormalGameNote(Clone),"[0.000,1.000,0.000]","[90.000,0.000,0.000]","[0.707,0.000,0.000,0.707]",[],[],[],[]
15,NormalGameNote(Clone)/NoteCube/NoteCircleGlow,"[0.000,1.000,-0.253]","[0.000,0.000,0.000]","[0.000,0.000,0.000,1.000]","[0.000,1.000,-0.253]","[0.500,0.500,0.000]",[],[]
15,NormalGameNote(Clone)/NoteCube/NoteArrowGlow,"[0.000,1.104,-0.253]","[0.000,0.000,0.000]","[0.000,0.000,0.000,1.000]","[0.000,1.104,-0.253]","[0.560,0.280,0.000]",[],[]
15,NormalGameNote(Clone)/NoteCube/NoteArrow,"[0.000,1.108,-0.254]","[0.000,0.000,0.000]","[0.000,0.000,0.000,1.000]","[0.000,1.105,-0.254]","[0.300,0.090,0.010]",[],[]
15,NormalGameNote(Clone)/NoteCube/SmallCuttable,"[0.000,1.000,0.000]","[0.000,0.000,0.000]","[0.000,0.000,0.000,1.000]",[],[],"[0.000,1.000,0.000]","[0.000,0.000,0.000]"
15,NormalGameNote(Clone)/NoteCube/BigCuttable,"[0.000,1.000,0.000]","[0.000,0.000,0.000]","[0.000,0.000,0.000,1.000]",[],[],"[0.000,1.000,0.000]","[0.000,0.000,0.000]"
15,NormalGameNote(Clone)/NoteCube,"[0.000,1.000,0.000]","[0.000,0.000,0.000]","[0.000,0.000,0.000,1.000]","[0.000,1.000,0.000]","[0.495,0.495,0.495]",[],[]
15,NormalGameNote(Clone),"[0.000,1.000,0.000]","[90.000,0.000,0.000]","[0.707,0.000,0.000,0.707]",[],[],[],[]
15,ShortSlider(Clone)/Slider_MeshRenderer,"[0.000,0.000,0.000]","[0.000,0.000,0.000]","[0.000,0.000,0.000,1.000]","[0.000,0.000,0.000]","[0.000,0.000,0.000]",[],[]
15,ShortSlider(Clone)/MeshController,"[0.000,0.000,0.000]","[0.000,0.000,0.000]","[0.000,0.000,0.000,1.000]",[],[],[],[]
15,ShortSlider(Clone),"[0.000,0.000,0.000]","[0.000,0.000,0.000]","[0.000,0.000,0.000,1.000]",[],[],[],[]
15,Obstacle(Clone)/HideWrapper/ObstacleFrame,"[0.000,0.500,0.500]","[0.000,0.000,0.000]","[0.000,0.000,0.000,1.000]","[0.000,0.500,0.500]","[1.000,1.000,1.000]",[],[]
15,Obstacle(Clone)/HideWrapper/ObstacleFakeGlow,"[0.000,0.500,0.500]","[0.000,0.000,0.000]","[0.000,0.000,0.000,1.000]","[0.000,0.500,0.500]","[1.515,1.515,1.515]",[],[]
15,Obstacle(Clone)/HideWrapper,"[0.000,0.000,0.000]","[0.000,0.000,0.000]","[0.000,0.000,0.000,1.000]",[],[],[],[]
15,Obstacle(Clone)/ObstacleCore/DepthWrite,"[0.000,0.500,0.500]","[0.000,0.000,0.000]","[0.000,0.000,0.000,1.000]","[0.000,0.500,0.500]","[0.990,0.990,0.990]",[],[]
15,Obstacle(Clone)/ObstacleCore/Collider,"[0.000,0.500,0.500]","[0.000,0.000,0.000]","[0.000,0.000,0.000,1.000]",[],[],"[0.000,0.500,0.500]","[0.000,0.000,0.000]"
15,Obstacle(Clone)/ObstacleCore,"[0.000,0.500,0.500]","[0.000,0.000,0.000]","[0.000,0.000,0.000,1.000]","[0.000,0.500,0.500]","[0.990,0.990,0.990]",[],[]
15,Obstacle(Clone),"[0.000,0.000,0.000]","[0.000,0.000,0.000]","[0.000,0.000,0.000,1.000]",[],[],[],[]
15,Obstacle(Clone)/HideWrapper/ObstacleFrame,"[0.000,0.500,0.500]","[0.000,0.000,0.000]","[0.000,0.000,0.000,1.000]","[0.000,0.500,0.500]","[1.000,1.000,1.000]",[],[]
15,Obstacle(Clone)/HideWrapper/ObstacleFakeGlow,"[0.000,0.500,0.500]","[0.000,0.000,0.000]","[0.000,0.000,0.000,1.000]","[0.000,0.500,0.500]","[1.515,1.515,1.515]",[],[]
15,Obstacle(Clone)/HideWrapper,"[0.000,0.000,0.000]","[0.000,0.000,0.000]","[0.000,0.000,0.000,1.000]",[],[],[],[]
15,Obstacle(Clone)/ObstacleCore/DepthWrite,"[0.000,0.500,0.500]","[0.000,0.000,0.000]","[0.000,0.000,0.000,1.000]","[0.000,0.500,0.500]","[0.990,0.990,0.990]",[],[]
15,Obstacle(Clone)/ObstacleCore/Collider,"[0.000,0.500,0.500]","[0.000,0.000,0.000]","[0.000,0.000,0.000,1.000]",[],[],"[0.000,0.500,0.500]","[0.000,0.000,0.000]"
15,Obstacle(Clone)/ObstacleCore,"[0.000,0.500,0.500]","[0.000,0.000,0.000]","[0.000,0.000,0.000,1.000]","[0.000,0.500,0.500]","[0.990,0.990,0.990]",[],[]
15,Obstacle(Clone),"[0.000,0.000,0.000]","[0.000,0.000,0.000]","[0.000,0.000,0.000,1.000]",[],[],[],[]
15,Obstacle(Clone)/HideWrapper/ObstacleFrame,"[0.000,0.500,0.500]","[0.000,0.000,0.000]","[0.000,0.000,0.000,1.000]","[0.000,0.500,0.500]","[1.000,1.000,1.000]",[],[]
15,Obstacle(Clone)/HideWrapper/ObstacleFakeGlow,"[0.000,0.500,0.500]","[0.000,0.000,0.000]","[0.000,0.000,0.000,1.000]","[0.000,0.500,0.500]","[1.515,1.515,1.515]",[],[]
15,Obstacle(Clone)/HideWrapper,"[0.000,0.000,0.000]","[0.000,0.000,0.000]","[0.000,0.000,0.000,1.000]",[],[],[],[]
15,Obstacle(Clone)/ObstacleCore/DepthWrite,"[0.000,0.500,0.500]","[0.000,0.000,0.000]","[0.000,0.000,0.000,1.000]","[0.000,0.500,0.500]","[0.990,0.990,0.990]",[],[]
15,Obstacle(Clone)/ObstacleCore/Collider,"[0.000,0.500,0.500]","[0.000,0.000,0.000]","[0.000,0.000,0.000,1.000]",[],[],"[0.000,0.500,0.500]","[0.000,0.000,0.000]"
15,Obstacle(Clone)/ObstacleCore,"[0.000,0.500,0.500]","[0.000,0.000,0.000]","[0.000,0.000,0.000,1.000]","[0.000,0.500,0.500]","[0.990,0.990,0.990]",[],[]
15,Obstacle(Clone),"[0.000,0.000,0.000]","[0.000,0.000,0.000]","[0.000,0.000,0.000,1.000]",[],[],[],[]
15,Obstacle(Clone)/HideWrapper/ObstacleFrame,"[0.000,0.500,0.500]","[0.000,0.000,0.000]","[0.000,0.000,0.000,1.000]","[0.000,0.500,0.500]","[1.000,1.000,1.000]",[],[]
15,Obstacle(Clone)/HideWrapper/ObstacleFakeGlow,"[0.000,0.500,0.500]","[0.000,0.000,0.000]","[0.000,0.000,0.000,1.000]","[0.000,0.500,0.500]","[1.515,1.515,1.515]",[],[]
15,Obstacle(Clone)/HideWrapper,"[0.000,0.000,0.000]","[0.000,0.000,0.000]","[0.000,0.000,0.000,1.000]",[],[],[],[]
15,Obstacle(Clone)/ObstacleCore/DepthWrite,"[0.000,0.500,0.500]","[0.000,0.000,0.000]","[0.000,0.000,0.000,1.000]","[0.000,0.500,0.500]","[0.990,0.990,0.990]",[],[]
15,Obstacle(Clone)/ObstacleCore/Collider,"[0.000,0.500,0.500]","[0.000,0.000,0.000]","[0.000,0.000,0.000,1.000]",[],[],"[0.000,0.500,0.500]","[0.000,0.000,0.000]"
15,Obstacle(Clone)/ObstacleCore,"[0.000,0.500,0.500]","[0.000,0.000,0.000]","[0.000,0.000,0.000,1.000]","[0.000,0.500,0.500]","[0.990,0.990,0.990]",[],[]
15,Obstacle(Clone),"[0.000,0.000,0.000]","[0.000,0.000,0.000]","[0.000,0.000,0.000,1.000]",[],[],[],[]
15,Obstacle(Clone)/HideWrapper/ObstacleFrame,"[0.000,0.500,0.500]","[0.000,0.000,0.000]","[0.000,0.000,0.000,1.000]","[0.000,0.500,0.500]","[1.000,1.000,1.000]",[],[]
15,Obstacle(Clone)/HideWrapper/ObstacleFakeGlow,"[0.000,0.500,0.500]","[0.000,0.000,0.000]","[0.000,0.000,0.000,1.000]","[0.000,0.500,0.500]","[1.515,1.515,1.515]",[],[]
15,Obstacle(Clone)/HideWrapper,"[0.000,0.000,0.000]","[0.000,0.000,0.000]","[0.000,0.000,0.000,1.000]",[],[],[],[]
15,Obstacle(Clone)/ObstacleCore/DepthWrite,"[0.000,0.500,0.500]","[0.000,0.000,0.000]","[0.000,0.000,0.000,1.000]","[0.000,0.500,0.500]","[0.990,0.990,0.990]",[],[]
15,Obstacle(Clone)/ObstacleCore/Collider,"[0.000,0.500,0.500]","[0.000,0.000,0.000]","[0.000,0.000,0.000,1.000]",[],[],"[0.000,0.500,0.500]","[0.000,0.000,0.000]"
15,Obstacle(Clone)/ObstacleCore,"[0.000,0.500,0.500]","[0.000,0.000,0.000]","[0.000,0.000,0.000,1.000]","[0.000,0.500,0.500]","[0.990,0.990,0.990]",[],[]
15,Obstacle(Clone),"[0.000,0.000,0.000]","[0.000,0.000,0.000]","[0.000,0.000,0.000,1.000]",[],[],[],[]
15,Obstacle(Clone)/HideWrapper/ObstacleFrame,"[0.000,0.500,0.500]","[0.000,0.000,0.000]","[0.000,0.000,0.000,1.000]","[0.000,0.500,0.500]","[1.000,1.000,1.000]",[],[]
15,Obstacle(Clone)/HideWrapper/ObstacleFakeGlow,"[0.000,0.500,0.500]","[0.000,0.000,0.000]","[0.000,0.000,0.000,1.000]","[0.000,0.500,0.500]","[1.515,1.515,1.515]",[],[]
15,Obstacle(Clone)/HideWrapper,"[0.000,0.000,0.000]","[0.000,0.000,0.000]","[0.000,0.000,0.000,1.000]",[],[],[],[]
15,Obstacle(Clone)/ObstacleCore/DepthWrite,"[0.000,0.500,0.500]","[0.000,0.000,0.000]","[0.000,0.000,0.000,1.000]","[0.000,0.500,0.500]","[0.990,0.990,0.990]",[],[]
15,Obstacle(Clone)/ObstacleCore/Collider,"[0.000,0.500,0.500]","[0.000,0.000,0.000]","[0.000,0.000,0.000,1.000]",[],[],"[0.000,0.500,0.500]","[0.000,0.000,0.000]"
15,Obstacle(Clone)/ObstacleCore,"[0.000,0.500,0.500]","[0.000,0.000,0.000]","[0.000,0.000,0.000,1.000]","[0.000,0.500,0.500]","[0.990,0.990,0.990]",[],[]
15,Obstacle(Clone),"[0.000,0.000,0.000]","[0.000,0.000,0.000]","[0.000,0.000,0.000,1.000]",[],[],[],[]
15,Obstacle(Clone)/HideWrapper/ObstacleFrame,"[0.000,0.500,0.500]","[0.000,0.000,0.000]","[0.000,0.000,0.000,1.000]","[0.000,0.500,0.500]","[1.000,1.000,1.000]",[],[]
15,Obstacle(Clone)/HideWrapper/ObstacleFakeGlow,"[0.000,0.500,0.500]","[0.000,0.000,0.000]","[0.000,0.000,0.000,1.000]","[0.000,0.500,0.500]","[1.515,1.515,1.515]",[],[]
15,Obstacle(Clone)/HideWrapper,"[0.000,0.000,0.000]","[0.000,0.000,0.000]","[0.000,0.000,0.000,1.000]",[],[],[],[]
15,Obstacle(Clone)/ObstacleCore/DepthWrite,"[0.000,0.500,0.500]","[0.000,0.000,0.000]","[0.000,0.000,0.000,1.000]","[0.000,0.500,0.500]","[0.990,0.990,0.990]",[],[]
15,Obstacle(Clone)/ObstacleCore/Collider,"[0.000,0.500,0.500]","[0.000,0.000,0.000]","[0.000,0.000,0.000,1.000]",[],[],"[0.000,0.500,0.500]","[0.000,0.000,0.000]"
15,Obstacle(Clone)/ObstacleCore,"[0.000,0.500,0.500]","[0.000,0.000,0.000]","[0.000,0.000,0.000,1.000]","[0.000,0.500,0.500]","[0.990,0.990,0.990]",[],[]
15,Obstacle(Clone),"[0.000,0.000,0.000]","[0.000,0.000,0.000]","[0.000,0.000,0.000,1.000]",[],[],[],[]
15,Obstacle(Clone)/HideWrapper/ObstacleFrame,"[0.000,0.500,0.500]","[0.000,0.000,0.000]","[0.000,0.000,0.000,1.000]","[0.000,0.500,0.500]","[1.000,1.000,1.000]",[],[]
15,Obstacle(Clone)/HideWrapper/ObstacleFakeGlow,"[0.000,0.500,0.500]","[0.000,0.000,0.000]","[0.000,0.000,0.000,1.000]","[0.000,0.500,0.500]","[1.515,1.515,1.515]",[],[]
15,Obstacle(Clone)/HideWrapper,"[0.000,0.000,0.000]","[0.000,0.000,0.000]","[0.000,0.000,0.000,1.000]",[],[],[],[]
15,Obstacle(Clone)/ObstacleCore/DepthWrite,"[0.000,0.500,0.500]","[0.000,0.000,0.000]","[0.000,0.000,0.000,1.000]","[0.000,0.500,0.500]","[0.990,0.990,0.990]",[],[]
15,Obstacle(Clone)/ObstacleCore/Collider,"[0.000,0.500,0.500]","[0.000,0.000,0.000]","[0.000,0.000,0.000,1.000]",[],[],"[0.000,0.500,0.500]","[0.000,0.000,0.000]"
15,Obstacle(Clone)/ObstacleCore,"[0.000,0.500,0.500]","[0.000,0.000,0.000]","[0.000,0.000,0.000,1.000]","[0.000,0.500,0.500]","[0.990,0.990,0.990]",[],[]
15,Obstacle(Clone),"[0.000,0.000,0.000]","[0.000,0.000,0.000]","[0.000,0.000,0.000,1.000]",[],[],[],[]
15,Obstacle(Clone)/HideWrapper/ObstacleFrame,"[0.000,0.500,0.500]","[0.000,0.000,0.000]","[0.000,0.000,0.000,1.000]","[0.000,0.500,0.500]","[1.000,1.000,1.000]",[],[]
15,Obstacle(Clone)/HideWrapper/ObstacleFakeGlow,"[0.000,0.500,0.500]","[0.000,0.000,0.000]","[0.000,0.000,0.000,1.000]","[0.000,0.500,0.500]","[1.515,1.515,1.515]",[],[]
15,Obstacle(Clone)/HideWrapper,"[0.000,0.000,0.000]","[0.000,0.000,0.000]","[0.000,0.000,0.000,1.000]",[],[],[],[]
15,Obstacle(Clone)/ObstacleCore/DepthWrite,"[0.000,0.500,0.500]","[0.000,0.000,0.000]","[0.000,0.000,0.000,1.000]","[0.000,0.500,0.500]","[0.990,0.990,0.990]",[],[]
15,Obstacle(Clone)/ObstacleCore/Collider,"[0.000,0.500,0.500]","[0.000,0.000,0.000]","[0.000,0.000,0.000,1.000]",[],[],"[0.000,0.500,0.500]","[0.000,0.000,0.000]"
15,Obstacle(Clone)/ObstacleCore,"[0.000,0.500,0.500]","[0.000,0.000,0.000]","[0.000,0.000,0.000,1.000]","[0.000,0.500,0.500]","[0.990,0.990,0.990]",[],[]
15,Obstacle(Clone),"[0.000,0.000,0.000]","[0.000,0.000,0.000]","[0.000,0.000,0.000,1.000]",[],[],[],[]
15,Obstacle(Clone)/HideWrapper/ObstacleFrame,"[0.000,0.500,0.500]","[0.000,0.000,0.000]","[0.000,0.000,0.000,1.000]","[0.000,0.500,0.500]","[1.000,1.000,1.000]",[],[]
15,Obstacle(Clone)/HideWrapper/ObstacleFakeGlow,"[0.000,0.500,0.500]","[0.000,0.000,0.000]","[0.000,0.000,0.000,1.000]","[0.000,0.500,0.500]","[1.515,1.515,1.515]",[],[]
15,Obstacle(Clone)/HideWrapper,"[0.000,0.000,0.000]","[0.000,0.000,0.000]","[0.000,0.000,0.000,1.000]",[],[],[],[]
15,Obstacle(Clone)/ObstacleCore/DepthWrite,"[0.000,0.500,0.500]","[0.000,0.000,0.000]","[0.000,0.000,0.000,1.000]","[0.000,0.500,0.500]","[0.990,0.990,0.990]",[],[]
15,Obstacle(Clone)/ObstacleCore/Collider,"[0.000,0.500,0.500]","[0.000,0.000,0.000]","[0.000,0.000,0.000,1.000]",[],[],"[0.000,0.500,0.500]","[0.000,0.000,0.000]"
15,Obstacle(Clone)/ObstacleCore,"[0.000,0.500,0.500]","[0.000,0.000,0.000]","[0.000,0.000,0.000,1.000]","[0.000,0.500,0.500]","[0.990,0.990,0.990]",[],[]
15,Obstacle(Clone),"[0.000,0.000,0.000]","[0.000,0.000,0.000]","[0.000,0.000,0.000,1.000]",[],[],[],[]
15,Obstacle(Clone)/HideWrapper/ObstacleFrame,"[0.000,0.500,0.500]","[0.000,0.000,0.000]","[0.000,0.000,0.000,1.000]","[0.000,0.500,0.500]","[1.000,1.000,1.000]",[],[]
15,Obstacle(Clone)/HideWrapper/ObstacleFakeGlow,"[0.000,0.500,0.500]","[0.000,0.000,0.000]","[0.000,0.000,0.000,1.000]","[0.000,0.500,0.500]","[1.515,1.515,1.515]",[],[]
15,Obstacle(Clone)/HideWrapper,"[0.000,0.000,0.000]","[0.000,0.000,0.000]","[0.000,0.000,0.000,1.000]",[],[],[],[]
15,Obstacle(Clone)/ObstacleCore/DepthWrite,"[0.000,0.500,0.500]","[0.000,0.000,0.000]","[0.000,0.000,0.000,1.000]","[0.000,0.500,0.500]","[0.990,0.990,0.990]",[],[]
15,Obstacle(Clone)/ObstacleCore/Collider,"[0.000,0.500,0.500]","[0.000,0.000,0.000]","[0.000,0.000,0.000,1.000]",[],[],"[0.000,0.500,0.500]","[0.000,0.000,0.000]"
15,Obstacle(Clone)/ObstacleCore,"[0.000,0.500,0.500]","[0.000,0.000,0.000]","[0.000,0.000,0.000,1.000]","[0.000,0.500,0.500]","[0.990,0.990,0.990]",[],[]
15,Obstacle(Clone),"[0.000,0.000,0.000]","[0.000,0.000,0.000]","[0.000,0.000,0.000,1.000]",[],[],[],[]
15,Obstacle(Clone)/HideWrapper/ObstacleFrame,"[0.000,0.500,0.500]","[0.000,0.000,0.000]","[0.000,0.000,0.000,1.000]","[0.000,0.500,0.500]","[1.000,1.000,1.000]",[],[]
15,Obstacle(Clone)/HideWrapper/ObstacleFakeGlow,"[0.000,0.500,0.500]","[0.000,0.000,0.000]","[0.000,0.000,0.000,1.000]","[0.000,0.500,0.500]","[1.515,1.515,1.515]",[],[]
15,Obstacle(Clone)/HideWrapper,"[0.000,0.000,0.000]","[0.000,0.000,0.000]","[0.000,0.000,0.000,1.000]",[],[],[],[]
15,Obstacle(Clone)/ObstacleCore/DepthWrite,"[0.000,0.500,0.500]","[0.000,0.000,0.000]","[0.000,0.000,0.000,1.000]","[0.000,0.500,0.500]","[0.990,0.990,0.990]",[],[]
15,Obstacle(Clone)/ObstacleCore/Collider,"[0.000,0.500,0.500]","[0.000,0.000,0.000]","[0.000,0.000,0.000,1.000]",[],[],"[0.000,0.500,0.500]","[0.000,0.000,0.000]"
15,Obstacle(Clone)/ObstacleCore,"[0.000,0.500,0.500]","[0.000,0.000,0.000]","[0.000,0.000,0.000,1.000]","[0.000,0.500,0.500]","[0.990,0.990,0.990]",[],[]
15,Obstacle(Clone),"[0.000,0.000,0.000]","[0.000,0.000,0.000]","[0.000,0.000,0.000,1.000]",[],[],[],[]
15,Obstacle(Clone)/HideWrapper/ObstacleFrame,"[0.000,0.500,0.500]","[0.000,0.000,0.000]","[0.000,0.000,0.000,1.000]","[0.000,0.500,0.500]","[1.000,1.000,1.000]",[],[]
15,Obstacle(Clone)/HideWrapper/ObstacleFakeGlow,"[0.000,0.500,0.500]","[0.000,0.000,0.000]","[0.000,0.000,0.000,1.000]","[0.000,0.500,0.500]","[1.515,1.515,1.515]",[],[]
15,Obstacle(Clone)/HideWrapper,"[0.000,0.000,0.000]","[0.000,0.000,0.000]","[0.000,0.000,0.000,1.000]",[],[],[],[]
15,Obstacle(Clone)/ObstacleCore/DepthWrite,"[0.000,0.500,0.500]","[0.000,0.000,0.000]","[0.000,0.000,0.000,1.000]","[0.000,0.500,0.500]","[0.990,0.990,0.990]",[],[]
15,Obstacle(Clone)/ObstacleCore/Collider,"[0.000,0.500,0.500]","[0.000,0.000,0.000]","[0.000,0.000,0.000,1.000]",[],[],"[0.000,0.500,0.500]","[0.000,0.000,0.000]"
15,Obstacle(Clone)/ObstacleCore,"[0.000,0.500,0.500]","[0.000,0.000,0.000]","[0.000,0.000,0.000,1.000]","[0.000,0.500,0.500]","[0.990,0.990,0.990]",[],[]
15,Obstacle(Clone),"[0.000,0.000,0.000]","[0.000,0.000,0.000]","[0.000,0.000,0.000,1.000]",[],[],[],[]
15,Obstacle(Clone)/HideWrapper/ObstacleFrame,"[0.000,0.500,0.500]","[0.000,0.000,0.000]","[0.000,0.000,0.000,1.000]","[0.000,0.500,0.500]","[1.000,1.000,1.000]",[],[]
15,Obstacle(Clone)/HideWrapper/ObstacleFakeGlow,"[0.000,0.500,0.500]","[0.000,0.000,0.000]","[0.000,0.000,0.000,1.000]","[0.000,0.500,0.500]","[1.515,1.515,1.515]",[],[]
15,Obstacle(Clone)/HideWrapper,"[0.000,0.000,0.000]","[0.000,0.000,0.000]","[0.000,0.000,0.000,1.000]",[],[],[],[]
15,Obstacle(Clone)/ObstacleCore/DepthWrite,"[0.000,0.500,0.500]","[0.000,0.000,0.000]","[0.000,0.000,0.000,1.000]","[0.000,0.500,0.500]","[0.990,0.990,0.990]",[],[]
15,Obstacle(Clone)/ObstacleCore/Collider,"[0.000,0.500,0.500]","[0.000,0.000,0.000]","[0.000,0.000,0.000,1.000]",[],[],"[0.000,0.500,0.500]","[0.000,0.000,0.000]"
15,Obstacle(Clone)/ObstacleCore,"[0.000,0.500,0.500]","[0.000,0.000,0.000]","[0.000,0.000,0.000,1.000]","[0.000,0.500,0.500]","[0.990,0.990,0.990]",[],[]
15,Obstacle(Clone),"[0.000,0.000,0.000]","[0.000,0.000,0.000]","[0.000,0.000,0.000,1.000]",[],[],[],[]
15,Obstacle(Clone)/HideWrapper/ObstacleFrame,"[0.000,0.500,0.500]","[0.000,0.000,0.000]","[0.000,0.000,0.000,1.000]","[0.000,0.500,0.500]","[1.000,1.000,1.000]",[],[]
15,Obstacle(Clone)/HideWrapper/ObstacleFakeGlow,"[0.000,0.500,0.500]","[0.000,0.000,0.000]","[0.000,0.000,0.000,1.000]","[0.000,0.500,0.500]","[1.515,1.515,1.515]",[],[]
15,Obstacle(Clone)/HideWrapper,"[0.000,0.000,0.000]","[0.000,0.000,0.000]","[0.000,0.000,0.000,1.000]",[],[],[],[]
15,Obstacle(Clone)/ObstacleCore/DepthWrite,"[0.000,0.500,0.500]","[0.000,0.000,0.000]","[0.000,0.000,0.000,1.000]","[0.000,0.500,0.500]","[0.990,0.990,0.990]",[],[]
15,Obstacle(Clone)/ObstacleCore/Collider,"[0.000,0.500,0.500]","[0.000,0.000,0.000]","[0.000,0.000,0.000,1.000]",[],[],"[0.000,0.500,0.500]","[0.000,0.000,0.000]"
15,Obstacle(Clone)/ObstacleCore,"[0.000,0.500,0.500]","[0.000,0.000,0.000]","[0.000,0.000,0.000,1.000]","[0.000,0.500,0.500]","[0.990,0.990,0.990]",[],[]
15,Obstacle(Clone),"[0.000,0.000,0.000]","[0.000,0.000,0.000]","[0.000,0.000,0.000,1.000]",[],[],[],[]
15,Obstacle(Clone)/HideWrapper/ObstacleFrame,"[0.000,0.500,0.500]","[0.000,0.000,0.000]","[0.000,0.000,0.000,1.000]","[0.000,0.500,0.500]","[1.000,1.000,1.000]",[],[]
15,Obstacle(Clone)/HideWrapper/ObstacleFakeGlow,"[0.000,0.500,0.500]","[0.000,0.000,0.000]","[0.000,0.000,0.000,1.000]","[0.000,0.500,0.500]","[1.515,1.515,1.515]",[],[]
15,Obstacle(Clone)/HideWrapper,"[0.000,0.000,0.000]","[0.000,0.000,0.000]","[0.000,0.000,0.000,1.000]",[],[],[],[]
15,Obstacle(Clone)/ObstacleCore/DepthWrite,"[0.000,0.500,0.500]","[0.000,0.000,0.000]","[0.000,0.000,0.000,1.000]","[0.000,0.500,0.500]","[0.990,0.990,0.990]",[],[]
15,Obstacle(Clone)/ObstacleCore/Collider,"[0.000,0.500,0.500]","[0.000,0.000,0.000]","[0.000,0.000,0.000,1.000]",[],[],"[0.000,0.500,0.500]","[0.000,0.000,0.000]"
15,Obstacle(Clone)/ObstacleCore,"[0.000,0.500,0.500]","[0.000,0.000,0.000]","[0.000,0.000,0.000,1.000]","[0.000,0.500,0.500]","[0.990,0.990,0.990]",[],[]
15,Obstacle(Clone),"[0.000,0.000,0.000]","[0.000,0.000,0.000]","[0.000,0.000,0.000,1.000]",[],[],[],[]
15,Obstacle(Clone)/HideWrapper/ObstacleFrame,"[0.000,0.500,0.500]","[0.000,0.000,0.000]","[0.000,0.000,0.000,1.000]","[0.000,0.500,0.500]","[1.000,1.000,1.000]",[],[]
15,Obstacle(Clone)/HideWrapper/ObstacleFakeGlow,"[0.000,0.500,0.500]","[0.000,0.000,0.000]","[0.000,0.000,0.000,1.000]","[0.000,0.500,0.500]","[1.515,1.515,1.515]",[],[]
15,Obstacle(Clone)/HideWrapper,"[0.000,0.000,0.000]","[0.000,0.000,0.000]","[0.000,0.000,0.000,1.000]",[],[],[],[]
15,Obstacle(Clone)/ObstacleCore/DepthWrite,"[0.000,0.500,0.500]","[0.000,0.000,0.000]","[0.000,0.000,0.000,1.000]","[0.000,0.500,0.500]","[0.990,0.990,0.990]",[],[]
15,Obstacle(Clone)/ObstacleCore/Collider,"[0.000,0.500,0.500]","[0.000,0.000,0.000]","[0.000,0.000,0.000,1.000]",[],[],"[0.000,0.500,0.500]","[0.000,0.000,0.000]"
15,Obstacle(Clone)/ObstacleCore,"[0.000,0.500,0.500]","[0.000,0.000,0.000]","[0.000,0.000,0.000,1.000]","[0.000,0.500,0.500]","[0.990,0.990,0.990]",[],[]
15,Obstacle(Clone),"[0.000,0.000,0.000]","[0.000,0.000,0.000]","[0.000,0.000,0.000,1.000]",[],[],[],[]
15,Obstacle(Clone)/HideWrapper/ObstacleFrame,"[0.000,0.500,0.500]","[0.000,0.000,0.000]","[0.000,0.000,0.000,1.000]","[0.000,0.500,0.500]","[1.000,1.000,1.000]",[],[]
15,Obstacle(Clone)/HideWrapper/ObstacleFakeGlow,"[0.000,0.500,0.500]","[0.000,0.000,0.000]","[0.000,0.000,0.000,1.000]","[0.000,0.500,0.500]","[1.515,1.515,1.515]",[],[]
15,Obstacle(Clone)/HideWrapper,"[0.000,0.000,0.000]","[0.000,0.000,0.000]","[0.000,0.000,0.000,1.000]",[],[],[],[]
15,Obstacle(Clone)/ObstacleCore/DepthWrite,"[0.000,0.500,0.500]","[0.000,0.000,0.000]","[0.000,0.000,0.000,1.000]","[0.000,0.500,0.500]","[0.990,0.990,0.990]",[],[]
15,Obstacle(Clone)/ObstacleCore/Collider,"[0.000,0.500,0.500]","[0.000,0.000,0.000]","[0.000,0.000,0.000,1.000]",[],[],"[0.000,0.500,0.500]","[0.000,0.000,0.000]"
15,Obstacle(Clone)/ObstacleCore,"[0.000,0.500,0.500]","[0.000,0.000,0.000]","[0.000,0.000,0.000,1.000]","[0.000,0.500,0.500]","[0.990,0.990,0.990]",[],[]
15,Obstacle(Clone),"[0.000,0.000,0.000]","[0.000,0.000,0.000]","[0.000,0.000,0.000,1.000]",[],[],[],[]
15,Obstacle(Clone)/HideWrapper/ObstacleFrame,"[0.000,0.500,0.500]","[0.000,0.000,0.000]","[0.000,0.000,0.000,1.000]","[0.000,0.500,0.500]","[1.000,1.000,1.000]",[],[]
15,Obstacle(Clone)/HideWrapper/ObstacleFakeGlow,"[0.000,0.500,0.500]","[0.000,0.000,0.000]","[0.000,0.000,0.000,1.000]","[0.000,0.500,0.500]","[1.515,1.515,1.515]",[],[]
15,Obstacle(Clone)/HideWrapper,"[0.000,0.000,0.000]","[0.000,0.000,0.000]","[0.000,0.000,0.000,1.000]",[],[],[],[]
15,Obstacle(Clone)/ObstacleCore/DepthWrite,"[0.000,0.500,0.500]","[0.000,0.000,0.000]","[0.000,0.000,0.000,1.000]","[0.000,0.500,0.500]","[0.990,0.990,0.990]",[],[]
15,Obstacle(Clone)/ObstacleCore/Collider,"[0.000,0.500,0.500]","[0.000,0.000,0.000]","[0.000,0.000,0.000,1.000]",[],[],"[0.000,0.500,0.500]","[0.000,0.000,0.000]"
15,Obstacle(Clone)/ObstacleCore,"[0.000,0.500,0.500]","[0.000,0.000,0.000]","[0.000,0.000,0.000,1.000]","[0.000,0.500,0.500]","[0.990,0.990,0.990]",[],[]
15,Obstacle(Clone),"[0.000,0.000,0.000]","[0.000,0.000,0.000]","[0.000,0.000,0.000,1.000]",[],[],[],[]
15,Obstacle(Clone)/HideWrapper/ObstacleFrame,"[0.000,0.500,0.500]","[0.000,0.000,0.000]","[0.000,0.000,0.000,1.000]","[0.000,0.500,0.500]","[1.000,1.000,1.000]",[],[]
15,Obstacle(Clone)/HideWrapper/ObstacleFakeGlow,"[0.000,0.500,0.500]","[0.000,0.000,0.000]","[0.000,0.000,0.000,1.000]","[0.000,0.500,0.500]","[1.515,1.515,1.515]",[],[]
15,Obstacle(Clone)/HideWrapper,"[0.000,0.000,0.000]","[0.000,0.000,0.000]","[0.000,0.000,0.000,1.000]",[],[],[],[]
15,Obstacle(Clone)/ObstacleCore/DepthWrite,"[0.000,0.500,0.500]","[0.000,0.000,0.000]","[0.000,0.000,0.000,1.000]","[0.000,0.500,0.500]","[0.990,0.990,0.990]",[],[]
15,Obstacle(Clone)/ObstacleCore/Collider,"[0.000,0.500,0.500]","[0.000,0.000,0.000]","[0.000,0.000,0.000,1.000]",[],[],"[0.000,0.500,0.500]","[0.000,0.000,0.000]"
15,Obstacle(Clone)/ObstacleCore,"[0.000,0.500,0.500]","[0.000,0.000,0.000]","[0.000,0.000,0.000,1.000]","[0.000,0.500,0.500]","[0.990,0.990,0.990]",[],[]
15,Obstacle(Clone),"[0.000,0.000,0.000]","[0.000,0.000,0.000]","[0.000,0.000,0.000,1.000]",[],[],[],[]
15,Obstacle(Clone)/HideWrapper/ObstacleFrame,"[0.000,0.500,0.500]","[0.000,0.000,0.000]","[0.000,0.000,0.000,1.000]","[0.000,0.500,0.500]","[1.000,1.000,1.000]",[],[]
15,Obstacle(Clone)/HideWrapper/ObstacleFakeGlow,"[0.000,0.500,0.500]","[0.000,0.000,0.000]","[0.000,0.000,0.000,1.000]","[0.000,0.500,0.500]","[1.515,1.515,1.515]",[],[]
15,Obstacle(Clone)/HideWrapper,"[0.000,0.000,0.000]","[0.000,0.000,0.000]","[0.000,0.000,0.000,1.000]",[],[],[],[]
15,Obstacle(Clone)/ObstacleCore/DepthWrite,"[0.000,0.500,0.500]","[0.000,0.000,0.000]","[0.000,0.000,0.000,1.000]","[0.000,0.500,0.500]","[0.990,0.990,0.990]",[],[]
15,Obstacle(Clone)/ObstacleCore/Collider,"[0.000,0.500,0.500]","[0.000,0.000,0.000]","[0.000,0.000,0.000,1.000]",[],[],"[0.000,0.500,0.500]","[0.000,0.000,0.000]"
15,Obstacle(Clone)/ObstacleCore,"[0.000,0.500,0.500]","[0.000,0.000,0.000]","[0.000,0.000,0.000,1.000]","[0.000,0.500,0.500]","[0.990,0.990,0.990]",[],[]
15,Obstacle(Clone),"[0.000,0.000,0.000]","[0.000,0.000,0.000]","[0.000,0.000,0.000,1.000]",[],[],[],[]
15,Obstacle(Clone)/HideWrapper/ObstacleFrame,"[0.000,0.500,0.500]","[0.000,0.000,0.000]","[0.000,0.000,0.000,1.000]","[0.000,0.500,0.500]","[1.000,1.000,1.000]",[],[]
15,Obstacle(Clone)/HideWrapper/ObstacleFakeGlow,"[0.000,0.500,0.500]","[0.000,0.000,0.000]","[0.000,0.000,0.000,1.000]","[0.000,0.500,0.500]","[1.515,1.515,1.515]",[],[]
15,Obstacle(Clone)/HideWrapper,"[0.000,0.000,0.000]","[0.000,0.000,0.000]","[0.000,0.000,0.000,1.000]",[],[],[],[]
15,Obstacle(Clone)/ObstacleCore/DepthWrite,"[0.000,0.500,0.500]","[0.000,0.000,0.000]","[0.000,0.000,0.000,1.000]","[0.000,0.500,0.500]","[0.990,0.990,0.990]",[],[]
15,Obstacle(Clone)/ObstacleCore/Collider,"[0.000,0.500,0.500]","[0.000,0.000,0.000]","[0.000,0.000,0.000,1.000]",[],[],"[0.000,0.500,0.500]","[0.000,0.000,0.000]"
15,Obstacle(Clone)/ObstacleCore,"[0.000,0.500,0.500]","[0.000,0.000,0.000]","[0.000,0.000,0.000,1.000]","[0.000,0.500,0.500]","[0.990,0.990,0.990]",[],[]
15,Obstacle(Clone),"[0.000,0.000,0.000]","[0.000,0.000,0.000]","[0.000,0.000,0.000,1.000]",[],[],[],[]
15,Obstacle(Clone)/HideWrapper/ObstacleFrame,"[0.000,0.500,0.500]","[0.000,0.000,0.000]","[0.000,0.000,0.000,1.000]","[0.000,0.500,0.500]","[1.000,1.000,1.000]",[],[]
15,Obstacle(Clone)/HideWrapper/ObstacleFakeGlow,"[0.000,0.500,0.500]","[0.000,0.000,0.000]","[0.000,0.000,0.000,1.000]","[0.000,0.500,0.500]","[1.515,1.515,1.515]",[],[]
15,Obstacle(Clone)/HideWrapper,"[0.000,0.000,0.000]","[0.000,0.000,0.000]","[0.000,0.000,0.000,1.000]",[],[],[],[]
15,Obstacle(Clone)/ObstacleCore/DepthWrite,"[0.000,0.500,0.500]","[0.000,0.000,0.000]","[0.000,0.000,0.000,1.000]","[0.000,0.500,0.500]","[0.990,0.990,0.990]",[],[]
15,Obstacle(Clone)/ObstacleCore/Collider,"[0.000,0.500,0.500]","[0.000,0.000,0.000]","[0.000,0.000,0.000,1.000]",[],[],"[0.000,0.500,0.500]","[0.000,0.000,0.000]"
15,Obstacle(Clone)/ObstacleCore,"[0.000,0.500,0.500]","[0.000,0.000,0.000]","[0.000,0.000,0.000,1.000]","[0.000,0.500,0.500]","[0.990,0.990,0.990]",[],[]
15,Obstacle(Clone),"[0.000,0.000,0.000]","[0.000,0.000,0.000]","[0.000,0.000,0.000,1.000]",[],[],[],[]
15,Obstacle(Clone)/HideWrapper/ObstacleFrame,"[0.000,0.500,0.500]","[0.000,0.000,0.000]","[0.000,0.000,0.000,1.000]","[0.000,0.500,0.500]","[1.000,1.000,1.000]",[],[]
15,Obstacle(Clone)/HideWrapper/ObstacleFakeGlow,"[0.000,0.500,0.500]","[0.000,0.000,0.000]","[0.000,0.000,0.000,1.000]","[0.000,0.500,0.500]","[1.515,1.515,1.515]",[],[]
15,Obstacle(Clone)/HideWrapper,"[0.000,0.000,0.000]","[0.000,0.000,0.000]","[0.000,0.000,0.000,1.000]",[],[],[],[]
15,Obstacle(Clone)/ObstacleCore/DepthWrite,"[0.000,0.500,0.500]","[0.000,0.000,0.000]","[0.000,0.000,0.000,1.000]","[0.000,0.500,0.500]","[0.990,0.990,0.990]",[],[]
15,Obstacle(Clone)/ObstacleCore/Collider,"[0.000,0.500,0.500]","[0.000,0.000,0.000]","[0.000,0.000,0.000,1.000]",[],[],"[0.000,0.500,0.500]","[0.000,0.000,0.000]"
15,Obstacle(Clone)/ObstacleCore,"[0.000,0.500,0.500]","[0.000,0.000,0.000]","[0.000,0.000,0.000,1.000]","[0.000,0.500,0.500]","[0.990,0.990,0.990]",[],[]
15,Obstacle(Clone),"[0.000,0.000,0.000]","[0.000,0.000,0.000]","[0.000,0.000,0.000,1.000]",[],[],[],[]
15,Obstacle(Clone)/HideWrapper/ObstacleFrame,"[0.000,0.500,0.500]","[0.000,0.000,0.000]","[0.000,0.000,0.000,1.000]","[0.000,0.500,0.500]","[1.000,1.000,1.000]",[],[]
15,Obstacle(Clone)/HideWrapper/ObstacleFakeGlow,"[0.000,0.500,0.500]","[0.000,0.000,0.000]","[0.000,0.000,0.000,1.000]","[0.000,0.500,0.500]","[1.515,1.515,1.515]",[],[]
15,Obstacle(Clone)/HideWrapper,"[0.000,0.000,0.000]","[0.000,0.000,0.000]","[0.000,0.000,0.000,1.000]",[],[],[],[]
15,Obstacle(Clone)/ObstacleCore/DepthWrite,"[0.000,0.500,0.500]","[0.000,0.000,0.000]","[0.000,0.000,0.000,1.000]","[0.000,0.500,0.500]","[0.990,0.990,0.990]",[],[]
15,Obstacle(Clone)/ObstacleCore/Collider,"[0.000,0.500,0.500]","[0.000,0.000,0.000]","[0.000,0.000,0.000,1.000]",[],[],"[0.000,0.500,0.500]","[0.000,0.000,0.000]"
15,Obstacle(Clone)/ObstacleCore,"[0.000,0.500,0.500]","[0.000,0.000,0.000]","[0.000,0.000,0.000,1.000]","[0.000,0.500,0.500]","[0.990,0.990,0.990]",[],[]
15,Obstacle(Clone),"[0.000,0.000,0.000]","[0.000,0.000,0.000]","[0.000,0.000,0.000,1.000]",[],[],[],[]
15,BombNote(Clone)/Mesh,"[0.000,0.463,0.000]","[0.000,0.000,0.000]","[0.000,0.000,0.000,1.000]","[0.009,0.476,0.000]","[0.565,0.542,0.475]","[0.000,0.463,0.000]","[0.000,0.000,0.000]"
15,BombNote(Clone),"[0.000,0.463,0.000]","[90.000,0.000,0.000]","[0.707,0.000,0.000,0.707]",[],[],[],[]
15,BombNote(Clone)/Mesh,"[0.000,0.463,0.000]","[0.000,0.000,0.000]","[0.000,0.000,0.000,1.000]","[0.009,0.476,0.000]","[0.565,0.542,0.475]","[0.000,0.463,0.000]","[0.000,0.000,0.000]"
15,BombNote(Clone),"[0.000,0.463,0.000]","[90.000,0.000,0.000]","[0.707,0.000,0.000,0.707]",[],[],[],[]
15,BombNote(Clone)/Mesh,"[0.000,0.463,0.000]","[0.000,0.000,0.000]","[0.000,0.000,0.000,1.000]","[0.009,0.476,0.000]","[0.565,0.542,0.475]","[0.000,0.463,0.000]","[0.000,0.000,0.000]"
15,BombNote(Clone),"[0.000,0.463,0.000]","[90.000,0.000,0.000]","[0.707,0.000,0.000,0.707]",[],[],[],[]
15,BombNote(Clone)/Mesh,"[0.000,0.463,0.000]","[0.000,0.000,0.000]","[0.000,0.000,0.000,1.000]","[0.009,0.476,0.000]","[0.565,0.542,0.475]","[0.000,0.463,0.000]","[0.000,0.000,0.000]"
15,BombNote(Clone),"[0.000,0.463,0.000]","[90.000,0.000,0.000]","[0.707,0.000,0.000,0.707]",[],[],[],[]
15,BombNote(Clone)/Mesh,"[0.000,0.463,0.000]","[0.000,0.000,0.000]","[0.000,0.000,0.000,1.000]","[0.009,0.476,0.000]","[0.565,0.542,0.475]","[0.000,0.463,0.000]","[0.000,0.000,0.000]"
15,BombNote(Clone),"[0.000,0.463,0.000]","[90.000,0.000,0.000]","[0.707,0.000,0.000,0.707]",[],[],[],[]
15,BombNote(Clone)/Mesh,"[0.000,0.463,0.000]","[0.000,0.000,0.000]","[0.000,0.000,0.000,1.000]","[0.009,0.476,0.000]","[0.565,0.542,0.475]","[0.000,0.463,0.000]","[0.000,0.000,0.000]"
15,BombNote(Clone),"[0.000,0.463,0.000]","[90.000,0.000,0.000]","[0.707,0.000,0.000,0.707]",[],[],[],[]
15,BombNote(Clone)/Mesh,"[0.000,0.463,0.000]","[0.000,0.000,0.000]","[0.000,0.000,0.000,1.000]","[0.009,0.476,0.000]","[0.565,0.542,0.475]","[0.000,0.463,0.000]","[0.000,0.000,0.000]"
15,BombNote(Clone),"[0.000,0.463,0.000]","[90.000,0.000,0.000]","[0.707,0.000,0.000,0.707]",[],[],[],[]
15,BombNote(Clone)/Mesh,"[0.000,0.463,0.000]","[0.000,0.000,0.000]","[0.000,0.000,0.000,1.000]","[0.009,0.476,0.000]","[0.565,0.542,0.475]","[0.000,0.463,0.000]","[0.000,0.000,0.000]"
15,BombNote(Clone),"[0.000,0.463,0.000]","[90.000,0.000,0.000]","[0.707,0.000,0.000,0.707]",[],[],[],[]
15,BombNote(Clone)/Mesh,"[0.000,0.463,0.000]","[0.000,0.000,0.000]","[0.000,0.000,0.000,1.000]","[0.009,0.476,0.000]","[0.565,0.542,0.475]","[0.000,0.463,0.000]","[0.000,0.000,0.000]"
15,BombNote(Clone),"[0.000,0.463,0.000]","[90.000,0.000,0.000]","[0.707,0.000,0.000,0.707]",[],[],[],[]
15,BombNote(Clone)/Mesh,"[0.000,0.463,0.000]","[0.000,0.000,0.000]","[0.000,0.000,0.000,1.000]","[0.009,0.476,0.000]","[0.565,0.542,0.475]","[0.000,0.463,0.000]","[0.000,0.000,0.000]"
15,BombNote(Clone),"[0.000,0.463,0.000]","[90.000,0.000,0.000]","[0.707,0.000,0.000,0.707]",[],[],[],[]
15,BombNote(Clone)/Mesh,"[0.000,0.463,0.000]","[0.000,0.000,0.000]","[0.000,0.000,0.000,1.000]","[0.009,0.476,0.000]","[0.565,0.542,0.475]","[0.000,0.463,0.000]","[0.000,0.000,0.000]"
15,BombNote(Clone),"[0.000,0.463,0.000]","[90.000,0.000,0.000]","[0.707,0.000,0.000,0.707]",[],[],[],[]
15,BombNote(Clone)/Mesh,"[0.000,0.463,0.000]","[0.000,0.000,0.000]","[0.000,0.000,0.000,1.000]","[0.009,0.476,0.000]","[0.565,0.542,0.475]","[0.000,0.463,0.000]","[0.000,0.000,0.000]"
15,BombNote(Clone),"[0.000,0.463,0.000]","[90.000,0.000,0.000]","[0.707,0.000,0.000,0.707]",[],[],[],[]
15,BombNote(Clone)/Mesh,"[0.000,0.463,0.000]","[0.000,0.000,0.000]","[0.000,0.000,0.000,1.000]","[0.009,0.476,0.000]","[0.565,0.542,0.475]","[0.000,0.463,0.000]","[0.000,0.000,0.000]"
15,BombNote(Clone),"[0.000,0.463,0.000]","[90.000,0.000,0.000]","[0.707,0.000,0.000,0.707]",[],[],[],[]
15,BombNote(Clone)/Mesh,"[0.000,0.463,0.000]","[0.000,0.000,0.000]","[0.000,0.000,0.000,1.000]","[0.009,0.476,0.000]","[0.565,0.542,0.475]","[0.000,0.463,0.000]","[0.000,0.000,0.000]"
15,BombNote(Clone),"[0.000,0.463,0.000]","[90.000,0.000,0.000]","[0.707,0.000,0.000,0.707]",[],[],[],[]
15,BombNote(Clone)/Mesh,"[0.000,0.463,0.000]","[0.000,0.000,0.000]","[0.000,0.000,0.000,1.000]","[0.009,0.476,0.000]","[0.565,0.542,0.475]","[0.000,0.463,0.000]","[0.000,0.000,0.000]"
15,BombNote(Clone),"[0.000,0.463,0.000]","[90.000,0.000,0.000]","[0.707,0.000,0.000,0.707]",[],[],[],[]
15,BombNote(Clone)/Mesh,"[0.000,0.463,0.000]","[0.000,0.000,0.000]","[0.000,0.000,0.000,1.000]","[0.009,0.476,0.000]","[0.565,0.542,0.475]","[0.000,0.463,0.000]","[0.000,0.000,0.000]"
15,BombNote(Clone),"[0.000,0.463,0.000]","[90.000,0.000,0.000]","[0.707,0.000,0.000,0.707]",[],[],[],[]
15,BombNote(Clone)/Mesh,"[0.000,0.463,0.000]","[0.000,0.000,0.000]","[0.000,0.000,0.000,1.000]","[0.009,0.476,0.000]","[0.565,0.542,0.475]","[0.000,0.463,0.000]","[0.000,0.000,0.000]"
15,BombNote(Clone),"[0.000,0.463,0.000]","[90.000,0.000,0.000]","[0.707,0.000,0.000,0.707]",[],[],[],[]
15,BombNote(Clone)/Mesh,"[0.000,0.463,0.000]","[0.000,0.000,0.000]","[0.000,0.000,0.000,1.000]","[0.009,0.476,0.000]","[0.565,0.542,0.475]","[0.000,0.463,0.000]","[0.000,0.000,0.000]"
15,BombNote(Clone),"[0.000,0.463,0.000]","[90.000,0.000,0.000]","[0.707,0.000,0.000,0.707]",[],[],[],[]
15,BombNote(Clone)/Mesh,"[0.000,0.463,0.000]","[0.000,0.000,0.000]","[0.000,0.000,0.000,1.000]","[0.009,0.476,0.000]","[0.565,0.542,0.475]","[0.000,0.463,0.000]","[0.000,0.000,0.000]"
15,BombNote(Clone),"[0.000,0.463,0.000]","[90.000,0.000,0.000]","[0.707,0.000,0.000,0.707]",[],[],[],[]
15,BombNote(Clone)/Mesh,"[0.000,0.463,0.000]","[0.000,0.000,0.000]","[0.000,0.000,0.000,1.000]","[0.009,0.476,0.000]","[0.565,0.542,0.475]","[0.000,0.463,0.000]","[0.000,0.000,0.000]"
15,BombNote(Clone),"[0.000,0.463,0.000]","[90.000,0.000,0.000]","[0.707,0.000,0.000,0.707]",[],[],[],[]
15,BombNote(Clone)/Mesh,"[0.000,0.463,0.000]","[0.000,0.000,0.000]","[0.000,0.000,0.000,1.000]","[0.009,0.476,0.000]","[0.565,0.542,0.475]","[0.000,0.463,0.000]","[0.000,0.000,0.000]"
15,BombNote(Clone),"[0.000,0.463,0.000]","[90.000,0.000,0.000]","[0.707,0.000,0.000,0.707]",[],[],[],[]
15,BombNote(Clone)/Mesh,"[0.000,0.463,0.000]","[0.000,0.000,0.000]","[0.000,0.000,0.000,1.000]","[0.009,0.476,0.000]","[0.565,0.542,0.475]","[0.000,0.463,0.000]","[0.000,0.000,0.000]"
15,BombNote(Clone),"[0.000,0.463,0.000]","[90.000,0.000,0.000]","[0.707,0.000,0.000,0.707]",[],[],[],[]
15,BombNote(Clone)/Mesh,"[0.000,0.463,0.000]","[0.000,0.000,0.000]","[0.000,0.000,0.000,1.000]","[0.009,0.476,0.000]","[0.565,0.542,0.475]","[0.000,0.463,0.000]","[0.000,0.000,0.000]"
15,BombNote(Clone),"[0.000,0.463,0.000]","[90.000,0.000,0.000]","[0.707,0.000,0.000,0.707]",[],[],[],[]
15,BombNote(Clone)/Mesh,"[0.000,0.463,0.000]","[0.000,0.000,0.000]","[0.000,0.000,0.000,1.000]","[0.009,0.476,0.000]","[0.565,0.542,0.475]","[0.000,0.463,0.000]","[0.000,0.000,0.000]"
15,BombNote(Clone),"[0.000,0.463,0.000]","[90.000,0.000,0.000]","[0.707,0.000,0.000,0.707]",[],[],[],[]
15,BombNote(Clone)/Mesh,"[0.000,0.463,0.000]","[0.000,0.000,0.000]","[0.000,0.000,0.000,1.000]","[0.009,0.476,0.000]","[0.565,0.542,0.475]","[0.000,0.463,0.000]","[0.000,0.000,0.000]"
15,BombNote(Clone),"[0.000,0.463,0.000]","[90.000,0.000,0.000]","[0.707,0.000,0.000,0.707]",[],[],[],[]
15,BombNote(Clone)/Mesh,"[0.000,0.463,0.000]","[0.000,0.000,0.000]","[0.000,0.000,0.000,1.000]","[0.009,0.476,0.000]","[0.565,0.542,0.475]","[0.000,0.463,0.000]","[0.000,0.000,0.000]"
15,BombNote(Clone),"[0.000,0.463,0.000]","[90.000,0.000,0.000]","[0.707,0.000,0.000,0.707]",[],[],[],[]
15,BombNote(Clone)/Mesh,"[0.000,0.463,0.000]","[0.000,0.000,0.000]","[0.000,0.000,0.000,1.000]","[0.009,0.476,0.000]","[0.565,0.542,0.475]","[0.000,0.463,0.000]","[0.000,0.000,0.000]"
15,BombNote(Clone),"[0.000,0.463,0.000]","[90.000,0.000,0.000]","[0.707,0.000,0.000,0.707]",[],[],[],[]
15,BombNote(Clone)/Mesh,"[0.000,0.463,0.000]","[0.000,0.000,0.000]","[0.000,0.000,0.000,1.000]","[0.009,0.476,0.000]","[0.565,0.542,0.475]","[0.000,0.463,0.000]","[0.000,0.000,0.000]"
15,BombNote(Clone),"[0.000,0.463,0.000]","[90.000,0.000,0.000]","[0.707,0.000,0.000,0.707]",[],[],[],[]
15,BombNote(Clone)/Mesh,"[0.000,0.463,0.000]","[0.000,0.000,0.000]","[0.000,0.000,0.000,1.000]","[0.009,0.476,0.000]","[0.565,0.542,0.475]","[0.000,0.463,0.000]","[0.000,0.000,0.000]"
15,BombNote(Clone),"[0.000,0.463,0.000]","[90.000,0.000,0.000]","[0.707,0.000,0.000,0.707]",[],[],[],[]
15,BombNote(Clone)/Mesh,"[0.000,0.463,0.000]","[0.000,0.000,0.000]","[0.000,0.000,0.000,1.000]","[0.009,0.476,0.000]","[0.565,0.542,0.475]","[0.000,0.463,0.000]","[0.000,0.000,0.000]"
15,BombNote(Clone),"[0.000,0.463,0.000]","[90.000,0.000,0.000]","[0.707,0.000,0.000,0.707]",[],[],[],[]
15,BombNote(Clone)/Mesh,"[0.000,0.463,0.000]","[0.000,0.000,0.000]","[0.000,0.000,0.000,1.000]","[0.009,0.476,0.000]","[0.565,0.542,0.475]","[0.000,0.463,0.000]","[0.000,0.000,0.000]"
15,BombNote(Clone),"[0.000,0.463,0.000]","[90.000,0.000,0.000]","[0.707,0.000,0.000,0.707]",[],[],[],[]
15,BombNote(Clone)/Mesh,"[0.000,0.463,0.000]","[0.000,0.000,0.000]","[0.000,0.000,0.000,1.000]","[0.009,0.476,0.000]","[0.565,0.542,0.475]","[0.000,0.463,0.000]","[0.000,0.000,0.000]"
15,BombNote(Clone),"[0.000,0.463,0.000]","[90.000,0.000,0.000]","[0.707,0.000,0.000,0.707]",[],[],[],[]
15,BombNote(Clone)/Mesh,"[0.000,0.463,0.000]","[0.000,0.000,0.000]","[0.000,0.000,0.000,1.000]","[0.009,0.476,0.000]","[0.565,0.542,0.475]","[0.000,0.463,0.000]","[0.000,0.000,0.000]"
15,BombNote(Clone),"[0.000,0.463,0.000]","[90.000,0.000,0.000]","[0.707,0.000,0.000,0.707]",[],[],[],[]
15,BombNote(Clone)/Mesh,"[0.000,0.463,0.000]","[0.000,0.000,0.000]","[0.000,0.000,0.000,1.000]","[0.009,0.476,0.000]","[0.565,0.542,0.475]","[0.000,0.463,0.000]","[0.000,0.000,0.000]"
15,BombNote(Clone),"[0.000,0.463,0.000]","[90.000,0.000,0.000]","[0.707,0.000,0.000,0.707]",[],[],[],[]
15,BombNote(Clone)/Mesh,"[0.000,0.463,0.000]","[0.000,0.000,0.000]","[0.000,0.000,0.000,1.000]","[0.009,0.476,0.000]","[0.565,0.542,0.475]","[0.000,0.463,0.000]","[0.000,0.000,0.000]"
15,BombNote(Clone),"[0.000,0.463,0.000]","[90.000,0.000,0.000]","[0.707,0.000,0.000,0.707]",[],[],[],[]
15,PlayerHeightDetector(Clone),"[0.000,0.000,0.000]","[0.000,0.000,0.000]","[0.000,0.000,0.000,1.000]",[],[],[],[]
15,GameCore/DisableGCWhileEnabled,"[0.000,0.000,0.000]","[0.000,0.000,0.000]","[0.000,0.000,0.000,1.000]",[],[],[],[]
15,GameCore/BloomFogParamsAnimator,"[0.000,0.000,0.000]","[0.000,0.000,0.000]","[0.000,0.000,0.000,1.000]",[],[],[],[]
15,GameCore/SceneSetup,"[0.000,0.000,0.000]","[0.000,0.000,0.000]","[0.000,0.000,0.000,1.000]",[],[],[],[]
15,GameCore/====== RENDERING ======,"[0.000,0.000,0.000]","[0.000,0.000,0.000]","[0.000,0.000,0.000,1.000]",[],[],[],[]
15,GameCore,"[0.000,0.000,0.000]","[0.000,0.000,0.000]","[0.000,0.000,0.000,1.000]",[],[],[],[]
15,GameCore/SceneContext,"[0.000,0.000,0.000]","[0.000,0.000,0.000]","[0.000,0.000,0.000,1.000]",[],[],[],[]
15,GameCore/====== FADE IN / OUT ======,"[0.000,0.000,0.000]","[0.000,0.000,0.000]","[0.000,0.000,0.000,1.000]",[],[],[],[]
15,GameCore/BloomSkyboxQuad,"[0.000,0.000,0.000]","[0.000,0.000,0.000]","[0.000,0.000,0.000,1.000]","[0.000,0.000,0.000]","[100000000.000,100000000.000,100000000.000]",[],[]
15,GameCore/FadeInOnSceneTransitionFinished,"[0.000,0.000,0.000]","[0.000,0.000,0.000]","[0.000,0.000,0.000,1.000]",[],[],[],[]
15,GameCore/BasicUIAudioManager,"[0.000,0.000,0.000]","[0.000,0.000,0.000]","[0.000,0.000,0.000,1.000]",[],[],[],[]
15,GameCore/FadeOutOnSceneTransition,"[0.000,0.000,0.000]","[0.000,0.000,0.000]","[0.000,0.000,0.000,1.000]",[],[],[],[]
15,GameCore/BlueNoiseHelper,"[-1.715,0.000,0.000]","[0.000,0.000,0.000]","[0.000,0.000,0.000,1.000]",[],[],[],[]
15,GameCore/SceneCameraBloomPrePass,"[0.000,0.000,0.000]","[0.000,0.000,0.000]","[0.000,0.000,0.000,1.000]",[],[],[],[]
15,GameCore/GrabPassTexture1,"[0.000,0.000,0.000]","[0.000,0.000,0.000]","[0.000,0.000,0.000,1.000]","[0.000,0.000,0.000]","[9999999.000,9999999.000,9999999.000]",[],[]
15,GameCore/VRRenderingParamsSetup,"[0.000,0.000,0.000]","[0.000,0.000,0.000]","[0.000,0.000,0.000,1.000]",[],[],[],[]
15,GameCore/EnvironmentColorManager,"[0.000,0.000,0.000]","[0.000,0.000,0.000]","[0.000,0.000,0.000,1.000]",[],[],[],[]
16,SaberTrailRenderer(Clone),"[0.000,0.000,0.000]","[0.000,0.000,0.000]","[0.000,0.000,0.000,1.000]","[0.000,0.000,0.000]","[100.000,100.000,100.000]",[],[]
16,SaberTrailRenderer(Clone),"[0.000,0.000,0.000]","[0.000,0.000,0.000]","[0.000,0.000,0.000,1.000]","[0.000,0.000,0.000]","[100.000,100.000,100.000]",[],[]
16,ObstacleSaberSparkleEffect/BurnPS,"[0.000,0.000,0.001]","[0.000,0.000,0.000]","[0.000,0.000,0.000,1.000]","[0.000,0.000,0.001]","[0.000,0.000,0.000]",[],[]
16,ObstacleSaberSparkleEffect/SparklePS,"[0.000,0.000,0.000]","[0.000,0.000,0.000]","[0.000,0.000,0.000,1.000]","[0.000,0.000,0.000]","[0.000,0.000,0.000]",[],[]
16,ObstacleSaberSparkleEffect,"[0.000,0.000,0.000]","[0.000,0.000,0.000]","[0.000,0.000,0.000,1.000]",[],[],[],[]
16,ObstacleSaberSparkleEffect/BurnPS,"[0.000,0.000,0.001]","[0.000,0.000,0.000]","[0.000,0.000,0.000,1.000]","[0.000,0.000,0.001]","[0.000,0.000,0.000]",[],[]
16,ObstacleSaberSparkleEffect/SparklePS,"[0.000,0.000,0.000]","[0.000,0.000,0.000]","[0.000,0.000,0.000,1.000]","[0.000,0.000,0.000]","[0.000,0.000,0.000]",[],[]
16,ObstacleSaberSparkleEffect,"[0.000,0.000,0.000]","[0.000,0.000,0.000]","[0.000,0.000,0.000,1.000]",[],[],[],[]
16,BurnPS(Clone),"[0.000,0.000,0.000]","[270.000,0.000,0.000]","[-0.707,0.000,0.000,0.707]","[0.000,0.000,0.000]","[0.276,0.456,0.276]",[],[]
16,BurnPS(Clone),"[0.000,0.000,0.000]","[270.000,0.000,0.000]","[-0.707,0.000,0.000,0.707]","[0.000,0.000,0.000]","[0.276,0.456,0.276]",[],[]
16,BigTrackLaneRing(Clone)/NeonTubeBothSidesDirectional (3)/BoxLight,"[2.606,-18.003,119.000]","[0.000,0.000,276.464]","[0.000,0.000,0.666,-0.746]","[2.606,-18.003,119.000]","[5.978,0.815,0.140]",[],[]
16,BigTrackLaneRing(Clone)/NeonTubeBothSidesDirectional (3)/BakedBloom,"[2.606,-18.003,119.000]","[288.153,200.214,68.819]","[0.535,0.600,0.396,-0.444]","[2.606,-18.003,119.000]","[0.000,0.000,0.000]",[],[]
16,BigTrackLaneRing(Clone)/NeonTubeBothSidesDirectional (3),"[2.606,-18.003,119.000]","[0.000,0.000,276.464]","[0.000,0.000,0.666,-0.746]",[],[],[],[]
16,BigTrackLaneRing(Clone)/NeonTubeBothSidesDirectional (2)/BoxLight,"[-2.606,28.003,119.000]","[0.000,0.000,96.463]","[0.000,0.000,0.746,0.666]","[-2.606,28.003,119.000]","[5.978,0.815,0.140]",[],[]
16,BigTrackLaneRing(Clone)/NeonTubeBothSidesDirectional (2)/BakedBloom,"[-2.606,28.003,119.000]","[71.847,159.786,248.819]","[0.600,-0.535,0.444,0.396]","[-2.606,28.003,119.000]","[0.000,0.000,0.000]",[],[]
16,BigTrackLaneRing(Clone)/NeonTubeBothSidesDirectional (2),"[-2.606,28.003,119.000]","[0.000,0.000,96.463]","[0.000,0.000,0.746,0.666]",[],[],[],[]
16,BigTrackLaneRing(Clone)/NeonTubeBothSidesDirectional (1)/BoxLight,"[23.003,7.606,119.000]","[0.000,0.000,186.464]","[0.000,0.000,0.998,-0.056]","[23.003,7.606,119.000]","[0.815,5.978,0.140]",[],[]
16,BigTrackLaneRing(Clone)/NeonTubeBothSidesDirectional (1)/BakedBloom,"[23.003,7.606,119.000]","[353.820,72.898,181.897]","[0.594,0.034,0.803,-0.045]","[23.003,7.606,119.000]","[0.000,0.000,0.000]",[],[]
16,BigTrackLaneRing(Clone)/NeonTubeBothSidesDirectional (1),"[23.003,7.606,119.000]","[0.000,0.000,186.464]","[0.000,0.000,0.998,-0.056]",[],[],[],[]
16,BigTrackLaneRing(Clone)/NeonTubeBothSidesDirectional/BoxLight,"[-23.003,2.394,119.000]","[0.000,0.000,186.464]","[0.000,0.000,0.998,-0.056]","[-23.003,2.394,119.000]","[0.815,5.978,0.140]",[],[]
16,BigTrackLaneRing(Clone)/NeonTubeBothSidesDirectional/BakedBloom,"[-23.003,2.394,119.000]","[353.820,107.102,178.103]","[0.803,0.045,0.594,-0.034]","[-23.003,2.394,119.000]","[0.000,0.000,0.000]",[],[]
16,BigTrackLaneRing(Clone)/NeonTubeBothSidesDirectional,"[-23.003,2.394,119.000]","[0.000,0.000,186.464]","[0.000,0.000,0.998,-0.056]",[],[],[],[]
16,BigTrackLaneRing(Clone)/Ring,"[0.000,5.000,119.000]","[6.463,270.000,180.000]","[-0.706,-0.040,0.706,-0.040]","[0.000,5.000,119.000]","[54.944,54.944,0.800]",[],[]
16,BigTrackLaneRing(Clone),"[0.000,5.000,119.000]","[0.000,0.000,186.464]","[0.000,0.000,0.998,-0.056]",[],[],[],[]
16,BigTrackLaneRing(Clone)/NeonTubeBothSidesDirectional (3)/BoxLight,"[3.675,-17.856,111.000]","[0.000,0.000,279.134]","[0.000,0.000,0.649,-0.761]","[3.675,-17.856,111.000]","[5.946,1.091,0.140]",[],[]
16,BigTrackLaneRing(Clone)/NeonTubeBothSidesDirectional (3)/BakedBloom,"[3.675,-17.856,111.000]","[289.234,207.439,61.193]","[0.521,0.612,0.386,-0.453]","[3.675,-17.856,111.000]","[0.000,0.000,0.000]",[],[]
16,BigTrackLaneRing(Clone)/NeonTubeBothSidesDirectional (3),"[3.675,-17.856,111.000]","[0.000,0.000,279.134]","[0.000,0.000,0.649,-0.761]",[],[],[],[]
16,BigTrackLaneRing(Clone)/NeonTubeBothSidesDirectional (2)/BoxLight,"[-3.675,27.856,111.000]","[0.000,0.000,99.134]","[0.000,0.000,0.761,0.649]","[-3.675,27.856,111.000]","[5.946,1.091,0.140]",[],[]
16,BigTrackLaneRing(Clone)/NeonTubeBothSidesDirectional (2)/BakedBloom,"[-3.675,27.856,111.000]","[70.766,152.561,241.194]","[0.612,-0.521,0.453,0.386]","[-3.675,27.856,111.000]","[0.000,0.000,0.000]",[],[]
16,BigTrackLaneRing(Clone)/NeonTubeBothSidesDirectional (2),"[-3.675,27.856,111.000]","[0.000,0.000,99.134]","[0.000,0.000,0.761,0.649]",[],[],[],[]
16,BigTrackLaneRing(Clone)/NeonTubeBothSidesDirectional (1)/BoxLight,"[22.856,8.675,111.000]","[0.000,0.000,189.134]","[0.000,0.000,0.997,-0.080]","[22.856,8.675,111.000]","[1.091,5.946,0.140]",[],[]
16,BigTrackLaneRing(Clone)/NeonTubeBothSidesDirectional (1)/BakedBloom,"[22.856,8.675,111.000]","[351.269,72.794,182.691]","[0.593,0.047,0.801,-0.064]","[22.856,8.675,111.000]","[0.000,0.000,0.000]",[],[]
16,BigTrackLaneRing(Clone)/NeonTubeBothSidesDirectional (1),"[22.856,8.675,111.000]","[0.000,0.000,189.134]","[0.000,0.000,0.997,-0.080]",[],[],[],[]
16,BigTrackLaneRing(Clone)/NeonTubeBothSidesDirectional/BoxLight,"[-22.856,1.325,111.000]","[0.000,0.000,189.134]","[0.000,0.000,0.997,-0.080]","[-22.856,1.325,111.000]","[1.091,5.946,0.140]",[],[]
16,BigTrackLaneRing(Clone)/NeonTubeBothSidesDirectional/BakedBloom,"[-22.856,1.325,111.000]","[351.269,107.206,177.309]","[0.801,0.064,0.593,-0.047]","[-22.856,1.325,111.000]","[0.000,0.000,0.000]",[],[]
16,BigTrackLaneRing(Clone)/NeonTubeBothSidesDirectional,"[-22.856,1.325,111.000]","[0.000,0.000,189.134]","[0.000,0.000,0.997,-0.080]",[],[],[],[]
16,BigTrackLaneRing(Clone)/Ring,"[0.000,5.000,111.000]","[9.134,270.000,180.000]","[-0.705,-0.056,0.705,-0.056]","[0.000,5.000,111.000]","[56.923,56.923,0.800]",[],[]
16,BigTrackLaneRing(Clone),"[0.000,5.000,111.000]","[0.000,0.000,189.134]","[0.000,0.000,0.997,-0.080]",[],[],[],[]
16,BigTrackLaneRing(Clone)/NeonTubeBothSidesDirectional (3)/BoxLight,"[4.734,-17.661,103.000]","[0.000,0.000,281.799]","[0.000,0.000,0.631,-0.776]","[4.734,-17.661,103.000]","[5.902,1.364,0.140]",[],[]
16,BigTrackLaneRing(Clone)/NeonTubeBothSidesDirectional (3)/BakedBloom,"[4.734,-17.661,103.000]","[290.593,213.775,54.456]","[0.507,0.624,0.375,-0.462]","[4.734,-17.661,103.000]","[0.000,0.000,0.000]",[],[]
16,BigTrackLaneRing(Clone)/NeonTubeBothSidesDirectional (3),"[4.734,-17.661,103.000]","[0.000,0.000,281.799]","[0.000,0.000,0.631,-0.776]",[],[],[],[]
16,BigTrackLaneRing(Clone)/NeonTubeBothSidesDirectional (2)/BoxLight,"[-4.734,27.661,103.000]","[0.000,0.000,101.799]","[0.000,0.000,0.776,0.631]","[-4.734,27.661,103.000]","[5.902,1.364,0.140]",[],[]
16,BigTrackLaneRing(Clone)/NeonTubeBothSidesDirectional (2)/BakedBloom,"[-4.734,27.661,103.000]","[69.407,146.225,234.456]","[0.624,-0.507,0.462,0.375]","[-4.734,27.661,103.000]","[0.000,0.000,0.000]",[],[]
16,BigTrackLaneRing(Clone)/NeonTubeBothSidesDirectional (2),"[-4.734,27.661,103.000]","[0.000,0.000,101.799]","[0.000,0.000,0.776,0.631]",[],[],[],[]
16,BigTrackLaneRing(Clone)/NeonTubeBothSidesDirectional (1)/BoxLight,"[22.661,9.734,103.000]","[0.000,0.000,191.799]","[0.000,0.000,0.995,-0.103]","[22.661,9.734,103.000]","[1.364,5.902,0.140]",[],[]
16,BigTrackLaneRing(Clone)/NeonTubeBothSidesDirectional (1)/BakedBloom,"[22.661,9.734,103.000]","[348.724,72.655,183.495]","[0.592,0.061,0.800,-0.083]","[22.661,9.734,103.000]","[0.000,0.000,0.000]",[],[]
16,BigTrackLaneRing(Clone)/NeonTubeBothSidesDirectional (1),"[22.661,9.734,103.000]","[0.000,0.000,191.799]","[0.000,0.000,0.995,-0.103]",[],[],[],[]
16,BigTrackLaneRing(Clone)/NeonTubeBothSidesDirectional/BoxLight,"[-22.661,0.266,103.000]","[0.000,0.000,191.799]","[0.000,0.000,0.995,-0.103]","[-22.661,0.266,103.000]","[1.364,5.902,0.140]",[],[]
16,BigTrackLaneRing(Clone)/NeonTubeBothSidesDirectional/BakedBloom,"[-22.661,0.266,103.000]","[348.724,107.345,176.505]","[0.800,0.083,0.592,-0.061]","[-22.661,0.266,103.000]","[0.000,0.000,0.000]",[],[]
16,BigTrackLaneRing(Clone)/NeonTubeBothSidesDirectional,"[-22.661,0.266,103.000]","[0.000,0.000,191.799]","[0.000,0.000,0.995,-0.103]",[],[],[],[]
16,BigTrackLaneRing(Clone)/Ring,"[0.000,5.000,103.000]","[11.799,270.000,180.000]","[-0.703,-0.073,0.703,-0.073]","[0.000,5.000,103.000]","[58.775,58.775,0.800]",[],[]
16,BigTrackLaneRing(Clone),"[0.000,5.000,103.000]","[0.000,0.000,191.799]","[0.000,0.000,0.995,-0.103]",[],[],[],[]
16,BigTrackLaneRing(Clone)/NeonTubeBothSidesDirectional (3)/BoxLight,"[5.780,-17.417,95.000]","[0.000,0.000,284.459]","[0.000,0.000,0.613,-0.790]","[5.780,-17.417,95.000]","[5.845,1.634,0.140]",[],[]
16,BigTrackLaneRing(Clone)/NeonTubeBothSidesDirectional (3)/BakedBloom,"[5.780,-17.417,95.000]","[292.178,219.238,48.590]","[0.492,0.635,0.364,-0.470]","[5.780,-17.417,95.000]","[0.000,0.000,0.000]",[],[]
16,BigTrackLaneRing(Clone)/NeonTubeBothSidesDirectional (3),"[5.780,-17.417,95.000]","[0.000,0.000,284.459]","[0.000,0.000,0.613,-0.790]",[],[],[],[]
16,BigTrackLaneRing(Clone)/NeonTubeBothSidesDirectional (2)/BoxLight,"[-5.780,27.417,95.000]","[0.000,0.000,104.459]","[0.000,0.000,0.790,0.613]","[-5.780,27.417,95.000]","[5.845,1.634,0.140]",[],[]
16,BigTrackLaneRing(Clone)/NeonTubeBothSidesDirectional (2)/BakedBloom,"[-5.780,27.417,95.000]","[67.822,140.762,228.590]","[0.635,-0.492,0.470,0.364]","[-5.780,27.417,95.000]","[0.000,0.000,0.000]",[],[]
16,BigTrackLaneRing(Clone)/NeonTubeBothSidesDirectional (2),"[-5.780,27.417,95.000]","[0.000,0.000,104.459]","[0.000,0.000,0.790,0.613]",[],[],[],[]
16,BigTrackLaneRing(Clone)/NeonTubeBothSidesDirectional (1)/BoxLight,"[22.417,10.780,95.000]","[0.000,0.000,194.459]","[0.000,0.000,0.992,-0.126]","[22.417,10.780,95.000]","[1.634,5.845,0.140]",[],[]
16,BigTrackLaneRing(Clone)/NeonTubeBothSidesDirectional (1)/BakedBloom,"[22.417,10.780,95.000]","[346.186,72.477,184.311]","[0.590,0.075,0.797,-0.101]","[22.417,10.780,95.000]","[0.000,0.000,0.000]",[],[]
16,BigTrackLaneRing(Clone)/NeonTubeBothSidesDirectional (1),"[22.417,10.780,95.000]","[0.000,0.000,194.459]","[0.000,0.000,0.992,-0.126]",[],[],[],[]
16,BigTrackLaneRing(Clone)/NeonTubeBothSidesDirectional/BoxLight,"[-22.417,-0.780,95.000]","[0.000,0.000,194.459]","[0.000,0.000,0.992,-0.126]","[-22.417,-0.780,95.000]","[1.634,5.845,0.140]",[],[]
16,BigTrackLaneRing(Clone)/NeonTubeBothSidesDirectional/BakedBloom,"[-22.417,-0.780,95.000]","[346.186,107.523,175.689]","[0.797,0.101,0.590,-0.075]","[-22.417,-0.780,95.000]","[0.000,0.000,0.000]",[],[]
16,BigTrackLaneRing(Clone)/NeonTubeBothSidesDirectional,"[-22.417,-0.780,95.000]","[0.000,0.000,194.459]","[0.000,0.000,0.992,-0.126]",[],[],[],[]
16,BigTrackLaneRing(Clone)/Ring,"[0.000,5.000,95.000]","[14.459,270.000,180.000]","[-0.701,-0.089,0.701,-0.089]","[0.000,5.000,95.000]","[60.497,60.497,0.800]",[],[]
16,BigTrackLaneRing(Clone),"[0.000,5.000,95.000]","[0.000,0.000,194.459]","[0.000,0.000,0.992,-0.126]",[],[],[],[]
16,BigTrackLaneRing(Clone)/NeonTubeBothSidesDirectional (3)/BoxLight,"[6.813,-17.125,87.000]","[0.000,0.000,287.114]","[0.000,0.000,0.594,-0.804]","[6.813,-17.125,87.000]","[5.776,1.899,0.140]",[],[]
16,BigTrackLaneRing(Clone)/NeonTubeBothSidesDirectional (3)/BakedBloom,"[6.813,-17.125,87.000]","[293.942,223.906,43.517]","[0.478,0.647,0.353,-0.479]","[6.813,-17.125,87.000]","[0.000,0.000,0.000]",[],[]
16,BigTrackLaneRing(Clone)/NeonTubeBothSidesDirectional (3),"[6.813,-17.125,87.000]","[0.000,0.000,287.114]","[0.000,0.000,0.594,-0.804]",[],[],[],[]
16,BigTrackLaneRing(Clone)/NeonTubeBothSidesDirectional (2)/BoxLight,"[-6.813,27.125,87.000]","[0.000,0.000,107.114]","[0.000,0.000,0.804,0.594]","[-6.813,27.125,87.000]","[5.776,1.899,0.140]",[],[]
16,BigTrackLaneRing(Clone)/NeonTubeBothSidesDirectional (2)/BakedBloom,"[-6.813,27.125,87.000]","[66.058,136.094,223.517]","[0.647,-0.478,0.479,0.353]","[-6.813,27.125,87.000]","[0.000,0.000,0.000]",[],[]
16,BigTrackLaneRing(Clone)/NeonTubeBothSidesDirectional (2),"[-6.813,27.125,87.000]","[0.000,0.000,107.114]","[0.000,0.000,0.804,0.594]",[],[],[],[]
16,BigTrackLaneRing(Clone)/NeonTubeBothSidesDirectional (1)/BoxLight,"[22.125,11.813,87.000]","[0.000,0.000,197.114]","[0.000,0.000,0.989,-0.149]","[22.125,11.813,87.000]","[1.899,5.776,0.140]",[],[]
16,BigTrackLaneRing(Clone)/NeonTubeBothSidesDirectional (1)/BakedBloom,"[22.125,11.813,87.000]","[343.655,72.261,185.144]","[0.588,0.089,0.795,-0.120]","[22.125,11.813,87.000]","[0.000,0.000,0.000]",[],[]
16,BigTrackLaneRing(Clone)/NeonTubeBothSidesDirectional (1),"[22.125,11.813,87.000]","[0.000,0.000,197.114]","[0.000,0.000,0.989,-0.149]",[],[],[],[]
16,BigTrackLaneRing(Clone)/NeonTubeBothSidesDirectional/BoxLight,"[-22.125,-1.813,87.000]","[0.000,0.000,197.114]","[0.000,0.000,0.989,-0.149]","[-22.125,-1.813,87.000]","[1.899,5.776,0.140]",[],[]
16,BigTrackLaneRing(Clone)/NeonTubeBothSidesDirectional/BakedBloom,"[-22.125,-1.813,87.000]","[343.655,107.739,174.856]","[0.795,0.120,0.588,-0.089]","[-22.125,-1.813,87.000]","[0.000,0.000,0.000]",[],[]
16,BigTrackLaneRing(Clone)/NeonTubeBothSidesDirectional,"[-22.125,-1.813,87.000]","[0.000,0.000,197.114]","[0.000,0.000,0.989,-0.149]",[],[],[],[]
16,BigTrackLaneRing(Clone)/Ring,"[0.000,5.000,87.000]","[17.114,270.000,180.000]","[-0.699,-0.105,0.699,-0.105]","[0.000,5.000,87.000]","[62.085,62.085,0.800]",[],[]
16,BigTrackLaneRing(Clone),"[0.000,5.000,87.000]","[0.000,0.000,197.114]","[0.000,0.000,0.989,-0.149]",[],[],[],[]
16,BigTrackLaneRing(Clone)/NeonTubeBothSidesDirectional (3)/BoxLight,"[7.829,-16.786,79.000]","[0.000,0.000,289.765]","[0.000,0.000,0.575,-0.818]","[7.829,-16.786,79.000]","[5.694,2.161,0.140]",[],[]
16,BigTrackLaneRing(Clone)/NeonTubeBothSidesDirectional (3)/BakedBloom,"[7.829,-16.786,79.000]","[295.846,227.884,39.133]","[0.462,0.658,0.342,-0.487]","[7.829,-16.786,79.000]","[0.000,0.000,0.000]",[],[]
16,BigTrackLaneRing(Clone)/NeonTubeBothSidesDirectional (3),"[7.829,-16.786,79.000]","[0.000,0.000,289.765]","[0.000,0.000,0.575,-0.818]",[],[],[],[]
16,BigTrackLaneRing(Clone)/NeonTubeBothSidesDirectional (2)/BoxLight,"[-7.829,26.786,79.000]","[0.000,0.000,109.765]","[0.000,0.000,0.818,0.575]","[-7.829,26.786,79.000]","[5.694,2.161,0.140]",[],[]
16,BigTrackLaneRing(Clone)/NeonTubeBothSidesDirectional (2)/BakedBloom,"[-7.829,26.786,79.000]","[64.154,132.116,219.134]","[0.658,-0.462,0.487,0.342]","[-7.829,26.786,79.000]","[0.000,0.000,0.000]",[],[]
16,BigTrackLaneRing(Clone)/NeonTubeBothSidesDirectional (2),"[-7.829,26.786,79.000]","[0.000,0.000,109.765]","[0.000,0.000,0.818,0.575]",[],[],[],[]
16,BigTrackLaneRing(Clone)/NeonTubeBothSidesDirectional (1)/BoxLight,"[21.786,12.829,79.000]","[0.000,0.000,199.765]","[0.000,0.000,0.985,-0.172]","[21.786,12.829,79.000]","[2.161,5.694,0.140]",[],[]
16,BigTrackLaneRing(Clone)/NeonTubeBothSidesDirectional (1)/BakedBloom,"[21.786,12.829,79.000]","[341.132,72.003,185.998]","[0.586,0.102,0.792,-0.138]","[21.786,12.829,79.000]","[0.000,0.000,0.000]",[],[]
16,BigTrackLaneRing(Clone)/NeonTubeBothSidesDirectional (1),"[21.786,12.829,79.000]","[0.000,0.000,199.765]","[0.000,0.000,0.985,-0.172]",[],[],[],[]
16,BigTrackLaneRing(Clone)/NeonTubeBothSidesDirectional/BoxLight,"[-21.786,-2.829,79.000]","[0.000,0.000,199.765]","[0.000,0.000,0.985,-0.172]","[-21.786,-2.829,79.000]","[2.161,5.694,0.140]",[],[]
16,BigTrackLaneRing(Clone)/NeonTubeBothSidesDirectional/BakedBloom,"[-21.786,-2.829,79.000]","[341.132,107.997,174.003]","[0.792,0.138,0.586,-0.102]","[-21.786,-2.829,79.000]","[0.000,0.000,0.000]",[],[]
16,BigTrackLaneRing(Clone)/NeonTubeBothSidesDirectional,"[-21.786,-2.829,79.000]","[0.000,0.000,199.765]","[0.000,0.000,0.985,-0.172]",[],[],[],[]
16,BigTrackLaneRing(Clone)/Ring,"[0.000,5.000,79.000]","[19.765,270.000,180.000]","[-0.697,-0.121,0.697,-0.121]","[0.000,5.000,79.000]","[63.539,63.539,0.800]",[],[]
16,BigTrackLaneRing(Clone),"[0.000,5.000,79.000]","[0.000,0.000,199.765]","[0.000,0.000,0.985,-0.172]",[],[],[],[]
16,BigTrackLaneRing(Clone)/NeonTubeBothSidesDirectional (3)/BoxLight,"[8.826,-16.401,71.000]","[0.000,0.000,292.412]","[0.000,0.000,0.556,-0.831]","[8.826,-16.401,71.000]","[5.600,2.417,0.140]",[],[]
16,BigTrackLaneRing(Clone)/NeonTubeBothSidesDirectional (3)/BakedBloom,"[8.826,-16.401,71.000]","[297.862,231.274,35.334]","[0.447,0.668,0.331,-0.494]","[8.826,-16.401,71.000]","[0.000,0.000,0.000]",[],[]
16,BigTrackLaneRing(Clone)/NeonTubeBothSidesDirectional (3),"[8.826,-16.401,71.000]","[0.000,0.000,292.412]","[0.000,0.000,0.556,-0.831]",[],[],[],[]
16,BigTrackLaneRing(Clone)/NeonTubeBothSidesDirectional (2)/BoxLight,"[-8.826,26.401,71.000]","[0.000,0.000,112.412]","[0.000,0.000,0.831,0.556]","[-8.826,26.401,71.000]","[5.600,2.417,0.140]",[],[]
16,BigTrackLaneRing(Clone)/NeonTubeBothSidesDirectional (2)/BakedBloom,"[-8.826,26.401,71.000]","[62.138,128.726,215.334]","[0.668,-0.447,0.494,0.331]","[-8.826,26.401,71.000]","[0.000,0.000,0.000]",[],[]
16,BigTrackLaneRing(Clone)/NeonTubeBothSidesDirectional (2),"[-8.826,26.401,71.000]","[0.000,0.000,112.412]","[0.000,0.000,0.831,0.556]",[],[],[],[]
16,BigTrackLaneRing(Clone)/NeonTubeBothSidesDirectional (1)/BoxLight,"[21.401,13.826,71.000]","[0.000,0.000,202.412]","[0.000,0.000,0.981,-0.194]","[21.401,13.826,71.000]","[2.417,5.600,0.140]",[],[]
16,BigTrackLaneRing(Clone)/NeonTubeBothSidesDirectional (1)/BakedBloom,"[21.401,13.826,71.000]","[338.617,71.700,186.875]","[0.583,0.116,0.789,-0.156]","[21.401,13.826,71.000]","[0.000,0.000,0.000]",[],[]
16,BigTrackLaneRing(Clone)/NeonTubeBothSidesDirectional (1),"[21.401,13.826,71.000]","[0.000,0.000,202.412]","[0.000,0.000,0.981,-0.194]",[],[],[],[]
16,BigTrackLaneRing(Clone)/NeonTubeBothSidesDirectional/BoxLight,"[-21.401,-3.826,71.000]","[0.000,0.000,202.412]","[0.000,0.000,0.981,-0.194]","[-21.401,-3.826,71.000]","[2.417,5.600,0.140]",[],[]
16,BigTrackLaneRing(Clone)/NeonTubeBothSidesDirectional/BakedBloom,"[-21.401,-3.826,71.000]","[338.617,108.300,173.125]","[0.789,0.156,0.583,-0.116]","[-21.401,-3.826,71.000]","[0.000,0.000,0.000]",[],[]
16,BigTrackLaneRing(Clone)/NeonTubeBothSidesDirectional,"[-21.401,-3.826,71.000]","[0.000,0.000,202.412]","[0.000,0.000,0.981,-0.194]",[],[],[],[]
16,BigTrackLaneRing(Clone)/Ring,"[0.000,5.000,71.000]","[22.412,270.000,180.000]","[-0.694,-0.137,0.694,-0.137]","[0.000,5.000,71.000]","[64.854,64.854,0.800]",[],[]
16,BigTrackLaneRing(Clone),"[0.000,5.000,71.000]","[0.000,0.000,202.412]","[0.000,0.000,0.981,-0.194]",[],[],[],[]
16,BigTrackLaneRing(Clone)/NeonTubeBothSidesDirectional (3)/BoxLight,"[9.803,-15.972,63.000]","[0.000,0.000,295.054]","[0.000,0.000,0.537,-0.844]","[9.803,-15.972,63.000]","[5.495,2.668,0.140]",[],[]
16,BigTrackLaneRing(Clone)/NeonTubeBothSidesDirectional (3)/BakedBloom,"[9.803,-15.972,63.000]","[299.966,234.172,32.024]","[0.432,0.678,0.319,-0.502]","[9.803,-15.972,63.000]","[0.000,0.000,0.000]",[],[]
16,BigTrackLaneRing(Clone)/NeonTubeBothSidesDirectional (3),"[9.803,-15.972,63.000]","[0.000,0.000,295.054]","[0.000,0.000,0.537,-0.844]",[],[],[],[]
16,BigTrackLaneRing(Clone)/NeonTubeBothSidesDirectional (2)/BoxLight,"[-9.803,25.972,63.000]","[0.000,0.000,115.054]","[0.000,0.000,0.844,0.537]","[-9.803,25.972,63.000]","[5.495,2.668,0.140]",[],[]
16,BigTrackLaneRing(Clone)/NeonTubeBothSidesDirectional (2)/BakedBloom,"[-9.803,25.972,63.000]","[60.034,125.828,212.024]","[0.678,-0.432,0.502,0.319]","[-9.803,25.972,63.000]","[0.000,0.000,0.000]",[],[]
16,BigTrackLaneRing(Clone)/NeonTubeBothSidesDirectional (2),"[-9.803,25.972,63.000]","[0.000,0.000,115.054]","[0.000,0.000,0.844,0.537]",[],[],[],[]
16,BigTrackLaneRing(Clone)/NeonTubeBothSidesDirectional (1)/BoxLight,"[20.972,14.803,63.000]","[0.000,0.000,205.054]","[0.000,0.000,0.976,-0.217]","[20.972,14.803,63.000]","[2.668,5.495,0.140]",[],[]
16,BigTrackLaneRing(Clone)/NeonTubeBothSidesDirectional (1)/BakedBloom,"[20.972,14.803,63.000]","[336.111,71.351,187.783]","[0.581,0.129,0.785,-0.174]","[20.972,14.803,63.000]","[0.000,0.000,0.000]",[],[]
16,BigTrackLaneRing(Clone)/NeonTubeBothSidesDirectional (1),"[20.972,14.803,63.000]","[0.000,0.000,205.054]","[0.000,0.000,0.976,-0.217]",[],[],[],[]
16,BigTrackLaneRing(Clone)/NeonTubeBothSidesDirectional/BoxLight,"[-20.972,-4.803,63.000]","[0.000,0.000,205.054]","[0.000,0.000,0.976,-0.217]","[-20.972,-4.803,63.000]","[2.668,5.495,0.140]",[],[]
16,BigTrackLaneRing(Clone)/NeonTubeBothSidesDirectional/BakedBloom,"[-20.972,-4.803,63.000]","[336.111,108.649,172.218]","[0.785,0.174,0.581,-0.129]","[-20.972,-4.803,63.000]","[0.000,0.000,0.000]",[],[]
16,BigTrackLaneRing(Clone)/NeonTubeBothSidesDirectional,"[-20.972,-4.803,63.000]","[0.000,0.000,205.054]","[0.000,0.000,0.976,-0.217]",[],[],[],[]
16,BigTrackLaneRing(Clone)/Ring,"[0.000,5.000,63.000]","[25.054,270.000,180.000]","[-0.690,-0.153,0.690,-0.153]","[0.000,5.000,63.000]","[66.028,66.028,0.800]",[],[]
16,BigTrackLaneRing(Clone),"[0.000,5.000,63.000]","[0.000,0.000,205.054]","[0.000,0.000,0.976,-0.217]",[],[],[],[]
16,BigTrackLaneRing(Clone)/NeonTubeBothSidesDirectional (3)/BoxLight,"[10.758,-15.498,55.000]","[0.000,0.000,297.693]","[0.000,0.000,0.517,-0.856]","[10.758,-15.498,55.000]","[5.378,2.912,0.140]",[],[]
16,BigTrackLaneRing(Clone)/NeonTubeBothSidesDirectional (3)/BakedBloom,"[10.758,-15.498,55.000]","[302.139,236.660,29.120]","[0.416,0.688,0.308,-0.509]","[10.758,-15.498,55.000]","[0.000,0.000,0.000]",[],[]
16,BigTrackLaneRing(Clone)/NeonTubeBothSidesDirectional (3),"[10.758,-15.498,55.000]","[0.000,0.000,297.693]","[0.000,0.000,0.517,-0.856]",[],[],[],[]
16,BigTrackLaneRing(Clone)/NeonTubeBothSidesDirectional (2)/BoxLight,"[-10.758,25.498,55.000]","[0.000,0.000,117.693]","[0.000,0.000,0.856,0.517]","[-10.758,25.498,55.000]","[5.378,2.912,0.140]",[],[]
16,BigTrackLaneRing(Clone)/NeonTubeBothSidesDirectional (2)/BakedBloom,"[-10.758,25.498,55.000]","[57.861,123.340,209.120]","[0.688,-0.416,0.509,0.308]","[-10.758,25.498,55.000]","[0.000,0.000,0.000]",[],[]
16,BigTrackLaneRing(Clone)/NeonTubeBothSidesDirectional (2),"[-10.758,25.498,55.000]","[0.000,0.000,117.693]","[0.000,0.000,0.856,0.517]",[],[],[],[]
16,BigTrackLaneRing(Clone)/NeonTubeBothSidesDirectional (1)/BoxLight,"[20.498,15.758,55.000]","[0.000,0.000,207.693]","[0.000,0.000,0.971,-0.239]","[20.498,15.758,55.000]","[2.912,5.378,0.140]",[],[]
16,BigTrackLaneRing(Clone)/NeonTubeBothSidesDirectional (1)/BakedBloom,"[20.498,15.758,55.000]","[333.614,70.951,188.724]","[0.578,0.142,0.780,-0.192]","[20.498,15.758,55.000]","[0.000,0.000,0.000]",[],[]
16,BigTrackLaneRing(Clone)/NeonTubeBothSidesDirectional (1),"[20.498,15.758,55.000]","[0.000,0.000,207.693]","[0.000,0.000,0.971,-0.239]",[],[],[],[]
16,BigTrackLaneRing(Clone)/NeonTubeBothSidesDirectional/BoxLight,"[-20.498,-5.758,55.000]","[0.000,0.000,207.693]","[0.000,0.000,0.971,-0.239]","[-20.498,-5.758,55.000]","[2.912,5.378,0.140]",[],[]
16,BigTrackLaneRing(Clone)/NeonTubeBothSidesDirectional/BakedBloom,"[-20.498,-5.758,55.000]","[333.614,109.049,171.276]","[0.780,0.192,0.578,-0.142]","[-20.498,-5.758,55.000]","[0.000,0.000,0.000]",[],[]
16,BigTrackLaneRing(Clone)/NeonTubeBothSidesDirectional,"[-20.498,-5.758,55.000]","[0.000,0.000,207.693]","[0.000,0.000,0.971,-0.239]",[],[],[],[]
16,BigTrackLaneRing(Clone)/Ring,"[0.000,5.000,55.000]","[27.693,270.000,180.000]","[-0.687,-0.169,0.687,-0.169]","[0.000,5.000,55.000]","[67.062,67.061,0.800]",[],[]
16,BigTrackLaneRing(Clone),"[0.000,5.000,55.000]","[0.000,0.000,207.693]","[0.000,0.000,0.971,-0.239]",[],[],[],[]
16,BigTrackLaneRing(Clone)/NeonTubeBothSidesDirectional (3)/BoxLight,"[11.689,-14.982,47.000]","[0.000,0.000,300.327]","[0.000,0.000,0.498,-0.867]","[11.689,-14.982,47.000]","[5.250,3.150,0.140]",[],[]
16,BigTrackLaneRing(Clone)/NeonTubeBothSidesDirectional (3)/BakedBloom,"[11.689,-14.982,47.000]","[304.367,238.806,26.555]","[0.400,0.697,0.296,-0.516]","[11.689,-14.982,47.000]","[0.000,0.000,0.000]",[],[]
16,BigTrackLaneRing(Clone)/NeonTubeBothSidesDirectional (3),"[11.689,-14.982,47.000]","[0.000,0.000,300.327]","[0.000,0.000,0.498,-0.867]",[],[],[],[]
16,BigTrackLaneRing(Clone)/NeonTubeBothSidesDirectional (2)/BoxLight,"[-11.689,24.982,47.000]","[0.000,0.000,120.327]","[0.000,0.000,0.867,0.498]","[-11.689,24.982,47.000]","[5.250,3.150,0.140]",[],[]
16,BigTrackLaneRing(Clone)/NeonTubeBothSidesDirectional (2)/BakedBloom,"[-11.689,24.982,47.000]","[55.633,121.194,206.555]","[0.697,-0.400,0.516,0.296]","[-11.689,24.982,47.000]","[0.000,0.000,0.000]",[],[]
16,BigTrackLaneRing(Clone)/NeonTubeBothSidesDirectional (2),"[-11.689,24.982,47.000]","[0.000,0.000,120.327]","[0.000,0.000,0.867,0.498]",[],[],[],[]
16,BigTrackLaneRing(Clone)/NeonTubeBothSidesDirectional (1)/BoxLight,"[19.982,16.689,47.000]","[0.000,0.000,210.327]","[0.000,0.000,0.965,-0.262]","[19.982,16.689,47.000]","[3.150,5.250,0.140]",[],[]
16,BigTrackLaneRing(Clone)/NeonTubeBothSidesDirectional (1)/BakedBloom,"[19.982,16.689,47.000]","[331.127,70.496,189.706]","[0.574,0.156,0.776,-0.210]","[19.982,16.689,47.000]","[0.000,0.000,0.000]",[],[]
16,BigTrackLaneRing(Clone)/NeonTubeBothSidesDirectional (1),"[19.982,16.689,47.000]","[0.000,0.000,210.327]","[0.000,0.000,0.965,-0.262]",[],[],[],[]
16,BigTrackLaneRing(Clone)/NeonTubeBothSidesDirectional/BoxLight,"[-19.982,-6.689,47.000]","[0.000,0.000,210.327]","[0.000,0.000,0.965,-0.262]","[-19.982,-6.689,47.000]","[3.150,5.250,0.140]",[],[]
16,BigTrackLaneRing(Clone)/NeonTubeBothSidesDirectional/BakedBloom,"[-19.982,-6.689,47.000]","[331.127,109.504,170.294]","[0.776,0.210,0.574,-0.156]","[-19.982,-6.689,47.000]","[0.000,0.000,0.000]",[],[]
16,BigTrackLaneRing(Clone)/NeonTubeBothSidesDirectional,"[-19.982,-6.689,47.000]","[0.000,0.000,210.327]","[0.000,0.000,0.965,-0.262]",[],[],[],[]
16,BigTrackLaneRing(Clone)/Ring,"[0.000,5.000,47.000]","[30.327,270.000,180.000]","[-0.682,-0.185,0.682,-0.185]","[0.000,5.000,47.000]","[67.951,67.951,0.800]",[],[]
16,BigTrackLaneRing(Clone),"[0.000,5.000,47.000]","[0.000,0.000,210.327]","[0.000,0.000,0.965,-0.262]",[],[],[],[]
16,BigTrackLaneRing(Clone)/NeonTubeBothSidesDirectional (3)/BoxLight,"[12.594,-14.424,39.000]","[0.000,0.000,302.959]","[0.000,0.000,0.477,-0.879]","[12.594,-14.424,39.000]","[5.111,3.382,0.140]",[],[]
16,BigTrackLaneRing(Clone)/NeonTubeBothSidesDirectional (3)/BakedBloom,"[12.594,-14.424,39.000]","[306.640,240.665,24.272]","[0.384,0.706,0.284,-0.523]","[12.594,-14.424,39.000]","[0.000,0.000,0.000]",[],[]
16,BigTrackLaneRing(Clone)/NeonTubeBothSidesDirectional (3),"[12.594,-14.424,39.000]","[0.000,0.000,302.959]","[0.000,0.000,0.477,-0.879]",[],[],[],[]
16,BigTrackLaneRing(Clone)/NeonTubeBothSidesDirectional (2)/BoxLight,"[-12.594,24.424,39.000]","[0.000,0.000,122.959]","[0.000,0.000,0.879,0.477]","[-12.594,24.424,39.000]","[5.111,3.382,0.140]",[],[]
16,BigTrackLaneRing(Clone)/NeonTubeBothSidesDirectional (2)/BakedBloom,"[-12.594,24.424,39.000]","[53.360,119.335,204.272]","[0.706,-0.384,0.523,0.284]","[-12.594,24.424,39.000]","[0.000,0.000,0.000]",[],[]
16,BigTrackLaneRing(Clone)/NeonTubeBothSidesDirectional (2),"[-12.594,24.424,39.000]","[0.000,0.000,122.959]","[0.000,0.000,0.879,0.477]",[],[],[],[]
16,BigTrackLaneRing(Clone)/NeonTubeBothSidesDirectional (1)/BoxLight,"[19.424,17.594,39.000]","[0.000,0.000,212.959]","[0.000,0.000,0.959,-0.284]","[19.424,17.594,39.000]","[3.382,5.111,0.140]",[],[]
16,BigTrackLaneRing(Clone)/NeonTubeBothSidesDirectional (1)/BakedBloom,"[19.424,17.594,39.000]","[328.650,69.980,190.734]","[0.570,0.169,0.771,-0.228]","[19.424,17.594,39.000]","[0.000,0.000,0.000]",[],[]
16,BigTrackLaneRing(Clone)/NeonTubeBothSidesDirectional (1),"[19.424,17.594,39.000]","[0.000,0.000,212.959]","[0.000,0.000,0.959,-0.284]",[],[],[],[]
16,BigTrackLaneRing(Clone)/NeonTubeBothSidesDirectional/BoxLight,"[-19.424,-7.594,39.000]","[0.000,0.000,212.959]","[0.000,0.000,0.959,-0.284]","[-19.424,-7.594,39.000]","[3.382,5.111,0.140]",[],[]
16,BigTrackLaneRing(Clone)/NeonTubeBothSidesDirectional/BakedBloom,"[-19.424,-7.594,39.000]","[328.650,110.020,169.266]","[0.771,0.228,0.570,-0.169]","[-19.424,-7.594,39.000]","[0.000,0.000,0.000]",[],[]
16,BigTrackLaneRing(Clone)/NeonTubeBothSidesDirectional,"[-19.424,-7.594,39.000]","[0.000,0.000,212.959]","[0.000,0.000,0.959,-0.284]",[],[],[],[]
16,BigTrackLaneRing(Clone)/Ring,"[0.000,5.000,39.000]","[32.958,270.000,180.000]","[-0.678,-0.201,0.678,-0.201]","[0.000,5.000,39.000]","[68.696,68.696,0.800]",[],[]
16,BigTrackLaneRing(Clone),"[0.000,5.000,39.000]","[0.000,0.000,212.959]","[0.000,0.000,0.959,-0.284]",[],[],[],[]
16,BigTrackLaneRing(Clone)/NeonTubeBothSidesDirectional (3)/BoxLight,"[13.472,-13.827,31.000]","[0.000,0.000,305.586]","[0.000,0.000,0.457,-0.889]","[13.472,-13.827,31.000]","[4.961,3.605,0.140]",[],[]
16,BigTrackLaneRing(Clone)/NeonTubeBothSidesDirectional (3)/BakedBloom,"[13.472,-13.827,31.000]","[308.949,242.284,22.224]","[0.368,0.715,0.272,-0.529]","[13.472,-13.827,31.000]","[0.000,0.000,0.000]",[],[]
16,BigTrackLaneRing(Clone)/NeonTubeBothSidesDirectional (3),"[13.472,-13.827,31.000]","[0.000,0.000,305.586]","[0.000,0.000,0.457,-0.889]",[],[],[],[]
16,BigTrackLaneRing(Clone)/NeonTubeBothSidesDirectional (2)/BoxLight,"[-13.472,23.827,31.000]","[0.000,0.000,125.586]","[0.000,0.000,0.889,0.457]","[-13.472,23.827,31.000]","[4.961,3.605,0.140]",[],[]
16,BigTrackLaneRing(Clone)/NeonTubeBothSidesDirectional (2)/BakedBloom,"[-13.472,23.827,31.000]","[51.051,117.717,202.225]","[0.715,-0.368,0.529,0.272]","[-13.472,23.827,31.000]","[0.000,0.000,0.000]",[],[]
16,BigTrackLaneRing(Clone)/NeonTubeBothSidesDirectional (2),"[-13.472,23.827,31.000]","[0.000,0.000,125.586]","[0.000,0.000,0.889,0.457]",[],[],[],[]
16,BigTrackLaneRing(Clone)/NeonTubeBothSidesDirectional (1)/BoxLight,"[18.827,18.472,31.000]","[0.000,0.000,215.586]","[0.000,0.000,0.952,-0.306]","[18.827,18.472,31.000]","[3.605,4.961,0.140]",[],[]
16,BigTrackLaneRing(Clone)/NeonTubeBothSidesDirectional (1)/BakedBloom,"[18.827,18.472,31.000]","[326.186,69.397,191.816]","[0.566,0.182,0.765,-0.246]","[18.827,18.472,31.000]","[0.000,0.000,0.000]",[],[]
16,BigTrackLaneRing(Clone)/NeonTubeBothSidesDirectional (1),"[18.827,18.472,31.000]","[0.000,0.000,215.586]","[0.000,0.000,0.952,-0.306]",[],[],[],[]
16,BigTrackLaneRing(Clone)/NeonTubeBothSidesDirectional/BoxLight,"[-18.827,-8.472,31.000]","[0.000,0.000,215.586]","[0.000,0.000,0.952,-0.306]","[-18.827,-8.472,31.000]","[3.605,4.961,0.140]",[],[]
16,BigTrackLaneRing(Clone)/NeonTubeBothSidesDirectional/BakedBloom,"[-18.827,-8.472,31.000]","[326.186,110.603,168.184]","[0.765,0.246,0.566,-0.182]","[-18.827,-8.472,31.000]","[0.000,0.000,0.000]",[],[]
16,BigTrackLaneRing(Clone)/NeonTubeBothSidesDirectional,"[-18.827,-8.472,31.000]","[0.000,0.000,215.586]","[0.000,0.000,0.952,-0.306]",[],[],[],[]
16,BigTrackLaneRing(Clone)/Ring,"[0.000,5.000,31.000]","[35.586,270.000,180.000]","[-0.673,-0.216,0.673,-0.216]","[0.000,5.000,31.000]","[69.296,69.296,0.800]",[],[]
16,BigTrackLaneRing(Clone),"[0.000,5.000,31.000]","[0.000,0.000,215.586]","[0.000,0.000,0.952,-0.306]",[],[],[],[]
16,BigTrackLaneRing(Clone)/NeonTubeBothSidesDirectional (3)/BoxLight,"[14.319,-13.190,23.000]","[0.000,0.000,308.210]","[0.000,0.000,0.437,-0.900]","[14.319,-13.190,23.000]","[4.801,3.821,0.140]",[],[]
16,BigTrackLaneRing(Clone)/NeonTubeBothSidesDirectional (3)/BakedBloom,"[14.319,-13.190,23.000]","[311.287,243.698,20.375]","[0.351,0.723,0.260,-0.535]","[14.319,-13.190,23.000]","[0.000,0.000,0.000]",[],[]
16,BigTrackLaneRing(Clone)/NeonTubeBothSidesDirectional (3),"[14.319,-13.190,23.000]","[0.000,0.000,308.210]","[0.000,0.000,0.437,-0.900]",[],[],[],[]
16,BigTrackLaneRing(Clone)/NeonTubeBothSidesDirectional (2)/BoxLight,"[-14.319,23.190,23.000]","[0.000,0.000,128.210]","[0.000,0.000,0.900,0.437]","[-14.319,23.190,23.000]","[4.801,3.821,0.140]",[],[]
16,BigTrackLaneRing(Clone)/NeonTubeBothSidesDirectional (2)/BakedBloom,"[-14.319,23.190,23.000]","[48.713,116.302,200.375]","[0.723,-0.351,0.535,0.260]","[-14.319,23.190,23.000]","[0.000,0.000,0.000]",[],[]
16,BigTrackLaneRing(Clone)/NeonTubeBothSidesDirectional (2),"[-14.319,23.190,23.000]","[0.000,0.000,128.210]","[0.000,0.000,0.900,0.437]",[],[],[],[]
16,BigTrackLaneRing(Clone)/NeonTubeBothSidesDirectional (1)/BoxLight,"[18.190,19.319,23.000]","[0.000,0.000,218.210]","[0.000,0.000,0.945,-0.327]","[18.190,19.319,23.000]","[3.821,4.801,0.140]",[],[]
16,BigTrackLaneRing(Clone)/NeonTubeBothSidesDirectional (1)/BakedBloom,"[18.190,19.319,23.000]","[323.735,68.739,192.961]","[0.562,0.195,0.760,-0.263]","[18.190,19.319,23.000]","[0.000,0.000,0.000]",[],[]
16,BigTrackLaneRing(Clone)/NeonTubeBothSidesDirectional (1),"[18.190,19.319,23.000]","[0.000,0.000,218.210]","[0.000,0.000,0.945,-0.327]",[],[],[],[]
16,BigTrackLaneRing(Clone)/NeonTubeBothSidesDirectional/BoxLight,"[-18.190,-9.319,23.000]","[0.000,0.000,218.210]","[0.000,0.000,0.945,-0.327]","[-18.190,-9.319,23.000]","[3.821,4.801,0.140]",[],[]
16,BigTrackLaneRing(Clone)/NeonTubeBothSidesDirectional/BakedBloom,"[-18.190,-9.319,23.000]","[323.735,111.261,167.039]","[0.760,0.263,0.562,-0.195]","[-18.190,-9.319,23.000]","[0.000,0.000,0.000]",[],[]
16,BigTrackLaneRing(Clone)/NeonTubeBothSidesDirectional,"[-18.190,-9.319,23.000]","[0.000,0.000,218.210]","[0.000,0.000,0.945,-0.327]",[],[],[],[]
16,BigTrackLaneRing(Clone)/Ring,"[0.000,5.000,23.000]","[38.210,270.000,180.000]","[-0.668,-0.231,0.668,-0.231]","[0.000,5.000,23.000]","[69.749,69.749,0.800]",[],[]
16,BigTrackLaneRing(Clone),"[0.000,5.000,23.000]","[0.000,0.000,218.210]","[0.000,0.000,0.945,-0.327]",[],[],[],[]
16,BigTrackLaneRing(Clone)/NeonTubeBothSidesDirectional (3)/BoxLight,"[15.136,-12.516,15.000]","[0.000,0.000,310.831]","[0.000,0.000,0.416,-0.909]","[15.136,-12.516,15.000]","[4.631,4.029,0.140]",[],[]
16,BigTrackLaneRing(Clone)/NeonTubeBothSidesDirectional (3)/BakedBloom,"[15.136,-12.516,15.000]","[313.650,244.939,18.693]","[0.334,0.731,0.247,-0.541]","[15.136,-12.516,15.000]","[0.000,0.000,0.000]",[],[]
16,BigTrackLaneRing(Clone)/NeonTubeBothSidesDirectional (3),"[15.136,-12.516,15.000]","[0.000,0.000,310.831]","[0.000,0.000,0.416,-0.909]",[],[],[],[]
16,BigTrackLaneRing(Clone)/NeonTubeBothSidesDirectional (2)/BoxLight,"[-15.136,22.516,15.000]","[0.000,0.000,130.831]","[0.000,0.000,0.909,0.416]","[-15.136,22.516,15.000]","[4.631,4.029,0.140]",[],[]
16,BigTrackLaneRing(Clone)/NeonTubeBothSidesDirectional (2)/BakedBloom,"[-15.136,22.516,15.000]","[46.351,115.061,198.693]","[0.731,-0.334,0.541,0.247]","[-15.136,22.516,15.000]","[0.000,0.000,0.000]",[],[]
16,BigTrackLaneRing(Clone)/NeonTubeBothSidesDirectional (2),"[-15.136,22.516,15.000]","[0.000,0.000,130.831]","[0.000,0.000,0.909,0.416]",[],[],[],[]
16,BigTrackLaneRing(Clone)/NeonTubeBothSidesDirectional (1)/BoxLight,"[17.516,20.136,15.000]","[0.000,0.000,220.831]","[0.000,0.000,0.937,-0.349]","[17.516,20.136,15.000]","[4.029,4.631,0.140]",[],[]
16,BigTrackLaneRing(Clone)/NeonTubeBothSidesDirectional (1)/BakedBloom,"[17.516,20.136,15.000]","[321.298,67.998,194.179]","[0.557,0.207,0.753,-0.280]","[17.516,20.136,15.000]","[0.000,0.000,0.000]",[],[]
16,BigTrackLaneRing(Clone)/NeonTubeBothSidesDirectional (1),"[17.516,20.136,15.000]","[0.000,0.000,220.831]","[0.000,0.000,0.937,-0.349]",[],[],[],[]
16,BigTrackLaneRing(Clone)/NeonTubeBothSidesDirectional/BoxLight,"[-17.516,-10.136,15.000]","[0.000,0.000,220.831]","[0.000,0.000,0.937,-0.349]","[-17.516,-10.136,15.000]","[4.029,4.631,0.140]",[],[]
16,BigTrackLaneRing(Clone)/NeonTubeBothSidesDirectional/BakedBloom,"[-17.516,-10.136,15.000]","[321.298,112.002,165.821]","[0.753,0.280,0.557,-0.207]","[-17.516,-10.136,15.000]","[0.000,0.000,0.000]",[],[]
16,BigTrackLaneRing(Clone)/NeonTubeBothSidesDirectional,"[-17.516,-10.136,15.000]","[0.000,0.000,220.831]","[0.000,0.000,0.937,-0.349]",[],[],[],[]
16,BigTrackLaneRing(Clone)/Ring,"[0.000,5.000,15.000]","[40.831,270.000,180.000]","[-0.663,-0.247,0.663,-0.247]","[0.000,5.000,15.000]","[70.056,70.056,0.800]",[],[]
16,BigTrackLaneRing(Clone),"[0.000,5.000,15.000]","[0.000,0.000,220.831]","[0.000,0.000,0.937,-0.349]",[],[],[],[]
16,BigTrackLaneRing(Clone)/NeonTubeBothSidesDirectional (3)/BoxLight,"[15.921,-11.807,7.000]","[0.000,0.000,313.449]","[0.000,0.000,0.395,-0.919]","[15.921,-11.807,7.000]","[4.452,4.228,0.140]",[],[]
16,BigTrackLaneRing(Clone)/NeonTubeBothSidesDirectional (3)/BakedBloom,"[15.921,-11.807,7.000]","[316.032,246.032,17.152]","[0.318,0.738,0.235,-0.546]","[15.921,-11.807,7.000]","[0.000,0.000,0.000]",[],[]
16,BigTrackLaneRing(Clone)/NeonTubeBothSidesDirectional (3),"[15.921,-11.807,7.000]","[0.000,0.000,313.449]","[0.000,0.000,0.395,-0.919]",[],[],[],[]
16,BigTrackLaneRing(Clone)/NeonTubeBothSidesDirectional (2)/BoxLight,"[-15.921,21.807,7.000]","[0.000,0.000,133.449]","[0.000,0.000,0.919,0.395]","[-15.921,21.807,7.000]","[4.452,4.228,0.140]",[],[]
16,BigTrackLaneRing(Clone)/NeonTubeBothSidesDirectional (2)/BakedBloom,"[-15.921,21.807,7.000]","[43.968,113.968,197.152]","[0.738,-0.318,0.546,0.235]","[-15.921,21.807,7.000]","[0.000,0.000,0.000]",[],[]
16,BigTrackLaneRing(Clone)/NeonTubeBothSidesDirectional (2),"[-15.921,21.807,7.000]","[0.000,0.000,133.449]","[0.000,0.000,0.919,0.395]",[],[],[],[]
16,BigTrackLaneRing(Clone)/NeonTubeBothSidesDirectional (1)/BoxLight,"[16.807,20.921,7.000]","[0.000,0.000,223.449]","[0.000,0.000,0.929,-0.370]","[16.807,20.921,7.000]","[4.228,4.452,0.140]",[],[]
16,BigTrackLaneRing(Clone)/NeonTubeBothSidesDirectional (1)/BakedBloom,"[16.807,20.921,7.000]","[318.878,67.163,195.481]","[0.553,0.220,0.747,-0.298]","[16.807,20.921,7.000]","[0.000,0.000,0.000]",[],[]
16,BigTrackLaneRing(Clone)/NeonTubeBothSidesDirectional (1),"[16.807,20.921,7.000]","[0.000,0.000,223.449]","[0.000,0.000,0.929,-0.370]",[],[],[],[]
16,BigTrackLaneRing(Clone)/NeonTubeBothSidesDirectional/BoxLight,"[-16.807,-10.921,7.000]","[0.000,0.000,223.449]","[0.000,0.000,0.929,-0.370]","[-16.807,-10.921,7.000]","[4.228,4.452,0.140]",[],[]
16,BigTrackLaneRing(Clone)/NeonTubeBothSidesDirectional/BakedBloom,"[-16.807,-10.921,7.000]","[318.878,112.837,164.519]","[0.747,0.298,0.553,-0.220]","[-16.807,-10.921,7.000]","[0.000,0.000,0.000]",[],[]
16,BigTrackLaneRing(Clone)/NeonTubeBothSidesDirectional,"[-16.807,-10.921,7.000]","[0.000,0.000,223.449]","[0.000,0.000,0.929,-0.370]",[],[],[],[]
16,BigTrackLaneRing(Clone)/Ring,"[0.000,5.000,7.000]","[43.449,270.000,180.000]","[-0.657,-0.262,0.657,-0.262]","[0.000,5.000,7.000]","[70.216,70.216,0.800]",[],[]
16,BigTrackLaneRing(Clone),"[0.000,5.000,7.000]","[0.000,0.000,223.449]","[0.000,0.000,0.929,-0.370]",[],[],[],[]
16,SmallTrackLaneRing(Clone)/Ring,"[0.000,1.400,115.500]","[82.682,270.000,180.000]","[0.531,0.467,-0.531,0.467]","[0.000,1.400,115.548]","[11.548,11.548,0.596]",[],[]
16,SmallTrackLaneRing(Clone),"[0.000,1.400,115.500]","[0.000,0.000,262.682]","[0.000,0.000,-0.751,0.661]",[],[],[],[]
16,SmallTrackLaneRing(Clone)/Ring,"[0.000,1.400,112.000]","[87.493,270.000,180.000]","[0.511,0.489,-0.511,0.489]","[0.000,1.400,112.048]","[10.759,10.759,0.596]",[],[]
16,SmallTrackLaneRing(Clone),"[0.000,1.400,112.000]","[0.000,0.000,267.492]","[0.000,0.000,-0.722,0.691]",[],[],[],[]
16,SmallTrackLaneRing(Clone)/Ring,"[0.000,1.400,108.500]","[87.683,90.000,0.000]","[0.490,0.510,-0.490,0.510]","[0.000,1.400,108.548]","[10.726,10.726,0.596]",[],[]
16,SmallTrackLaneRing(Clone),"[0.000,1.400,108.500]","[0.000,0.000,272.317]","[0.000,0.000,-0.693,0.721]",[],[],[],[]
16,SmallTrackLaneRing(Clone)/Ring,"[0.000,1.400,105.000]","[82.845,90.000,0.000]","[0.468,0.530,-0.468,0.530]","[0.000,1.400,105.048]","[11.522,11.522,0.596]",[],[]
16,SmallTrackLaneRing(Clone),"[0.000,1.400,105.000]","[0.000,0.000,277.155]","[0.000,0.000,-0.662,0.750]",[],[],[],[]
16,SmallTrackLaneRing(Clone)/Ring,"[0.000,1.400,101.500]","[77.995,90.000,0.000]","[0.445,0.550,-0.445,0.550]","[0.000,1.400,101.548]","[12.238,12.238,0.596]",[],[]
16,SmallTrackLaneRing(Clone),"[0.000,1.400,101.500]","[0.000,0.000,282.005]","[0.000,0.000,-0.629,0.777]",[],[],[],[]
16,SmallTrackLaneRing(Clone)/Ring,"[0.000,1.400,98.000]","[73.135,90.000,0.000]","[0.421,0.568,-0.421,0.568]","[0.000,1.400,98.048]","[12.867,12.867,0.596]",[],[]
16,SmallTrackLaneRing(Clone),"[0.000,1.400,98.000]","[0.000,0.000,286.865]","[0.000,0.000,-0.596,0.803]",[],[],[],[]
16,SmallTrackLaneRing(Clone)/Ring,"[0.000,1.400,94.500]","[68.265,90.000,0.000]","[0.397,0.585,-0.397,0.585]","[0.000,1.400,94.548]","[13.405,13.405,0.596]",[],[]
16,SmallTrackLaneRing(Clone),"[0.000,1.400,94.500]","[0.000,0.000,291.735]","[0.000,0.000,-0.561,0.828]",[],[],[],[]
16,SmallTrackLaneRing(Clone)/Ring,"[0.000,1.400,91.000]","[63.387,90.000,0.000]","[0.371,0.602,-0.371,0.602]","[0.000,1.400,91.048]","[13.846,13.846,0.596]",[],[]
16,SmallTrackLaneRing(Clone),"[0.000,1.400,91.000]","[0.000,0.000,296.613]","[0.000,0.000,-0.525,0.851]",[],[],[],[]
16,SmallTrackLaneRing(Clone)/Ring,"[0.000,1.400,87.500]","[58.501,90.000,0.000]","[0.346,0.617,-0.346,0.617]","[0.000,1.400,87.548]","[14.188,14.188,0.596]",[],[]
16,SmallTrackLaneRing(Clone),"[0.000,1.400,87.500]","[0.000,0.000,301.499]","[0.000,0.000,-0.489,0.872]",[],[],[],[]
16,SmallTrackLaneRing(Clone)/Ring,"[0.000,1.400,84.000]","[53.608,90.000,0.000]","[0.319,0.631,-0.319,0.631]","[0.000,1.400,84.048]","[14.427,14.427,0.596]",[],[]
16,SmallTrackLaneRing(Clone),"[0.000,1.400,84.000]","[0.000,0.000,306.392]","[0.000,0.000,-0.451,0.893]",[],[],[],[]
16,SmallTrackLaneRing(Clone)/Ring,"[0.000,1.400,80.500]","[48.708,90.000,0.000]","[0.292,0.644,-0.292,0.644]","[0.000,1.400,80.548]","[14.561,14.561,0.596]",[],[]
16,SmallTrackLaneRing(Clone),"[0.000,1.400,80.500]","[0.000,0.000,311.292]","[0.000,0.000,-0.412,0.911]",[],[],[],[]
16,SmallTrackLaneRing(Clone)/Ring,"[0.000,1.400,77.000]","[43.803,90.000,0.000]","[0.264,0.656,-0.264,0.656]","[0.000,1.400,77.048]","[14.588,14.588,0.596]",[],[]
16,SmallTrackLaneRing(Clone),"[0.000,1.400,77.000]","[0.000,0.000,316.197]","[0.000,0.000,-0.373,0.928]",[],[],[],[]
16,SmallTrackLaneRing(Clone)/Ring,"[0.000,1.400,73.500]","[38.893,90.000,0.000]","[0.235,0.667,-0.235,0.667]","[0.000,1.400,73.548]","[14.508,14.508,0.596]",[],[]
16,SmallTrackLaneRing(Clone),"[0.000,1.400,73.500]","[0.000,0.000,321.107]","[0.000,0.000,-0.333,0.943]",[],[],[],[]
16,SmallTrackLaneRing(Clone)/Ring,"[0.000,1.400,70.000]","[33.978,90.000,0.000]","[0.207,0.676,-0.207,0.676]","[0.000,1.400,70.048]","[14.322,14.322,0.596]",[],[]
16,SmallTrackLaneRing(Clone),"[0.000,1.400,70.000]","[0.000,0.000,326.022]","[0.000,0.000,-0.292,0.956]",[],[],[],[]
16,SmallTrackLaneRing(Clone)/Ring,"[0.000,1.400,66.500]","[29.059,90.000,0.000]","[0.177,0.684,-0.177,0.684]","[0.000,1.400,66.548]","[14.030,14.030,0.596]",[],[]
16,SmallTrackLaneRing(Clone),"[0.000,1.400,66.500]","[0.000,0.000,330.941]","[0.000,0.000,-0.251,0.968]",[],[],[],[]
16,SmallTrackLaneRing(Clone)/Ring,"[0.000,1.400,63.000]","[24.136,90.000,0.000]","[0.148,0.691,-0.148,0.691]","[0.000,1.400,63.048]","[13.634,13.634,0.596]",[],[]
16,SmallTrackLaneRing(Clone),"[0.000,1.400,63.000]","[0.000,0.000,335.864]","[0.000,0.000,-0.209,0.978]",[],[],[],[]
16,SmallTrackLaneRing(Clone)/Ring,"[0.000,1.400,59.500]","[19.209,90.000,0.000]","[0.118,0.697,-0.118,0.697]","[0.000,1.400,59.548]","[13.138,13.138,0.596]",[],[]
16,SmallTrackLaneRing(Clone),"[0.000,1.400,59.500]","[0.000,0.000,340.791]","[0.000,0.000,-0.167,0.986]",[],[],[],[]
16,SmallTrackLaneRing(Clone)/Ring,"[0.000,1.400,56.000]","[14.280,90.000,0.000]","[0.088,0.702,-0.088,0.702]","[0.000,1.400,56.048]","[12.544,12.544,0.596]",[],[]
16,SmallTrackLaneRing(Clone),"[0.000,1.400,56.000]","[0.000,0.000,345.720]","[0.000,0.000,-0.124,0.992]",[],[],[],[]
16,SmallTrackLaneRing(Clone)/Ring,"[0.000,1.400,52.500]","[9.348,90.000,0.000]","[0.058,0.705,-0.058,0.705]","[0.000,1.400,52.548]","[11.856,11.856,0.596]",[],[]
16,SmallTrackLaneRing(Clone),"[0.000,1.400,52.500]","[0.000,0.000,350.652]","[0.000,0.000,-0.081,0.997]",[],[],[],[]
16,SmallTrackLaneRing(Clone)/Ring,"[0.000,1.400,49.000]","[4.413,90.000,0.000]","[0.027,0.707,-0.027,0.707]","[0.000,1.400,49.048]","[11.081,11.081,0.596]",[],[]
16,SmallTrackLaneRing(Clone),"[0.000,1.400,49.000]","[0.000,0.000,355.587]","[0.000,0.000,-0.039,0.999]",[],[],[],[]
16,SmallTrackLaneRing(Clone)/Ring,"[0.000,1.400,45.500]","[359.477,90.000,0.000]","[-0.003,0.707,0.003,0.707]","[0.000,1.400,45.548]","[10.411,10.411,0.596]",[],[]
16,SmallTrackLaneRing(Clone),"[0.000,1.400,45.500]","[0.000,0.000,0.523]","[0.000,0.000,0.005,1.000]",[],[],[],[]
16,SmallTrackLaneRing(Clone)/Ring,"[0.000,1.400,42.000]","[354.538,90.000,0.000]","[-0.034,0.706,0.034,0.706]","[0.000,1.400,42.048]","[11.253,11.253,0.596]",[],[]
16,SmallTrackLaneRing(Clone),"[0.000,1.400,42.000]","[0.000,0.000,5.462]","[0.000,0.000,0.048,0.999]",[],[],[],[]
16,SmallTrackLaneRing(Clone)/Ring,"[0.000,1.400,38.500]","[349.597,90.000,0.000]","[-0.064,0.704,0.064,0.704]","[0.000,1.400,38.548]","[12.011,12.011,0.596]",[],[]
16,SmallTrackLaneRing(Clone),"[0.000,1.400,38.500]","[0.000,0.000,10.403]","[0.000,0.000,0.091,0.996]",[],[],[],[]
16,SmallTrackLaneRing(Clone)/Ring,"[0.000,1.400,35.000]","[344.655,90.000,0.000]","[-0.094,0.701,0.094,0.701]","[0.000,1.400,35.048]","[12.680,12.680,0.596]",[],[]
16,SmallTrackLaneRing(Clone),"[0.000,1.400,35.000]","[0.000,0.000,15.345]","[0.000,0.000,0.134,0.991]",[],[],[],[]
16,SmallTrackLaneRing(Clone)/Ring,"[0.000,1.400,31.500]","[339.712,90.000,0.000]","[-0.125,0.696,0.125,0.696]","[0.000,1.400,31.548]","[13.255,13.255,0.596]",[],[]
16,SmallTrackLaneRing(Clone),"[0.000,1.400,31.500]","[0.000,0.000,20.288]","[0.000,0.000,0.176,0.984]",[],[],[],[]
16,SmallTrackLaneRing(Clone)/Ring,"[0.000,1.400,28.000]","[334.767,90.000,0.000]","[-0.154,0.690,0.154,0.690]","[0.000,1.400,28.048]","[13.731,13.731,0.596]",[],[]
16,SmallTrackLaneRing(Clone),"[0.000,1.400,28.000]","[0.000,0.000,25.233]","[0.000,0.000,0.218,0.976]",[],[],[],[]
16,SmallTrackLaneRing(Clone)/Ring,"[0.000,1.400,24.500]","[329.821,90.000,0.000]","[-0.184,0.683,0.184,0.683]","[0.000,1.400,24.548]","[14.106,14.106,0.596]",[],[]
16,SmallTrackLaneRing(Clone),"[0.000,1.400,24.500]","[0.000,0.000,30.179]","[0.000,0.000,0.260,0.966]",[],[],[],[]
16,SmallTrackLaneRing(Clone)/Ring,"[0.000,1.400,21.000]","[324.874,90.000,0.000]","[-0.213,0.674,0.213,0.674]","[0.000,1.400,21.048]","[14.375,14.375,0.596]",[],[]
16,SmallTrackLaneRing(Clone),"[0.000,1.400,21.000]","[0.000,0.000,35.126]","[0.000,0.000,0.302,0.953]",[],[],[],[]
16,SmallTrackLaneRing(Clone)/Ring,"[0.000,1.400,17.500]","[319.926,90.000,0.000]","[-0.242,0.664,0.242,0.664]","[0.000,1.400,17.548]","[14.537,14.537,0.596]",[],[]
16,SmallTrackLaneRing(Clone),"[0.000,1.400,17.500]","[0.000,0.000,40.074]","[0.000,0.000,0.343,0.939]",[],[],[],[]
16,SmallTrackLaneRing(Clone)/Ring,"[0.000,1.400,14.000]","[314.978,90.000,0.000]","[-0.271,0.653,0.271,0.653]","[0.000,1.400,14.048]","[14.591,14.591,0.596]",[],[]
16,SmallTrackLaneRing(Clone),"[0.000,1.400,14.000]","[0.000,0.000,45.022]","[0.000,0.000,0.383,0.924]",[],[],[],[]
16,CubeNoteSliceDebrisHD(Clone)/NoteDebrisMesh,"[0.000,1.000,0.000]","[0.000,0.000,0.000]","[0.000,0.000,0.000,1.000]","[0.000,1.000,0.000]","[0.495,0.080,0.495]",[],[]
16,CubeNoteSliceDebrisHD(Clone),"[0.000,1.000,0.000]","[0.000,0.000,0.000]","[0.000,0.000,0.000,1.000]",[],[],"[0.000,1.000,0.000]","[0.000,0.000,0.000]"
16,CubeNoteSliceDebrisHD(Clone)/NoteDebrisMesh,"[0.000,1.000,0.000]","[0.000,0.000,0.000]","[0.000,0.000,0.000,1.000]","[0.000,1.000,0.000]","[0.495,0.080,0.495]",[],[]
16,CubeNoteSliceDebrisHD(Clone),"[0.000,1.000,0.000]","[0.000,0.000,0.000]","[0.000,0.000,0.000,1.000]",[],[],"[0.000,1.000,0.000]","[0.000,0.000,0.000]"
16,CubeNoteSliceDebrisHD(Clone)/NoteDebrisMesh,"[0.000,1.000,0.000]","[0.000,0.000,0.000]","[0.000,0.000,0.000,1.000]","[0.000,1.000,0.000]","[0.495,0.080,0.495]",[],[]
16,CubeNoteSliceDebrisHD(Clone),"[0.000,1.000,0.000]","[0.000,0.000,0.000]","[0.000,0.000,0.000,1.000]",[],[],"[0.000,1.000,0.000]","[0.000,0.000,0.000]"
16,CubeNoteSliceDebrisHD(Clone)/NoteDebrisMesh,"[0.000,1.000,0.000]","[0.000,0.000,0.000]","[0.000,0.000,0.000,1.000]","[0.000,1.000,0.000]","[0.495,0.080,0.495]",[],[]
16,CubeNoteSliceDebrisHD(Clone),"[0.000,1.000,0.000]","[0.000,0.000,0.000]","[0.000,0.000,0.000,1.000]",[],[],"[0.000,1.000,0.000]","[0.000,0.000,0.000]"
16,CubeNoteSliceDebrisHD(Clone)/NoteDebrisMesh,"[0.000,1.000,0.000]","[0.000,0.000,0.000]","[0.000,0.000,0.000,1.000]","[0.000,1.000,0.000]","[0.495,0.080,0.495]",[],[]
16,CubeNoteSliceDebrisHD(Clone),"[0.000,1.000,0.000]","[0.000,0.000,0.000]","[0.000,0.000,0.000,1.000]",[],[],"[0.000,1.000,0.000]","[0.000,0.000,0.000]"
16,CubeNoteSliceDebrisHD(Clone)/NoteDebrisMesh,"[0.000,1.000,0.000]","[0.000,0.000,0.000]","[0.000,0.000,0.000,1.000]","[0.000,1.000,0.000]","[0.495,0.080,0.495]",[],[]
16,CubeNoteSliceDebrisHD(Clone),"[0.000,1.000,0.000]","[0.000,0.000,0.000]","[0.000,0.000,0.000,1.000]",[],[],"[0.000,1.000,0.000]","[0.000,0.000,0.000]"
16,CubeNoteSliceDebrisHD(Clone)/NoteDebrisMesh,"[0.000,1.000,0.000]","[0.000,0.000,0.000]","[0.000,0.000,0.000,1.000]","[0.000,1.000,0.000]","[0.495,0.080,0.495]",[],[]
16,CubeNoteSliceDebrisHD(Clone),"[0.000,1.000,0.000]","[0.000,0.000,0.000]","[0.000,0.000,0.000,1.000]",[],[],"[0.000,1.000,0.000]","[0.000,0.000,0.000]"
16,CubeNoteSliceDebrisHD(Clone)/NoteDebrisMesh,"[0.000,1.000,0.000]","[0.000,0.000,0.000]","[0.000,0.000,0.000,1.000]","[0.000,1.000,0.000]","[0.495,0.080,0.495]",[],[]
16,CubeNoteSliceDebrisHD(Clone),"[0.000,1.000,0.000]","[0.000,0.000,0.000]","[0.000,0.000,0.000,1.000]",[],[],"[0.000,1.000,0.000]","[0.000,0.000,0.000]"
16,CubeNoteSliceDebrisHD(Clone)/NoteDebrisMesh,"[0.000,1.000,0.000]","[0.000,0.000,0.000]","[0.000,0.000,0.000,1.000]","[0.000,1.000,0.000]","[0.495,0.080,0.495]",[],[]
16,CubeNoteSliceDebrisHD(Clone),"[0.000,1.000,0.000]","[0.000,0.000,0.000]","[0.000,0.000,0.000,1.000]",[],[],"[0.000,1.000,0.000]","[0.000,0.000,0.000]"
16,CubeNoteSliceDebrisHD(Clone)/NoteDebrisMesh,"[0.000,1.000,0.000]","[0.000,0.000,0.000]","[0.000,0.000,0.000,1.000]","[0.000,1.000,0.000]","[0.495,0.080,0.495]",[],[]
16,CubeNoteSliceDebrisHD(Clone),"[0.000,1.000,0.000]","[0.000,0.000,0.000]","[0.000,0.000,0.000,1.000]",[],[],"[0.000,1.000,0.000]","[0.000,0.000,0.000]"
16,CubeNoteSliceDebrisHD(Clone)/NoteDebrisMesh,"[0.000,1.000,0.000]","[0.000,0.000,0.000]","[0.000,0.000,0.000,1.000]","[0.000,1.000,0.000]","[0.495,0.080,0.495]",[],[]
16,CubeNoteSliceDebrisHD(Clone),"[0.000,1.000,0.000]","[0.000,0.000,0.000]","[0.000,0.000,0.000,1.000]",[],[],"[0.000,1.000,0.000]","[0.000,0.000,0.000]"
16,CubeNoteSliceDebrisHD(Clone)/NoteDebrisMesh,"[0.000,1.000,0.000]","[0.000,0.000,0.000]","[0.000,0.000,0.000,1.000]","[0.000,1.000,0.000]","[0.495,0.080,0.495]",[],[]
16,CubeNoteSliceDebrisHD(Clone),"[0.000,1.000,0.000]","[0.000,0.000,0.000]","[0.000,0.000,0.000,1.000]",[],[],"[0.000,1.000,0.000]","[0.000,0.000,0.000]"
16,CubeNoteSliceDebrisHD(Clone)/NoteDebrisMesh,"[0.000,1.000,0.000]","[0.000,0.000,0.000]","[0.000,0.000,0.000,1.000]","[0.000,1.000,0.000]","[0.495,0.080,0.495]",[],[]
16,CubeNoteSliceDebrisHD(Clone),"[0.000,1.000,0.000]","[0.000,0.000,0.000]","[0.000,0.000,0.000,1.000]",[],[],"[0.000,1.000,0.000]","[0.000,0.000,0.000]"
16,CubeNoteSliceDebrisHD(Clone)/NoteDebrisMesh,"[0.000,1.000,0.000]","[0.000,0.000,0.000]","[0.000,0.000,0.000,1.000]","[0.000,1.000,0.000]","[0.495,0.080,0.495]",[],[]
16,CubeNoteSliceDebrisHD(Clone),"[0.000,1.000,0.000]","[0.000,0.000,0.000]","[0.000,0.000,0.000,1.000]",[],[],"[0.000,1.000,0.000]","[0.000,0.000,0.000]"
16,CubeNoteSliceDebrisHD(Clone)/NoteDebrisMesh,"[0.000,1.000,0.000]","[0.000,0.000,0.000]","[0.000,0.000,0.000,1.000]","[0.000,1.000,0.000]","[0.495,0.080,0.495]",[],[]
16,CubeNoteSliceDebrisHD(Clone),"[0.000,1.000,0.000]","[0.000,0.000,0.000]","[0.000,0.000,0.000,1.000]",[],[],"[0.000,1.000,0.000]","[0.000,0.000,0.000]"
16,CubeNoteSliceDebrisHD(Clone)/NoteDebrisMesh,"[0.000,1.000,0.000]","[0.000,0.000,0.000]","[0.000,0.000,0.000,1.000]","[0.000,1.000,0.000]","[0.495,0.080,0.495]",[],[]
16,CubeNoteSliceDebrisHD(Clone),"[0.000,1.000,0.000]","[0.000,0.000,0.000]","[0.000,0.000,0.000,1.000]",[],[],"[0.000,1.000,0.000]","[0.000,0.000,0.000]"
16,CubeNoteSliceDebrisHD(Clone)/NoteDebrisMesh,"[0.000,1.000,0.000]","[0.000,0.000,0.000]","[0.000,0.000,0.000,1.000]","[0.000,1.000,0.000]","[0.495,0.080,0.495]",[],[]
16,CubeNoteSliceDebrisHD(Clone),"[0.000,1.000,0.000]","[0.000,0.000,0.000]","[0.000,0.000,0.000,1.000]",[],[],"[0.000,1.000,0.000]","[0.000,0.000,0.000]"
16,CubeNoteSliceDebrisHD(Clone)/NoteDebrisMesh,"[0.000,1.000,0.000]","[0.000,0.000,0.000]","[0.000,0.000,0.000,1.000]","[0.000,1.000,0.000]","[0.495,0.080,0.495]",[],[]
16,CubeNoteSliceDebrisHD(Clone),"[0.000,1.000,0.000]","[0.000,0.000,0.000]","[0.000,0.000,0.000,1.000]",[],[],"[0.000,1.000,0.000]","[0.000,0.000,0.000]"
16,CubeNoteSliceDebrisHD(Clone)/NoteDebrisMesh,"[0.000,1.000,0.000]","[0.000,0.000,0.000]","[0.000,0.000,0.000,1.000]","[0.000,1.000,0.000]","[0.495,0.080,0.495]",[],[]
16,CubeNoteSliceDebrisHD(Clone),"[0.000,1.000,0.000]","[0.000,0.000,0.000]","[0.000,0.000,0.000,1.000]",[],[],"[0.000,1.000,0.000]","[0.000,0.000,0.000]"
16,CubeNoteSliceDebrisHD(Clone)/NoteDebrisMesh,"[0.000,1.000,0.000]","[0.000,0.000,0.000]","[0.000,0.000,0.000,1.000]","[0.000,1.000,0.000]","[0.495,0.080,0.495]",[],[]
16,CubeNoteSliceDebrisHD(Clone),"[0.000,1.000,0.000]","[0.000,0.000,0.000]","[0.000,0.000,0.000,1.000]",[],[],"[0.000,1.000,0.000]","[0.000,0.000,0.000]"
16,CubeNoteSliceDebrisHD(Clone)/NoteDebrisMesh,"[0.000,1.000,0.000]","[0.000,0.000,0.000]","[0.000,0.000,0.000,1.000]","[0.000,1.000,0.000]","[0.495,0.080,0.495]",[],[]
16,CubeNoteSliceDebrisHD(Clone),"[0.000,1.000,0.000]","[0.000,0.000,0.000]","[0.000,0.000,0.000,1.000]",[],[],"[0.000,1.000,0.000]","[0.000,0.000,0.000]"
16,CubeNoteSliceDebrisHD(Clone)/NoteDebrisMesh,"[0.000,1.000,0.000]","[0.000,0.000,0.000]","[0.000,0.000,0.000,1.000]","[0.000,1.000,0.000]","[0.495,0.080,0.495]",[],[]
16,CubeNoteSliceDebrisHD(Clone),"[0.000,1.000,0.000]","[0.000,0.000,0.000]","[0.000,0.000,0.000,1.000]",[],[],"[0.000,1.000,0.000]","[0.000,0.000,0.000]"
16,CubeNoteSliceDebrisHD(Clone)/NoteDebrisMesh,"[0.000,1.000,0.000]","[0.000,0.000,0.000]","[0.000,0.000,0.000,1.000]","[0.000,1.000,0.000]","[0.495,0.080,0.495]",[],[]
16,CubeNoteSliceDebrisHD(Clone),"[0.000,1.000,0.000]","[0.000,0.000,0.000]","[0.000,0.000,0.000,1.000]",[],[],"[0.000,1.000,0.000]","[0.000,0.000,0.000]"
16,CubeNoteSliceDebrisHD(Clone)/NoteDebrisMesh,"[0.000,1.000,0.000]","[0.000,0.000,0.000]","[0.000,0.000,0.000,1.000]","[0.000,1.000,0.000]","[0.495,0.080,0.495]",[],[]
16,CubeNoteSliceDebrisHD(Clone),"[0.000,1.000,0.000]","[0.000,0.000,0.000]","[0.000,0.000,0.000,1.000]",[],[],"[0.000,1.000,0.000]","[0.000,0.000,0.000]"
16,CubeNoteSliceDebrisHD(Clone)/NoteDebrisMesh,"[0.000,1.000,0.000]","[0.000,0.000,0.000]","[0.000,0.000,0.000,1.000]","[0.000,1.000,0.000]","[0.495,0.080,0.495]",[],[]
16,CubeNoteSliceDebrisHD(Clone),"[0.000,1.000,0.000]","[0.000,0.000,0.000]","[0.000,0.000,0.000,1.000]",[],[],"[0.000,1.000,0.000]","[0.000,0.000,0.000]"
16,CubeNoteSliceDebrisHD(Clone)/NoteDebrisMesh,"[0.000,1.000,0.000]","[0.000,0.000,0.000]","[0.000,0.000,0.000,1.000]","[0.000,1.000,0.000]","[0.495,0.080,0.495]",[],[]
16,CubeNoteSliceDebrisHD(Clone),"[0.000,1.000,0.000]","[0.000,0.000,0.000]","[0.000,0.000,0.000,1.000]",[],[],"[0.000,1.000,0.000]","[0.000,0.000,0.000]"
16,CubeNoteSliceDebrisHD(Clone)/NoteDebrisMesh,"[0.000,1.000,0.000]","[0.000,0.000,0.000]","[0.000,0.000,0.000,1.000]","[0.000,1.000,0.000]","[0.495,0.080,0.495]",[],[]
16,CubeNoteSliceDebrisHD(Clone),"[0.000,1.000,0.000]","[0.000,0.000,0.000]","[0.000,0.000,0.000,1.000]",[],[],"[0.000,1.000,0.000]","[0.000,0.000,0.000]"
16,CubeNoteSliceDebrisHD(Clone)/NoteDebrisMesh,"[0.000,1.000,0.000]","[0.000,0.000,0.000]","[0.000,0.000,0.000,1.000]","[0.000,1.000,0.000]","[0.495,0.080,0.495]",[],[]
16,CubeNoteSliceDebrisHD(Clone),"[0.000,1.000,0.000]","[0.000,0.000,0.000]","[0.000,0.000,0.000,1.000]",[],[],"[0.000,1.000,0.000]","[0.000,0.000,0.000]"
16,CubeNoteSliceDebrisHD(Clone)/NoteDebrisMesh,"[0.000,1.000,0.000]","[0.000,0.000,0.000]","[0.000,0.000,0.000,1.000]","[0.000,1.000,0.000]","[0.495,0.080,0.495]",[],[]
16,CubeNoteSliceDebrisHD(Clone),"[0.000,1.000,0.000]","[0.000,0.000,0.000]","[0.000,0.000,0.000,1.000]",[],[],"[0.000,1.000,0.000]","[0.000,0.000,0.000]"
16,CubeNoteSliceDebrisHD(Clone)/NoteDebrisMesh,"[0.000,1.000,0.000]","[0.000,0.000,0.000]","[0.000,0.000,0.000,1.000]","[0.000,1.000,0.000]","[0.495,0.080,0.495]",[],[]
16,CubeNoteSliceDebrisHD(Clone),"[0.000,1.000,0.000]","[0.000,0.000,0.000]","[0.000,0.000,0.000,1.000]",[],[],"[0.000,1.000,0.000]","[0.000,0.000,0.000]"
16,CubeNoteSliceDebrisHD(Clone)/NoteDebrisMesh,"[0.000,1.000,0.000]","[0.000,0.000,0.000]","[0.000,0.000,0.000,1.000]","[0.000,1.000,0.000]","[0.495,0.080,0.495]",[],[]
16,CubeNoteSliceDebrisHD(Clone),"[0.000,1.000,0.000]","[0.000,0.000,0.000]","[0.000,0.000,0.000,1.000]",[],[],"[0.000,1.000,0.000]","[0.000,0.000,0.000]"
16,CubeNoteSliceDebrisHD(Clone)/NoteDebrisMesh,"[0.000,1.000,0.000]","[0.000,0.000,0.000]","[0.000,0.000,0.000,1.000]","[0.000,1.000,0.000]","[0.495,0.080,0.495]",[],[]
16,CubeNoteSliceDebrisHD(Clone),"[0.000,1.000,0.000]","[0.000,0.000,0.000]","[0.000,0.000,0.000,1.000]",[],[],"[0.000,1.000,0.000]","[0.000,0.000,0.000]"
16,CubeNoteSliceDebrisHD(Clone)/NoteDebrisMesh,"[0.000,1.000,0.000]","[0.000,0.000,0.000]","[0.000,0.000,0.000,1.000]","[0.000,1.000,0.000]","[0.495,0.080,0.495]",[],[]
16,CubeNoteSliceDebrisHD(Clone),"[0.000,1.000,0.000]","[0.000,0.000,0.000]","[0.000,0.000,0.000,1.000]",[],[],"[0.000,1.000,0.000]","[0.000,0.000,0.000]"
16,CubeNoteSliceDebrisHD(Clone)/NoteDebrisMesh,"[0.000,1.000,0.000]","[0.000,0.000,0.000]","[0.000,0.000,0.000,1.000]","[0.000,1.000,0.000]","[0.495,0.080,0.495]",[],[]
16,CubeNoteSliceDebrisHD(Clone),"[0.000,1.000,0.000]","[0.000,0.000,0.000]","[0.000,0.000,0.000,1.000]",[],[],"[0.000,1.000,0.000]","[0.000,0.000,0.000]"
16,CubeNoteSliceDebrisHD(Clone)/NoteDebrisMesh,"[0.000,1.000,0.000]","[0.000,0.000,0.000]","[0.000,0.000,0.000,1.000]","[0.000,1.000,0.000]","[0.495,0.080,0.495]",[],[]
16,CubeNoteSliceDebrisHD(Clone),"[0.000,1.000,0.000]","[0.000,0.000,0.000]","[0.000,0.000,0.000,1.000]",[],[],"[0.000,1.000,0.000]","[0.000,0.000,0.000]"
16,CubeNoteSliceDebrisHD(Clone)/NoteDebrisMesh,"[0.000,1.000,0.000]","[0.000,0.000,0.000]","[0.000,0.000,0.000,1.000]","[0.000,1.000,0.000]","[0.495,0.080,0.495]",[],[]
16,CubeNoteSliceDebrisHD(Clone),"[0.000,1.000,0.000]","[0.000,0.000,0.000]","[0.000,0.000,0.000,1.000]",[],[],"[0.000,1.000,0.000]","[0.000,0.000,0.000]"
16,CubeNoteSliceDebrisHD(Clone)/NoteDebrisMesh,"[0.000,1.000,0.000]","[0.000,0.000,0.000]","[0.000,0.000,0.000,1.000]","[0.000,1.000,0.000]","[0.495,0.080,0.495]",[],[]
16,CubeNoteSliceDebrisHD(Clone),"[0.000,1.000,0.000]","[0.000,0.000,0.000]","[0.000,0.000,0.000,1.000]",[],[],"[0.000,1.000,0.000]","[0.000,0.000,0.000]"
16,CubeNoteSliceDebrisHD(Clone)/NoteDebrisMesh,"[0.000,1.000,0.000]","[0.000,0.000,0.000]","[0.000,0.000,0.000,1.000]","[0.000,1.000,0.000]","[0.495,0.080,0.495]",[],[]
16,CubeNoteSliceDebrisHD(Clone),"[0.000,1.000,0.000]","[0.000,0.000,0.000]","[0.000,0.000,0.000,1.000]",[],[],"[0.000,1.000,0.000]","[0.000,0.000,0.000]"
16,CubeNoteSliceDebrisHD(Clone)/NoteDebrisMesh,"[0.000,1.000,0.000]","[0.000,0.000,0.000]","[0.000,0.000,0.000,1.000]","[0.000,1.000,0.000]","[0.495,0.080,0.495]",[],[]
16,CubeNoteSliceDebrisHD(Clone),"[0.000,1.000,0.000]","[0.000,0.000,0.000]","[0.000,0.000,0.000,1.000]",[],[],"[0.000,1.000,0.000]","[0.000,0.000,0.000]"
16,CubeNoteSliceDebrisHD(Clone)/NoteDebrisMesh,"[0.000,1.000,0.000]","[0.000,0.000,0.000]","[0.000,0.000,0.000,1.000]","[0.000,1.000,0.000]","[0.495,0.080,0.495]",[],[]
16,CubeNoteSliceDebrisHD(Clone),"[0.000,1.000,0.000]","[0.000,0.000,0.000]","[0.000,0.000,0.000,1.000]",[],[],"[0.000,1.000,0.000]","[0.000,0.000,0.000]"
16,CubeNoteHalfDebrisHD(Clone)/NoteDebrisMesh,"[0.000,1.000,0.000]","[0.000,0.000,0.000]","[0.000,0.000,0.000,1.000]","[0.000,1.104,0.000]","[0.495,0.287,0.495]",[],[]
16,CubeNoteHalfDebrisHD(Clone),"[0.000,1.000,0.000]","[0.000,0.000,0.000]","[0.000,0.000,0.000,1.000]",[],[],"[0.000,1.000,0.000]","[0.000,0.000,0.000]"
16,CubeNoteHalfDebrisHD(Clone)/NoteDebrisMesh,"[0.000,1.000,0.000]","[0.000,0.000,0.000]","[0.000,0.000,0.000,1.000]","[0.000,1.104,0.000]","[0.495,0.287,0.495]",[],[]
16,CubeNoteHalfDebrisHD(Clone),"[0.000,1.000,0.000]","[0.000,0.000,0.000]","[0.000,0.000,0.000,1.000]",[],[],"[0.000,1.000,0.000]","[0.000,0.000,0.000]"
16,CubeNoteHalfDebrisHD(Clone)/NoteDebrisMesh,"[0.000,1.000,0.000]","[0.000,0.000,0.000]","[0.000,0.000,0.000,1.000]","[0.000,1.104,0.000]","[0.495,0.287,0.495]",[],[]
16,CubeNoteHalfDebrisHD(Clone),"[0.000,1.000,0.000]","[0.000,0.000,0.000]","[0.000,0.000,0.000,1.000]",[],[],"[0.000,1.000,0.000]","[0.000,0.000,0.000]"
16,CubeNoteHalfDebrisHD(Clone)/NoteDebrisMesh,"[0.000,1.000,0.000]","[0.000,0.000,0.000]","[0.000,0.000,0.000,1.000]","[0.000,1.104,0.000]","[0.495,0.287,0.495]",[],[]
16,CubeNoteHalfDebrisHD(Clone),"[0.000,1.000,0.000]","[0.000,0.000,0.000]","[0.000,0.000,0.000,1.000]",[],[],"[0.000,1.000,0.000]","[0.000,0.000,0.000]"
16,CubeNoteHalfDebrisHD(Clone)/NoteDebrisMesh,"[0.000,1.000,0.000]","[0.000,0.000,0.000]","[0.000,0.000,0.000,1.000]","[0.000,1.104,0.000]","[0.495,0.287,0.495]",[],[]
16,CubeNoteHalfDebrisHD(Clone),"[0.000,1.000,0.000]","[0.000,0.000,0.000]","[0.000,0.000,0.000,1.000]",[],[],"[0.000,1.000,0.000]","[0.000,0.000,0.000]"
16,CubeNoteHalfDebrisHD(Clone)/NoteDebrisMesh,"[0.000,1.000,0.000]","[0.000,0.000,0.000]","[0.000,0.000,0.000,1.000]","[0.000,1.104,0.000]","[0.495,0.287,0.495]",[],[]
16,CubeNoteHalfDebrisHD(Clone),"[0.000,1.000,0.000]","[0.000,0.000,0.000]","[0.000,0.000,0.000,1.000]",[],[],"[0.000,1.000,0.000]","[0.000,0.000,0.000]"
16,CubeNoteHalfDebrisHD(Clone)/NoteDebrisMesh,"[0.000,1.000,0.000]","[0.000,0.000,0.000]","[0.000,0.000,0.000,1.000]","[0.000,1.104,0.000]","[0.495,0.287,0.495]",[],[]
16,CubeNoteHalfDebrisHD(Clone),"[0.000,1.000,0.000]","[0.000,0.000,0.000]","[0.000,0.000,0.000,1.000]",[],[],"[0.000,1.000,0.000]","[0.000,0.000,0.000]"
16,CubeNoteHalfDebrisHD(Clone)/NoteDebrisMesh,"[0.000,1.000,0.000]","[0.000,0.000,0.000]","[0.000,0.000,0.000,1.000]","[0.000,1.104,0.000]","[0.495,0.287,0.495]",[],[]
16,CubeNoteHalfDebrisHD(Clone),"[0.000,1.000,0.000]","[0.000,0.000,0.000]","[0.000,0.000,0.000,1.000]",[],[],"[0.000,1.000,0.000]","[0.000,0.000,0.000]"
16,CubeNoteHalfDebrisHD(Clone)/NoteDebrisMesh,"[0.000,1.000,0.000]","[0.000,0.000,0.000]","[0.000,0.000,0.000,1.000]","[0.000,1.104,0.000]","[0.495,0.287,0.495]",[],[]
16,CubeNoteHalfDebrisHD(Clone),"[0.000,1.000,0.000]","[0.000,0.000,0.000]","[0.000,0.000,0.000,1.000]",[],[],"[0.000,1.000,0.000]","[0.000,0.000,0.000]"
16,CubeNoteHalfDebrisHD(Clone)/NoteDebrisMesh,"[0.000,1.000,0.000]","[0.000,0.000,0.000]","[0.000,0.000,0.000,1.000]","[0.000,1.104,0.000]","[0.495,0.287,0.495]",[],[]
16,CubeNoteHalfDebrisHD(Clone),"[0.000,1.000,0.000]","[0.000,0.000,0.000]","[0.000,0.000,0.000,1.000]",[],[],"[0.000,1.000,0.000]","[0.000,0.000,0.000]"
16,CubeNoteHalfDebrisHD(Clone)/NoteDebrisMesh,"[0.000,1.000,0.000]","[0.000,0.000,0.000]","[0.000,0.000,0.000,1.000]","[0.000,1.104,0.000]","[0.495,0.287,0.495]",[],[]
16,CubeNoteHalfDebrisHD(Clone),"[0.000,1.000,0.000]","[0.000,0.000,0.000]","[0.000,0.000,0.000,1.000]",[],[],"[0.000,1.000,0.000]","[0.000,0.000,0.000]"
16,CubeNoteHalfDebrisHD(Clone)/NoteDebrisMesh,"[0.000,1.000,0.000]","[0.000,0.000,0.000]","[0.000,0.000,0.000,1.000]","[0.000,1.104,0.000]","[0.495,0.287,0.495]",[],[]
16,CubeNoteHalfDebrisHD(Clone),"[0.000,1.000,0.000]","[0.000,0.000,0.000]","[0.000,0.000,0.000,1.000]",[],[],"[0.000,1.000,0.000]","[0.000,0.000,0.000]"
16,CubeNoteHalfDebrisHD(Clone)/NoteDebrisMesh,"[0.000,1.000,0.000]","[0.000,0.000,0.000]","[0.000,0.000,0.000,1.000]","[0.000,1.104,0.000]","[0.495,0.287,0.495]",[],[]
16,CubeNoteHalfDebrisHD(Clone),"[0.000,1.000,0.000]","[0.000,0.000,0.000]","[0.000,0.000,0.000,1.000]",[],[],"[0.000,1.000,0.000]","[0.000,0.000,0.000]"
16,CubeNoteHalfDebrisHD(Clone)/NoteDebrisMesh,"[0.000,1.000,0.000]","[0.000,0.000,0.000]","[0.000,0.000,0.000,1.000]","[0.000,1.104,0.000]","[0.495,0.287,0.495]",[],[]
16,CubeNoteHalfDebrisHD(Clone),"[0.000,1.000,0.000]","[0.000,0.000,0.000]","[0.000,0.000,0.000,1.000]",[],[],"[0.000,1.000,0.000]","[0.000,0.000,0.000]"
16,CubeNoteHalfDebrisHD(Clone)/NoteDebrisMesh,"[0.000,1.000,0.000]","[0.000,0.000,0.000]","[0.000,0.000,0.000,1.000]","[0.000,1.104,0.000]","[0.495,0.287,0.495]",[],[]
16,CubeNoteHalfDebrisHD(Clone),"[0.000,1.000,0.000]","[0.000,0.000,0.000]","[0.000,0.000,0.000,1.000]",[],[],"[0.000,1.000,0.000]","[0.000,0.000,0.000]"
16,CubeNoteHalfDebrisHD(Clone)/NoteDebrisMesh,"[0.000,1.000,0.000]","[0.000,0.000,0.000]","[0.000,0.000,0.000,1.000]","[0.000,1.104,0.000]","[0.495,0.287,0.495]",[],[]
16,CubeNoteHalfDebrisHD(Clone),"[0.000,1.000,0.000]","[0.000,0.000,0.000]","[0.000,0.000,0.000,1.000]",[],[],"[0.000,1.000,0.000]","[0.000,0.000,0.000]"
16,CubeNoteHalfDebrisHD(Clone)/NoteDebrisMesh,"[0.000,1.000,0.000]","[0.000,0.000,0.000]","[0.000,0.000,0.000,1.000]","[0.000,1.104,0.000]","[0.495,0.287,0.495]",[],[]
16,CubeNoteHalfDebrisHD(Clone),"[0.000,1.000,0.000]","[0.000,0.000,0.000]","[0.000,0.000,0.000,1.000]",[],[],"[0.000,1.000,0.000]","[0.000,0.000,0.000]"
16,CubeNoteHalfDebrisHD(Clone)/NoteDebrisMesh,"[0.000,1.000,0.000]","[0.000,0.000,0.000]","[0.000,0.000,0.000,1.000]","[0.000,1.104,0.000]","[0.495,0.287,0.495]",[],[]
16,CubeNoteHalfDebrisHD(Clone),"[0.000,1.000,0.000]","[0.000,0.000,0.000]","[0.000,0.000,0.000,1.000]",[],[],"[0.000,1.000,0.000]","[0.000,0.000,0.000]"
16,CubeNoteHalfDebrisHD(Clone)/NoteDebrisMesh,"[0.000,1.000,0.000]","[0.000,0.000,0.000]","[0.000,0.000,0.000,1.000]","[0.000,1.104,0.000]","[0.495,0.287,0.495]",[],[]
16,CubeNoteHalfDebrisHD(Clone),"[0.000,1.000,0.000]","[0.000,0.000,0.000]","[0.000,0.000,0.000,1.000]",[],[],"[0.000,1.000,0.000]","[0.000,0.000,0.000]"
16,CubeNoteHalfDebrisHD(Clone)/NoteDebrisMesh,"[0.000,1.000,0.000]","[0.000,0.000,0.000]","[0.000,0.000,0.000,1.000]","[0.000,1.104,0.000]","[0.495,0.287,0.495]",[],[]
16,CubeNoteHalfDebrisHD(Clone),"[0.000,1.000,0.000]","[0.000,0.000,0.000]","[0.000,0.000,0.000,1.000]",[],[],"[0.000,1.000,0.000]","[0.000,0.000,0.000]"
16,CubeNoteHalfDebrisHD(Clone)/NoteDebrisMesh,"[0.000,1.000,0.000]","[0.000,0.000,0.000]","[0.000,0.000,0.000,1.000]","[0.000,1.104,0.000]","[0.495,0.287,0.495]",[],[]
16,CubeNoteHalfDebrisHD(Clone),"[0.000,1.000,0.000]","[0.000,0.000,0.000]","[0.000,0.000,0.000,1.000]",[],[],"[0.000,1.000,0.000]","[0.000,0.000,0.000]"
16,CubeNoteHalfDebrisHD(Clone)/NoteDebrisMesh,"[0.000,1.000,0.000]","[0.000,0.000,0.000]","[0.000,0.000,0.000,1.000]","[0.000,1.104,0.000]","[0.495,0.287,0.495]",[],[]
16,CubeNoteHalfDebrisHD(Clone),"[0.000,1.000,0.000]","[0.000,0.000,0.000]","[0.000,0.000,0.000,1.000]",[],[],"[0.000,1.000,0.000]","[0.000,0.000,0.000]"
16,CubeNoteHalfDebrisHD(Clone)/NoteDebrisMesh,"[0.000,1.000,0.000]","[0.000,0.000,0.000]","[0.000,0.000,0.000,1.000]","[0.000,1.104,0.000]","[0.495,0.287,0.495]",[],[]
16,CubeNoteHalfDebrisHD(Clone),"[0.000,1.000,0.000]","[0.000,0.000,0.000]","[0.000,0.000,0.000,1.000]",[],[],"[0.000,1.000,0.000]","[0.000,0.000,0.000]"
16,CubeNoteHalfDebrisHD(Clone)/NoteDebrisMesh,"[0.000,1.000,0.000]","[0.000,0.000,0.000]","[0.000,0.000,0.000,1.000]","[0.000,1.104,0.000]","[0.495,0.287,0.495]",[],[]
16,CubeNoteHalfDebrisHD(Clone),"[0.000,1.000,0.000]","[0.000,0.000,0.000]","[0.000,0.000,0.000,1.000]",[],[],"[0.000,1.000,0.000]","[0.000,0.000,0.000]"
16,CubeNoteHalfDebrisHD(Clone)/NoteDebrisMesh,"[0.000,1.000,0.000]","[0.000,0.000,0.000]","[0.000,0.000,0.000,1.000]","[0.000,1.104,0.000]","[0.495,0.287,0.495]",[],[]
16,CubeNoteHalfDebrisHD(Clone),"[0.000,1.000,0.000]","[0.000,0.000,0.000]","[0.000,0.000,0.000,1.000]",[],[],"[0.000,1.000,0.000]","[0.000,0.000,0.000]"
16,CubeNoteHalfDebrisHD(Clone)/NoteDebrisMesh,"[0.000,1.000,0.000]","[0.000,0.000,0.000]","[0.000,0.000,0.000,1.000]","[0.000,1.104,0.000]","[0.495,0.287,0.495]",[],[]
16,CubeNoteHalfDebrisHD(Clone),"[0.000,1.000,0.000]","[0.000,0.000,0.000]","[0.000,0.000,0.000,1.000]",[],[],"[0.000,1.000,0.000]","[0.000,0.000,0.000]"
16,CubeNoteHalfDebrisHD(Clone)/NoteDebrisMesh,"[0.000,1.000,0.000]","[0.000,0.000,0.000]","[0.000,0.000,0.000,1.000]","[0.000,1.104,0.000]","[0.495,0.287,0.495]",[],[]
16,CubeNoteHalfDebrisHD(Clone),"[0.000,1.000,0.000]","[0.000,0.000,0.000]","[0.000,0.000,0.000,1.000]",[],[],"[0.000,1.000,0.000]","[0.000,0.000,0.000]"
16,CubeNoteHalfDebrisHD(Clone)/NoteDebrisMesh,"[0.000,1.000,0.000]","[0.000,0.000,0.000]","[0.000,0.000,0.000,1.000]","[0.000,1.104,0.000]","[0.495,0.287,0.495]",[],[]
16,CubeNoteHalfDebrisHD(Clone),"[0.000,1.000,0.000]","[0.000,0.000,0.000]","[0.000,0.000,0.000,1.000]",[],[],"[0.000,1.000,0.000]","[0.000,0.000,0.000]"
16,CubeNoteHalfDebrisHD(Clone)/NoteDebrisMesh,"[0.000,1.000,0.000]","[0.000,0.000,0.000]","[0.000,0.000,0.000,1.000]","[0.000,1.104,0.000]","[0.495,0.287,0.495]",[],[]
16,CubeNoteHalfDebrisHD(Clone),"[0.000,1.000,0.000]","[0.000,0.000,0.000]","[0.000,0.000,0.000,1.000]",[],[],"[0.000,1.000,0.000]","[0.000,0.000,0.000]"
16,CubeNoteHalfDebrisHD(Clone)/NoteDebrisMesh,"[0.000,1.000,0.000]","[0.000,0.000,0.000]","[0.000,0.000,0.000,1.000]","[0.000,1.104,0.000]","[0.495,0.287,0.495]",[],[]
16,CubeNoteHalfDebrisHD(Clone),"[0.000,1.000,0.000]","[0.000,0.000,0.000]","[0.000,0.000,0.000,1.000]",[],[],"[0.000,1.000,0.000]","[0.000,0.000,0.000]"
16,CubeNoteHalfDebrisHD(Clone)/NoteDebrisMesh,"[0.000,1.000,0.000]","[0.000,0.000,0.000]","[0.000,0.000,0.000,1.000]","[0.000,1.104,0.000]","[0.495,0.287,0.495]",[],[]
16,CubeNoteHalfDebrisHD(Clone),"[0.000,1.000,0.000]","[0.000,0.000,0.000]","[0.000,0.000,0.000,1.000]",[],[],"[0.000,1.000,0.000]","[0.000,0.000,0.000]"
16,CubeNoteHalfDebrisHD(Clone)/NoteDebrisMesh,"[0.000,1.000,0.000]","[0.000,0.000,0.000]","[0.000,0.000,0.000,1.000]","[0.000,1.104,0.000]","[0.495,0.287,0.495]",[],[]
16,CubeNoteHalfDebrisHD(Clone),"[0.000,1.000,0.000]","[0.000,0.000,0.000]","[0.000,0.000,0.000,1.000]",[],[],"[0.000,1.000,0.000]","[0.000,0.000,0.000]"
16,CubeNoteHalfDebrisHD(Clone)/NoteDebrisMesh,"[0.000,1.000,0.000]","[0.000,0.000,0.000]","[0.000,0.000,0.000,1.000]","[0.000,1.104,0.000]","[0.495,0.287,0.495]",[],[]
16,CubeNoteHalfDebrisHD(Clone),"[0.000,1.000,0.000]","[0.000,0.000,0.000]","[0.000,0.000,0.000,1.000]",[],[],"[0.000,1.000,0.000]","[0.000,0.000,0.000]"
16,CubeNoteHalfDebrisHD(Clone)/NoteDebrisMesh,"[0.000,1.000,0.000]","[0.000,0.000,0.000]","[0.000,0.000,0.000,1.000]","[0.000,1.104,0.000]","[0.495,0.287,0.495]",[],[]
16,CubeNoteHalfDebrisHD(Clone),"[0.000,1.000,0.000]","[0.000,0.000,0.000]","[0.000,0.000,0.000,1.000]",[],[],"[0.000,1.000,0.000]","[0.000,0.000,0.000]"
16,CubeNoteHalfDebrisHD(Clone)/NoteDebrisMesh,"[0.000,1.000,0.000]","[0.000,0.000,0.000]","[0.000,0.000,0.000,1.000]","[0.000,1.104,0.000]","[0.495,0.287,0.495]",[],[]
16,CubeNoteHalfDebrisHD(Clone),"[0.000,1.000,0.000]","[0.000,0.000,0.000]","[0.000,0.000,0.000,1.000]",[],[],"[0.000,1.000,0.000]","[0.000,0.000,0.000]"
16,CubeNoteHalfDebrisHD(Clone)/NoteDebrisMesh,"[0.000,1.000,0.000]","[0.000,0.000,0.000]","[0.000,0.000,0.000,1.000]","[0.000,1.104,0.000]","[0.495,0.287,0.495]",[],[]
16,CubeNoteHalfDebrisHD(Clone),"[0.000,1.000,0.000]","[0.000,0.000,0.000]","[0.000,0.000,0.000,1.000]",[],[],"[0.000,1.000,0.000]","[0.000,0.000,0.000]"
16,CubeNoteHalfDebrisHD(Clone)/NoteDebrisMesh,"[0.000,1.000,0.000]","[0.000,0.000,0.000]","[0.000,0.000,0.000,1.000]","[0.000,1.104,0.000]","[0.495,0.287,0.495]",[],[]
16,CubeNoteHalfDebrisHD(Clone),"[0.000,1.000,0.000]","[0.000,0.000,0.000]","[0.000,0.000,0.000,1.000]",[],[],"[0.000,1.000,0.000]","[0.000,0.000,0.000]"
16,CubeNoteHalfDebrisHD(Clone)/NoteDebrisMesh,"[0.000,1.000,0.000]","[0.000,0.000,0.000]","[0.000,0.000,0.000,1.000]","[0.000,1.104,0.000]","[0.495,0.287,0.495]",[],[]
16,CubeNoteHalfDebrisHD(Clone),"[0.000,1.000,0.000]","[0.000,0.000,0.000]","[0.000,0.000,0.000,1.000]",[],[],"[0.000,1.000,0.000]","[0.000,0.000,0.000]"
16,CubeNoteHalfDebrisHD(Clone)/NoteDebrisMesh,"[0.000,1.000,0.000]","[0.000,0.000,0.000]","[0.000,0.000,0.000,1.000]","[0.000,1.104,0.000]","[0.495,0.287,0.495]",[],[]
16,CubeNoteHalfDebrisHD(Clone),"[0.000,1.000,0.000]","[0.000,0.000,0.000]","[0.000,0.000,0.000,1.000]",[],[],"[0.000,1.000,0.000]","[0.000,0.000,0.000]"
16,CubeNoteHalfDebrisHD(Clone)/NoteDebrisMesh,"[0.000,1.000,0.000]","[0.000,0.000,0.000]","[0.000,0.000,0.000,1.000]","[0.000,1.104,0.000]","[0.495,0.287,0.495]",[],[]
16,CubeNoteHalfDebrisHD(Clone),"[0.000,1.000,0.000]","[0.000,0.000,0.000]","[0.000,0.000,0.000,1.000]",[],[],"[0.000,1.000,0.000]","[0.000,0.000,0.000]"
16,NoteDebrisHD(Clone)/NoteDebrisMesh,"[-2.240,-1.605,-4.892]","[331.042,353.771,263.634]","[-0.127,-0.221,-0.730,0.635]","[-2.240,-1.605,-4.892]","[0.613,0.718,0.741]",[],[]
16,NoteDebrisHD(Clone),"[-2.125,-1.573,-4.889]","[331.042,353.771,263.634]","[-0.127,-0.221,-0.730,0.635]",[],[],"[-2.125,-1.573,-4.889]","[0.000,0.000,0.000]"
16,NoteDebrisHD(Clone)/NoteDebrisMesh,"[-1.164,0.075,-0.073]","[65.690,163.760,222.896]","[0.746,-0.375,0.307,0.456]","[-1.164,0.075,-0.073]","[0.735,0.739,0.815]",[],[]
16,NoteDebrisHD(Clone),"[-1.097,0.090,-0.079]","[65.690,163.760,222.896]","[0.746,-0.375,0.307,0.456]",[],[],"[-1.097,0.090,-0.079]","[0.000,0.000,0.000]"
16,NoteDebrisHD(Clone)/NoteDebrisMesh,"[1.182,0.090,0.978]","[24.218,246.145,169.897]","[-0.806,-0.186,0.547,-0.128]","[1.182,0.090,0.978]","[0.795,0.726,0.644]",[],[]
16,NoteDebrisHD(Clone),"[1.225,0.090,0.909]","[24.218,246.145,169.897]","[-0.806,-0.186,0.547,-0.128]",[],[],"[1.225,0.090,0.909]","[0.000,0.000,0.000]"
16,NoteDebrisHD(Clone)/NoteDebrisMesh,"[-3.219,-2.459,-1.735]","[354.189,318.220,235.132]","[0.294,-0.207,-0.836,0.416]","[-3.219,-2.459,-1.735]","[0.850,0.735,0.817]",[],[]
16,NoteDebrisHD(Clone),"[-3.192,-2.352,-1.704]","[354.189,318.220,235.132]","[0.294,-0.207,-0.836,0.416]",[],[],"[-3.192,-2.352,-1.704]","[0.000,0.000,0.000]"
16,NoteDebrisHD(Clone)/NoteDebrisMesh,"[0.000,1.000,0.000]","[0.000,0.000,0.000]","[0.000,0.000,0.000,1.000]","[0.000,1.000,0.000]","[0.495,0.495,0.495]",[],[]
16,NoteDebrisHD(Clone),"[0.000,1.000,0.000]","[0.000,0.000,0.000]","[0.000,0.000,0.000,1.000]",[],[],"[0.000,1.000,0.000]","[0.000,0.000,0.000]"
16,NoteDebrisHD(Clone)/NoteDebrisMesh,"[0.000,1.000,0.000]","[0.000,0.000,0.000]","[0.000,0.000,0.000,1.000]","[0.000,1.000,0.000]","[0.495,0.495,0.495]",[],[]
16,NoteDebrisHD(Clone),"[0.000,1.000,0.000]","[0.000,0.000,0.000]","[0.000,0.000,0.000,1.000]",[],[],"[0.000,1.000,0.000]","[0.000,0.000,0.000]"
16,NoteDebrisHD(Clone)/NoteDebrisMesh,"[0.000,1.000,0.000]","[0.000,0.000,0.000]","[0.000,0.000,0.000,1.000]","[0.000,1.000,0.000]","[0.495,0.495,0.495]",[],[]
16,NoteDebrisHD(Clone),"[0.000,1.000,0.000]","[0.000,0.000,0.000]","[0.000,0.000,0.000,1.000]",[],[],"[0.000,1.000,0.000]","[0.000,0.000,0.000]"
16,NoteDebrisHD(Clone)/NoteDebrisMesh,"[0.000,1.000,0.000]","[0.000,0.000,0.000]","[0.000,0.000,0.000,1.000]","[0.000,1.000,0.000]","[0.495,0.495,0.495]",[],[]
16,NoteDebrisHD(Clone),"[0.000,1.000,0.000]","[0.000,0.000,0.000]","[0.000,0.000,0.000,1.000]",[],[],"[0.000,1.000,0.000]","[0.000,0.000,0.000]"
16,NoteDebrisHD(Clone)/NoteDebrisMesh,"[0.000,1.000,0.000]","[0.000,0.000,0.000]","[0.000,0.000,0.000,1.000]","[0.000,1.000,0.000]","[0.495,0.495,0.495]",[],[]
16,NoteDebrisHD(Clone),"[0.000,1.000,0.000]","[0.000,0.000,0.000]","[0.000,0.000,0.000,1.000]",[],[],"[0.000,1.000,0.000]","[0.000,0.000,0.000]"
16,NoteDebrisHD(Clone)/NoteDebrisMesh,"[0.000,1.000,0.000]","[0.000,0.000,0.000]","[0.000,0.000,0.000,1.000]","[0.000,1.000,0.000]","[0.495,0.495,0.495]",[],[]
16,NoteDebrisHD(Clone),"[0.000,1.000,0.000]","[0.000,0.000,0.000]","[0.000,0.000,0.000,1.000]",[],[],"[0.000,1.000,0.000]","[0.000,0.000,0.000]"
16,NoteDebrisHD(Clone)/NoteDebrisMesh,"[0.000,1.000,0.000]","[0.000,0.000,0.000]","[0.000,0.000,0.000,1.000]","[0.000,1.000,0.000]","[0.495,0.495,0.495]",[],[]
16,NoteDebrisHD(Clone),"[0.000,1.000,0.000]","[0.000,0.000,0.000]","[0.000,0.000,0.000,1.000]",[],[],"[0.000,1.000,0.000]","[0.000,0.000,0.000]"
16,NoteDebrisHD(Clone)/NoteDebrisMesh,"[0.000,1.000,0.000]","[0.000,0.000,0.000]","[0.000,0.000,0.000,1.000]","[0.000,1.000,0.000]","[0.495,0.495,0.495]",[],[]
16,NoteDebrisHD(Clone),"[0.000,1.000,0.000]","[0.000,0.000,0.000]","[0.000,0.000,0.000,1.000]",[],[],"[0.000,1.000,0.000]","[0.000,0.000,0.000]"
16,NoteDebrisHD(Clone)/NoteDebrisMesh,"[0.000,1.000,0.000]","[0.000,0.000,0.000]","[0.000,0.000,0.000,1.000]","[0.000,1.000,0.000]","[0.495,0.495,0.495]",[],[]
16,NoteDebrisHD(Clone),"[0.000,1.000,0.000]","[0.000,0.000,0.000]","[0.000,0.000,0.000,1.000]",[],[],"[0.000,1.000,0.000]","[0.000,0.000,0.000]"
16,NoteDebrisHD(Clone)/NoteDebrisMesh,"[0.000,1.000,0.000]","[0.000,0.000,0.000]","[0.000,0.000,0.000,1.000]","[0.000,1.000,0.000]","[0.495,0.495,0.495]",[],[]
16,NoteDebrisHD(Clone),"[0.000,1.000,0.000]","[0.000,0.000,0.000]","[0.000,0.000,0.000,1.000]",[],[],"[0.000,1.000,0.000]","[0.000,0.000,0.000]"
16,NoteDebrisHD(Clone)/NoteDebrisMesh,"[0.000,1.000,0.000]","[0.000,0.000,0.000]","[0.000,0.000,0.000,1.000]","[0.000,1.000,0.000]","[0.495,0.495,0.495]",[],[]
16,NoteDebrisHD(Clone),"[0.000,1.000,0.000]","[0.000,0.000,0.000]","[0.000,0.000,0.000,1.000]",[],[],"[0.000,1.000,0.000]","[0.000,0.000,0.000]"
16,NoteDebrisHD(Clone)/NoteDebrisMesh,"[0.000,1.000,0.000]","[0.000,0.000,0.000]","[0.000,0.000,0.000,1.000]","[0.000,1.000,0.000]","[0.495,0.495,0.495]",[],[]
16,NoteDebrisHD(Clone),"[0.000,1.000,0.000]","[0.000,0.000,0.000]","[0.000,0.000,0.000,1.000]",[],[],"[0.000,1.000,0.000]","[0.000,0.000,0.000]"
16,NoteDebrisHD(Clone)/NoteDebrisMesh,"[0.000,1.000,0.000]","[0.000,0.000,0.000]","[0.000,0.000,0.000,1.000]","[0.000,1.000,0.000]","[0.495,0.495,0.495]",[],[]
16,NoteDebrisHD(Clone),"[0.000,1.000,0.000]","[0.000,0.000,0.000]","[0.000,0.000,0.000,1.000]",[],[],"[0.000,1.000,0.000]","[0.000,0.000,0.000]"
16,NoteDebrisHD(Clone)/NoteDebrisMesh,"[0.000,1.000,0.000]","[0.000,0.000,0.000]","[0.000,0.000,0.000,1.000]","[0.000,1.000,0.000]","[0.495,0.495,0.495]",[],[]
16,NoteDebrisHD(Clone),"[0.000,1.000,0.000]","[0.000,0.000,0.000]","[0.000,0.000,0.000,1.000]",[],[],"[0.000,1.000,0.000]","[0.000,0.000,0.000]"
16,NoteDebrisHD(Clone)/NoteDebrisMesh,"[0.000,1.000,0.000]","[0.000,0.000,0.000]","[0.000,0.000,0.000,1.000]","[0.000,1.000,0.000]","[0.495,0.495,0.495]",[],[]
16,NoteDebrisHD(Clone),"[0.000,1.000,0.000]","[0.000,0.000,0.000]","[0.000,0.000,0.000,1.000]",[],[],"[0.000,1.000,0.000]","[0.000,0.000,0.000]"
16,NoteDebrisHD(Clone)/NoteDebrisMesh,"[0.000,1.000,0.000]","[0.000,0.000,0.000]","[0.000,0.000,0.000,1.000]","[0.000,1.000,0.000]","[0.495,0.495,0.495]",[],[]
16,NoteDebrisHD(Clone),"[0.000,1.000,0.000]","[0.000,0.000,0.000]","[0.000,0.000,0.000,1.000]",[],[],"[0.000,1.000,0.000]","[0.000,0.000,0.000]"
16,NoteDebrisHD(Clone)/NoteDebrisMesh,"[0.000,1.000,0.000]","[0.000,0.000,0.000]","[0.000,0.000,0.000,1.000]","[0.000,1.000,0.000]","[0.495,0.495,0.495]",[],[]
16,NoteDebrisHD(Clone),"[0.000,1.000,0.000]","[0.000,0.000,0.000]","[0.000,0.000,0.000,1.000]",[],[],"[0.000,1.000,0.000]","[0.000,0.000,0.000]"
16,NoteDebrisHD(Clone)/NoteDebrisMesh,"[0.000,1.000,0.000]","[0.000,0.000,0.000]","[0.000,0.000,0.000,1.000]","[0.000,1.000,0.000]","[0.495,0.495,0.495]",[],[]
16,NoteDebrisHD(Clone),"[0.000,1.000,0.000]","[0.000,0.000,0.000]","[0.000,0.000,0.000,1.000]",[],[],"[0.000,1.000,0.000]","[0.000,0.000,0.000]"
16,NoteDebrisHD(Clone)/NoteDebrisMesh,"[0.000,1.000,0.000]","[0.000,0.000,0.000]","[0.000,0.000,0.000,1.000]","[0.000,1.000,0.000]","[0.495,0.495,0.495]",[],[]
16,NoteDebrisHD(Clone),"[0.000,1.000,0.000]","[0.000,0.000,0.000]","[0.000,0.000,0.000,1.000]",[],[],"[0.000,1.000,0.000]","[0.000,0.000,0.000]"
16,NoteDebrisHD(Clone)/NoteDebrisMesh,"[0.000,1.000,0.000]","[0.000,0.000,0.000]","[0.000,0.000,0.000,1.000]","[0.000,1.000,0.000]","[0.495,0.495,0.495]",[],[]
16,NoteDebrisHD(Clone),"[0.000,1.000,0.000]","[0.000,0.000,0.000]","[0.000,0.000,0.000,1.000]",[],[],"[0.000,1.000,0.000]","[0.000,0.000,0.000]"
16,NoteDebrisHD(Clone)/NoteDebrisMesh,"[0.000,1.000,0.000]","[0.000,0.000,0.000]","[0.000,0.000,0.000,1.000]","[0.000,1.000,0.000]","[0.495,0.495,0.495]",[],[]
16,NoteDebrisHD(Clone),"[0.000,1.000,0.000]","[0.000,0.000,0.000]","[0.000,0.000,0.000,1.000]",[],[],"[0.000,1.000,0.000]","[0.000,0.000,0.000]"
16,NoteDebrisHD(Clone)/NoteDebrisMesh,"[0.000,1.000,0.000]","[0.000,0.000,0.000]","[0.000,0.000,0.000,1.000]","[0.000,1.000,0.000]","[0.495,0.495,0.495]",[],[]
16,NoteDebrisHD(Clone),"[0.000,1.000,0.000]","[0.000,0.000,0.000]","[0.000,0.000,0.000,1.000]",[],[],"[0.000,1.000,0.000]","[0.000,0.000,0.000]"
16,NoteDebrisHD(Clone)/NoteDebrisMesh,"[0.000,1.000,0.000]","[0.000,0.000,0.000]","[0.000,0.000,0.000,1.000]","[0.000,1.000,0.000]","[0.495,0.495,0.495]",[],[]
16,NoteDebrisHD(Clone),"[0.000,1.000,0.000]","[0.000,0.000,0.000]","[0.000,0.000,0.000,1.000]",[],[],"[0.000,1.000,0.000]","[0.000,0.000,0.000]"
16,NoteDebrisHD(Clone)/NoteDebrisMesh,"[0.000,1.000,0.000]","[0.000,0.000,0.000]","[0.000,0.000,0.000,1.000]","[0.000,1.000,0.000]","[0.495,0.495,0.495]",[],[]
16,NoteDebrisHD(Clone),"[0.000,1.000,0.000]","[0.000,0.000,0.000]","[0.000,0.000,0.000,1.000]",[],[],"[0.000,1.000,0.000]","[0.000,0.000,0.000]"
16,NoteDebrisHD(Clone)/NoteDebrisMesh,"[0.000,1.000,0.000]","[0.000,0.000,0.000]","[0.000,0.000,0.000,1.000]","[0.000,1.000,0.000]","[0.495,0.495,0.495]",[],[]
16,NoteDebrisHD(Clone),"[0.000,1.000,0.000]","[0.000,0.000,0.000]","[0.000,0.000,0.000,1.000]",[],[],"[0.000,1.000,0.000]","[0.000,0.000,0.000]"
16,NoteDebrisHD(Clone)/NoteDebrisMesh,"[0.000,1.000,0.000]","[0.000,0.000,0.000]","[0.000,0.000,0.000,1.000]","[0.000,1.000,0.000]","[0.495,0.495,0.495]",[],[]
16,NoteDebrisHD(Clone),"[0.000,1.000,0.000]","[0.000,0.000,0.000]","[0.000,0.000,0.000,1.000]",[],[],"[0.000,1.000,0.000]","[0.000,0.000,0.000]"
16,NoteDebrisHD(Clone)/NoteDebrisMesh,"[0.000,1.000,0.000]","[0.000,0.000,0.000]","[0.000,0.000,0.000,1.000]","[0.000,1.000,0.000]","[0.495,0.495,0.495]",[],[]
16,NoteDebrisHD(Clone),"[0.000,1.000,0.000]","[0.000,0.000,0.000]","[0.000,0.000,0.000,1.000]",[],[],"[0.000,1.000,0.000]","[0.000,0.000,0.000]"
16,NoteDebrisHD(Clone)/NoteDebrisMesh,"[0.000,1.000,0.000]","[0.000,0.000,0.000]","[0.000,0.000,0.000,1.000]","[0.000,1.000,0.000]","[0.495,0.495,0.495]",[],[]
16,NoteDebrisHD(Clone),"[0.000,1.000,0.000]","[0.000,0.000,0.000]","[0.000,0.000,0.000,1.000]",[],[],"[0.000,1.000,0.000]","[0.000,0.000,0.000]"
16,NoteDebrisHD(Clone)/NoteDebrisMesh,"[0.000,1.000,0.000]","[0.000,0.000,0.000]","[0.000,0.000,0.000,1.000]","[0.000,1.000,0.000]","[0.495,0.495,0.495]",[],[]
16,NoteDebrisHD(Clone),"[0.000,1.000,0.000]","[0.000,0.000,0.000]","[0.000,0.000,0.000,1.000]",[],[],"[0.000,1.000,0.000]","[0.000,0.000,0.000]"
16,NoteDebrisHD(Clone)/NoteDebrisMesh,"[0.000,1.000,0.000]","[0.000,0.000,0.000]","[0.000,0.000,0.000,1.000]","[0.000,1.000,0.000]","[0.495,0.495,0.495]",[],[]
16,NoteDebrisHD(Clone),"[0.000,1.000,0.000]","[0.000,0.000,0.000]","[0.000,0.000,0.000,1.000]",[],[],"[0.000,1.000,0.000]","[0.000,0.000,0.000]"
16,NoteDebrisHD(Clone)/NoteDebrisMesh,"[0.000,1.000,0.000]","[0.000,0.000,0.000]","[0.000,0.000,0.000,1.000]","[0.000,1.000,0.000]","[0.495,0.495,0.495]",[],[]
16,NoteDebrisHD(Clone),"[0.000,1.000,0.000]","[0.000,0.000,0.000]","[0.000,0.000,0.000,1.000]",[],[],"[0.000,1.000,0.000]","[0.000,0.000,0.000]"
16,NoteDebrisHD(Clone)/NoteDebrisMesh,"[0.000,1.000,0.000]","[0.000,0.000,0.000]","[0.000,0.000,0.000,1.000]","[0.000,1.000,0.000]","[0.495,0.495,0.495]",[],[]
16,NoteDebrisHD(Clone),"[0.000,1.000,0.000]","[0.000,0.000,0.000]","[0.000,0.000,0.000,1.000]",[],[],"[0.000,1.000,0.000]","[0.000,0.000,0.000]"
16,NoteDebrisHD(Clone)/NoteDebrisMesh,"[0.000,1.000,0.000]","[0.000,0.000,0.000]","[0.000,0.000,0.000,1.000]","[0.000,1.000,0.000]","[0.495,0.495,0.495]",[],[]
16,NoteDebrisHD(Clone),"[0.000,1.000,0.000]","[0.000,0.000,0.000]","[0.000,0.000,0.000,1.000]",[],[],"[0.000,1.000,0.000]","[0.000,0.000,0.000]"
16,NoteDebrisHD(Clone)/NoteDebrisMesh,"[0.000,1.000,0.000]","[0.000,0.000,0.000]","[0.000,0.000,0.000,1.000]","[0.000,1.000,0.000]","[0.495,0.495,0.495]",[],[]
16,NoteDebrisHD(Clone),"[0.000,1.000,0.000]","[0.000,0.000,0.000]","[0.000,0.000,0.000,1.000]",[],[],"[0.000,1.000,0.000]","[0.000,0.000,0.000]"
16,NoteDebrisHD(Clone)/NoteDebrisMesh,"[0.000,1.000,0.000]","[0.000,0.000,0.000]","[0.000,0.000,0.000,1.000]","[0.000,1.000,0.000]","[0.495,0.495,0.495]",[],[]
16,NoteDebrisHD(Clone),"[0.000,1.000,0.000]","[0.000,0.000,0.000]","[0.000,0.000,0.000,1.000]",[],[],"[0.000,1.000,0.000]","[0.000,0.000,0.000]"
16,NoteDebrisHD(Clone)/NoteDebrisMesh,"[0.000,1.000,0.000]","[0.000,0.000,0.000]","[0.000,0.000,0.000,1.000]","[0.000,1.000,0.000]","[0.495,0.495,0.495]",[],[]
16,NoteDebrisHD(Clone),"[0.000,1.000,0.000]","[0.000,0.000,0.000]","[0.000,0.000,0.000,1.000]",[],[],"[0.000,1.000,0.000]","[0.000,0.000,0.000]"
16,SongTimeTweeningManager(Clone),"[0.000,0.000,0.000]","[0.000,0.000,0.000]","[0.000,0.000,0.000,1.000]",[],[],[],[]
16,SaberBurnMarkLine,"[0.000,0.000,0.000]","[0.000,0.000,0.000]","[0.000,0.000,0.000,1.000]","[0.000,0.000,0.000]","[0.000,0.000,0.000]",[],[]
16,SaberBurnMarkLine,"[0.000,0.000,0.000]","[0.000,0.000,0.000]","[0.000,0.000,0.000,1.000]","[0.000,0.000,0.000]","[0.000,0.000,0.000]",[],[]
16,MissedNoteEffectSpawner(Clone)/MissedNoteFlyingSpriteSpawner,"[0.000,0.000,0.000]","[0.000,0.000,0.000]","[0.000,0.000,0.000,1.000]",[],[],[],[]
16,MissedNoteEffectSpawner(Clone),"[0.000,0.000,0.000]","[0.000,0.000,0.000]","[0.000,0.000,0.000,1.000]",[],[],[],[]
16,BadNoteCutEffectSpawner(Clone)/BadCutFlyingSpriteSpawner,"[0.000,0.000,0.000]","[0.000,0.000,0.000]","[0.000,0.000,0.000,1.000]",[],[],[],[]
16,BadNoteCutEffectSpawner(Clone),"[0.000,0.000,0.000]","[0.000,0.000,0.000]","[0.000,0.000,0.000,1.000]",[],[],[],[]
16,NoteCutScoreSpawner(Clone)/FlyingScoreSpawner,"[0.000,0.000,0.000]","[0.000,0.000,0.000]","[0.000,0.000,0.000,1.000]",[],[],[],[]
16,NoteCutScoreSpawner(Clone),"[0.000,0.000,0.000]","[0.000,0.000,0.000]","[0.000,0.000,0.000,1.000]",[],[],[],[]
16,ArcAndObstacleHapticEffectManager(Clone),"[0.000,0.000,0.000]","[0.000,0.000,0.000]","[0.000,0.000,0.000,1.000]",[],[],[],[]
16,BombCutSoundEffect(Clone),"[0.000,0.000,0.000]","[0.000,0.000,0.000]","[0.000,0.000,0.000,1.000]",[],[],[],[]
16,BombCutSoundEffect(Clone),"[0.000,0.000,0.000]","[0.000,0.000,0.000]","[0.000,0.000,0.000,1.000]",[],[],[],[]
16,BombCutSoundEffect(Clone),"[0.000,0.000,0.000]","[0.000,0.000,0.000]","[0.000,0.000,0.000,1.000]",[],[],[],[]
16,BombCutSoundEffect(Clone),"[0.000,0.000,0.000]","[0.000,0.000,0.000]","[0.000,0.000,0.000,1.000]",[],[],[],[]
16,BombCutSoundEffect(Clone),"[0.000,0.000,0.000]","[0.000,0.000,0.000]","[0.000,0.000,0.000,1.000]",[],[],[],[]
16,BombCutSoundEffect(Clone),"[0.000,0.000,0.000]","[0.000,0.000,0.000]","[0.000,0.000,0.000,1.000]",[],[],[],[]
16,BombCutSoundEffect(Clone),"[0.000,0.000,0.000]","[0.000,0.000,0.000]","[0.000,0.000,0.000,1.000]",[],[],[],[]
16,BombCutSoundEffect(Clone),"[0.000,0.000,0.000]","[0.000,0.000,0.000]","[0.000,0.000,0.000,1.000]",[],[],[],[]
16,BombCutSoundEffect(Clone),"[0.000,0.000,0.000]","[0.000,0.000,0.000]","[0.000,0.000,0.000,1.000]",[],[],[],[]
16,BombCutSoundEffect(Clone),"[0.000,0.000,0.000]","[0.000,0.000,0.000]","[0.000,0.000,0.000,1.000]",[],[],[],[]
16,BombCutSoundEffect(Clone),"[0.000,0.000,0.000]","[0.000,0.000,0.000]","[0.000,0.000,0.000,1.000]",[],[],[],[]
16,BombCutSoundEffect(Clone),"[0.000,0.000,0.000]","[0.000,0.000,0.000]","[0.000,0.000,0.000,1.000]",[],[],[],[]
16,BombCutSoundEffect(Clone),"[0.000,0.000,0.000]","[0.000,0.000,0.000]","[0.000,0.000,0.000,1.000]",[],[],[],[]
16,BombCutSoundEffect(Clone),"[0.000,0.000,0.000]","[0.000,0.000,0.000]","[0.000,0.000,0.000,1.000]",[],[],[],[]
16,BombCutSoundEffect(Clone),"[0.000,0.000,0.000]","[0.000,0.000,0.000]","[0.000,0.000,0.000,1.000]",[],[],[],[]
16,BombCutSoundEffect(Clone),"[0.000,0.000,0.000]","[0.000,0.000,0.000]","[0.000,0.000,0.000,1.000]",[],[],[],[]
16,BombCutSoundEffect(Clone),"[0.000,0.000,0.000]","[0.000,0.000,0.000]","[0.000,0.000,0.000,1.000]",[],[],[],[]
16,BombCutSoundEffect(Clone),"[0.000,0.000,0.000]","[0.000,0.000,0.000]","[0.000,0.000,0.000,1.000]",[],[],[],[]
16,BombCutSoundEffect(Clone),"[0.000,0.000,0.000]","[0.000,0.000,0.000]","[0.000,0.000,0.000,1.000]",[],[],[],[]
16,BombCutSoundEffect(Clone),"[0.000,0.000,0.000]","[0.000,0.000,0.000]","[0.000,0.000,0.000,1.000]",[],[],[],[]
16,BombCutSoundEffect(Clone),"[0.000,0.000,0.000]","[0.000,0.000,0.000]","[0.000,0.000,0.000,1.000]",[],[],[],[]
16,BombCutSoundEffect(Clone),"[0.000,0.000,0.000]","[0.000,0.000,0.000]","[0.000,0.000,0.000,1.000]",[],[],[],[]
16,BombCutSoundEffect(Clone),"[0.000,0.000,0.000]","[0.000,0.000,0.000]","[0.000,0.000,0.000,1.000]",[],[],[],[]
16,BombCutSoundEffect(Clone),"[0.000,0.000,0.000]","[0.000,0.000,0.000]","[0.000,0.000,0.000,1.000]",[],[],[],[]
16,NoteCutSoundEffect(Clone),"[-0.309,0.687,1.484]","[0.000,0.000,0.000]","[0.000,0.000,0.000,1.000]",[],[],[],[]
16,NoteCutSoundEffect(Clone),"[-0.920,0.698,1.536]","[0.000,0.000,0.000]","[0.000,0.000,0.000,1.000]",[],[],[],[]
16,NoteCutSoundEffect(Clone),"[-1.215,0.816,1.180]","[0.000,0.000,0.000]","[0.000,0.000,0.000,1.000]",[],[],[],[]
16,NoteCutSoundEffect(Clone),"[0.000,0.000,0.000]","[0.000,0.000,0.000]","[0.000,0.000,0.000,1.000]",[],[],[],[]
16,NoteCutSoundEffect(Clone),"[0.000,0.000,0.000]","[0.000,0.000,0.000]","[0.000,0.000,0.000,1.000]",[],[],[],[]
16,NoteCutSoundEffect(Clone),"[0.000,0.000,0.000]","[0.000,0.000,0.000]","[0.000,0.000,0.000,1.000]",[],[],[],[]
16,NoteCutSoundEffect(Clone),"[0.000,0.000,0.000]","[0.000,0.000,0.000]","[0.000,0.000,0.000,1.000]",[],[],[],[]
16,NoteCutSoundEffect(Clone),"[0.000,0.000,0.000]","[0.000,0.000,0.000]","[0.000,0.000,0.000,1.000]",[],[],[],[]
16,NoteCutSoundEffect(Clone),"[0.000,0.000,0.000]","[0.000,0.000,0.000]","[0.000,0.000,0.000,1.000]",[],[],[],[]
16,NoteCutSoundEffect(Clone),"[0.000,0.000,0.000]","[0.000,0.000,0.000]","[0.000,0.000,0.000,1.000]",[],[],[],[]
16,NoteCutSoundEffect(Clone),"[0.000,0.000,0.000]","[0.000,0.000,0.000]","[0.000,0.000,0.000,1.000]",[],[],[],[]
16,NoteCutSoundEffect(Clone),"[0.000,0.000,0.000]","[0.000,0.000,0.000]","[0.000,0.000,0.000,1.000]",[],[],[],[]
16,NoteCutSoundEffect(Clone),"[0.000,0.000,0.000]","[0.000,0.000,0.000]","[0.000,0.000,0.000,1.000]",[],[],[],[]
16,NoteCutSoundEffect(Clone),"[0.000,0.000,0.000]","[0.000,0.000,0.000]","[0.000,0.000,0.000,1.000]",[],[],[],[]
16,NoteCutSoundEffect(Clone),"[0.000,0.000,0.000]","[0.000,0.000,0.000]","[0.000,0.000,0.000,1.000]",[],[],[],[]
16,NoteCutSoundEffect(Clone),"[0.000,0.000,0.000]","[0.000,0.000,0.000]","[0.000,0.000,0.000,1.000]",[],[],[],[]
16,NoteCutSoundEffect(Clone),"[0.000,0.000,0.000]","[0.000,0.000,0.000]","[0.000,0.000,0.000,1.000]",[],[],[],[]
16,NoteCutSoundEffect(Clone),"[0.000,0.000,0.000]","[0.000,0.000,0.000]","[0.000,0.000,0.000,1.000]",[],[],[],[]
16,NoteCutSoundEffect(Clone),"[0.000,0.000,0.000]","[0.000,0.000,0.000]","[0.000,0.000,0.000,1.000]",[],[],[],[]
16,NoteCutSoundEffect(Clone),"[0.000,0.000,0.000]","[0.000,0.000,0.000]","[0.000,0.000,0.000,1.000]",[],[],[],[]
16,NoteCutSoundEffect(Clone),"[0.000,0.000,0.000]","[0.000,0.000,0.000]","[0.000,0.000,0.000,1.000]",[],[],[],[]
16,NoteCutSoundEffect(Clone),"[0.000,0.000,0.000]","[0.000,0.000,0.000]","[0.000,0.000,0.000,1.000]",[],[],[],[]
16,NoteCutSoundEffect(Clone),"[0.000,0.000,0.000]","[0.000,0.000,0.000]","[0.000,0.000,0.000,1.000]",[],[],[],[]
16,NoteCutSoundEffect(Clone),"[0.000,0.000,0.000]","[0.000,0.000,0.000]","[0.000,0.000,0.000,1.000]",[],[],[],[]
16,NoteCutSoundEffect(Clone),"[0.000,0.000,0.000]","[0.000,0.000,0.000]","[0.000,0.000,0.000,1.000]",[],[],[],[]
16,NoteCutSoundEffect(Clone),"[0.000,0.000,0.000]","[0.000,0.000,0.000]","[0.000,0.000,0.000,1.000]",[],[],[],[]
16,NoteCutSoundEffect(Clone),"[0.000,0.000,0.000]","[0.000,0.000,0.000]","[0.000,0.000,0.000,1.000]",[],[],[],[]
16,NoteCutSoundEffect(Clone),"[0.000,0.000,0.000]","[0.000,0.000,0.000]","[0.000,0.000,0.000,1.000]",[],[],[],[]
16,NoteCutSoundEffect(Clone),"[0.000,0.000,0.000]","[0.000,0.000,0.000]","[0.000,0.000,0.000,1.000]",[],[],[],[]
16,NoteCutSoundEffect(Clone),"[0.000,0.000,0.000]","[0.000,0.000,0.000]","[0.000,0.000,0.000,1.000]",[],[],[],[]
16,NoteCutSoundEffect(Clone),"[0.000,0.000,0.000]","[0.000,0.000,0.000]","[0.000,0.000,0.000,1.000]",[],[],[],[]
16,NoteCutSoundEffect(Clone),"[0.000,0.000,0.000]","[0.000,0.000,0.000]","[0.000,0.000,0.000,1.000]",[],[],[],[]
16,NoteCutSoundEffect(Clone),"[0.000,0.000,0.000]","[0.000,0.000,0.000]","[0.000,0.000,0.000,1.000]",[],[],[],[]
16,NoteCutSoundEffect(Clone),"[0.000,0.000,0.000]","[0.000,0.000,0.000]","[0.000,0.000,0.000,1.000]",[],[],[],[]
16,NoteCutSoundEffect(Clone),"[0.000,0.000,0.000]","[0.000,0.000,0.000]","[0.000,0.000,0.000,1.000]",[],[],[],[]
16,NoteCutSoundEffect(Clone),"[0.000,0.000,0.000]","[0.000,0.000,0.000]","[0.000,0.000,0.000,1.000]",[],[],[],[]
16,NoteCutSoundEffect(Clone),"[0.000,0.000,0.000]","[0.000,0.000,0.000]","[0.000,0.000,0.000,1.000]",[],[],[],[]
16,NoteCutSoundEffect(Clone),"[0.000,0.000,0.000]","[0.000,0.000,0.000]","[0.000,0.000,0.000,1.000]",[],[],[],[]
16,NoteCutSoundEffect(Clone),"[0.000,0.000,0.000]","[0.000,0.000,0.000]","[0.000,0.000,0.000,1.000]",[],[],[],[]
16,NoteCutSoundEffect(Clone),"[0.000,0.000,0.000]","[0.000,0.000,0.000]","[0.000,0.000,0.000,1.000]",[],[],[],[]
16,NoteCutSoundEffect(Clone),"[0.000,0.000,0.000]","[0.000,0.000,0.000]","[0.000,0.000,0.000,1.000]",[],[],[],[]
16,NoteCutSoundEffect(Clone),"[0.000,0.000,0.000]","[0.000,0.000,0.000]","[0.000,0.000,0.000,1.000]",[],[],[],[]
16,NoteCutSoundEffect(Clone),"[0.000,0.000,0.000]","[0.000,0.000,0.000]","[0.000,0.000,0.000,1.000]",[],[],[],[]
16,NoteCutSoundEffect(Clone),"[0.000,0.000,0.000]","[0.000,0.000,0.000]","[0.000,0.000,0.000,1.000]",[],[],[],[]
16,NoteCutSoundEffect(Clone),"[0.000,0.000,0.000]","[0.000,0.000,0.000]","[0.000,0.000,0.000,1.000]",[],[],[],[]
16,NoteCutSoundEffect(Clone),"[0.000,0.000,0.000]","[0.000,0.000,0.000]","[0.000,0.000,0.000,1.000]",[],[],[],[]
16,NoteCutSoundEffect(Clone),"[0.000,0.000,0.000]","[0.000,0.000,0.000]","[0.000,0.000,0.000,1.000]",[],[],[],[]
16,NoteCutSoundEffect(Clone),"[0.000,0.000,0.000]","[0.000,0.000,0.000]","[0.000,0.000,0.000,1.000]",[],[],[],[]
16,NoteCutSoundEffect(Clone),"[0.000,0.000,0.000]","[0.000,0.000,0.000]","[0.000,0.000,0.000,1.000]",[],[],[],[]
16,NoteCutSoundEffect(Clone),"[0.000,0.000,0.000]","[0.000,0.000,0.000]","[0.000,0.000,0.000,1.000]",[],[],[],[]
16,NoteCutSoundEffect(Clone),"[0.000,0.000,0.000]","[0.000,0.000,0.000]","[0.000,0.000,0.000,1.000]",[],[],[],[]
16,NoteCutSoundEffect(Clone),"[0.000,0.000,0.000]","[0.000,0.000,0.000]","[0.000,0.000,0.000,1.000]",[],[],[],[]
16,NoteCutSoundEffect(Clone),"[0.000,0.000,0.000]","[0.000,0.000,0.000]","[0.000,0.000,0.000,1.000]",[],[],[],[]
16,NoteCutSoundEffect(Clone),"[0.000,0.000,0.000]","[0.000,0.000,0.000]","[0.000,0.000,0.000,1.000]",[],[],[],[]
16,NoteCutSoundEffect(Clone),"[0.000,0.000,0.000]","[0.000,0.000,0.000]","[0.000,0.000,0.000,1.000]",[],[],[],[]
16,NoteCutSoundEffect(Clone),"[0.000,0.000,0.000]","[0.000,0.000,0.000]","[0.000,0.000,0.000,1.000]",[],[],[],[]
16,NoteCutSoundEffect(Clone),"[0.000,0.000,0.000]","[0.000,0.000,0.000]","[0.000,0.000,0.000,1.000]",[],[],[],[]
16,NoteCutSoundEffect(Clone),"[0.000,0.000,0.000]","[0.000,0.000,0.000]","[0.000,0.000,0.000,1.000]",[],[],[],[]
16,NoteCutSoundEffect(Clone),"[0.000,0.000,0.000]","[0.000,0.000,0.000]","[0.000,0.000,0.000,1.000]",[],[],[],[]
16,NoteCutSoundEffect(Clone),"[0.000,0.000,0.000]","[0.000,0.000,0.000]","[0.000,0.000,0.000,1.000]",[],[],[],[]
16,NoteCutSoundEffect(Clone),"[0.000,0.000,0.000]","[0.000,0.000,0.000]","[0.000,0.000,0.000,1.000]",[],[],[],[]
16,NoteCutSoundEffect(Clone),"[0.000,0.000,0.000]","[0.000,0.000,0.000]","[0.000,0.000,0.000,1.000]",[],[],[],[]
16,NoteCutSoundEffect(Clone),"[0.000,0.000,0.000]","[0.000,0.000,0.000]","[0.000,0.000,0.000,1.000]",[],[],[],[]
16,NoteCutSoundEffect(Clone),"[0.000,0.000,0.000]","[0.000,0.000,0.000]","[0.000,0.000,0.000,1.000]",[],[],[],[]
16,NoteCutSoundEffect(Clone),"[0.000,0.000,0.000]","[0.000,0.000,0.000]","[0.000,0.000,0.000,1.000]",[],[],[],[]
16,NoteCutSoundEffect(Clone),"[0.000,0.000,0.000]","[0.000,0.000,0.000]","[0.000,0.000,0.000,1.000]",[],[],[],[]
16,NoteCutSoundEffect(Clone),"[0.000,0.000,0.000]","[0.000,0.000,0.000]","[0.000,0.000,0.000,1.000]",[],[],[],[]
16,NoteCutSoundEffect(Clone),"[0.000,0.000,0.000]","[0.000,0.000,0.000]","[0.000,0.000,0.000,1.000]",[],[],[],[]
16,NoteCutSoundEffect(Clone),"[0.000,0.000,0.000]","[0.000,0.000,0.000]","[0.000,0.000,0.000,1.000]",[],[],[],[]
16,NoteCutSoundEffect(Clone),"[0.000,0.000,0.000]","[0.000,0.000,0.000]","[0.000,0.000,0.000,1.000]",[],[],[],[]
16,NoteCutSoundEffect(Clone),"[0.000,0.000,0.000]","[0.000,0.000,0.000]","[0.000,0.000,0.000,1.000]",[],[],[],[]
16,NoteCutSoundEffect(Clone),"[0.000,0.000,0.000]","[0.000,0.000,0.000]","[0.000,0.000,0.000,1.000]",[],[],[],[]
16,NoteCutSoundEffect(Clone),"[0.000,0.000,0.000]","[0.000,0.000,0.000]","[0.000,0.000,0.000,1.000]",[],[],[],[]
16,NoteCutSoundEffect(Clone),"[0.000,0.000,0.000]","[0.000,0.000,0.000]","[0.000,0.000,0.000,1.000]",[],[],[],[]
16,NoteCutSoundEffect(Clone),"[0.000,0.000,0.000]","[0.000,0.000,0.000]","[0.000,0.000,0.000,1.000]",[],[],[],[]
16,NoteCutSoundEffect(Clone),"[0.000,0.000,0.000]","[0.000,0.000,0.000]","[0.000,0.000,0.000,1.000]",[],[],[],[]
16,NoteCutSoundEffect(Clone),"[0.000,0.000,0.000]","[0.000,0.000,0.000]","[0.000,0.000,0.000,1.000]",[],[],[],[]
16,NoteCutSoundEffect(Clone),"[0.000,0.000,0.000]","[0.000,0.000,0.000]","[0.000,0.000,0.000,1.000]",[],[],[],[]
16,NoteCutSoundEffect(Clone),"[0.000,0.000,0.000]","[0.000,0.000,0.000]","[0.000,0.000,0.000,1.000]",[],[],[],[]
16,NoteCutSoundEffect(Clone),"[0.000,0.000,0.000]","[0.000,0.000,0.000]","[0.000,0.000,0.000,1.000]",[],[],[],[]
16,BeatEffect(Clone)/Light,"[-0.900,0.100,15.167]","[0.000,0.000,0.000]","[0.000,0.000,0.000,1.000]",[],[],[],[]
16,BeatEffect(Clone)/SpriteV,"[-0.900,0.129,15.167]","[0.000,0.000,0.000]","[0.000,0.000,0.000,1.000]","[-0.900,11.067,15.167]","[0.000,21.875,0.200]",[],[]
16,BeatEffect(Clone),"[-0.900,0.100,15.167]","[0.000,0.000,0.000]","[0.000,0.000,0.000,1.000]",[],[],[],[]
16,BeatEffect(Clone)/Light,"[17.000,0.020,7.750]","[90.000,0.000,0.000]","[0.707,0.000,0.000,0.707]",[],[],[],[]
16,BeatEffect(Clone)/SpriteV,"[17.000,0.020,7.779]","[90.000,0.000,0.000]","[0.707,0.000,0.000,0.707]","[17.000,0.020,9.420]","[0.219,0.200,3.281]",[],[]
16,BeatEffect(Clone),"[17.000,0.020,7.750]","[90.000,0.000,0.000]","[0.707,0.000,0.000,0.707]",[],[],[],[]
16,BeatEffect(Clone)/Light,"[17.000,0.020,7.750]","[90.000,0.000,0.000]","[0.707,0.000,0.000,0.707]",[],[],[],[]
16,BeatEffect(Clone)/SpriteV,"[17.000,0.020,7.779]","[90.000,0.000,0.000]","[0.707,0.000,0.000,0.707]","[17.000,0.020,9.420]","[0.219,0.200,3.281]",[],[]
16,BeatEffect(Clone),"[17.000,0.020,7.750]","[90.000,0.000,0.000]","[0.707,0.000,0.000,0.707]",[],[],[],[]
16,BeatEffect(Clone)/Light,"[17.000,0.020,7.750]","[90.000,0.000,0.000]","[0.707,0.000,0.000,0.707]",[],[],[],[]
16,BeatEffect(Clone)/SpriteV,"[17.000,0.020,7.779]","[90.000,0.000,0.000]","[0.707,0.000,0.000,0.707]","[17.000,0.020,9.420]","[0.219,0.200,3.281]",[],[]
16,BeatEffect(Clone),"[17.000,0.020,7.750]","[90.000,0.000,0.000]","[0.707,0.000,0.000,0.707]",[],[],[],[]
16,BeatEffect(Clone)/Light,"[17.000,0.020,7.750]","[90.000,0.000,0.000]","[0.707,0.000,0.000,0.707]",[],[],[],[]
16,BeatEffect(Clone)/SpriteV,"[17.000,0.020,7.779]","[90.000,0.000,0.000]","[0.707,0.000,0.000,0.707]","[17.000,0.020,9.420]","[0.219,0.200,3.281]",[],[]
16,BeatEffect(Clone),"[17.000,0.020,7.750]","[90.000,0.000,0.000]","[0.707,0.000,0.000,0.707]",[],[],[],[]
16,BeatEffect(Clone)/Light,"[17.000,0.020,7.750]","[90.000,0.000,0.000]","[0.707,0.000,0.000,0.707]",[],[],[],[]
16,BeatEffect(Clone)/SpriteV,"[17.000,0.020,7.779]","[90.000,0.000,0.000]","[0.707,0.000,0.000,0.707]","[17.000,0.020,9.420]","[0.219,0.200,3.281]",[],[]
16,BeatEffect(Clone),"[17.000,0.020,7.750]","[90.000,0.000,0.000]","[0.707,0.000,0.000,0.707]",[],[],[],[]
16,BeatEffect(Clone)/Light,"[17.000,0.020,7.750]","[90.000,0.000,0.000]","[0.707,0.000,0.000,0.707]",[],[],[],[]
16,BeatEffect(Clone)/SpriteV,"[17.000,0.020,7.779]","[90.000,0.000,0.000]","[0.707,0.000,0.000,0.707]","[17.000,0.020,9.420]","[0.219,0.200,3.281]",[],[]
16,BeatEffect(Clone),"[17.000,0.020,7.750]","[90.000,0.000,0.000]","[0.707,0.000,0.000,0.707]",[],[],[],[]
16,BeatEffect(Clone)/Light,"[17.000,0.020,7.750]","[90.000,0.000,0.000]","[0.707,0.000,0.000,0.707]",[],[],[],[]
16,BeatEffect(Clone)/SpriteV,"[17.000,0.020,7.779]","[90.000,0.000,0.000]","[0.707,0.000,0.000,0.707]","[17.000,0.020,9.420]","[0.219,0.200,3.281]",[],[]
16,BeatEffect(Clone),"[17.000,0.020,7.750]","[90.000,0.000,0.000]","[0.707,0.000,0.000,0.707]",[],[],[],[]
16,BeatEffect(Clone)/Light,"[17.000,0.020,7.750]","[90.000,0.000,0.000]","[0.707,0.000,0.000,0.707]",[],[],[],[]
16,BeatEffect(Clone)/SpriteV,"[17.000,0.020,7.779]","[90.000,0.000,0.000]","[0.707,0.000,0.000,0.707]","[17.000,0.020,9.420]","[0.219,0.200,3.281]",[],[]
16,BeatEffect(Clone),"[17.000,0.020,7.750]","[90.000,0.000,0.000]","[0.707,0.000,0.000,0.707]",[],[],[],[]
16,BeatEffect(Clone)/Light,"[17.000,0.020,7.750]","[90.000,0.000,0.000]","[0.707,0.000,0.000,0.707]",[],[],[],[]
16,BeatEffect(Clone)/SpriteV,"[17.000,0.020,7.779]","[90.000,0.000,0.000]","[0.707,0.000,0.000,0.707]","[17.000,0.020,9.420]","[0.219,0.200,3.281]",[],[]
16,BeatEffect(Clone),"[17.000,0.020,7.750]","[90.000,0.000,0.000]","[0.707,0.000,0.000,0.707]",[],[],[],[]
16,BeatEffect(Clone)/Light,"[17.000,0.020,7.750]","[90.000,0.000,0.000]","[0.707,0.000,0.000,0.707]",[],[],[],[]
16,BeatEffect(Clone)/SpriteV,"[17.000,0.020,7.779]","[90.000,0.000,0.000]","[0.707,0.000,0.000,0.707]","[17.000,0.020,9.420]","[0.219,0.200,3.281]",[],[]
16,BeatEffect(Clone),"[17.000,0.020,7.750]","[90.000,0.000,0.000]","[0.707,0.000,0.000,0.707]",[],[],[],[]
16,BeatEffect(Clone)/Light,"[17.000,0.020,7.750]","[90.000,0.000,0.000]","[0.707,0.000,0.000,0.707]",[],[],[],[]
16,BeatEffect(Clone)/SpriteV,"[17.000,0.020,7.779]","[90.000,0.000,0.000]","[0.707,0.000,0.000,0.707]","[17.000,0.020,9.420]","[0.219,0.200,3.281]",[],[]
16,BeatEffect(Clone),"[17.000,0.020,7.750]","[90.000,0.000,0.000]","[0.707,0.000,0.000,0.707]",[],[],[],[]
16,BeatEffect(Clone)/Light,"[17.000,0.020,7.750]","[90.000,0.000,0.000]","[0.707,0.000,0.000,0.707]",[],[],[],[]
16,BeatEffect(Clone)/SpriteV,"[17.000,0.020,7.779]","[90.000,0.000,0.000]","[0.707,0.000,0.000,0.707]","[17.000,0.020,9.420]","[0.219,0.200,3.281]",[],[]
16,BeatEffect(Clone),"[17.000,0.020,7.750]","[90.000,0.000,0.000]","[0.707,0.000,0.000,0.707]",[],[],[],[]
16,BeatEffect(Clone)/Light,"[17.000,0.020,7.750]","[90.000,0.000,0.000]","[0.707,0.000,0.000,0.707]",[],[],[],[]
16,BeatEffect(Clone)/SpriteV,"[17.000,0.020,7.779]","[90.000,0.000,0.000]","[0.707,0.000,0.000,0.707]","[17.000,0.020,9.420]","[0.219,0.200,3.281]",[],[]
16,BeatEffect(Clone),"[17.000,0.020,7.750]","[90.000,0.000,0.000]","[0.707,0.000,0.000,0.707]",[],[],[],[]
16,BeatEffect(Clone)/Light,"[17.000,0.020,7.750]","[90.000,0.000,0.000]","[0.707,0.000,0.000,0.707]",[],[],[],[]
16,BeatEffect(Clone)/SpriteV,"[17.000,0.020,7.779]","[90.000,0.000,0.000]","[0.707,0.000,0.000,0.707]","[17.000,0.020,9.420]","[0.219,0.200,3.281]",[],[]
16,BeatEffect(Clone),"[17.000,0.020,7.750]","[90.000,0.000,0.000]","[0.707,0.000,0.000,0.707]",[],[],[],[]
16,BeatEffect(Clone)/Light,"[17.000,0.020,7.750]","[90.000,0.000,0.000]","[0.707,0.000,0.000,0.707]",[],[],[],[]
16,BeatEffect(Clone)/SpriteV,"[17.000,0.020,7.779]","[90.000,0.000,0.000]","[0.707,0.000,0.000,0.707]","[17.000,0.020,9.420]","[0.219,0.200,3.281]",[],[]
16,BeatEffect(Clone),"[17.000,0.020,7.750]","[90.000,0.000,0.000]","[0.707,0.000,0.000,0.707]",[],[],[],[]
16,BeatEffect(Clone)/Light,"[17.000,0.020,7.750]","[90.000,0.000,0.000]","[0.707,0.000,0.000,0.707]",[],[],[],[]
16,BeatEffect(Clone)/SpriteV,"[17.000,0.020,7.779]","[90.000,0.000,0.000]","[0.707,0.000,0.000,0.707]","[17.000,0.020,9.420]","[0.219,0.200,3.281]",[],[]
16,BeatEffect(Clone),"[17.000,0.020,7.750]","[90.000,0.000,0.000]","[0.707,0.000,0.000,0.707]",[],[],[],[]
16,BeatEffect(Clone)/Light,"[17.000,0.020,7.750]","[90.000,0.000,0.000]","[0.707,0.000,0.000,0.707]",[],[],[],[]
16,BeatEffect(Clone)/SpriteV,"[17.000,0.020,7.779]","[90.000,0.000,0.000]","[0.707,0.000,0.000,0.707]","[17.000,0.020,9.420]","[0.219,0.200,3.281]",[],[]
16,BeatEffect(Clone),"[17.000,0.020,7.750]","[90.000,0.000,0.000]","[0.707,0.000,0.000,0.707]",[],[],[],[]
16,BeatEffect(Clone)/Light,"[17.000,0.020,7.750]","[90.000,0.000,0.000]","[0.707,0.000,0.000,0.707]",[],[],[],[]
16,BeatEffect(Clone)/SpriteV,"[17.000,0.020,7.779]","[90.000,0.000,0.000]","[0.707,0.000,0.000,0.707]","[17.000,0.020,9.420]","[0.219,0.200,3.281]",[],[]
16,BeatEffect(Clone),"[17.000,0.020,7.750]","[90.000,0.000,0.000]","[0.707,0.000,0.000,0.707]",[],[],[],[]
16,BeatEffect(Clone)/Light,"[17.000,0.020,7.750]","[90.000,0.000,0.000]","[0.707,0.000,0.000,0.707]",[],[],[],[]
16,BeatEffect(Clone)/SpriteV,"[17.000,0.020,7.779]","[90.000,0.000,0.000]","[0.707,0.000,0.000,0.707]","[17.000,0.020,9.420]","[0.219,0.200,3.281]",[],[]
16,BeatEffect(Clone),"[17.000,0.020,7.750]","[90.000,0.000,0.000]","[0.707,0.000,0.000,0.707]",[],[],[],[]
16,BeatEffect(Clone)/Light,"[17.000,0.020,7.750]","[90.000,0.000,0.000]","[0.707,0.000,0.000,0.707]",[],[],[],[]
16,BeatEffect(Clone)/SpriteV,"[17.000,0.020,7.779]","[90.000,0.000,0.000]","[0.707,0.000,0.000,0.707]","[17.000,0.020,9.420]","[0.219,0.200,3.281]",[],[]
16,BeatEffect(Clone),"[17.000,0.020,7.750]","[90.000,0.000,0.000]","[0.707,0.000,0.000,0.707]",[],[],[],[]
16,BeatEffect(Clone)/Light,"[17.000,0.020,7.750]","[90.000,0.000,0.000]","[0.707,0.000,0.000,0.707]",[],[],[],[]
16,BeatEffect(Clone)/SpriteV,"[17.000,0.020,7.779]","[90.000,0.000,0.000]","[0.707,0.000,0.000,0.707]","[17.000,0.020,9.420]","[0.219,0.200,3.281]",[],[]
16,BeatEffect(Clone),"[17.000,0.020,7.750]","[90.000,0.000,0.000]","[0.707,0.000,0.000,0.707]",[],[],[],[]
16,BeatEffect(Clone)/Light,"[17.000,0.020,7.750]","[90.000,0.000,0.000]","[0.707,0.000,0.000,0.707]",[],[],[],[]
16,BeatEffect(Clone)/SpriteV,"[17.000,0.020,7.779]","[90.000,0.000,0.000]","[0.707,0.000,0.000,0.707]","[17.000,0.020,9.420]","[0.219,0.200,3.281]",[],[]
16,BeatEffect(Clone),"[17.000,0.020,7.750]","[90.000,0.000,0.000]","[0.707,0.000,0.000,0.707]",[],[],[],[]
16,BeatEffect(Clone)/Light,"[17.000,0.020,7.750]","[90.000,0.000,0.000]","[0.707,0.000,0.000,0.707]",[],[],[],[]
16,BeatEffect(Clone)/SpriteV,"[17.000,0.020,7.779]","[90.000,0.000,0.000]","[0.707,0.000,0.000,0.707]","[17.000,0.020,9.420]","[0.219,0.200,3.281]",[],[]
16,BeatEffect(Clone),"[17.000,0.020,7.750]","[90.000,0.000,0.000]","[0.707,0.000,0.000,0.707]",[],[],[],[]
16,FlyingSpriteEffect(Clone),"[-2.000,1.300,14.000]","[0.000,0.000,0.000]","[0.000,0.000,0.000,1.000]","[-2.000,1.300,14.000]","[1.280,1.280,0.200]",[],[]
16,FlyingSpriteEffect(Clone),"[0.000,0.590,2.327]","[0.000,0.000,0.000]","[0.000,0.000,0.000,1.000]","[0.000,0.590,2.327]","[1.280,1.280,0.200]",[],[]
16,FlyingSpriteEffect(Clone),"[0.000,0.590,2.327]","[0.000,0.000,0.000]","[0.000,0.000,0.000,1.000]","[0.000,0.590,2.327]","[1.280,1.280,0.200]",[],[]
16,FlyingSpriteEffect(Clone),"[0.000,0.590,2.327]","[0.000,0.000,0.000]","[0.000,0.000,0.000,1.000]","[0.000,0.590,2.327]","[1.280,1.280,0.200]",[],[]
16,FlyingSpriteEffect(Clone),"[0.000,0.590,2.327]","[0.000,0.000,0.000]","[0.000,0.000,0.000,1.000]","[0.000,0.590,2.327]","[1.280,1.280,0.200]",[],[]
16,FlyingSpriteEffect(Clone),"[0.000,0.590,2.327]","[0.000,0.000,0.000]","[0.000,0.000,0.000,1.000]","[0.000,0.590,2.327]","[1.280,1.280,0.200]",[],[]
16,FlyingSpriteEffect(Clone),"[0.000,0.590,2.327]","[0.000,0.000,0.000]","[0.000,0.000,0.000,1.000]","[0.000,0.590,2.327]","[1.280,1.280,0.200]",[],[]
16,FlyingSpriteEffect(Clone),"[0.000,0.590,2.327]","[0.000,0.000,0.000]","[0.000,0.000,0.000,1.000]","[0.000,0.590,2.327]","[1.280,1.280,0.200]",[],[]
16,FlyingSpriteEffect(Clone),"[0.000,0.590,2.327]","[0.000,0.000,0.000]","[0.000,0.000,0.000,1.000]","[0.000,0.590,2.327]","[1.280,1.280,0.200]",[],[]
16,FlyingSpriteEffect(Clone),"[0.000,0.590,2.327]","[0.000,0.000,0.000]","[0.000,0.000,0.000,1.000]","[0.000,0.590,2.327]","[1.280,1.280,0.200]",[],[]
16,FlyingSpriteEffect(Clone),"[0.000,0.590,2.327]","[0.000,0.000,0.000]","[0.000,0.000,0.000,1.000]","[0.000,0.590,2.327]","[1.280,1.280,0.200]",[],[]
16,FlyingSpriteEffect(Clone),"[0.000,0.590,2.327]","[0.000,0.000,0.000]","[0.000,0.000,0.000,1.000]","[0.000,0.590,2.327]","[1.280,1.280,0.200]",[],[]
16,FlyingSpriteEffect(Clone),"[0.000,0.590,2.327]","[0.000,0.000,0.000]","[0.000,0.000,0.000,1.000]","[0.000,0.590,2.327]","[1.280,1.280,0.200]",[],[]
16,FlyingSpriteEffect(Clone),"[0.000,0.590,2.327]","[0.000,0.000,0.000]","[0.000,0.000,0.000,1.000]","[0.000,0.590,2.327]","[1.280,1.280,0.200]",[],[]
16,FlyingSpriteEffect(Clone),"[0.000,0.590,2.327]","[0.000,0.000,0.000]","[0.000,0.000,0.000,1.000]","[0.000,0.590,2.327]","[1.280,1.280,0.200]",[],[]
16,FlyingSpriteEffect(Clone),"[0.000,0.590,2.327]","[0.000,0.000,0.000]","[0.000,0.000,0.000,1.000]","[0.000,0.590,2.327]","[1.280,1.280,0.200]",[],[]
16,FlyingSpriteEffect(Clone),"[0.000,0.590,2.327]","[0.000,0.000,0.000]","[0.000,0.000,0.000,1.000]","[0.000,0.590,2.327]","[1.280,1.280,0.200]",[],[]
16,FlyingSpriteEffect(Clone),"[0.000,0.590,2.327]","[0.000,0.000,0.000]","[0.000,0.000,0.000,1.000]","[0.000,0.590,2.327]","[1.280,1.280,0.200]",[],[]
16,FlyingSpriteEffect(Clone),"[0.000,0.590,2.327]","[0.000,0.000,0.000]","[0.000,0.000,0.000,1.000]","[0.000,0.590,2.327]","[1.280,1.280,0.200]",[],[]
16,FlyingSpriteEffect(Clone),"[0.000,0.590,2.327]","[0.000,0.000,0.000]","[0.000,0.000,0.000,1.000]","[0.000,0.590,2.327]","[1.280,1.280,0.200]",[],[]
16,FlyingSpriteEffect(Clone),"[0.000,0.590,2.327]","[0.000,0.000,0.000]","[0.000,0.000,0.000,1.000]","[0.000,0.590,2.327]","[1.280,1.280,0.200]",[],[]
16,FlyingSpriteEffect(Clone),"[0.000,0.590,2.327]","[0.000,0.000,0.000]","[0.000,0.000,0.000,1.000]","[0.000,0.590,2.327]","[1.280,1.280,0.200]",[],[]
16,FlyingSpriteEffect(Clone),"[0.000,0.590,2.327]","[0.000,0.000,0.000]","[0.000,0.000,0.000,1.000]","[0.000,0.590,2.327]","[1.280,1.280,0.200]",[],[]
16,FlyingSpriteEffect(Clone),"[0.000,0.590,2.327]","[0.000,0.000,0.000]","[0.000,0.000,0.000,1.000]","[0.000,0.590,2.327]","[1.280,1.280,0.200]",[],[]
16,FlyingScoreEffect(Clone)/Line,"[0.000,-0.298,6.532]","[0.000,0.000,0.000]","[0.000,0.000,0.000,1.000]","[0.000,-0.298,6.532]","[0.320,0.040,0.200]",[],[]
16,FlyingScoreEffect(Clone)/Text,"[-0.010,-0.148,6.532]","[0.000,0.000,0.000]","[0.000,0.000,0.000,1.000]","[-0.010,-0.148,6.532]","[0.000,0.000,0.000]",[],[]
16,FlyingScoreEffect(Clone),"[0.000,-0.148,6.532]","[0.000,0.000,0.000]","[0.000,0.000,0.000,1.000]",[],[],[],[]
16,FlyingScoreEffect(Clone)/Line,"[0.000,-0.298,6.532]","[0.000,0.000,0.000]","[0.000,0.000,0.000,1.000]","[0.000,-0.298,6.532]","[0.320,0.040,0.200]",[],[]
16,FlyingScoreEffect(Clone)/Text,"[-0.010,-0.148,6.532]","[0.000,0.000,0.000]","[0.000,0.000,0.000,1.000]","[-0.010,-0.148,6.532]","[0.000,0.000,0.000]",[],[]
16,FlyingScoreEffect(Clone),"[0.000,-0.148,6.532]","[0.000,0.000,0.000]","[0.000,0.000,0.000,1.000]",[],[],[],[]
16,FlyingScoreEffect(Clone)/Line,"[0.000,-0.298,6.532]","[0.000,0.000,0.000]","[0.000,0.000,0.000,1.000]","[0.000,-0.298,6.532]","[0.320,0.040,0.200]",[],[]
16,FlyingScoreEffect(Clone)/Text,"[-0.010,-0.148,6.532]","[0.000,0.000,0.000]","[0.000,0.000,0.000,1.000]","[-0.010,-0.148,6.532]","[0.000,0.000,0.000]",[],[]
16,FlyingScoreEffect(Clone),"[0.000,-0.148,6.532]","[0.000,0.000,0.000]","[0.000,0.000,0.000,1.000]",[],[],[],[]
16,FlyingScoreEffect(Clone)/Line,"[0.000,-0.298,6.532]","[0.000,0.000,0.000]","[0.000,0.000,0.000,1.000]","[0.000,-0.298,6.532]","[0.320,0.040,0.200]",[],[]
16,FlyingScoreEffect(Clone)/Text,"[-0.010,-0.148,6.532]","[0.000,0.000,0.000]","[0.000,0.000,0.000,1.000]","[-0.010,-0.148,6.532]","[0.000,0.000,0.000]",[],[]
16,FlyingScoreEffect(Clone),"[0.000,-0.148,6.532]","[0.000,0.000,0.000]","[0.000,0.000,0.000,1.000]",[],[],[],[]
16,FlyingScoreEffect(Clone)/Line,"[0.000,-0.298,6.532]","[0.000,0.000,0.000]","[0.000,0.000,0.000,1.000]","[0.000,-0.298,6.532]","[0.320,0.040,0.200]",[],[]
16,FlyingScoreEffect(Clone)/Text,"[-0.010,-0.148,6.532]","[0.000,0.000,0.000]","[0.000,0.000,0.000,1.000]","[-0.010,-0.148,6.532]","[0.000,0.000,0.000]",[],[]
16,FlyingScoreEffect(Clone),"[0.000,-0.148,6.532]","[0.000,0.000,0.000]","[0.000,0.000,0.000,1.000]",[],[],[],[]
16,FlyingScoreEffect(Clone)/Line,"[0.000,-0.298,6.532]","[0.000,0.000,0.000]","[0.000,0.000,0.000,1.000]","[0.000,-0.298,6.532]","[0.320,0.040,0.200]",[],[]
16,FlyingScoreEffect(Clone)/Text,"[-0.010,-0.148,6.532]","[0.000,0.000,0.000]","[0.000,0.000,0.000,1.000]","[-0.010,-0.148,6.532]","[0.000,0.000,0.000]",[],[]
16,FlyingScoreEffect(Clone),"[0.000,-0.148,6.532]","[0.000,0.000,0.000]","[0.000,0.000,0.000,1.000]",[],[],[],[]
16,FlyingScoreEffect(Clone)/Line,"[0.000,-0.298,6.532]","[0.000,0.000,0.000]","[0.000,0.000,0.000,1.000]","[0.000,-0.298,6.532]","[0.320,0.040,0.200]",[],[]
16,FlyingScoreEffect(Clone)/Text,"[-0.010,-0.148,6.532]","[0.000,0.000,0.000]","[0.000,0.000,0.000,1.000]","[-0.010,-0.148,6.532]","[0.000,0.000,0.000]",[],[]
16,FlyingScoreEffect(Clone),"[0.000,-0.148,6.532]","[0.000,0.000,0.000]","[0.000,0.000,0.000,1.000]",[],[],[],[]
16,FlyingScoreEffect(Clone)/Line,"[0.000,-0.298,6.532]","[0.000,0.000,0.000]","[0.000,0.000,0.000,1.000]","[0.000,-0.298,6.532]","[0.320,0.040,0.200]",[],[]
16,FlyingScoreEffect(Clone)/Text,"[-0.010,-0.148,6.532]","[0.000,0.000,0.000]","[0.000,0.000,0.000,1.000]","[-0.010,-0.148,6.532]","[0.000,0.000,0.000]",[],[]
16,FlyingScoreEffect(Clone),"[0.000,-0.148,6.532]","[0.000,0.000,0.000]","[0.000,0.000,0.000,1.000]",[],[],[],[]
16,FlyingScoreEffect(Clone)/Line,"[0.000,-0.298,6.532]","[0.000,0.000,0.000]","[0.000,0.000,0.000,1.000]","[0.000,-0.298,6.532]","[0.320,0.040,0.200]",[],[]
16,FlyingScoreEffect(Clone)/Text,"[-0.010,-0.148,6.532]","[0.000,0.000,0.000]","[0.000,0.000,0.000,1.000]","[-0.010,-0.148,6.532]","[0.000,0.000,0.000]",[],[]
16,FlyingScoreEffect(Clone),"[0.000,-0.148,6.532]","[0.000,0.000,0.000]","[0.000,0.000,0.000,1.000]",[],[],[],[]
16,FlyingScoreEffect(Clone)/Line,"[0.000,-0.298,6.532]","[0.000,0.000,0.000]","[0.000,0.000,0.000,1.000]","[0.000,-0.298,6.532]","[0.320,0.040,0.200]",[],[]
16,FlyingScoreEffect(Clone)/Text,"[-0.010,-0.148,6.532]","[0.000,0.000,0.000]","[0.000,0.000,0.000,1.000]","[-0.010,-0.148,6.532]","[0.000,0.000,0.000]",[],[]
16,FlyingScoreEffect(Clone),"[0.000,-0.148,6.532]","[0.000,0.000,0.000]","[0.000,0.000,0.000,1.000]",[],[],[],[]
16,FlyingScoreEffect(Clone)/Line,"[0.000,-0.298,6.532]","[0.000,0.000,0.000]","[0.000,0.000,0.000,1.000]","[0.000,-0.298,6.532]","[0.320,0.040,0.200]",[],[]
16,FlyingScoreEffect(Clone)/Text,"[-0.010,-0.148,6.532]","[0.000,0.000,0.000]","[0.000,0.000,0.000,1.000]","[-0.010,-0.148,6.532]","[0.000,0.000,0.000]",[],[]
16,FlyingScoreEffect(Clone),"[0.000,-0.148,6.532]","[0.000,0.000,0.000]","[0.000,0.000,0.000,1.000]",[],[],[],[]
16,FlyingScoreEffect(Clone)/Line,"[0.000,-0.298,6.532]","[0.000,0.000,0.000]","[0.000,0.000,0.000,1.000]","[0.000,-0.298,6.532]","[0.320,0.040,0.200]",[],[]
16,FlyingScoreEffect(Clone)/Text,"[-0.010,-0.148,6.532]","[0.000,0.000,0.000]","[0.000,0.000,0.000,1.000]","[-0.010,-0.148,6.532]","[0.000,0.000,0.000]",[],[]
16,FlyingScoreEffect(Clone),"[0.000,-0.148,6.532]","[0.000,0.000,0.000]","[0.000,0.000,0.000,1.000]",[],[],[],[]
16,FlyingScoreEffect(Clone)/Line,"[0.000,-0.298,6.532]","[0.000,0.000,0.000]","[0.000,0.000,0.000,1.000]","[0.000,-0.298,6.532]","[0.320,0.040,0.200]",[],[]
16,FlyingScoreEffect(Clone)/Text,"[-0.010,-0.148,6.532]","[0.000,0.000,0.000]","[0.000,0.000,0.000,1.000]","[-0.010,-0.148,6.532]","[0.000,0.000,0.000]",[],[]
16,FlyingScoreEffect(Clone),"[0.000,-0.148,6.532]","[0.000,0.000,0.000]","[0.000,0.000,0.000,1.000]",[],[],[],[]
16,FlyingScoreEffect(Clone)/Line,"[0.000,-0.298,6.532]","[0.000,0.000,0.000]","[0.000,0.000,0.000,1.000]","[0.000,-0.298,6.532]","[0.320,0.040,0.200]",[],[]
16,FlyingScoreEffect(Clone)/Text,"[-0.010,-0.148,6.532]","[0.000,0.000,0.000]","[0.000,0.000,0.000,1.000]","[-0.010,-0.148,6.532]","[0.000,0.000,0.000]",[],[]
16,FlyingScoreEffect(Clone),"[0.000,-0.148,6.532]","[0.000,0.000,0.000]","[0.000,0.000,0.000,1.000]",[],[],[],[]
16,FlyingScoreEffect(Clone)/Line,"[0.000,-0.298,6.532]","[0.000,0.000,0.000]","[0.000,0.000,0.000,1.000]","[0.000,-0.298,6.532]","[0.320,0.040,0.200]",[],[]
16,FlyingScoreEffect(Clone)/Text,"[-0.010,-0.148,6.532]","[0.000,0.000,0.000]","[0.000,0.000,0.000,1.000]","[-0.010,-0.148,6.532]","[0.000,0.000,0.000]",[],[]
16,FlyingScoreEffect(Clone),"[0.000,-0.148,6.532]","[0.000,0.000,0.000]","[0.000,0.000,0.000,1.000]",[],[],[],[]
16,FlyingScoreEffect(Clone)/Line,"[0.000,-0.298,6.532]","[0.000,0.000,0.000]","[0.000,0.000,0.000,1.000]","[0.000,-0.298,6.532]","[0.320,0.040,0.200]",[],[]
16,FlyingScoreEffect(Clone)/Text,"[-0.010,-0.148,6.532]","[0.000,0.000,0.000]","[0.000,0.000,0.000,1.000]","[-0.010,-0.148,6.532]","[0.000,0.000,0.000]",[],[]
16,FlyingScoreEffect(Clone),"[0.000,-0.148,6.532]","[0.000,0.000,0.000]","[0.000,0.000,0.000,1.000]",[],[],[],[]
16,FlyingScoreEffect(Clone)/Line,"[0.000,-0.298,6.532]","[0.000,0.000,0.000]","[0.000,0.000,0.000,1.000]","[0.000,-0.298,6.532]","[0.320,0.040,0.200]",[],[]
16,FlyingScoreEffect(Clone)/Text,"[-0.010,-0.148,6.532]","[0.000,0.000,0.000]","[0.000,0.000,0.000,1.000]","[-0.010,-0.148,6.532]","[0.000,0.000,0.000]",[],[]
16,FlyingScoreEffect(Clone),"[0.000,-0.148,6.532]","[0.000,0.000,0.000]","[0.000,0.000,0.000,1.000]",[],[],[],[]
16,FlyingScoreEffect(Clone)/Line,"[0.000,-0.298,6.532]","[0.000,0.000,0.000]","[0.000,0.000,0.000,1.000]","[0.000,-0.298,6.532]","[0.320,0.040,0.200]",[],[]
16,FlyingScoreEffect(Clone)/Text,"[-0.010,-0.148,6.532]","[0.000,0.000,0.000]","[0.000,0.000,0.000,1.000]","[-0.010,-0.148,6.532]","[0.000,0.000,0.000]",[],[]
16,FlyingScoreEffect(Clone),"[0.000,-0.148,6.532]","[0.000,0.000,0.000]","[0.000,0.000,0.000,1.000]",[],[],[],[]
16,FlyingScoreEffect(Clone)/Line,"[0.000,-0.298,6.532]","[0.000,0.000,0.000]","[0.000,0.000,0.000,1.000]","[0.000,-0.298,6.532]","[0.320,0.040,0.200]",[],[]
16,FlyingScoreEffect(Clone)/Text,"[-0.010,-0.148,6.532]","[0.000,0.000,0.000]","[0.000,0.000,0.000,1.000]","[-0.010,-0.148,6.532]","[0.000,0.000,0.000]",[],[]
16,FlyingScoreEffect(Clone),"[0.000,-0.148,6.532]","[0.000,0.000,0.000]","[0.000,0.000,0.000,1.000]",[],[],[],[]
16,FlyingScoreEffect(Clone)/Line,"[0.000,-0.298,6.532]","[0.000,0.000,0.000]","[0.000,0.000,0.000,1.000]","[0.000,-0.298,6.532]","[0.320,0.040,0.200]",[],[]
16,FlyingScoreEffect(Clone)/Text,"[-0.010,-0.148,6.532]","[0.000,0.000,0.000]","[0.000,0.000,0.000,1.000]","[-0.010,-0.148,6.532]","[0.000,0.000,0.000]",[],[]
16,FlyingScoreEffect(Clone),"[0.000,-0.148,6.532]","[0.000,0.000,0.000]","[0.000,0.000,0.000,1.000]",[],[],[],[]
16,FlyingScoreEffect(Clone)/Line,"[0.000,-0.298,6.532]","[0.000,0.000,0.000]","[0.000,0.000,0.000,1.000]","[0.000,-0.298,6.532]","[0.320,0.040,0.200]",[],[]
16,FlyingScoreEffect(Clone)/Text,"[-0.010,-0.148,6.532]","[0.000,0.000,0.000]","[0.000,0.000,0.000,1.000]","[-0.010,-0.148,6.532]","[0.000,0.000,0.000]",[],[]
16,FlyingScoreEffect(Clone),"[0.000,-0.148,6.532]","[0.000,0.000,0.000]","[0.000,0.000,0.000,1.000]",[],[],[],[]
16,FlyingScoreEffect(Clone)/Line,"[0.000,-0.298,6.532]","[0.000,0.000,0.000]","[0.000,0.000,0.000,1.000]","[0.000,-0.298,6.532]","[0.320,0.040,0.200]",[],[]
16,FlyingScoreEffect(Clone)/Text,"[-0.010,-0.148,6.532]","[0.000,0.000,0.000]","[0.000,0.000,0.000,1.000]","[-0.010,-0.148,6.532]","[0.000,0.000,0.000]",[],[]
16,FlyingScoreEffect(Clone),"[0.000,-0.148,6.532]","[0.000,0.000,0.000]","[0.000,0.000,0.000,1.000]",[],[],[],[]
16,FlyingScoreEffect(Clone)/Line,"[0.000,-0.298,6.532]","[0.000,0.000,0.000]","[0.000,0.000,0.000,1.000]","[0.000,-0.298,6.532]","[0.320,0.040,0.200]",[],[]
16,FlyingScoreEffect(Clone)/Text,"[-0.010,-0.148,6.532]","[0.000,0.000,0.000]","[0.000,0.000,0.000,1.000]","[-0.010,-0.148,6.532]","[0.000,0.000,0.000]",[],[]
16,FlyingScoreEffect(Clone),"[0.000,-0.148,6.532]","[0.000,0.000,0.000]","[0.000,0.000,0.000,1.000]",[],[],[],[]
16,FlyingScoreEffect(Clone)/Line,"[0.000,-0.298,6.532]","[0.000,0.000,0.000]","[0.000,0.000,0.000,1.000]","[0.000,-0.298,6.532]","[0.320,0.040,0.200]",[],[]
16,FlyingScoreEffect(Clone)/Text,"[-0.010,-0.148,6.532]","[0.000,0.000,0.000]","[0.000,0.000,0.000,1.000]","[-0.010,-0.148,6.532]","[0.000,0.000,0.000]",[],[]
16,FlyingScoreEffect(Clone),"[0.000,-0.148,6.532]","[0.000,0.000,0.000]","[0.000,0.000,0.000,1.000]",[],[],[],[]
16,FlyingTextEffect(Clone)/Text,"[0.000,0.722,0.000]","[0.000,0.000,0.000]","[0.000,0.000,0.000,1.000]","[0.000,0.722,0.000]","[0.000,0.000,0.000]",[],[]
16,FlyingTextEffect(Clone),"[0.000,0.722,0.000]","[0.000,0.000,0.000]","[0.000,0.000,0.000,1.000]",[],[],[],[]
16,FlyingTextEffect(Clone)/Text,"[0.000,0.722,0.000]","[0.000,0.000,0.000]","[0.000,0.000,0.000,1.000]","[0.000,0.722,0.000]","[0.000,0.000,0.000]",[],[]
16,FlyingTextEffect(Clone),"[0.000,0.722,0.000]","[0.000,0.000,0.000]","[0.000,0.000,0.000,1.000]",[],[],[],[]
16,FlyingTextEffect(Clone)/Text,"[0.000,0.722,0.000]","[0.000,0.000,0.000]","[0.000,0.000,0.000,1.000]","[0.000,0.722,0.000]","[0.000,0.000,0.000]",[],[]
16,FlyingTextEffect(Clone),"[0.000,0.722,0.000]","[0.000,0.000,0.000]","[0.000,0.000,0.000,1.000]",[],[],[],[]
16,FlyingTextEffect(Clone)/Text,"[0.000,0.722,0.000]","[0.000,0.000,0.000]","[0.000,0.000,0.000,1.000]","[0.000,0.722,0.000]","[0.000,0.000,0.000]",[],[]
16,FlyingTextEffect(Clone),"[0.000,0.722,0.000]","[0.000,0.000,0.000]","[0.000,0.000,0.000,1.000]",[],[],[],[]
16,FlyingTextEffect(Clone)/Text,"[0.000,0.722,0.000]","[0.000,0.000,0.000]","[0.000,0.000,0.000,1.000]","[0.000,0.722,0.000]","[0.000,0.000,0.000]",[],[]
16,FlyingTextEffect(Clone),"[0.000,0.722,0.000]","[0.000,0.000,0.000]","[0.000,0.000,0.000,1.000]",[],[],[],[]
16,FlyingTextEffect(Clone)/Text,"[0.000,0.722,0.000]","[0.000,0.000,0.000]","[0.000,0.000,0.000,1.000]","[0.000,0.722,0.000]","[0.000,0.000,0.000]",[],[]
16,FlyingTextEffect(Clone),"[0.000,0.722,0.000]","[0.000,0.000,0.000]","[0.000,0.000,0.000,1.000]",[],[],[],[]
16,FlyingTextEffect(Clone)/Text,"[0.000,0.722,0.000]","[0.000,0.000,0.000]","[0.000,0.000,0.000,1.000]","[0.000,0.722,0.000]","[0.000,0.000,0.000]",[],[]
16,FlyingTextEffect(Clone),"[0.000,0.722,0.000]","[0.000,0.000,0.000]","[0.000,0.000,0.000,1.000]",[],[],[],[]
16,FlyingTextEffect(Clone)/Text,"[0.000,0.722,0.000]","[0.000,0.000,0.000]","[0.000,0.000,0.000,1.000]","[0.000,0.722,0.000]","[0.000,0.000,0.000]",[],[]
16,FlyingTextEffect(Clone),"[0.000,0.722,0.000]","[0.000,0.000,0.000]","[0.000,0.000,0.000,1.000]",[],[],[],[]
16,FlyingTextEffect(Clone)/Text,"[0.000,0.722,0.000]","[0.000,0.000,0.000]","[0.000,0.000,0.000,1.000]","[0.000,0.722,0.000]","[0.000,0.000,0.000]",[],[]
16,FlyingTextEffect(Clone),"[0.000,0.722,0.000]","[0.000,0.000,0.000]","[0.000,0.000,0.000,1.000]",[],[],[],[]
16,FlyingTextEffect(Clone)/Text,"[0.000,0.722,0.000]","[0.000,0.000,0.000]","[0.000,0.000,0.000,1.000]","[0.000,0.722,0.000]","[0.000,0.000,0.000]",[],[]
16,FlyingTextEffect(Clone),"[0.000,0.722,0.000]","[0.000,0.000,0.000]","[0.000,0.000,0.000,1.000]",[],[],[],[]
16,FlyingTextEffect(Clone)/Text,"[0.000,0.722,0.000]","[0.000,0.000,0.000]","[0.000,0.000,0.000,1.000]","[0.000,0.722,0.000]","[0.000,0.000,0.000]",[],[]
16,FlyingTextEffect(Clone),"[0.000,0.722,0.000]","[0.000,0.000,0.000]","[0.000,0.000,0.000,1.000]",[],[],[],[]
16,FlyingTextEffect(Clone)/Text,"[0.000,0.722,0.000]","[0.000,0.000,0.000]","[0.000,0.000,0.000,1.000]","[0.000,0.722,0.000]","[0.000,0.000,0.000]",[],[]
16,FlyingTextEffect(Clone),"[0.000,0.722,0.000]","[0.000,0.000,0.000]","[0.000,0.000,0.000,1.000]",[],[],[],[]
16,FlyingTextEffect(Clone)/Text,"[0.000,0.722,0.000]","[0.000,0.000,0.000]","[0.000,0.000,0.000,1.000]","[0.000,0.722,0.000]","[0.000,0.000,0.000]",[],[]
16,FlyingTextEffect(Clone),"[0.000,0.722,0.000]","[0.000,0.000,0.000]","[0.000,0.000,0.000,1.000]",[],[],[],[]
16,FlyingTextEffect(Clone)/Text,"[0.000,0.722,0.000]","[0.000,0.000,0.000]","[0.000,0.000,0.000,1.000]","[0.000,0.722,0.000]","[0.000,0.000,0.000]",[],[]
16,FlyingTextEffect(Clone),"[0.000,0.722,0.000]","[0.000,0.000,0.000]","[0.000,0.000,0.000,1.000]",[],[],[],[]
16,FlyingTextEffect(Clone)/Text,"[0.000,0.722,0.000]","[0.000,0.000,0.000]","[0.000,0.000,0.000,1.000]","[0.000,0.722,0.000]","[0.000,0.000,0.000]",[],[]
16,FlyingTextEffect(Clone),"[0.000,0.722,0.000]","[0.000,0.000,0.000]","[0.000,0.000,0.000,1.000]",[],[],[],[]
16,FlyingTextEffect(Clone)/Text,"[0.000,0.722,0.000]","[0.000,0.000,0.000]","[0.000,0.000,0.000,1.000]","[0.000,0.722,0.000]","[0.000,0.000,0.000]",[],[]
16,FlyingTextEffect(Clone),"[0.000,0.722,0.000]","[0.000,0.000,0.000]","[0.000,0.000,0.000,1.000]",[],[],[],[]
16,FlyingTextEffect(Clone)/Text,"[0.000,0.722,0.000]","[0.000,0.000,0.000]","[0.000,0.000,0.000,1.000]","[0.000,0.722,0.000]","[0.000,0.000,0.000]",[],[]
16,FlyingTextEffect(Clone),"[0.000,0.722,0.000]","[0.000,0.000,0.000]","[0.000,0.000,0.000,1.000]",[],[],[],[]
16,FlyingTextEffect(Clone)/Text,"[0.000,0.722,0.000]","[0.000,0.000,0.000]","[0.000,0.000,0.000,1.000]","[0.000,0.722,0.000]","[0.000,0.000,0.000]",[],[]
16,FlyingTextEffect(Clone),"[0.000,0.722,0.000]","[0.000,0.000,0.000]","[0.000,0.000,0.000,1.000]",[],[],[],[]
16,FlyingTextEffect(Clone)/Text,"[0.000,0.722,0.000]","[0.000,0.000,0.000]","[0.000,0.000,0.000,1.000]","[0.000,0.722,0.000]","[0.000,0.000,0.000]",[],[]
16,FlyingTextEffect(Clone),"[0.000,0.722,0.000]","[0.000,0.000,0.000]","[0.000,0.000,0.000,1.000]",[],[],[],[]
16,FlyingTextEffect(Clone)/Text,"[0.000,0.722,0.000]","[0.000,0.000,0.000]","[0.000,0.000,0.000,1.000]","[0.000,0.722,0.000]","[0.000,0.000,0.000]",[],[]
16,FlyingTextEffect(Clone),"[0.000,0.722,0.000]","[0.000,0.000,0.000]","[0.000,0.000,0.000,1.000]",[],[],[],[]
16,FlyingTextEffect(Clone)/Text,"[0.000,0.722,0.000]","[0.000,0.000,0.000]","[0.000,0.000,0.000,1.000]","[0.000,0.722,0.000]","[0.000,0.000,0.000]",[],[]
16,FlyingTextEffect(Clone),"[0.000,0.722,0.000]","[0.000,0.000,0.000]","[0.000,0.000,0.000,1.000]",[],[],[],[]
16,FlyingTextEffect(Clone)/Text,"[0.000,0.722,0.000]","[0.000,0.000,0.000]","[0.000,0.000,0.000,1.000]","[0.000,0.722,0.000]","[0.000,0.000,0.000]",[],[]
16,FlyingTextEffect(Clone),"[0.000,0.722,0.000]","[0.000,0.000,0.000]","[0.000,0.000,0.000,1.000]",[],[],[],[]
16,FlyingTextEffect(Clone)/Text,"[0.000,0.722,0.000]","[0.000,0.000,0.000]","[0.000,0.000,0.000,1.000]","[0.000,0.722,0.000]","[0.000,0.000,0.000]",[],[]
16,FlyingTextEffect(Clone),"[0.000,0.722,0.000]","[0.000,0.000,0.000]","[0.000,0.000,0.000,1.000]",[],[],[],[]
16,FlyingTextEffect(Clone)/Text,"[0.000,0.722,0.000]","[0.000,0.000,0.000]","[0.000,0.000,0.000,1.000]","[0.000,0.722,0.000]","[0.000,0.000,0.000]",[],[]
16,FlyingTextEffect(Clone),"[0.000,0.722,0.000]","[0.000,0.000,0.000]","[0.000,0.000,0.000,1.000]",[],[],[],[]
16,BeatLine(Clone)/Light/BoxLight,"[0.000,0.000,0.000]","[0.000,0.000,0.000]","[0.000,0.000,0.000,1.000]","[0.000,0.000,0.000]","[0.020,500.000,0.020]",[],[]
16,BeatLine(Clone)/Light/BakedBloom,"[0.000,0.000,0.000]","[0.000,0.000,0.000]","[0.000,0.000,0.000,1.000]","[0.000,0.000,0.000]","[0.000,0.000,0.000]",[],[]
16,BeatLine(Clone)/Light,"[0.000,0.000,0.000]","[0.000,0.000,0.000]","[0.000,0.000,0.000,1.000]",[],[],[],[]
16,BeatLine(Clone),"[0.000,0.000,0.000]","[0.000,0.000,0.000]","[0.000,0.000,0.000,1.000]",[],[],[],[]
16,BeatLine(Clone)/Light/BoxLight,"[0.000,0.000,0.000]","[0.000,0.000,0.000]","[0.000,0.000,0.000,1.000]","[0.000,0.000,0.000]","[0.020,500.000,0.020]",[],[]
16,BeatLine(Clone)/Light/BakedBloom,"[0.000,0.000,0.000]","[0.000,0.000,0.000]","[0.000,0.000,0.000,1.000]","[0.000,0.000,0.000]","[0.000,0.000,0.000]",[],[]
16,BeatLine(Clone)/Light,"[0.000,0.000,0.000]","[0.000,0.000,0.000]","[0.000,0.000,0.000,1.000]",[],[],[],[]
16,BeatLine(Clone),"[0.000,0.000,0.000]","[0.000,0.000,0.000]","[0.000,0.000,0.000,1.000]",[],[],[],[]
16,BeatLine(Clone)/Light/BoxLight,"[0.000,0.000,0.000]","[0.000,0.000,0.000]","[0.000,0.000,0.000,1.000]","[0.000,0.000,0.000]","[0.020,500.000,0.020]",[],[]
16,BeatLine(Clone)/Light/BakedBloom,"[0.000,0.000,0.000]","[0.000,0.000,0.000]","[0.000,0.000,0.000,1.000]","[0.000,0.000,0.000]","[0.000,0.000,0.000]",[],[]
16,BeatLine(Clone)/Light,"[0.000,0.000,0.000]","[0.000,0.000,0.000]","[0.000,0.000,0.000,1.000]",[],[],[],[]
16,BeatLine(Clone),"[0.000,0.000,0.000]","[0.000,0.000,0.000]","[0.000,0.000,0.000,1.000]",[],[],[],[]
16,BeatLine(Clone)/Light/BoxLight,"[0.000,0.000,0.000]","[0.000,0.000,0.000]","[0.000,0.000,0.000,1.000]","[0.000,0.000,0.000]","[0.020,500.000,0.020]",[],[]
16,BeatLine(Clone)/Light/BakedBloom,"[0.000,0.000,0.000]","[0.000,0.000,0.000]","[0.000,0.000,0.000,1.000]","[0.000,0.000,0.000]","[0.000,0.000,0.000]",[],[]
16,BeatLine(Clone)/Light,"[0.000,0.000,0.000]","[0.000,0.000,0.000]","[0.000,0.000,0.000,1.000]",[],[],[],[]
16,BeatLine(Clone),"[0.000,0.000,0.000]","[0.000,0.000,0.000]","[0.000,0.000,0.000,1.000]",[],[],[],[]
16,BeatLine(Clone)/Light/BoxLight,"[0.000,0.000,0.000]","[0.000,0.000,0.000]","[0.000,0.000,0.000,1.000]","[0.000,0.000,0.000]","[0.020,500.000,0.020]",[],[]
16,BeatLine(Clone)/Light/BakedBloom,"[0.000,0.000,0.000]","[0.000,0.000,0.000]","[0.000,0.000,0.000,1.000]","[0.000,0.000,0.000]","[0.000,0.000,0.000]",[],[]
16,BeatLine(Clone)/Light,"[0.000,0.000,0.000]","[0.000,0.000,0.000]","[0.000,0.000,0.000,1.000]",[],[],[],[]
16,BeatLine(Clone),"[0.000,0.000,0.000]","[0.000,0.000,0.000]","[0.000,0.000,0.000,1.000]",[],[],[],[]
16,BeatLine(Clone)/Light/BoxLight,"[0.000,0.000,0.000]","[0.000,0.000,0.000]","[0.000,0.000,0.000,1.000]","[0.000,0.000,0.000]","[0.020,500.000,0.020]",[],[]
16,BeatLine(Clone)/Light/BakedBloom,"[0.000,0.000,0.000]","[0.000,0.000,0.000]","[0.000,0.000,0.000,1.000]","[0.000,0.000,0.000]","[0.000,0.000,0.000]",[],[]
16,BeatLine(Clone)/Light,"[0.000,0.000,0.000]","[0.000,0.000,0.000]","[0.000,0.000,0.000,1.000]",[],[],[],[]
16,BeatLine(Clone),"[0.000,0.000,0.000]","[0.000,0.000,0.000]","[0.000,0.000,0.000,1.000]",[],[],[],[]
16,BeatLine(Clone)/Light/BoxLight,"[0.000,0.000,0.000]","[0.000,0.000,0.000]","[0.000,0.000,0.000,1.000]","[0.000,0.000,0.000]","[0.020,500.000,0.020]",[],[]
16,BeatLine(Clone)/Light/BakedBloom,"[0.000,0.000,0.000]","[0.000,0.000,0.000]","[0.000,0.000,0.000,1.000]","[0.000,0.000,0.000]","[0.000,0.000,0.000]",[],[]
16,BeatLine(Clone)/Light,"[0.000,0.000,0.000]","[0.000,0.000,0.000]","[0.000,0.000,0.000,1.000]",[],[],[],[]
16,BeatLine(Clone),"[0.000,0.000,0.000]","[0.000,0.000,0.000]","[0.000,0.000,0.000,1.000]",[],[],[],[]
16,BeatLine(Clone)/Light/BoxLight,"[0.000,0.000,0.000]","[0.000,0.000,0.000]","[0.000,0.000,0.000,1.000]","[0.000,0.000,0.000]","[0.020,500.000,0.020]",[],[]
16,BeatLine(Clone)/Light/BakedBloom,"[0.000,0.000,0.000]","[0.000,0.000,0.000]","[0.000,0.000,0.000,1.000]","[0.000,0.000,0.000]","[0.000,0.000,0.000]",[],[]
16,BeatLine(Clone)/Light,"[0.000,0.000,0.000]","[0.000,0.000,0.000]","[0.000,0.000,0.000,1.000]",[],[],[],[]
16,BeatLine(Clone),"[0.000,0.000,0.000]","[0.000,0.000,0.000]","[0.000,0.000,0.000,1.000]",[],[],[],[]
16,BeatLine(Clone)/Light/BoxLight,"[0.000,0.000,0.000]","[0.000,0.000,0.000]","[0.000,0.000,0.000,1.000]","[0.000,0.000,0.000]","[0.020,500.000,0.020]",[],[]
16,BeatLine(Clone)/Light/BakedBloom,"[0.000,0.000,0.000]","[0.000,0.000,0.000]","[0.000,0.000,0.000,1.000]","[0.000,0.000,0.000]","[0.000,0.000,0.000]",[],[]
16,BeatLine(Clone)/Light,"[0.000,0.000,0.000]","[0.000,0.000,0.000]","[0.000,0.000,0.000,1.000]",[],[],[],[]
16,BeatLine(Clone),"[0.000,0.000,0.000]","[0.000,0.000,0.000]","[0.000,0.000,0.000,1.000]",[],[],[],[]
16,BeatLine(Clone)/Light/BoxLight,"[0.000,0.000,0.000]","[0.000,0.000,0.000]","[0.000,0.000,0.000,1.000]","[0.000,0.000,0.000]","[0.020,500.000,0.020]",[],[]
16,BeatLine(Clone)/Light/BakedBloom,"[0.000,0.000,0.000]","[0.000,0.000,0.000]","[0.000,0.000,0.000,1.000]","[0.000,0.000,0.000]","[0.000,0.000,0.000]",[],[]
16,BeatLine(Clone)/Light,"[0.000,0.000,0.000]","[0.000,0.000,0.000]","[0.000,0.000,0.000,1.000]",[],[],[],[]
16,BeatLine(Clone),"[0.000,0.000,0.000]","[0.000,0.000,0.000]","[0.000,0.000,0.000,1.000]",[],[],[],[]
16,BeatLine(Clone)/Light/BoxLight,"[0.000,0.000,0.000]","[0.000,0.000,0.000]","[0.000,0.000,0.000,1.000]","[0.000,0.000,0.000]","[0.020,500.000,0.020]",[],[]
16,BeatLine(Clone)/Light/BakedBloom,"[0.000,0.000,0.000]","[0.000,0.000,0.000]","[0.000,0.000,0.000,1.000]","[0.000,0.000,0.000]","[0.000,0.000,0.000]",[],[]
16,BeatLine(Clone)/Light,"[0.000,0.000,0.000]","[0.000,0.000,0.000]","[0.000,0.000,0.000,1.000]",[],[],[],[]
16,BeatLine(Clone),"[0.000,0.000,0.000]","[0.000,0.000,0.000]","[0.000,0.000,0.000,1.000]",[],[],[],[]
16,BeatLine(Clone)/Light/BoxLight,"[0.000,0.000,0.000]","[0.000,0.000,0.000]","[0.000,0.000,0.000,1.000]","[0.000,0.000,0.000]","[0.020,500.000,0.020]",[],[]
16,BeatLine(Clone)/Light/BakedBloom,"[0.000,0.000,0.000]","[0.000,0.000,0.000]","[0.000,0.000,0.000,1.000]","[0.000,0.000,0.000]","[0.000,0.000,0.000]",[],[]
16,BeatLine(Clone)/Light,"[0.000,0.000,0.000]","[0.000,0.000,0.000]","[0.000,0.000,0.000,1.000]",[],[],[],[]
16,BeatLine(Clone),"[0.000,0.000,0.000]","[0.000,0.000,0.000]","[0.000,0.000,0.000,1.000]",[],[],[],[]
16,BeatLine(Clone)/Light/BoxLight,"[0.000,0.000,0.000]","[0.000,0.000,0.000]","[0.000,0.000,0.000,1.000]","[0.000,0.000,0.000]","[0.020,500.000,0.020]",[],[]
16,BeatLine(Clone)/Light/BakedBloom,"[0.000,0.000,0.000]","[0.000,0.000,0.000]","[0.000,0.000,0.000,1.000]","[0.000,0.000,0.000]","[0.000,0.000,0.000]",[],[]
16,BeatLine(Clone)/Light,"[0.000,0.000,0.000]","[0.000,0.000,0.000]","[0.000,0.000,0.000,1.000]",[],[],[],[]
16,BeatLine(Clone),"[0.000,0.000,0.000]","[0.000,0.000,0.000]","[0.000,0.000,0.000,1.000]",[],[],[],[]
16,BeatLine(Clone)/Light/BoxLight,"[0.000,0.000,0.000]","[0.000,0.000,0.000]","[0.000,0.000,0.000,1.000]","[0.000,0.000,0.000]","[0.020,500.000,0.020]",[],[]
16,BeatLine(Clone)/Light/BakedBloom,"[0.000,0.000,0.000]","[0.000,0.000,0.000]","[0.000,0.000,0.000,1.000]","[0.000,0.000,0.000]","[0.000,0.000,0.000]",[],[]
16,BeatLine(Clone)/Light,"[0.000,0.000,0.000]","[0.000,0.000,0.000]","[0.000,0.000,0.000,1.000]",[],[],[],[]
16,BeatLine(Clone),"[0.000,0.000,0.000]","[0.000,0.000,0.000]","[0.000,0.000,0.000,1.000]",[],[],[],[]
16,BeatLine(Clone)/Light/BoxLight,"[0.000,0.000,0.000]","[0.000,0.000,0.000]","[0.000,0.000,0.000,1.000]","[0.000,0.000,0.000]","[0.020,500.000,0.020]",[],[]
16,BeatLine(Clone)/Light/BakedBloom,"[0.000,0.000,0.000]","[0.000,0.000,0.000]","[0.000,0.000,0.000,1.000]","[0.000,0.000,0.000]","[0.000,0.000,0.000]",[],[]
16,BeatLine(Clone)/Light,"[0.000,0.000,0.000]","[0.000,0.000,0.000]","[0.000,0.000,0.000,1.000]",[],[],[],[]
16,BeatLine(Clone),"[0.000,0.000,0.000]","[0.000,0.000,0.000]","[0.000,0.000,0.000,1.000]",[],[],[],[]
16,BeatLine(Clone)/Light/BoxLight,"[0.000,0.000,0.000]","[0.000,0.000,0.000]","[0.000,0.000,0.000,1.000]","[0.000,0.000,0.000]","[0.020,500.000,0.020]",[],[]
16,BeatLine(Clone)/Light/BakedBloom,"[0.000,0.000,0.000]","[0.000,0.000,0.000]","[0.000,0.000,0.000,1.000]","[0.000,0.000,0.000]","[0.000,0.000,0.000]",[],[]
16,BeatLine(Clone)/Light,"[0.000,0.000,0.000]","[0.000,0.000,0.000]","[0.000,0.000,0.000,1.000]",[],[],[],[]
16,BeatLine(Clone),"[0.000,0.000,0.000]","[0.000,0.000,0.000]","[0.000,0.000,0.000,1.000]",[],[],[],[]
16,ShortSlider(Clone)/Slider_MeshRenderer,"[0.000,0.000,0.000]","[0.000,0.000,0.000]","[0.000,0.000,0.000,1.000]","[0.000,0.000,0.000]","[0.000,0.000,0.000]",[],[]
16,ShortSlider(Clone)/MeshController,"[0.000,0.000,0.000]","[0.000,0.000,0.000]","[0.000,0.000,0.000,1.000]",[],[],[],[]
16,ShortSlider(Clone),"[0.000,0.000,0.000]","[0.000,0.000,0.000]","[0.000,0.000,0.000,1.000]",[],[],[],[]
16,ShortSlider(Clone)/Slider_MeshRenderer,"[0.000,0.000,0.000]","[0.000,0.000,0.000]","[0.000,0.000,0.000,1.000]","[0.000,0.000,0.000]","[0.000,0.000,0.000]",[],[]
16,ShortSlider(Clone)/MeshController,"[0.000,0.000,0.000]","[0.000,0.000,0.000]","[0.000,0.000,0.000,1.000]",[],[],[],[]
16,ShortSlider(Clone),"[0.000,0.000,0.000]","[0.000,0.000,0.000]","[0.000,0.000,0.000,1.000]",[],[],[],[]
16,ShortSlider(Clone)/Slider_MeshRenderer,"[0.000,0.000,0.000]","[0.000,0.000,0.000]","[0.000,0.000,0.000,1.000]","[0.000,0.000,0.000]","[0.000,0.000,0.000]",[],[]
16,ShortSlider(Clone)/MeshController,"[0.000,0.000,0.000]","[0.000,0.000,0.000]","[0.000,0.000,0.000,1.000]",[],[],[],[]
16,ShortSlider(Clone),"[0.000,0.000,0.000]","[0.000,0.000,0.000]","[0.000,0.000,0.000,1.000]",[],[],[],[]
16,ShortSlider(Clone)/Slider_MeshRenderer,"[0.000,0.000,0.000]","[0.000,0.000,0.000]","[0.000,0.000,0.000,1.000]","[0.000,0.000,0.000]","[0.000,0.000,0.000]",[],[]
16,ShortSlider(Clone)/MeshController,"[0.000,0.000,0.000]","[0.000,0.000,0.000]","[0.000,0.000,0.000,1.000]",[],[],[],[]
16,ShortSlider(Clone),"[0.000,0.000,0.000]","[0.000,0.000,0.000]","[0.000,0.000,0.000,1.000]",[],[],[],[]
16,ShortSlider(Clone)/Slider_MeshRenderer,"[0.000,0.000,0.000]","[0.000,0.000,0.000]","[0.000,0.000,0.000,1.000]","[0.000,0.000,0.000]","[0.000,0.000,0.000]",[],[]
16,ShortSlider(Clone)/MeshController,"[0.000,0.000,0.000]","[0.000,0.000,0.000]","[0.000,0.000,0.000,1.000]",[],[],[],[]
16,ShortSlider(Clone),"[0.000,0.000,0.000]","[0.000,0.000,0.000]","[0.000,0.000,0.000,1.000]",[],[],[],[]
16,ShortSlider(Clone)/Slider_MeshRenderer,"[0.000,0.000,0.000]","[0.000,0.000,0.000]","[0.000,0.000,0.000,1.000]","[0.000,0.000,0.000]","[0.000,0.000,0.000]",[],[]
16,ShortSlider(Clone)/MeshController,"[0.000,0.000,0.000]","[0.000,0.000,0.000]","[0.000,0.000,0.000,1.000]",[],[],[],[]
16,ShortSlider(Clone),"[0.000,0.000,0.000]","[0.000,0.000,0.000]","[0.000,0.000,0.000,1.000]",[],[],[],[]
16,ShortSlider(Clone)/Slider_MeshRenderer,"[0.000,0.000,0.000]","[0.000,0.000,0.000]","[0.000,0.000,0.000,1.000]","[0.000,0.000,0.000]","[0.000,0.000,0.000]",[],[]
16,ShortSlider(Clone)/MeshController,"[0.000,0.000,0.000]","[0.000,0.000,0.000]","[0.000,0.000,0.000,1.000]",[],[],[],[]
16,ShortSlider(Clone),"[0.000,0.000,0.000]","[0.000,0.000,0.000]","[0.000,0.000,0.000,1.000]",[],[],[],[]
16,ShortSlider(Clone)/Slider_MeshRenderer,"[0.000,0.000,0.000]","[0.000,0.000,0.000]","[0.000,0.000,0.000,1.000]","[0.000,0.000,0.000]","[0.000,0.000,0.000]",[],[]
16,ShortSlider(Clone)/MeshController,"[0.000,0.000,0.000]","[0.000,0.000,0.000]","[0.000,0.000,0.000,1.000]",[],[],[],[]
16,ShortSlider(Clone),"[0.000,0.000,0.000]","[0.000,0.000,0.000]","[0.000,0.000,0.000,1.000]",[],[],[],[]
16,ShortSlider(Clone)/Slider_MeshRenderer,"[0.000,0.000,0.000]","[0.000,0.000,0.000]","[0.000,0.000,0.000,1.000]","[0.000,0.000,0.000]","[0.000,0.000,0.000]",[],[]
16,ShortSlider(Clone)/MeshController,"[0.000,0.000,0.000]","[0.000,0.000,0.000]","[0.000,0.000,0.000,1.000]",[],[],[],[]
16,ShortSlider(Clone),"[0.000,0.000,0.000]","[0.000,0.000,0.000]","[0.000,0.000,0.000,1.000]",[],[],[],[]
16,LongSlider(Clone)/Slider_MeshRenderer,"[0.000,0.000,0.000]","[0.000,0.000,0.000]","[0.000,0.000,0.000,1.000]","[0.000,0.000,0.000]","[0.000,0.000,0.000]",[],[]
16,LongSlider(Clone)/MeshController,"[0.000,0.000,0.000]","[0.000,0.000,0.000]","[0.000,0.000,0.000,1.000]",[],[],[],[]
16,LongSlider(Clone),"[0.000,0.000,0.000]","[0.000,0.000,0.000]","[0.000,0.000,0.000,1.000]",[],[],[],[]
16,LongSlider(Clone)/Slider_MeshRenderer,"[0.000,0.000,0.000]","[0.000,0.000,0.000]","[0.000,0.000,0.000,1.000]","[0.000,0.000,0.000]","[0.000,0.000,0.000]",[],[]
16,LongSlider(Clone)/MeshController,"[0.000,0.000,0.000]","[0.000,0.000,0.000]","[0.000,0.000,0.000,1.000]",[],[],[],[]
16,LongSlider(Clone),"[0.000,0.000,0.000]","[0.000,0.000,0.000]","[0.000,0.000,0.000,1.000]",[],[],[],[]
16,LongSlider(Clone)/Slider_MeshRenderer,"[0.000,0.000,0.000]","[0.000,0.000,0.000]","[0.000,0.000,0.000,1.000]","[0.000,0.000,0.000]","[0.000,0.000,0.000]",[],[]
16,LongSlider(Clone)/MeshController,"[0.000,0.000,0.000]","[0.000,0.000,0.000]","[0.000,0.000,0.000,1.000]",[],[],[],[]
16,LongSlider(Clone),"[0.000,0.000,0.000]","[0.000,0.000,0.000]","[0.000,0.000,0.000,1.000]",[],[],[],[]
16,LongSlider(Clone)/Slider_MeshRenderer,"[0.000,0.000,0.000]","[0.000,0.000,0.000]","[0.000,0.000,0.000,1.000]","[0.000,0.000,0.000]","[0.000,0.000,0.000]",[],[]
16,LongSlider(Clone)/MeshController,"[0.000,0.000,0.000]","[0.000,0.000,0.000]","[0.000,0.000,0.000,1.000]",[],[],[],[]
16,LongSlider(Clone),"[0.000,0.000,0.000]","[0.000,0.000,0.000]","[0.000,0.000,0.000,1.000]",[],[],[],[]
16,LongSlider(Clone)/Slider_MeshRenderer,"[0.000,0.000,0.000]","[0.000,0.000,0.000]","[0.000,0.000,0.000,1.000]","[0.000,0.000,0.000]","[0.000,0.000,0.000]",[],[]
16,LongSlider(Clone)/MeshController,"[0.000,0.000,0.000]","[0.000,0.000,0.000]","[0.000,0.000,0.000,1.000]",[],[],[],[]
16,LongSlider(Clone),"[0.000,0.000,0.000]","[0.000,0.000,0.000]","[0.000,0.000,0.000,1.000]",[],[],[],[]
16,LongSlider(Clone)/Slider_MeshRenderer,"[0.000,0.000,0.000]","[0.000,0.000,0.000]","[0.000,0.000,0.000,1.000]","[0.000,0.000,0.000]","[0.000,0.000,0.000]",[],[]
16,LongSlider(Clone)/MeshController,"[0.000,0.000,0.000]","[0.000,0.000,0.000]","[0.000,0.000,0.000,1.000]",[],[],[],[]
16,LongSlider(Clone),"[0.000,0.000,0.000]","[0.000,0.000,0.000]","[0.000,0.000,0.000,1.000]",[],[],[],[]
16,LongSlider(Clone)/Slider_MeshRenderer,"[0.000,0.000,0.000]","[0.000,0.000,0.000]","[0.000,0.000,0.000,1.000]","[0.000,0.000,0.000]","[0.000,0.000,0.000]",[],[]
16,LongSlider(Clone)/MeshController,"[0.000,0.000,0.000]","[0.000,0.000,0.000]","[0.000,0.000,0.000,1.000]",[],[],[],[]
16,LongSlider(Clone),"[0.000,0.000,0.000]","[0.000,0.000,0.000]","[0.000,0.000,0.000,1.000]",[],[],[],[]
16,LongSlider(Clone)/Slider_MeshRenderer,"[0.000,0.000,0.000]","[0.000,0.000,0.000]","[0.000,0.000,0.000,1.000]","[0.000,0.000,0.000]","[0.000,0.000,0.000]",[],[]
16,LongSlider(Clone)/MeshController,"[0.000,0.000,0.000]","[0.000,0.000,0.000]","[0.000,0.000,0.000,1.000]",[],[],[],[]
16,LongSlider(Clone),"[0.000,0.000,0.000]","[0.000,0.000,0.000]","[0.000,0.000,0.000,1.000]",[],[],[],[]
16,LongSlider(Clone)/Slider_MeshRenderer,"[0.000,0.000,0.000]","[0.000,0.000,0.000]","[0.000,0.000,0.000,1.000]","[0.000,0.000,0.000]","[0.000,0.000,0.000]",[],[]
16,LongSlider(Clone)/MeshController,"[0.000,0.000,0.000]","[0.000,0.000,0.000]","[0.000,0.000,0.000,1.000]",[],[],[],[]
16,LongSlider(Clone),"[0.000,0.000,0.000]","[0.000,0.000,0.000]","[0.000,0.000,0.000,1.000]",[],[],[],[]
16,LongSlider(Clone)/Slider_MeshRenderer,"[0.000,0.000,0.000]","[0.000,0.000,0.000]","[0.000,0.000,0.000,1.000]","[0.000,0.000,0.000]","[0.000,0.000,0.000]",[],[]
16,LongSlider(Clone)/MeshController,"[0.000,0.000,0.000]","[0.000,0.000,0.000]","[0.000,0.000,0.000,1.000]",[],[],[],[]
16,LongSlider(Clone),"[0.000,0.000,0.000]","[0.000,0.000,0.000]","[0.000,0.000,0.000,1.000]",[],[],[],[]
16,MediumSlider(Clone)/Slider_MeshRenderer,"[0.000,0.000,0.000]","[0.000,0.000,0.000]","[0.000,0.000,0.000,1.000]","[0.000,0.000,0.000]","[0.000,0.000,0.000]",[],[]
16,MediumSlider(Clone)/MeshController,"[0.000,0.000,0.000]","[0.000,0.000,0.000]","[0.000,0.000,0.000,1.000]",[],[],[],[]
16,MediumSlider(Clone),"[0.000,0.000,0.000]","[0.000,0.000,0.000]","[0.000,0.000,0.000,1.000]",[],[],[],[]
16,MediumSlider(Clone)/Slider_MeshRenderer,"[0.000,0.000,0.000]","[0.000,0.000,0.000]","[0.000,0.000,0.000,1.000]","[0.000,0.000,0.000]","[0.000,0.000,0.000]",[],[]
16,MediumSlider(Clone)/MeshController,"[0.000,0.000,0.000]","[0.000,0.000,0.000]","[0.000,0.000,0.000,1.000]",[],[],[],[]
16,MediumSlider(Clone),"[0.000,0.000,0.000]","[0.000,0.000,0.000]","[0.000,0.000,0.000,1.000]",[],[],[],[]
16,MediumSlider(Clone)/Slider_MeshRenderer,"[0.000,0.000,0.000]","[0.000,0.000,0.000]","[0.000,0.000,0.000,1.000]","[0.000,0.000,0.000]","[0.000,0.000,0.000]",[],[]
16,MediumSlider(Clone)/MeshController,"[0.000,0.000,0.000]","[0.000,0.000,0.000]","[0.000,0.000,0.000,1.000]",[],[],[],[]
16,MediumSlider(Clone),"[0.000,0.000,0.000]","[0.000,0.000,0.000]","[0.000,0.000,0.000,1.000]",[],[],[],[]
16,MediumSlider(Clone)/Slider_MeshRenderer,"[0.000,0.000,0.000]","[0.000,0.000,0.000]","[0.000,0.000,0.000,1.000]","[0.000,0.000,0.000]","[0.000,0.000,0.000]",[],[]
16,MediumSlider(Clone)/MeshController,"[0.000,0.000,0.000]","[0.000,0.000,0.000]","[0.000,0.000,0.000,1.000]",[],[],[],[]
16,MediumSlider(Clone),"[0.000,0.000,0.000]","[0.000,0.000,0.000]","[0.000,0.000,0.000,1.000]",[],[],[],[]
16,MediumSlider(Clone)/Slider_MeshRenderer,"[0.000,0.000,0.000]","[0.000,0.000,0.000]","[0.000,0.000,0.000,1.000]","[0.000,0.000,0.000]","[0.000,0.000,0.000]",[],[]
16,MediumSlider(Clone)/MeshController,"[0.000,0.000,0.000]","[0.000,0.000,0.000]","[0.000,0.000,0.000,1.000]",[],[],[],[]
16,MediumSlider(Clone),"[0.000,0.000,0.000]","[0.000,0.000,0.000]","[0.000,0.000,0.000,1.000]",[],[],[],[]
16,MediumSlider(Clone)/Slider_MeshRenderer,"[0.000,0.000,0.000]","[0.000,0.000,0.000]","[0.000,0.000,0.000,1.000]","[0.000,0.000,0.000]","[0.000,0.000,0.000]",[],[]
16,MediumSlider(Clone)/MeshController,"[0.000,0.000,0.000]","[0.000,0.000,0.000]","[0.000,0.000,0.000,1.000]",[],[],[],[]
16,MediumSlider(Clone),"[0.000,0.000,0.000]","[0.000,0.000,0.000]","[0.000,0.000,0.000,1.000]",[],[],[],[]
16,MediumSlider(Clone)/Slider_MeshRenderer,"[0.000,0.000,0.000]","[0.000,0.000,0.000]","[0.000,0.000,0.000,1.000]","[0.000,0.000,0.000]","[0.000,0.000,0.000]",[],[]
16,MediumSlider(Clone)/MeshController,"[0.000,0.000,0.000]","[0.000,0.000,0.000]","[0.000,0.000,0.000,1.000]",[],[],[],[]
16,MediumSlider(Clone),"[0.000,0.000,0.000]","[0.000,0.000,0.000]","[0.000,0.000,0.000,1.000]",[],[],[],[]
16,MediumSlider(Clone)/Slider_MeshRenderer,"[0.000,0.000,0.000]","[0.000,0.000,0.000]","[0.000,0.000,0.000,1.000]","[0.000,0.000,0.000]","[0.000,0.000,0.000]",[],[]
16,MediumSlider(Clone)/MeshController,"[0.000,0.000,0.000]","[0.000,0.000,0.000]","[0.000,0.000,0.000,1.000]",[],[],[],[]
16,MediumSlider(Clone),"[0.000,0.000,0.000]","[0.000,0.000,0.000]","[0.000,0.000,0.000,1.000]",[],[],[],[]
16,MediumSlider(Clone)/Slider_MeshRenderer,"[0.000,0.000,0.000]","[0.000,0.000,0.000]","[0.000,0.000,0.000,1.000]","[0.000,0.000,0.000]","[0.000,0.000,0.000]",[],[]
16,MediumSlider(Clone)/MeshController,"[0.000,0.000,0.000]","[0.000,0.000,0.000]","[0.000,0.000,0.000,1.000]",[],[],[],[]
16,MediumSlider(Clone),"[0.000,0.000,0.000]","[0.000,0.000,0.000]","[0.000,0.000,0.000,1.000]",[],[],[],[]
16,MediumSlider(Clone)/Slider_MeshRenderer,"[0.000,0.000,0.000]","[0.000,0.000,0.000]","[0.000,0.000,0.000,1.000]","[0.000,0.000,0.000]","[0.000,0.000,0.000]",[],[]
16,MediumSlider(Clone)/MeshController,"[0.000,0.000,0.000]","[0.000,0.000,0.000]","[0.000,0.000,0.000,1.000]",[],[],[],[]
16,MediumSlider(Clone),"[0.000,0.000,0.000]","[0.000,0.000,0.000]","[0.000,0.000,0.000,1.000]",[],[],[],[]
16,BurstSliderNote(Clone)/NoteCube/Circle,"[0.000,1.000,-0.248]","[0.000,0.000,0.000]","[0.000,0.000,0.000,1.000]","[0.000,1.000,-0.248]","[0.100,0.100,0.000]",[],[]
16,BurstSliderNote(Clone)/NoteCube/SmallCuttable,"[0.000,1.000,0.000]","[0.000,0.000,0.000]","[0.000,0.000,0.000,1.000]",[],[],"[0.000,1.000,0.000]","[0.000,0.000,0.000]"
16,BurstSliderNote(Clone)/NoteCube/BigCuttable,"[0.000,1.000,0.000]","[0.000,0.000,0.000]","[0.000,0.000,0.000,1.000]",[],[],"[0.000,1.000,0.000]","[0.000,0.000,0.000]"
16,BurstSliderNote(Clone)/NoteCube,"[0.000,1.000,0.000]","[0.000,0.000,0.000]","[0.000,0.000,0.000,1.000]","[0.000,1.000,0.000]","[0.495,0.080,0.495]",[],[]
16,BurstSliderNote(Clone),"[0.000,1.000,0.000]","[90.000,0.000,0.000]","[0.707,0.000,0.000,0.707]",[],[],[],[]
16,BurstSliderNote(Clone)/NoteCube/Circle,"[0.000,1.000,-0.248]","[0.000,0.000,0.000]","[0.000,0.000,0.000,1.000]","[0.000,1.000,-0.248]","[0.100,0.100,0.000]",[],[]
16,BurstSliderNote(Clone)/NoteCube/SmallCuttable,"[0.000,1.000,0.000]","[0.000,0.000,0.000]","[0.000,0.000,0.000,1.000]",[],[],"[0.000,1.000,0.000]","[0.000,0.000,0.000]"
16,BurstSliderNote(Clone)/NoteCube/BigCuttable,"[0.000,1.000,0.000]","[0.000,0.000,0.000]","[0.000,0.000,0.000,1.000]",[],[],"[0.000,1.000,0.000]","[0.000,0.000,0.000]"
16,BurstSliderNote(Clone)/NoteCube,"[0.000,1.000,0.000]","[0.000,0.000,0.000]","[0.000,0.000,0.000,1.000]","[0.000,1.000,0.000]","[0.495,0.080,0.495]",[],[]
16,BurstSliderNote(Clone),"[0.000,1.000,0.000]","[90.000,0.000,0.000]","[0.707,0.000,0.000,0.707]",[],[],[],[]
16,BurstSliderNote(Clone)/NoteCube/Circle,"[0.000,1.000,-0.248]","[0.000,0.000,0.000]","[0.000,0.000,0.000,1.000]","[0.000,1.000,-0.248]","[0.100,0.100,0.000]",[],[]
16,BurstSliderNote(Clone)/NoteCube/SmallCuttable,"[0.000,1.000,0.000]","[0.000,0.000,0.000]","[0.000,0.000,0.000,1.000]",[],[],"[0.000,1.000,0.000]","[0.000,0.000,0.000]"
16,BurstSliderNote(Clone)/NoteCube/BigCuttable,"[0.000,1.000,0.000]","[0.000,0.000,0.000]","[0.000,0.000,0.000,1.000]",[],[],"[0.000,1.000,0.000]","[0.000,0.000,0.000]"
16,BurstSliderNote(Clone)/NoteCube,"[0.000,1.000,0.000]","[0.000,0.000,0.000]","[0.000,0.000,0.000,1.000]","[0.000,1.000,0.000]","[0.495,0.080,0.495]",[],[]
16,BurstSliderNote(Clone),"[0.000,1.000,0.000]","[90.000,0.000,0.000]","[0.707,0.000,0.000,0.707]",[],[],[],[]
16,BurstSliderNote(Clone)/NoteCube/Circle,"[0.000,1.000,-0.248]","[0.000,0.000,0.000]","[0.000,0.000,0.000,1.000]","[0.000,1.000,-0.248]","[0.100,0.100,0.000]",[],[]
16,BurstSliderNote(Clone)/NoteCube/SmallCuttable,"[0.000,1.000,0.000]","[0.000,0.000,0.000]","[0.000,0.000,0.000,1.000]",[],[],"[0.000,1.000,0.000]","[0.000,0.000,0.000]"
16,BurstSliderNote(Clone)/NoteCube/BigCuttable,"[0.000,1.000,0.000]","[0.000,0.000,0.000]","[0.000,0.000,0.000,1.000]",[],[],"[0.000,1.000,0.000]","[0.000,0.000,0.000]"
16,BurstSliderNote(Clone)/NoteCube,"[0.000,1.000,0.000]","[0.000,0.000,0.000]","[0.000,0.000,0.000,1.000]","[0.000,1.000,0.000]","[0.495,0.080,0.495]",[],[]
16,BurstSliderNote(Clone),"[0.000,1.000,0.000]","[90.000,0.000,0.000]","[0.707,0.000,0.000,0.707]",[],[],[],[]
16,BurstSliderNote(Clone)/NoteCube/Circle,"[0.000,1.000,-0.248]","[0.000,0.000,0.000]","[0.000,0.000,0.000,1.000]","[0.000,1.000,-0.248]","[0.100,0.100,0.000]",[],[]
16,BurstSliderNote(Clone)/NoteCube/SmallCuttable,"[0.000,1.000,0.000]","[0.000,0.000,0.000]","[0.000,0.000,0.000,1.000]",[],[],"[0.000,1.000,0.000]","[0.000,0.000,0.000]"
16,BurstSliderNote(Clone)/NoteCube/BigCuttable,"[0.000,1.000,0.000]","[0.000,0.000,0.000]","[0.000,0.000,0.000,1.000]",[],[],"[0.000,1.000,0.000]","[0.000,0.000,0.000]"
16,BurstSliderNote(Clone)/NoteCube,"[0.000,1.000,0.000]","[0.000,0.000,0.000]","[0.000,0.000,0.000,1.000]","[0.000,1.000,0.000]","[0.495,0.080,0.495]",[],[]
16,BurstSliderNote(Clone),"[0.000,1.000,0.000]","[90.000,0.000,0.000]","[0.707,0.000,0.000,0.707]",[],[],[],[]
16,BurstSliderNote(Clone)/NoteCube/Circle,"[0.000,1.000,-0.248]","[0.000,0.000,0.000]","[0.000,0.000,0.000,1.000]","[0.000,1.000,-0.248]","[0.100,0.100,0.000]",[],[]
16,BurstSliderNote(Clone)/NoteCube/SmallCuttable,"[0.000,1.000,0.000]","[0.000,0.000,0.000]","[0.000,0.000,0.000,1.000]",[],[],"[0.000,1.000,0.000]","[0.000,0.000,0.000]"
16,BurstSliderNote(Clone)/NoteCube/BigCuttable,"[0.000,1.000,0.000]","[0.000,0.000,0.000]","[0.000,0.000,0.000,1.000]",[],[],"[0.000,1.000,0.000]","[0.000,0.000,0.000]"
16,BurstSliderNote(Clone)/NoteCube,"[0.000,1.000,0.000]","[0.000,0.000,0.000]","[0.000,0.000,0.000,1.000]","[0.000,1.000,0.000]","[0.495,0.080,0.495]",[],[]
16,BurstSliderNote(Clone),"[0.000,1.000,0.000]","[90.000,0.000,0.000]","[0.707,0.000,0.000,0.707]",[],[],[],[]
16,BurstSliderNote(Clone)/NoteCube/Circle,"[0.000,1.000,-0.248]","[0.000,0.000,0.000]","[0.000,0.000,0.000,1.000]","[0.000,1.000,-0.248]","[0.100,0.100,0.000]",[],[]
16,BurstSliderNote(Clone)/NoteCube/SmallCuttable,"[0.000,1.000,0.000]","[0.000,0.000,0.000]","[0.000,0.000,0.000,1.000]",[],[],"[0.000,1.000,0.000]","[0.000,0.000,0.000]"
16,BurstSliderNote(Clone)/NoteCube/BigCuttable,"[0.000,1.000,0.000]","[0.000,0.000,0.000]","[0.000,0.000,0.000,1.000]",[],[],"[0.000,1.000,0.000]","[0.000,0.000,0.000]"
16,BurstSliderNote(Clone)/NoteCube,"[0.000,1.000,0.000]","[0.000,0.000,0.000]","[0.000,0.000,0.000,1.000]","[0.000,1.000,0.000]","[0.495,0.080,0.495]",[],[]
16,BurstSliderNote(Clone),"[0.000,1.000,0.000]","[90.000,0.000,0.000]","[0.707,0.000,0.000,0.707]",[],[],[],[]
16,BurstSliderNote(Clone)/NoteCube/Circle,"[0.000,1.000,-0.248]","[0.000,0.000,0.000]","[0.000,0.000,0.000,1.000]","[0.000,1.000,-0.248]","[0.100,0.100,0.000]",[],[]
16,BurstSliderNote(Clone)/NoteCube/SmallCuttable,"[0.000,1.000,0.000]","[0.000,0.000,0.000]","[0.000,0.000,0.000,1.000]",[],[],"[0.000,1.000,0.000]","[0.000,0.000,0.000]"
16,BurstSliderNote(Clone)/NoteCube/BigCuttable,"[0.000,1.000,0.000]","[0.000,0.000,0.000]","[0.000,0.000,0.000,1.000]",[],[],"[0.000,1.000,0.000]","[0.000,0.000,0.000]"
16,BurstSliderNote(Clone)/NoteCube,"[0.000,1.000,0.000]","[0.000,0.000,0.000]","[0.000,0.000,0.000,1.000]","[0.000,1.000,0.000]","[0.495,0.080,0.495]",[],[]
16,BurstSliderNote(Clone),"[0.000,1.000,0.000]","[90.000,0.000,0.000]","[0.707,0.000,0.000,0.707]",[],[],[],[]
16,BurstSliderNote(Clone)/NoteCube/Circle,"[0.000,1.000,-0.248]","[0.000,0.000,0.000]","[0.000,0.000,0.000,1.000]","[0.000,1.000,-0.248]","[0.100,0.100,0.000]",[],[]
16,BurstSliderNote(Clone)/NoteCube/SmallCuttable,"[0.000,1.000,0.000]","[0.000,0.000,0.000]","[0.000,0.000,0.000,1.000]",[],[],"[0.000,1.000,0.000]","[0.000,0.000,0.000]"
16,BurstSliderNote(Clone)/NoteCube/BigCuttable,"[0.000,1.000,0.000]","[0.000,0.000,0.000]","[0.000,0.000,0.000,1.000]",[],[],"[0.000,1.000,0.000]","[0.000,0.000,0.000]"
16,BurstSliderNote(Clone)/NoteCube,"[0.000,1.000,0.000]","[0.000,0.000,0.000]","[0.000,0.000,0.000,1.000]","[0.000,1.000,0.000]","[0.495,0.080,0.495]",[],[]
16,BurstSliderNote(Clone),"[0.000,1.000,0.000]","[90.000,0.000,0.000]","[0.707,0.000,0.000,0.707]",[],[],[],[]
16,BurstSliderNote(Clone)/NoteCube/Circle,"[0.000,1.000,-0.248]","[0.000,0.000,0.000]","[0.000,0.000,0.000,1.000]","[0.000,1.000,-0.248]","[0.100,0.100,0.000]",[],[]
16,BurstSliderNote(Clone)/NoteCube/SmallCuttable,"[0.000,1.000,0.000]","[0.000,0.000,0.000]","[0.000,0.000,0.000,1.000]",[],[],"[0.000,1.000,0.000]","[0.000,0.000,0.000]"
16,BurstSliderNote(Clone)/NoteCube/BigCuttable,"[0.000,1.000,0.000]","[0.000,0.000,0.000]","[0.000,0.000,0.000,1.000]",[],[],"[0.000,1.000,0.000]","[0.000,0.000,0.000]"
16,BurstSliderNote(Clone)/NoteCube,"[0.000,1.000,0.000]","[0.000,0.000,0.000]","[0.000,0.000,0.000,1.000]","[0.000,1.000,0.000]","[0.495,0.080,0.495]",[],[]
16,BurstSliderNote(Clone),"[0.000,1.000,0.000]","[90.000,0.000,0.000]","[0.707,0.000,0.000,0.707]",[],[],[],[]
16,BurstSliderNote(Clone)/NoteCube/Circle,"[0.000,1.000,-0.248]","[0.000,0.000,0.000]","[0.000,0.000,0.000,1.000]","[0.000,1.000,-0.248]","[0.100,0.100,0.000]",[],[]
16,BurstSliderNote(Clone)/NoteCube/SmallCuttable,"[0.000,1.000,0.000]","[0.000,0.000,0.000]","[0.000,0.000,0.000,1.000]",[],[],"[0.000,1.000,0.000]","[0.000,0.000,0.000]"
16,BurstSliderNote(Clone)/NoteCube/BigCuttable,"[0.000,1.000,0.000]","[0.000,0.000,0.000]","[0.000,0.000,0.000,1.000]",[],[],"[0.000,1.000,0.000]","[0.000,0.000,0.000]"
16,BurstSliderNote(Clone)/NoteCube,"[0.000,1.000,0.000]","[0.000,0.000,0.000]","[0.000,0.000,0.000,1.000]","[0.000,1.000,0.000]","[0.495,0.080,0.495]",[],[]
16,BurstSliderNote(Clone),"[0.000,1.000,0.000]","[90.000,0.000,0.000]","[0.707,0.000,0.000,0.707]",[],[],[],[]
16,BurstSliderNote(Clone)/NoteCube/Circle,"[0.000,1.000,-0.248]","[0.000,0.000,0.000]","[0.000,0.000,0.000,1.000]","[0.000,1.000,-0.248]","[0.100,0.100,0.000]",[],[]
16,BurstSliderNote(Clone)/NoteCube/SmallCuttable,"[0.000,1.000,0.000]","[0.000,0.000,0.000]","[0.000,0.000,0.000,1.000]",[],[],"[0.000,1.000,0.000]","[0.000,0.000,0.000]"
16,BurstSliderNote(Clone)/NoteCube/BigCuttable,"[0.000,1.000,0.000]","[0.000,0.000,0.000]","[0.000,0.000,0.000,1.000]",[],[],"[0.000,1.000,0.000]","[0.000,0.000,0.000]"
16,BurstSliderNote(Clone)/NoteCube,"[0.000,1.000,0.000]","[0.000,0.000,0.000]","[0.000,0.000,0.000,1.000]","[0.000,1.000,0.000]","[0.495,0.080,0.495]",[],[]
16,BurstSliderNote(Clone),"[0.000,1.000,0.000]","[90.000,0.000,0.000]","[0.707,0.000,0.000,0.707]",[],[],[],[]
16,BurstSliderNote(Clone)/NoteCube/Circle,"[0.000,1.000,-0.248]","[0.000,0.000,0.000]","[0.000,0.000,0.000,1.000]","[0.000,1.000,-0.248]","[0.100,0.100,0.000]",[],[]
16,BurstSliderNote(Clone)/NoteCube/SmallCuttable,"[0.000,1.000,0.000]","[0.000,0.000,0.000]","[0.000,0.000,0.000,1.000]",[],[],"[0.000,1.000,0.000]","[0.000,0.000,0.000]"
16,BurstSliderNote(Clone)/NoteCube/BigCuttable,"[0.000,1.000,0.000]","[0.000,0.000,0.000]","[0.000,0.000,0.000,1.000]",[],[],"[0.000,1.000,0.000]","[0.000,0.000,0.000]"
16,BurstSliderNote(Clone)/NoteCube,"[0.000,1.000,0.000]","[0.000,0.000,0.000]","[0.000,0.000,0.000,1.000]","[0.000,1.000,0.000]","[0.495,0.080,0.495]",[],[]
16,BurstSliderNote(Clone),"[0.000,1.000,0.000]","[90.000,0.000,0.000]","[0.707,0.000,0.000,0.707]",[],[],[],[]
16,BurstSliderNote(Clone)/NoteCube/Circle,"[0.000,1.000,-0.248]","[0.000,0.000,0.000]","[0.000,0.000,0.000,1.000]","[0.000,1.000,-0.248]","[0.100,0.100,0.000]",[],[]
16,BurstSliderNote(Clone)/NoteCube/SmallCuttable,"[0.000,1.000,0.000]","[0.000,0.000,0.000]","[0.000,0.000,0.000,1.000]",[],[],"[0.000,1.000,0.000]","[0.000,0.000,0.000]"
16,BurstSliderNote(Clone)/NoteCube/BigCuttable,"[0.000,1.000,0.000]","[0.000,0.000,0.000]","[0.000,0.000,0.000,1.000]",[],[],"[0.000,1.000,0.000]","[0.000,0.000,0.000]"
16,BurstSliderNote(Clone)/NoteCube,"[0.000,1.000,0.000]","[0.000,0.000,0.000]","[0.000,0.000,0.000,1.000]","[0.000,1.000,0.000]","[0.495,0.080,0.495]",[],[]
16,BurstSliderNote(Clone),"[0.000,1.000,0.000]","[90.000,0.000,0.000]","[0.707,0.000,0.000,0.707]",[],[],[],[]
16,BurstSliderNote(Clone)/NoteCube/Circle,"[0.000,1.000,-0.248]","[0.000,0.000,0.000]","[0.000,0.000,0.000,1.000]","[0.000,1.000,-0.248]","[0.100,0.100,0.000]",[],[]
16,BurstSliderNote(Clone)/NoteCube/SmallCuttable,"[0.000,1.000,0.000]","[0.000,0.000,0.000]","[0.000,0.000,0.000,1.000]",[],[],"[0.000,1.000,0.000]","[0.000,0.000,0.000]"
16,BurstSliderNote(Clone)/NoteCube/BigCuttable,"[0.000,1.000,0.000]","[0.000,0.000,0.000]","[0.000,0.000,0.000,1.000]",[],[],"[0.000,1.000,0.000]","[0.000,0.000,0.000]"
16,BurstSliderNote(Clone)/NoteCube,"[0.000,1.000,0.000]","[0.000,0.000,0.000]","[0.000,0.000,0.000,1.000]","[0.000,1.000,0.000]","[0.495,0.080,0.495]",[],[]
16,BurstSliderNote(Clone),"[0.000,1.000,0.000]","[90.000,0.000,0.000]","[0.707,0.000,0.000,0.707]",[],[],[],[]
16,BurstSliderNote(Clone)/NoteCube/Circle,"[0.000,1.000,-0.248]","[0.000,0.000,0.000]","[0.000,0.000,0.000,1.000]","[0.000,1.000,-0.248]","[0.100,0.100,0.000]",[],[]
16,BurstSliderNote(Clone)/NoteCube/SmallCuttable,"[0.000,1.000,0.000]","[0.000,0.000,0.000]","[0.000,0.000,0.000,1.000]",[],[],"[0.000,1.000,0.000]","[0.000,0.000,0.000]"
16,BurstSliderNote(Clone)/NoteCube/BigCuttable,"[0.000,1.000,0.000]","[0.000,0.000,0.000]","[0.000,0.000,0.000,1.000]",[],[],"[0.000,1.000,0.000]","[0.000,0.000,0.000]"
16,BurstSliderNote(Clone)/NoteCube,"[0.000,1.000,0.000]","[0.000,0.000,0.000]","[0.000,0.000,0.000,1.000]","[0.000,1.000,0.000]","[0.495,0.080,0.495]",[],[]
16,BurstSliderNote(Clone),"[0.000,1.000,0.000]","[90.000,0.000,0.000]","[0.707,0.000,0.000,0.707]",[],[],[],[]
16,BurstSliderNote(Clone)/NoteCube/Circle,"[0.000,1.000,-0.248]","[0.000,0.000,0.000]","[0.000,0.000,0.000,1.000]","[0.000,1.000,-0.248]","[0.100,0.100,0.000]",[],[]
16,BurstSliderNote(Clone)/NoteCube/SmallCuttable,"[0.000,1.000,0.000]","[0.000,0.000,0.000]","[0.000,0.000,0.000,1.000]",[],[],"[0.000,1.000,0.000]","[0.000,0.000,0.000]"
16,BurstSliderNote(Clone)/NoteCube/BigCuttable,"[0.000,1.000,0.000]","[0.000,0.000,0.000]","[0.000,0.000,0.000,1.000]",[],[],"[0.000,1.000,0.000]","[0.000,0.000,0.000]"
16,BurstSliderNote(Clone)/NoteCube,"[0.000,1.000,0.000]","[0.000,0.000,0.000]","[0.000,0.000,0.000,1.000]","[0.000,1.000,0.000]","[0.495,0.080,0.495]",[],[]
16,BurstSliderNote(Clone),"[0.000,1.000,0.000]","[90.000,0.000,0.000]","[0.707,0.000,0.000,0.707]",[],[],[],[]
16,BurstSliderNote(Clone)/NoteCube/Circle,"[0.000,1.000,-0.248]","[0.000,0.000,0.000]","[0.000,0.000,0.000,1.000]","[0.000,1.000,-0.248]","[0.100,0.100,0.000]",[],[]
16,BurstSliderNote(Clone)/NoteCube/SmallCuttable,"[0.000,1.000,0.000]","[0.000,0.000,0.000]","[0.000,0.000,0.000,1.000]",[],[],"[0.000,1.000,0.000]","[0.000,0.000,0.000]"
16,BurstSliderNote(Clone)/NoteCube/BigCuttable,"[0.000,1.000,0.000]","[0.000,0.000,0.000]","[0.000,0.000,0.000,1.000]",[],[],"[0.000,1.000,0.000]","[0.000,0.000,0.000]"
16,BurstSliderNote(Clone)/NoteCube,"[0.000,1.000,0.000]","[0.000,0.000,0.000]","[0.000,0.000,0.000,1.000]","[0.000,1.000,0.000]","[0.495,0.080,0.495]",[],[]
16,BurstSliderNote(Clone),"[0.000,1.000,0.000]","[90.000,0.000,0.000]","[0.707,0.000,0.000,0.707]",[],[],[],[]
16,BurstSliderNote(Clone)/NoteCube/Circle,"[0.000,1.000,-0.248]","[0.000,0.000,0.000]","[0.000,0.000,0.000,1.000]","[0.000,1.000,-0.248]","[0.100,0.100,0.000]",[],[]
16,BurstSliderNote(Clone)/NoteCube/SmallCuttable,"[0.000,1.000,0.000]","[0.000,0.000,0.000]","[0.000,0.000,0.000,1.000]",[],[],"[0.000,1.000,0.000]","[0.000,0.000,0.000]"
16,BurstSliderNote(Clone)/NoteCube/BigCuttable,"[0.000,1.000,0.000]","[0.000,0.000,0.000]","[0.000,0.000,0.000,1.000]",[],[],"[0.000,1.000,0.000]","[0.000,0.000,0.000]"
16,BurstSliderNote(Clone)/NoteCube,"[0.000,1.000,0.000]","[0.000,0.000,0.000]","[0.000,0.000,0.000,1.000]","[0.000,1.000,0.000]","[0.495,0.080,0.495]",[],[]
16,BurstSliderNote(Clone),"[0.000,1.000,0.000]","[90.000,0.000,0.000]","[0.707,0.000,0.000,0.707]",[],[],[],[]
16,BurstSliderNote(Clone)/NoteCube/Circle,"[0.000,1.000,-0.248]","[0.000,0.000,0.000]","[0.000,0.000,0.000,1.000]","[0.000,1.000,-0.248]","[0.100,0.100,0.000]",[],[]
16,BurstSliderNote(Clone)/NoteCube/SmallCuttable,"[0.000,1.000,0.000]","[0.000,0.000,0.000]","[0.000,0.000,0.000,1.000]",[],[],"[0.000,1.000,0.000]","[0.000,0.000,0.000]"
16,BurstSliderNote(Clone)/NoteCube/BigCuttable,"[0.000,1.000,0.000]","[0.000,0.000,0.000]","[0.000,0.000,0.000,1.000]",[],[],"[0.000,1.000,0.000]","[0.000,0.000,0.000]"
16,BurstSliderNote(Clone)/NoteCube,"[0.000,1.000,0.000]","[0.000,0.000,0.000]","[0.000,0.000,0.000,1.000]","[0.000,1.000,0.000]","[0.495,0.080,0.495]",[],[]
16,BurstSliderNote(Clone),"[0.000,1.000,0.000]","[90.000,0.000,0.000]","[0.707,0.000,0.000,0.707]",[],[],[],[]
16,BurstSliderNote(Clone)/NoteCube/Circle,"[0.000,1.000,-0.248]","[0.000,0.000,0.000]","[0.000,0.000,0.000,1.000]","[0.000,1.000,-0.248]","[0.100,0.100,0.000]",[],[]
16,BurstSliderNote(Clone)/NoteCube/SmallCuttable,"[0.000,1.000,0.000]","[0.000,0.000,0.000]","[0.000,0.000,0.000,1.000]",[],[],"[0.000,1.000,0.000]","[0.000,0.000,0.000]"
16,BurstSliderNote(Clone)/NoteCube/BigCuttable,"[0.000,1.000,0.000]","[0.000,0.000,0.000]","[0.000,0.000,0.000,1.000]",[],[],"[0.000,1.000,0.000]","[0.000,0.000,0.000]"
16,BurstSliderNote(Clone)/NoteCube,"[0.000,1.000,0.000]","[0.000,0.000,0.000]","[0.000,0.000,0.000,1.000]","[0.000,1.000,0.000]","[0.495,0.080,0.495]",[],[]
16,BurstSliderNote(Clone),"[0.000,1.000,0.000]","[90.000,0.000,0.000]","[0.707,0.000,0.000,0.707]",[],[],[],[]
16,BurstSliderNote(Clone)/NoteCube/Circle,"[0.000,1.000,-0.248]","[0.000,0.000,0.000]","[0.000,0.000,0.000,1.000]","[0.000,1.000,-0.248]","[0.100,0.100,0.000]",[],[]
16,BurstSliderNote(Clone)/NoteCube/SmallCuttable,"[0.000,1.000,0.000]","[0.000,0.000,0.000]","[0.000,0.000,0.000,1.000]",[],[],"[0.000,1.000,0.000]","[0.000,0.000,0.000]"
16,BurstSliderNote(Clone)/NoteCube/BigCuttable,"[0.000,1.000,0.000]","[0.000,0.000,0.000]","[0.000,0.000,0.000,1.000]",[],[],"[0.000,1.000,0.000]","[0.000,0.000,0.000]"
16,BurstSliderNote(Clone)/NoteCube,"[0.000,1.000,0.000]","[0.000,0.000,0.000]","[0.000,0.000,0.000,1.000]","[0.000,1.000,0.000]","[0.495,0.080,0.495]",[],[]
16,BurstSliderNote(Clone),"[0.000,1.000,0.000]","[90.000,0.000,0.000]","[0.707,0.000,0.000,0.707]",[],[],[],[]
16,BurstSliderNote(Clone)/NoteCube/Circle,"[0.000,1.000,-0.248]","[0.000,0.000,0.000]","[0.000,0.000,0.000,1.000]","[0.000,1.000,-0.248]","[0.100,0.100,0.000]",[],[]
16,BurstSliderNote(Clone)/NoteCube/SmallCuttable,"[0.000,1.000,0.000]","[0.000,0.000,0.000]","[0.000,0.000,0.000,1.000]",[],[],"[0.000,1.000,0.000]","[0.000,0.000,0.000]"
16,BurstSliderNote(Clone)/NoteCube/BigCuttable,"[0.000,1.000,0.000]","[0.000,0.000,0.000]","[0.000,0.000,0.000,1.000]",[],[],"[0.000,1.000,0.000]","[0.000,0.000,0.000]"
16,BurstSliderNote(Clone)/NoteCube,"[0.000,1.000,0.000]","[0.000,0.000,0.000]","[0.000,0.000,0.000,1.000]","[0.000,1.000,0.000]","[0.495,0.080,0.495]",[],[]
16,BurstSliderNote(Clone),"[0.000,1.000,0.000]","[90.000,0.000,0.000]","[0.707,0.000,0.000,0.707]",[],[],[],[]
16,BurstSliderNote(Clone)/NoteCube/Circle,"[0.000,1.000,-0.248]","[0.000,0.000,0.000]","[0.000,0.000,0.000,1.000]","[0.000,1.000,-0.248]","[0.100,0.100,0.000]",[],[]
16,BurstSliderNote(Clone)/NoteCube/SmallCuttable,"[0.000,1.000,0.000]","[0.000,0.000,0.000]","[0.000,0.000,0.000,1.000]",[],[],"[0.000,1.000,0.000]","[0.000,0.000,0.000]"
16,BurstSliderNote(Clone)/NoteCube/BigCuttable,"[0.000,1.000,0.000]","[0.000,0.000,0.000]","[0.000,0.000,0.000,1.000]",[],[],"[0.000,1.000,0.000]","[0.000,0.000,0.000]"
16,BurstSliderNote(Clone)/NoteCube,"[0.000,1.000,0.000]","[0.000,0.000,0.000]","[0.000,0.000,0.000,1.000]","[0.000,1.000,0.000]","[0.495,0.080,0.495]",[],[]
16,BurstSliderNote(Clone),"[0.000,1.000,0.000]","[90.000,0.000,0.000]","[0.707,0.000,0.000,0.707]",[],[],[],[]
16,BurstSliderNote(Clone)/NoteCube/Circle,"[0.000,1.000,-0.248]","[0.000,0.000,0.000]","[0.000,0.000,0.000,1.000]","[0.000,1.000,-0.248]","[0.100,0.100,0.000]",[],[]
16,BurstSliderNote(Clone)/NoteCube/SmallCuttable,"[0.000,1.000,0.000]","[0.000,0.000,0.000]","[0.000,0.000,0.000,1.000]",[],[],"[0.000,1.000,0.000]","[0.000,0.000,0.000]"
16,BurstSliderNote(Clone)/NoteCube/BigCuttable,"[0.000,1.000,0.000]","[0.000,0.000,0.000]","[0.000,0.000,0.000,1.000]",[],[],"[0.000,1.000,0.000]","[0.000,0.000,0.000]"
16,BurstSliderNote(Clone)/NoteCube,"[0.000,1.000,0.000]","[0.000,0.000,0.000]","[0.000,0.000,0.000,1.000]","[0.000,1.000,0.000]","[0.495,0.080,0.495]",[],[]
16,BurstSliderNote(Clone),"[0.000,1.000,0.000]","[90.000,0.000,0.000]","[0.707,0.000,0.000,0.707]",[],[],[],[]
16,BurstSliderNote(Clone)/NoteCube/Circle,"[0.000,1.000,-0.248]","[0.000,0.000,0.000]","[0.000,0.000,0.000,1.000]","[0.000,1.000,-0.248]","[0.100,0.100,0.000]",[],[]
16,BurstSliderNote(Clone)/NoteCube/SmallCuttable,"[0.000,1.000,0.000]","[0.000,0.000,0.000]","[0.000,0.000,0.000,1.000]",[],[],"[0.000,1.000,0.000]","[0.000,0.000,0.000]"
16,BurstSliderNote(Clone)/NoteCube/BigCuttable,"[0.000,1.000,0.000]","[0.000,0.000,0.000]","[0.000,0.000,0.000,1.000]",[],[],"[0.000,1.000,0.000]","[0.000,0.000,0.000]"
16,BurstSliderNote(Clone)/NoteCube,"[0.000,1.000,0.000]","[0.000,0.000,0.000]","[0.000,0.000,0.000,1.000]","[0.000,1.000,0.000]","[0.495,0.080,0.495]",[],[]
16,BurstSliderNote(Clone),"[0.000,1.000,0.000]","[90.000,0.000,0.000]","[0.707,0.000,0.000,0.707]",[],[],[],[]
16,BurstSliderNote(Clone)/NoteCube/Circle,"[0.000,1.000,-0.248]","[0.000,0.000,0.000]","[0.000,0.000,0.000,1.000]","[0.000,1.000,-0.248]","[0.100,0.100,0.000]",[],[]
16,BurstSliderNote(Clone)/NoteCube/SmallCuttable,"[0.000,1.000,0.000]","[0.000,0.000,0.000]","[0.000,0.000,0.000,1.000]",[],[],"[0.000,1.000,0.000]","[0.000,0.000,0.000]"
16,BurstSliderNote(Clone)/NoteCube/BigCuttable,"[0.000,1.000,0.000]","[0.000,0.000,0.000]","[0.000,0.000,0.000,1.000]",[],[],"[0.000,1.000,0.000]","[0.000,0.000,0.000]"
16,BurstSliderNote(Clone)/NoteCube,"[0.000,1.000,0.000]","[0.000,0.000,0.000]","[0.000,0.000,0.000,1.000]","[0.000,1.000,0.000]","[0.495,0.080,0.495]",[],[]
16,BurstSliderNote(Clone),"[0.000,1.000,0.000]","[90.000,0.000,0.000]","[0.707,0.000,0.000,0.707]",[],[],[],[]
16,BurstSliderNote(Clone)/NoteCube/Circle,"[0.000,1.000,-0.248]","[0.000,0.000,0.000]","[0.000,0.000,0.000,1.000]","[0.000,1.000,-0.248]","[0.100,0.100,0.000]",[],[]
16,BurstSliderNote(Clone)/NoteCube/SmallCuttable,"[0.000,1.000,0.000]","[0.000,0.000,0.000]","[0.000,0.000,0.000,1.000]",[],[],"[0.000,1.000,0.000]","[0.000,0.000,0.000]"
16,BurstSliderNote(Clone)/NoteCube/BigCuttable,"[0.000,1.000,0.000]","[0.000,0.000,0.000]","[0.000,0.000,0.000,1.000]",[],[],"[0.000,1.000,0.000]","[0.000,0.000,0.000]"
16,BurstSliderNote(Clone)/NoteCube,"[0.000,1.000,0.000]","[0.000,0.000,0.000]","[0.000,0.000,0.000,1.000]","[0.000,1.000,0.000]","[0.495,0.080,0.495]",[],[]
16,BurstSliderNote(Clone),"[0.000,1.000,0.000]","[90.000,0.000,0.000]","[0.707,0.000,0.000,0.707]",[],[],[],[]
16,BurstSliderNote(Clone)/NoteCube/Circle,"[0.000,1.000,-0.248]","[0.000,0.000,0.000]","[0.000,0.000,0.000,1.000]","[0.000,1.000,-0.248]","[0.100,0.100,0.000]",[],[]
16,BurstSliderNote(Clone)/NoteCube/SmallCuttable,"[0.000,1.000,0.000]","[0.000,0.000,0.000]","[0.000,0.000,0.000,1.000]",[],[],"[0.000,1.000,0.000]","[0.000,0.000,0.000]"
16,BurstSliderNote(Clone)/NoteCube/BigCuttable,"[0.000,1.000,0.000]","[0.000,0.000,0.000]","[0.000,0.000,0.000,1.000]",[],[],"[0.000,1.000,0.000]","[0.000,0.000,0.000]"
16,BurstSliderNote(Clone)/NoteCube,"[0.000,1.000,0.000]","[0.000,0.000,0.000]","[0.000,0.000,0.000,1.000]","[0.000,1.000,0.000]","[0.495,0.080,0.495]",[],[]
16,BurstSliderNote(Clone),"[0.000,1.000,0.000]","[90.000,0.000,0.000]","[0.707,0.000,0.000,0.707]",[],[],[],[]
16,BurstSliderNote(Clone)/NoteCube/Circle,"[0.000,1.000,-0.248]","[0.000,0.000,0.000]","[0.000,0.000,0.000,1.000]","[0.000,1.000,-0.248]","[0.100,0.100,0.000]",[],[]
16,BurstSliderNote(Clone)/NoteCube/SmallCuttable,"[0.000,1.000,0.000]","[0.000,0.000,0.000]","[0.000,0.000,0.000,1.000]",[],[],"[0.000,1.000,0.000]","[0.000,0.000,0.000]"
16,BurstSliderNote(Clone)/NoteCube/BigCuttable,"[0.000,1.000,0.000]","[0.000,0.000,0.000]","[0.000,0.000,0.000,1.000]",[],[],"[0.000,1.000,0.000]","[0.000,0.000,0.000]"
16,BurstSliderNote(Clone)/NoteCube,"[0.000,1.000,0.000]","[0.000,0.000,0.000]","[0.000,0.000,0.000,1.000]","[0.000,1.000,0.000]","[0.495,0.080,0.495]",[],[]
16,BurstSliderNote(Clone),"[0.000,1.000,0.000]","[90.000,0.000,0.000]","[0.707,0.000,0.000,0.707]",[],[],[],[]
16,BurstSliderNote(Clone)/NoteCube/Circle,"[0.000,1.000,-0.248]","[0.000,0.000,0.000]","[0.000,0.000,0.000,1.000]","[0.000,1.000,-0.248]","[0.100,0.100,0.000]",[],[]
16,BurstSliderNote(Clone)/NoteCube/SmallCuttable,"[0.000,1.000,0.000]","[0.000,0.000,0.000]","[0.000,0.000,0.000,1.000]",[],[],"[0.000,1.000,0.000]","[0.000,0.000,0.000]"
16,BurstSliderNote(Clone)/NoteCube/BigCuttable,"[0.000,1.000,0.000]","[0.000,0.000,0.000]","[0.000,0.000,0.000,1.000]",[],[],"[0.000,1.000,0.000]","[0.000,0.000,0.000]"
16,BurstSliderNote(Clone)/NoteCube,"[0.000,1.000,0.000]","[0.000,0.000,0.000]","[0.000,0.000,0.000,1.000]","[0.000,1.000,0.000]","[0.495,0.080,0.495]",[],[]
16,BurstSliderNote(Clone),"[0.000,1.000,0.000]","[90.000,0.000,0.000]","[0.707,0.000,0.000,0.707]",[],[],[],[]
16,BurstSliderNote(Clone)/NoteCube/Circle,"[0.000,1.000,-0.248]","[0.000,0.000,0.000]","[0.000,0.000,0.000,1.000]","[0.000,1.000,-0.248]","[0.100,0.100,0.000]",[],[]
16,BurstSliderNote(Clone)/NoteCube/SmallCuttable,"[0.000,1.000,0.000]","[0.000,0.000,0.000]","[0.000,0.000,0.000,1.000]",[],[],"[0.000,1.000,0.000]","[0.000,0.000,0.000]"
16,BurstSliderNote(Clone)/NoteCube/BigCuttable,"[0.000,1.000,0.000]","[0.000,0.000,0.000]","[0.000,0.000,0.000,1.000]",[],[],"[0.000,1.000,0.000]","[0.000,0.000,0.000]"
16,BurstSliderNote(Clone)/NoteCube,"[0.000,1.000,0.000]","[0.000,0.000,0.000]","[0.000,0.000,0.000,1.000]","[0.000,1.000,0.000]","[0.495,0.080,0.495]",[],[]
16,BurstSliderNote(Clone),"[0.000,1.000,0.000]","[90.000,0.000,0.000]","[0.707,0.000,0.000,0.707]",[],[],[],[]
16,BurstSliderNote(Clone)/NoteCube/Circle,"[0.000,1.000,-0.248]","[0.000,0.000,0.000]","[0.000,0.000,0.000,1.000]","[0.000,1.000,-0.248]","[0.100,0.100,0.000]",[],[]
16,BurstSliderNote(Clone)/NoteCube/SmallCuttable,"[0.000,1.000,0.000]","[0.000,0.000,0.000]","[0.000,0.000,0.000,1.000]",[],[],"[0.000,1.000,0.000]","[0.000,0.000,0.000]"
16,BurstSliderNote(Clone)/NoteCube/BigCuttable,"[0.000,1.000,0.000]","[0.000,0.000,0.000]","[0.000,0.000,0.000,1.000]",[],[],"[0.000,1.000,0.000]","[0.000,0.000,0.000]"
16,BurstSliderNote(Clone)/NoteCube,"[0.000,1.000,0.000]","[0.000,0.000,0.000]","[0.000,0.000,0.000,1.000]","[0.000,1.000,0.000]","[0.495,0.080,0.495]",[],[]
16,BurstSliderNote(Clone),"[0.000,1.000,0.000]","[90.000,0.000,0.000]","[0.707,0.000,0.000,0.707]",[],[],[],[]
16,BurstSliderNote(Clone)/NoteCube/Circle,"[0.000,1.000,-0.248]","[0.000,0.000,0.000]","[0.000,0.000,0.000,1.000]","[0.000,1.000,-0.248]","[0.100,0.100,0.000]",[],[]
16,BurstSliderNote(Clone)/NoteCube/SmallCuttable,"[0.000,1.000,0.000]","[0.000,0.000,0.000]","[0.000,0.000,0.000,1.000]",[],[],"[0.000,1.000,0.000]","[0.000,0.000,0.000]"
16,BurstSliderNote(Clone)/NoteCube/BigCuttable,"[0.000,1.000,0.000]","[0.000,0.000,0.000]","[0.000,0.000,0.000,1.000]",[],[],"[0.000,1.000,0.000]","[0.000,0.000,0.000]"
16,BurstSliderNote(Clone)/NoteCube,"[0.000,1.000,0.000]","[0.000,0.000,0.000]","[0.000,0.000,0.000,1.000]","[0.000,1.000,0.000]","[0.495,0.080,0.495]",[],[]
16,BurstSliderNote(Clone),"[0.000,1.000,0.000]","[90.000,0.000,0.000]","[0.707,0.000,0.000,0.707]",[],[],[],[]
16,BurstSliderNote(Clone)/NoteCube/Circle,"[0.000,1.000,-0.248]","[0.000,0.000,0.000]","[0.000,0.000,0.000,1.000]","[0.000,1.000,-0.248]","[0.100,0.100,0.000]",[],[]
16,BurstSliderNote(Clone)/NoteCube/SmallCuttable,"[0.000,1.000,0.000]","[0.000,0.000,0.000]","[0.000,0.000,0.000,1.000]",[],[],"[0.000,1.000,0.000]","[0.000,0.000,0.000]"
16,BurstSliderNote(Clone)/NoteCube/BigCuttable,"[0.000,1.000,0.000]","[0.000,0.000,0.000]","[0.000,0.000,0.000,1.000]",[],[],"[0.000,1.000,0.000]","[0.000,0.000,0.000]"
16,BurstSliderNote(Clone)/NoteCube,"[0.000,1.000,0.000]","[0.000,0.000,0.000]","[0.000,0.000,0.000,1.000]","[0.000,1.000,0.000]","[0.495,0.080,0.495]",[],[]
16,BurstSliderNote(Clone),"[0.000,1.000,0.000]","[90.000,0.000,0.000]","[0.707,0.000,0.000,0.707]",[],[],[],[]
16,BurstSliderNote(Clone)/NoteCube/Circle,"[0.000,1.000,-0.248]","[0.000,0.000,0.000]","[0.000,0.000,0.000,1.000]","[0.000,1.000,-0.248]","[0.100,0.100,0.000]",[],[]
16,BurstSliderNote(Clone)/NoteCube/SmallCuttable,"[0.000,1.000,0.000]","[0.000,0.000,0.000]","[0.000,0.000,0.000,1.000]",[],[],"[0.000,1.000,0.000]","[0.000,0.000,0.000]"
16,BurstSliderNote(Clone)/NoteCube/BigCuttable,"[0.000,1.000,0.000]","[0.000,0.000,0.000]","[0.000,0.000,0.000,1.000]",[],[],"[0.000,1.000,0.000]","[0.000,0.000,0.000]"
16,BurstSliderNote(Clone)/NoteCube,"[0.000,1.000,0.000]","[0.000,0.000,0.000]","[0.000,0.000,0.000,1.000]","[0.000,1.000,0.000]","[0.495,0.080,0.495]",[],[]
16,BurstSliderNote(Clone),"[0.000,1.000,0.000]","[90.000,0.000,0.000]","[0.707,0.000,0.000,0.707]",[],[],[],[]
16,BurstSliderNote(Clone)/NoteCube/Circle,"[0.000,1.000,-0.248]","[0.000,0.000,0.000]","[0.000,0.000,0.000,1.000]","[0.000,1.000,-0.248]","[0.100,0.100,0.000]",[],[]
16,BurstSliderNote(Clone)/NoteCube/SmallCuttable,"[0.000,1.000,0.000]","[0.000,0.000,0.000]","[0.000,0.000,0.000,1.000]",[],[],"[0.000,1.000,0.000]","[0.000,0.000,0.000]"
16,BurstSliderNote(Clone)/NoteCube/BigCuttable,"[0.000,1.000,0.000]","[0.000,0.000,0.000]","[0.000,0.000,0.000,1.000]",[],[],"[0.000,1.000,0.000]","[0.000,0.000,0.000]"
16,BurstSliderNote(Clone)/NoteCube,"[0.000,1.000,0.000]","[0.000,0.000,0.000]","[0.000,0.000,0.000,1.000]","[0.000,1.000,0.000]","[0.495,0.080,0.495]",[],[]
16,BurstSliderNote(Clone),"[0.000,1.000,0.000]","[90.000,0.000,0.000]","[0.707,0.000,0.000,0.707]",[],[],[],[]
16,BurstSliderNote(Clone)/NoteCube/Circle,"[0.000,1.000,-0.248]","[0.000,0.000,0.000]","[0.000,0.000,0.000,1.000]","[0.000,1.000,-0.248]","[0.100,0.100,0.000]",[],[]
16,BurstSliderNote(Clone)/NoteCube/SmallCuttable,"[0.000,1.000,0.000]","[0.000,0.000,0.000]","[0.000,0.000,0.000,1.000]",[],[],"[0.000,1.000,0.000]","[0.000,0.000,0.000]"
16,BurstSliderNote(Clone)/NoteCube/BigCuttable,"[0.000,1.000,0.000]","[0.000,0.000,0.000]","[0.000,0.000,0.000,1.000]",[],[],"[0.000,1.000,0.000]","[0.000,0.000,0.000]"
16,BurstSliderNote(Clone)/NoteCube,"[0.000,1.000,0.000]","[0.000,0.000,0.000]","[0.000,0.000,0.000,1.000]","[0.000,1.000,0.000]","[0.495,0.080,0.495]",[],[]
16,BurstSliderNote(Clone),"[0.000,1.000,0.000]","[90.000,0.000,0.000]","[0.707,0.000,0.000,0.707]",[],[],[],[]
16,BurstSliderNote(Clone)/NoteCube/Circle,"[0.000,1.000,-0.248]","[0.000,0.000,0.000]","[0.000,0.000,0.000,1.000]","[0.000,1.000,-0.248]","[0.100,0.100,0.000]",[],[]
16,BurstSliderNote(Clone)/NoteCube/SmallCuttable,"[0.000,1.000,0.000]","[0.000,0.000,0.000]","[0.000,0.000,0.000,1.000]",[],[],"[0.000,1.000,0.000]","[0.000,0.000,0.000]"
16,BurstSliderNote(Clone)/NoteCube/BigCuttable,"[0.000,1.000,0.000]","[0.000,0.000,0.000]","[0.000,0.000,0.000,1.000]",[],[],"[0.000,1.000,0.000]","[0.000,0.000,0.000]"
16,BurstSliderNote(Clone)/NoteCube,"[0.000,1.000,0.000]","[0.000,0.000,0.000]","[0.000,0.000,0.000,1.000]","[0.000,1.000,0.000]","[0.495,0.080,0.495]",[],[]
16,BurstSliderNote(Clone),"[0.000,1.000,0.000]","[90.000,0.000,0.000]","[0.707,0.000,0.000,0.707]",[],[],[],[]
16,BurstSliderNote(Clone)/NoteCube/Circle,"[0.000,1.000,-0.248]","[0.000,0.000,0.000]","[0.000,0.000,0.000,1.000]","[0.000,1.000,-0.248]","[0.100,0.100,0.000]",[],[]
16,BurstSliderNote(Clone)/NoteCube/SmallCuttable,"[0.000,1.000,0.000]","[0.000,0.000,0.000]","[0.000,0.000,0.000,1.000]",[],[],"[0.000,1.000,0.000]","[0.000,0.000,0.000]"
16,BurstSliderNote(Clone)/NoteCube/BigCuttable,"[0.000,1.000,0.000]","[0.000,0.000,0.000]","[0.000,0.000,0.000,1.000]",[],[],"[0.000,1.000,0.000]","[0.000,0.000,0.000]"
16,BurstSliderNote(Clone)/NoteCube,"[0.000,1.000,0.000]","[0.000,0.000,0.000]","[0.000,0.000,0.000,1.000]","[0.000,1.000,0.000]","[0.495,0.080,0.495]",[],[]
16,BurstSliderNote(Clone),"[0.000,1.000,0.000]","[90.000,0.000,0.000]","[0.707,0.000,0.000,0.707]",[],[],[],[]
16,BurstSliderHeadNote(Clone)/NoteCube/NoteCircleGlow,"[0.000,1.000,-0.253]","[0.000,0.000,0.000]","[0.000,0.000,0.000,1.000]","[0.000,1.000,-0.253]","[0.500,0.500,0.000]",[],[]
16,BurstSliderHeadNote(Clone)/NoteCube/NoteArrowGlow,"[0.000,1.104,-0.253]","[0.000,0.000,0.000]","[0.000,0.000,0.000,1.000]","[0.000,1.104,-0.253]","[0.560,0.280,0.000]",[],[]
16,BurstSliderHeadNote(Clone)/NoteCube/NoteArrow,"[0.000,1.108,-0.254]","[0.000,0.000,0.000]","[0.000,0.000,0.000,1.000]","[0.000,1.105,-0.254]","[0.300,0.090,0.010]",[],[]
16,BurstSliderHeadNote(Clone)/NoteCube/SmallCuttable,"[0.000,1.000,0.000]","[0.000,0.000,0.000]","[0.000,0.000,0.000,1.000]",[],[],"[0.000,1.000,0.000]","[0.000,0.000,0.000]"
16,BurstSliderHeadNote(Clone)/NoteCube/BigCuttable,"[0.000,1.000,0.000]","[0.000,0.000,0.000]","[0.000,0.000,0.000,1.000]",[],[],"[0.000,1.000,0.000]","[0.000,0.000,0.000]"
16,BurstSliderHeadNote(Clone)/NoteCube,"[0.000,1.000,0.000]","[0.000,0.000,0.000]","[0.000,0.000,0.000,1.000]","[0.000,1.104,0.000]","[0.495,0.287,0.495]",[],[]
16,BurstSliderHeadNote(Clone),"[0.000,1.000,0.000]","[90.000,0.000,0.000]","[0.707,0.000,0.000,0.707]",[],[],[],[]
16,BurstSliderHeadNote(Clone)/NoteCube/NoteCircleGlow,"[0.000,1.000,-0.253]","[0.000,0.000,0.000]","[0.000,0.000,0.000,1.000]","[0.000,1.000,-0.253]","[0.500,0.500,0.000]",[],[]
16,BurstSliderHeadNote(Clone)/NoteCube/NoteArrowGlow,"[0.000,1.104,-0.253]","[0.000,0.000,0.000]","[0.000,0.000,0.000,1.000]","[0.000,1.104,-0.253]","[0.560,0.280,0.000]",[],[]
16,BurstSliderHeadNote(Clone)/NoteCube/NoteArrow,"[0.000,1.108,-0.254]","[0.000,0.000,0.000]","[0.000,0.000,0.000,1.000]","[0.000,1.105,-0.254]","[0.300,0.090,0.010]",[],[]
16,BurstSliderHeadNote(Clone)/NoteCube/SmallCuttable,"[0.000,1.000,0.000]","[0.000,0.000,0.000]","[0.000,0.000,0.000,1.000]",[],[],"[0.000,1.000,0.000]","[0.000,0.000,0.000]"
16,BurstSliderHeadNote(Clone)/NoteCube/BigCuttable,"[0.000,1.000,0.000]","[0.000,0.000,0.000]","[0.000,0.000,0.000,1.000]",[],[],"[0.000,1.000,0.000]","[0.000,0.000,0.000]"
16,BurstSliderHeadNote(Clone)/NoteCube,"[0.000,1.000,0.000]","[0.000,0.000,0.000]","[0.000,0.000,0.000,1.000]","[0.000,1.104,0.000]","[0.495,0.287,0.495]",[],[]
16,BurstSliderHeadNote(Clone),"[0.000,1.000,0.000]","[90.000,0.000,0.000]","[0.707,0.000,0.000,0.707]",[],[],[],[]
16,BurstSliderHeadNote(Clone)/NoteCube/NoteCircleGlow,"[0.000,1.000,-0.253]","[0.000,0.000,0.000]","[0.000,0.000,0.000,1.000]","[0.000,1.000,-0.253]","[0.500,0.500,0.000]",[],[]
16,BurstSliderHeadNote(Clone)/NoteCube/NoteArrowGlow,"[0.000,1.104,-0.253]","[0.000,0.000,0.000]","[0.000,0.000,0.000,1.000]","[0.000,1.104,-0.253]","[0.560,0.280,0.000]",[],[]
16,BurstSliderHeadNote(Clone)/NoteCube/NoteArrow,"[0.000,1.108,-0.254]","[0.000,0.000,0.000]","[0.000,0.000,0.000,1.000]","[0.000,1.105,-0.254]","[0.300,0.090,0.010]",[],[]
16,BurstSliderHeadNote(Clone)/NoteCube/SmallCuttable,"[0.000,1.000,0.000]","[0.000,0.000,0.000]","[0.000,0.000,0.000,1.000]",[],[],"[0.000,1.000,0.000]","[0.000,0.000,0.000]"
16,BurstSliderHeadNote(Clone)/NoteCube/BigCuttable,"[0.000,1.000,0.000]","[0.000,0.000,0.000]","[0.000,0.000,0.000,1.000]",[],[],"[0.000,1.000,0.000]","[0.000,0.000,0.000]"
16,BurstSliderHeadNote(Clone)/NoteCube,"[0.000,1.000,0.000]","[0.000,0.000,0.000]","[0.000,0.000,0.000,1.000]","[0.000,1.104,0.000]","[0.495,0.287,0.495]",[],[]
16,BurstSliderHeadNote(Clone),"[0.000,1.000,0.000]","[90.000,0.000,0.000]","[0.707,0.000,0.000,0.707]",[],[],[],[]
16,BurstSliderHeadNote(Clone)/NoteCube/NoteCircleGlow,"[0.000,1.000,-0.253]","[0.000,0.000,0.000]","[0.000,0.000,0.000,1.000]","[0.000,1.000,-0.253]","[0.500,0.500,0.000]",[],[]
16,BurstSliderHeadNote(Clone)/NoteCube/NoteArrowGlow,"[0.000,1.104,-0.253]","[0.000,0.000,0.000]","[0.000,0.000,0.000,1.000]","[0.000,1.104,-0.253]","[0.560,0.280,0.000]",[],[]
16,BurstSliderHeadNote(Clone)/NoteCube/NoteArrow,"[0.000,1.108,-0.254]","[0.000,0.000,0.000]","[0.000,0.000,0.000,1.000]","[0.000,1.105,-0.254]","[0.300,0.090,0.010]",[],[]
16,BurstSliderHeadNote(Clone)/NoteCube/SmallCuttable,"[0.000,1.000,0.000]","[0.000,0.000,0.000]","[0.000,0.000,0.000,1.000]",[],[],"[0.000,1.000,0.000]","[0.000,0.000,0.000]"
16,BurstSliderHeadNote(Clone)/NoteCube/BigCuttable,"[0.000,1.000,0.000]","[0.000,0.000,0.000]","[0.000,0.000,0.000,1.000]",[],[],"[0.000,1.000,0.000]","[0.000,0.000,0.000]"
16,BurstSliderHeadNote(Clone)/NoteCube,"[0.000,1.000,0.000]","[0.000,0.000,0.000]","[0.000,0.000,0.000,1.000]","[0.000,1.104,0.000]","[0.495,0.287,0.495]",[],[]
16,BurstSliderHeadNote(Clone),"[0.000,1.000,0.000]","[90.000,0.000,0.000]","[0.707,0.000,0.000,0.707]",[],[],[],[]
16,BurstSliderHeadNote(Clone)/NoteCube/NoteCircleGlow,"[0.000,1.000,-0.253]","[0.000,0.000,0.000]","[0.000,0.000,0.000,1.000]","[0.000,1.000,-0.253]","[0.500,0.500,0.000]",[],[]
16,BurstSliderHeadNote(Clone)/NoteCube/NoteArrowGlow,"[0.000,1.104,-0.253]","[0.000,0.000,0.000]","[0.000,0.000,0.000,1.000]","[0.000,1.104,-0.253]","[0.560,0.280,0.000]",[],[]
16,BurstSliderHeadNote(Clone)/NoteCube/NoteArrow,"[0.000,1.108,-0.254]","[0.000,0.000,0.000]","[0.000,0.000,0.000,1.000]","[0.000,1.105,-0.254]","[0.300,0.090,0.010]",[],[]
16,BurstSliderHeadNote(Clone)/NoteCube/SmallCuttable,"[0.000,1.000,0.000]","[0.000,0.000,0.000]","[0.000,0.000,0.000,1.000]",[],[],"[0.000,1.000,0.000]","[0.000,0.000,0.000]"
16,BurstSliderHeadNote(Clone)/NoteCube/BigCuttable,"[0.000,1.000,0.000]","[0.000,0.000,0.000]","[0.000,0.000,0.000,1.000]",[],[],"[0.000,1.000,0.000]","[0.000,0.000,0.000]"
16,BurstSliderHeadNote(Clone)/NoteCube,"[0.000,1.000,0.000]","[0.000,0.000,0.000]","[0.000,0.000,0.000,1.000]","[0.000,1.104,0.000]","[0.495,0.287,0.495]",[],[]
16,BurstSliderHeadNote(Clone),"[0.000,1.000,0.000]","[90.000,0.000,0.000]","[0.707,0.000,0.000,0.707]",[],[],[],[]
16,BurstSliderHeadNote(Clone)/NoteCube/NoteCircleGlow,"[0.000,1.000,-0.253]","[0.000,0.000,0.000]","[0.000,0.000,0.000,1.000]","[0.000,1.000,-0.253]","[0.500,0.500,0.000]",[],[]
16,BurstSliderHeadNote(Clone)/NoteCube/NoteArrowGlow,"[0.000,1.104,-0.253]","[0.000,0.000,0.000]","[0.000,0.000,0.000,1.000]","[0.000,1.104,-0.253]","[0.560,0.280,0.000]",[],[]
16,BurstSliderHeadNote(Clone)/NoteCube/NoteArrow,"[0.000,1.108,-0.254]","[0.000,0.000,0.000]","[0.000,0.000,0.000,1.000]","[0.000,1.105,-0.254]","[0.300,0.090,0.010]",[],[]
16,BurstSliderHeadNote(Clone)/NoteCube/SmallCuttable,"[0.000,1.000,0.000]","[0.000,0.000,0.000]","[0.000,0.000,0.000,1.000]",[],[],"[0.000,1.000,0.000]","[0.000,0.000,0.000]"
16,BurstSliderHeadNote(Clone)/NoteCube/BigCuttable,"[0.000,1.000,0.000]","[0.000,0.000,0.000]","[0.000,0.000,0.000,1.000]",[],[],"[0.000,1.000,0.000]","[0.000,0.000,0.000]"
16,BurstSliderHeadNote(Clone)/NoteCube,"[0.000,1.000,0.000]","[0.000,0.000,0.000]","[0.000,0.000,0.000,1.000]","[0.000,1.104,0.000]","[0.495,0.287,0.495]",[],[]
16,BurstSliderHeadNote(Clone),"[0.000,1.000,0.000]","[90.000,0.000,0.000]","[0.707,0.000,0.000,0.707]",[],[],[],[]
16,BurstSliderHeadNote(Clone)/NoteCube/NoteCircleGlow,"[0.000,1.000,-0.253]","[0.000,0.000,0.000]","[0.000,0.000,0.000,1.000]","[0.000,1.000,-0.253]","[0.500,0.500,0.000]",[],[]
16,BurstSliderHeadNote(Clone)/NoteCube/NoteArrowGlow,"[0.000,1.104,-0.253]","[0.000,0.000,0.000]","[0.000,0.000,0.000,1.000]","[0.000,1.104,-0.253]","[0.560,0.280,0.000]",[],[]
16,BurstSliderHeadNote(Clone)/NoteCube/NoteArrow,"[0.000,1.108,-0.254]","[0.000,0.000,0.000]","[0.000,0.000,0.000,1.000]","[0.000,1.105,-0.254]","[0.300,0.090,0.010]",[],[]
16,BurstSliderHeadNote(Clone)/NoteCube/SmallCuttable,"[0.000,1.000,0.000]","[0.000,0.000,0.000]","[0.000,0.000,0.000,1.000]",[],[],"[0.000,1.000,0.000]","[0.000,0.000,0.000]"
16,BurstSliderHeadNote(Clone)/NoteCube/BigCuttable,"[0.000,1.000,0.000]","[0.000,0.000,0.000]","[0.000,0.000,0.000,1.000]",[],[],"[0.000,1.000,0.000]","[0.000,0.000,0.000]"
16,BurstSliderHeadNote(Clone)/NoteCube,"[0.000,1.000,0.000]","[0.000,0.000,0.000]","[0.000,0.000,0.000,1.000]","[0.000,1.104,0.000]","[0.495,0.287,0.495]",[],[]
16,BurstSliderHeadNote(Clone),"[0.000,1.000,0.000]","[90.000,0.000,0.000]","[0.707,0.000,0.000,0.707]",[],[],[],[]
16,BurstSliderHeadNote(Clone)/NoteCube/NoteCircleGlow,"[0.000,1.000,-0.253]","[0.000,0.000,0.000]","[0.000,0.000,0.000,1.000]","[0.000,1.000,-0.253]","[0.500,0.500,0.000]",[],[]
16,BurstSliderHeadNote(Clone)/NoteCube/NoteArrowGlow,"[0.000,1.104,-0.253]","[0.000,0.000,0.000]","[0.000,0.000,0.000,1.000]","[0.000,1.104,-0.253]","[0.560,0.280,0.000]",[],[]
16,BurstSliderHeadNote(Clone)/NoteCube/NoteArrow,"[0.000,1.108,-0.254]","[0.000,0.000,0.000]","[0.000,0.000,0.000,1.000]","[0.000,1.105,-0.254]","[0.300,0.090,0.010]",[],[]
16,BurstSliderHeadNote(Clone)/NoteCube/SmallCuttable,"[0.000,1.000,0.000]","[0.000,0.000,0.000]","[0.000,0.000,0.000,1.000]",[],[],"[0.000,1.000,0.000]","[0.000,0.000,0.000]"
16,BurstSliderHeadNote(Clone)/NoteCube/BigCuttable,"[0.000,1.000,0.000]","[0.000,0.000,0.000]","[0.000,0.000,0.000,1.000]",[],[],"[0.000,1.000,0.000]","[0.000,0.000,0.000]"
16,BurstSliderHeadNote(Clone)/NoteCube,"[0.000,1.000,0.000]","[0.000,0.000,0.000]","[0.000,0.000,0.000,1.000]","[0.000,1.104,0.000]","[0.495,0.287,0.495]",[],[]
16,BurstSliderHeadNote(Clone),"[0.000,1.000,0.000]","[90.000,0.000,0.000]","[0.707,0.000,0.000,0.707]",[],[],[],[]
16,BurstSliderHeadNote(Clone)/NoteCube/NoteCircleGlow,"[0.000,1.000,-0.253]","[0.000,0.000,0.000]","[0.000,0.000,0.000,1.000]","[0.000,1.000,-0.253]","[0.500,0.500,0.000]",[],[]
16,BurstSliderHeadNote(Clone)/NoteCube/NoteArrowGlow,"[0.000,1.104,-0.253]","[0.000,0.000,0.000]","[0.000,0.000,0.000,1.000]","[0.000,1.104,-0.253]","[0.560,0.280,0.000]",[],[]
16,BurstSliderHeadNote(Clone)/NoteCube/NoteArrow,"[0.000,1.108,-0.254]","[0.000,0.000,0.000]","[0.000,0.000,0.000,1.000]","[0.000,1.105,-0.254]","[0.300,0.090,0.010]",[],[]
16,BurstSliderHeadNote(Clone)/NoteCube/SmallCuttable,"[0.000,1.000,0.000]","[0.000,0.000,0.000]","[0.000,0.000,0.000,1.000]",[],[],"[0.000,1.000,0.000]","[0.000,0.000,0.000]"
16,BurstSliderHeadNote(Clone)/NoteCube/BigCuttable,"[0.000,1.000,0.000]","[0.000,0.000,0.000]","[0.000,0.000,0.000,1.000]",[],[],"[0.000,1.000,0.000]","[0.000,0.000,0.000]"
16,BurstSliderHeadNote(Clone)/NoteCube,"[0.000,1.000,0.000]","[0.000,0.000,0.000]","[0.000,0.000,0.000,1.000]","[0.000,1.104,0.000]","[0.495,0.287,0.495]",[],[]
16,BurstSliderHeadNote(Clone),"[0.000,1.000,0.000]","[90.000,0.000,0.000]","[0.707,0.000,0.000,0.707]",[],[],[],[]
16,BurstSliderHeadNote(Clone)/NoteCube/NoteCircleGlow,"[0.000,1.000,-0.253]","[0.000,0.000,0.000]","[0.000,0.000,0.000,1.000]","[0.000,1.000,-0.253]","[0.500,0.500,0.000]",[],[]
16,BurstSliderHeadNote(Clone)/NoteCube/NoteArrowGlow,"[0.000,1.104,-0.253]","[0.000,0.000,0.000]","[0.000,0.000,0.000,1.000]","[0.000,1.104,-0.253]","[0.560,0.280,0.000]",[],[]
16,BurstSliderHeadNote(Clone)/NoteCube/NoteArrow,"[0.000,1.108,-0.254]","[0.000,0.000,0.000]","[0.000,0.000,0.000,1.000]","[0.000,1.105,-0.254]","[0.300,0.090,0.010]",[],[]
16,BurstSliderHeadNote(Clone)/NoteCube/SmallCuttable,"[0.000,1.000,0.000]","[0.000,0.000,0.000]","[0.000,0.000,0.000,1.000]",[],[],"[0.000,1.000,0.000]","[0.000,0.000,0.000]"
16,BurstSliderHeadNote(Clone)/NoteCube/BigCuttable,"[0.000,1.000,0.000]","[0.000,0.000,0.000]","[0.000,0.000,0.000,1.000]",[],[],"[0.000,1.000,0.000]","[0.000,0.000,0.000]"
16,BurstSliderHeadNote(Clone)/NoteCube,"[0.000,1.000,0.000]","[0.000,0.000,0.000]","[0.000,0.000,0.000,1.000]","[0.000,1.104,0.000]","[0.495,0.287,0.495]",[],[]
16,BurstSliderHeadNote(Clone),"[0.000,1.000,0.000]","[90.000,0.000,0.000]","[0.707,0.000,0.000,0.707]",[],[],[],[]
16,NormalGameNote(Clone)/NoteCube/NoteCircleGlow,"[-0.788,0.666,1.313]","[3.489,333.622,0.047]","[0.030,-0.228,0.007,0.973]","[-0.788,0.666,1.313]","[0.462,0.499,0.249]",[],[]
16,NormalGameNote(Clone)/NoteCube/NoteArrowGlow,"[-0.791,0.770,1.318]","[3.489,333.622,0.047]","[0.030,-0.228,0.007,0.973]","[-0.791,0.770,1.318]","[0.509,0.280,0.264]",[],[]
16,NormalGameNote(Clone)/NoteCube/NoteArrow,"[-0.791,0.774,1.318]","[3.489,333.622,0.047]","[0.030,-0.228,0.007,0.973]","[-0.790,0.771,1.318]","[0.276,0.091,0.147]",[],[]
16,NormalGameNote(Clone)/NoteCube/SmallCuttable,"[-0.900,0.651,1.539]","[3.489,333.622,0.047]","[0.030,-0.228,0.007,0.973]",[],[],"[-0.900,0.651,1.539]","[0.000,0.000,0.000]"
16,NormalGameNote(Clone)/NoteCube/BigCuttable,"[-0.900,0.651,1.539]","[3.489,333.622,0.047]","[0.030,-0.228,0.007,0.973]",[],[],"[-0.900,0.651,1.539]","[0.000,0.000,0.000]"
16,NormalGameNote(Clone)/NoteCube,"[-0.900,0.651,1.539]","[3.489,333.622,0.047]","[0.030,-0.228,0.007,0.973]","[-0.900,0.651,1.539]","[0.676,0.524,0.689]",[],[]
16,NormalGameNote(Clone),"[-0.900,0.651,1.539]","[0.000,0.000,0.000]","[0.000,0.000,0.000,1.000]",[],[],[],[]
16,NormalGameNote(Clone)/NoteCube/NoteCircleGlow,"[-0.726,0.671,-0.291]","[5.140,316.493,265.643]","[-0.300,0.221,0.669,-0.643]","[-0.726,0.671,-0.291]","[0.367,0.534,0.399]",[],[]
16,NormalGameNote(Clone)/NoteCube/NoteArrowGlow,"[-0.651,0.663,-0.220]","[5.140,316.493,265.643]","[-0.300,0.221,0.669,-0.643]","[-0.651,0.663,-0.220]","[0.207,0.577,0.256]",[],[]
16,NormalGameNote(Clone)/NoteCube/NoteArrow,"[-0.648,0.663,-0.217]","[5.140,316.493,265.643]","[-0.300,0.221,0.669,-0.643]","[-0.650,0.663,-0.219]","[0.074,0.306,0.104]",[],[]
16,NormalGameNote(Clone)/NoteCube/SmallCuttable,"[-0.900,0.648,-0.108]","[5.140,316.493,265.643]","[-0.300,0.221,0.669,-0.643]",[],[],"[-0.900,0.648,-0.108]","[0.000,0.000,0.000]"
16,NormalGameNote(Clone)/NoteCube/BigCuttable,"[-0.900,0.648,-0.108]","[5.140,316.493,265.643]","[-0.300,0.221,0.669,-0.643]",[],[],"[-0.900,0.648,-0.108]","[0.000,0.000,0.000]"
16,NormalGameNote(Clone)/NoteCube,"[-0.900,0.648,-0.108]","[5.140,316.493,265.643]","[-0.300,0.221,0.669,-0.643]","[-0.900,0.648,-0.108]","[0.703,0.573,0.753]",[],[]
16,NormalGameNote(Clone),"[-0.900,0.648,-0.108]","[0.000,0.000,0.000]","[0.000,0.000,0.000,1.000]",[],[],[],[]
16,NormalGameNote(Clone)/NoteCube/NoteCircleGlow,"[0.000,1.000,-0.253]","[0.000,0.000,0.000]","[0.000,0.000,0.000,1.000]","[0.000,1.000,-0.253]","[0.500,0.500,0.000]",[],[]
16,NormalGameNote(Clone)/NoteCube/NoteArrowGlow,"[0.000,1.104,-0.253]","[0.000,0.000,0.000]","[0.000,0.000,0.000,1.000]","[0.000,1.104,-0.253]","[0.560,0.280,0.000]",[],[]
16,NormalGameNote(Clone)/NoteCube/NoteArrow,"[0.000,1.108,-0.254]","[0.000,0.000,0.000]","[0.000,0.000,0.000,1.000]","[0.000,1.105,-0.254]","[0.300,0.090,0.010]",[],[]
16,NormalGameNote(Clone)/NoteCube/SmallCuttable,"[0.000,1.000,0.000]","[0.000,0.000,0.000]","[0.000,0.000,0.000,1.000]",[],[],"[0.000,1.000,0.000]","[0.000,0.000,0.000]"
16,NormalGameNote(Clone)/NoteCube/BigCuttable,"[0.000,1.000,0.000]","[0.000,0.000,0.000]","[0.000,0.000,0.000,1.000]",[],[],"[0.000,1.000,0.000]","[0.000,0.000,0.000]"
16,NormalGameNote(Clone)/NoteCube,"[0.000,1.000,0.000]","[0.000,0.000,0.000]","[0.000,0.000,0.000,1.000]","[0.000,1.000,0.000]","[0.495,0.495,0.495]",[],[]
16,NormalGameNote(Clone),"[0.000,1.000,0.000]","[90.000,0.000,0.000]","[0.707,0.000,0.000,0.707]",[],[],[],[]
16,NormalGameNote(Clone)/NoteCube/NoteCircleGlow,"[0.000,1.000,-0.253]","[0.000,0.000,0.000]","[0.000,0.000,0.000,1.000]","[0.000,1.000,-0.253]","[0.500,0.500,0.000]",[],[]
16,NormalGameNote(Clone)/NoteCube/NoteArrowGlow,"[0.000,1.104,-0.253]","[0.000,0.000,0.000]","[0.000,0.000,0.000,1.000]","[0.000,1.104,-0.253]","[0.560,0.280,0.000]",[],[]
16,NormalGameNote(Clone)/NoteCube/NoteArrow,"[0.000,1.108,-0.254]","[0.000,0.000,0.000]","[0.000,0.000,0.000,1.000]","[0.000,1.105,-0.254]","[0.300,0.090,0.010]",[],[]
16,NormalGameNote(Clone)/NoteCube/SmallCuttable,"[0.000,1.000,0.000]","[0.000,0.000,0.000]","[0.000,0.000,0.000,1.000]",[],[],"[0.000,1.000,0.000]","[0.000,0.000,0.000]"
16,NormalGameNote(Clone)/NoteCube/BigCuttable,"[0.000,1.000,0.000]","[0.000,0.000,0.000]","[0.000,0.000,0.000,1.000]",[],[],"[0.000,1.000,0.000]","[0.000,0.000,0.000]"
16,NormalGameNote(Clone)/NoteCube,"[0.000,1.000,0.000]","[0.000,0.000,0.000]","[0.000,0.000,0.000,1.000]","[0.000,1.000,0.000]","[0.495,0.495,0.495]",[],[]
16,NormalGameNote(Clone),"[0.000,1.000,0.000]","[90.000,0.000,0.000]","[0.707,0.000,0.000,0.707]",[],[],[],[]
16,NormalGameNote(Clone)/NoteCube/NoteCircleGlow,"[0.000,1.000,-0.253]","[0.000,0.000,0.000]","[0.000,0.000,0.000,1.000]","[0.000,1.000,-0.253]","[0.500,0.500,0.000]",[],[]
16,NormalGameNote(Clone)/NoteCube/NoteArrowGlow,"[0.000,1.104,-0.253]","[0.000,0.000,0.000]","[0.000,0.000,0.000,1.000]","[0.000,1.104,-0.253]","[0.560,0.280,0.000]",[],[]
16,NormalGameNote(Clone)/NoteCube/NoteArrow,"[0.000,1.108,-0.254]","[0.000,0.000,0.000]","[0.000,0.000,0.000,1.000]","[0.000,1.105,-0.254]","[0.300,0.090,0.010]",[],[]
16,NormalGameNote(Clone)/NoteCube/SmallCuttable,"[0.000,1.000,0.000]","[0.000,0.000,0.000]","[0.000,0.000,0.000,1.000]",[],[],"[0.000,1.000,0.000]","[0.000,0.000,0.000]"
16,NormalGameNote(Clone)/NoteCube/BigCuttable,"[0.000,1.000,0.000]","[0.000,0.000,0.000]","[0.000,0.000,0.000,1.000]",[],[],"[0.000,1.000,0.000]","[0.000,0.000,0.000]"
16,NormalGameNote(Clone)/NoteCube,"[0.000,1.000,0.000]","[0.000,0.000,0.000]","[0.000,0.000,0.000,1.000]","[0.000,1.000,0.000]","[0.495,0.495,0.495]",[],[]
16,NormalGameNote(Clone),"[0.000,1.000,0.000]","[90.000,0.000,0.000]","[0.707,0.000,0.000,0.707]",[],[],[],[]
16,NormalGameNote(Clone)/NoteCube/NoteCircleGlow,"[0.000,1.000,-0.253]","[0.000,0.000,0.000]","[0.000,0.000,0.000,1.000]","[0.000,1.000,-0.253]","[0.500,0.500,0.000]",[],[]
16,NormalGameNote(Clone)/NoteCube/NoteArrowGlow,"[0.000,1.104,-0.253]","[0.000,0.000,0.000]","[0.000,0.000,0.000,1.000]","[0.000,1.104,-0.253]","[0.560,0.280,0.000]",[],[]
16,NormalGameNote(Clone)/NoteCube/NoteArrow,"[0.000,1.108,-0.254]","[0.000,0.000,0.000]","[0.000,0.000,0.000,1.000]","[0.000,1.105,-0.254]","[0.300,0.090,0.010]",[],[]
16,NormalGameNote(Clone)/NoteCube/SmallCuttable,"[0.000,1.000,0.000]","[0.000,0.000,0.000]","[0.000,0.000,0.000,1.000]",[],[],"[0.000,1.000,0.000]","[0.000,0.000,0.000]"
16,NormalGameNote(Clone)/NoteCube/BigCuttable,"[0.000,1.000,0.000]","[0.000,0.000,0.000]","[0.000,0.000,0.000,1.000]",[],[],"[0.000,1.000,0.000]","[0.000,0.000,0.000]"
16,NormalGameNote(Clone)/NoteCube,"[0.000,1.000,0.000]","[0.000,0.000,0.000]","[0.000,0.000,0.000,1.000]","[0.000,1.000,0.000]","[0.495,0.495,0.495]",[],[]
16,NormalGameNote(Clone),"[0.000,1.000,0.000]","[90.000,0.000,0.000]","[0.707,0.000,0.000,0.707]",[],[],[],[]
16,NormalGameNote(Clone)/NoteCube/NoteCircleGlow,"[0.000,1.000,-0.253]","[0.000,0.000,0.000]","[0.000,0.000,0.000,1.000]","[0.000,1.000,-0.253]","[0.500,0.500,0.000]",[],[]
16,NormalGameNote(Clone)/NoteCube/NoteArrowGlow,"[0.000,1.104,-0.253]","[0.000,0.000,0.000]","[0.000,0.000,0.000,1.000]","[0.000,1.104,-0.253]","[0.560,0.280,0.000]",[],[]
16,NormalGameNote(Clone)/NoteCube/NoteArrow,"[0.000,1.108,-0.254]","[0.000,0.000,0.000]","[0.000,0.000,0.000,1.000]","[0.000,1.105,-0.254]","[0.300,0.090,0.010]",[],[]
16,NormalGameNote(Clone)/NoteCube/SmallCuttable,"[0.000,1.000,0.000]","[0.000,0.000,0.000]","[0.000,0.000,0.000,1.000]",[],[],"[0.000,1.000,0.000]","[0.000,0.000,0.000]"
16,NormalGameNote(Clone)/NoteCube/BigCuttable,"[0.000,1.000,0.000]","[0.000,0.000,0.000]","[0.000,0.000,0.000,1.000]",[],[],"[0.000,1.000,0.000]","[0.000,0.000,0.000]"
16,NormalGameNote(Clone)/NoteCube,"[0.000,1.000,0.000]","[0.000,0.000,0.000]","[0.000,0.000,0.000,1.000]","[0.000,1.000,0.000]","[0.495,0.495,0.495]",[],[]
16,NormalGameNote(Clone),"[0.000,1.000,0.000]","[90.000,0.000,0.000]","[0.707,0.000,0.000,0.707]",[],[],[],[]
16,NormalGameNote(Clone)/NoteCube/NoteCircleGlow,"[0.000,1.000,-0.253]","[0.000,0.000,0.000]","[0.000,0.000,0.000,1.000]","[0.000,1.000,-0.253]","[0.500,0.500,0.000]",[],[]
16,NormalGameNote(Clone)/NoteCube/NoteArrowGlow,"[0.000,1.104,-0.253]","[0.000,0.000,0.000]","[0.000,0.000,0.000,1.000]","[0.000,1.104,-0.253]","[0.560,0.280,0.000]",[],[]
16,NormalGameNote(Clone)/NoteCube/NoteArrow,"[0.000,1.108,-0.254]","[0.000,0.000,0.000]","[0.000,0.000,0.000,1.000]","[0.000,1.105,-0.254]","[0.300,0.090,0.010]",[],[]
16,NormalGameNote(Clone)/NoteCube/SmallCuttable,"[0.000,1.000,0.000]","[0.000,0.000,0.000]","[0.000,0.000,0.000,1.000]",[],[],"[0.000,1.000,0.000]","[0.000,0.000,0.000]"
16,NormalGameNote(Clone)/NoteCube/BigCuttable,"[0.000,1.000,0.000]","[0.000,0.000,0.000]","[0.000,0.000,0.000,1.000]",[],[],"[0.000,1.000,0.000]","[0.000,0.000,0.000]"
16,NormalGameNote(Clone)/NoteCube,"[0.000,1.000,0.000]","[0.000,0.000,0.000]","[0.000,0.000,0.000,1.000]","[0.000,1.000,0.000]","[0.495,0.495,0.495]",[],[]
16,NormalGameNote(Clone),"[0.000,1.000,0.000]","[90.000,0.000,0.000]","[0.707,0.000,0.000,0.707]",[],[],[],[]
16,NormalGameNote(Clone)/NoteCube/NoteCircleGlow,"[0.000,1.000,-0.253]","[0.000,0.000,0.000]","[0.000,0.000,0.000,1.000]","[0.000,1.000,-0.253]","[0.500,0.500,0.000]",[],[]
16,NormalGameNote(Clone)/NoteCube/NoteArrowGlow,"[0.000,1.104,-0.253]","[0.000,0.000,0.000]","[0.000,0.000,0.000,1.000]","[0.000,1.104,-0.253]","[0.560,0.280,0.000]",[],[]
16,NormalGameNote(Clone)/NoteCube/NoteArrow,"[0.000,1.108,-0.254]","[0.000,0.000,0.000]","[0.000,0.000,0.000,1.000]","[0.000,1.105,-0.254]","[0.300,0.090,0.010]",[],[]
16,NormalGameNote(Clone)/NoteCube/SmallCuttable,"[0.000,1.000,0.000]","[0.000,0.000,0.000]","[0.000,0.000,0.000,1.000]",[],[],"[0.000,1.000,0.000]","[0.000,0.000,0.000]"
16,NormalGameNote(Clone)/NoteCube/BigCuttable,"[0.000,1.000,0.000]","[0.000,0.000,0.000]","[0.000,0.000,0.000,1.000]",[],[],"[0.000,1.000,0.000]","[0.000,0.000,0.000]"
16,NormalGameNote(Clone)/NoteCube,"[0.000,1.000,0.000]","[0.000,0.000,0.000]","[0.000,0.000,0.000,1.000]","[0.000,1.000,0.000]","[0.495,0.495,0.495]",[],[]
16,NormalGameNote(Clone),"[0.000,1.000,0.000]","[90.000,0.000,0.000]","[0.707,0.000,0.000,0.707]",[],[],[],[]
16,NormalGameNote(Clone)/NoteCube/NoteCircleGlow,"[0.000,1.000,-0.253]","[0.000,0.000,0.000]","[0.000,0.000,0.000,1.000]","[0.000,1.000,-0.253]","[0.500,0.500,0.000]",[],[]
16,NormalGameNote(Clone)/NoteCube/NoteArrowGlow,"[0.000,1.104,-0.253]","[0.000,0.000,0.000]","[0.000,0.000,0.000,1.000]","[0.000,1.104,-0.253]","[0.560,0.280,0.000]",[],[]
16,NormalGameNote(Clone)/NoteCube/NoteArrow,"[0.000,1.108,-0.254]","[0.000,0.000,0.000]","[0.000,0.000,0.000,1.000]","[0.000,1.105,-0.254]","[0.300,0.090,0.010]",[],[]
16,NormalGameNote(Clone)/NoteCube/SmallCuttable,"[0.000,1.000,0.000]","[0.000,0.000,0.000]","[0.000,0.000,0.000,1.000]",[],[],"[0.000,1.000,0.000]","[0.000,0.000,0.000]"
16,NormalGameNote(Clone)/NoteCube/BigCuttable,"[0.000,1.000,0.000]","[0.000,0.000,0.000]","[0.000,0.000,0.000,1.000]",[],[],"[0.000,1.000,0.000]","[0.000,0.000,0.000]"
16,NormalGameNote(Clone)/NoteCube,"[0.000,1.000,0.000]","[0.000,0.000,0.000]","[0.000,0.000,0.000,1.000]","[0.000,1.000,0.000]","[0.495,0.495,0.495]",[],[]
16,NormalGameNote(Clone),"[0.000,1.000,0.000]","[90.000,0.000,0.000]","[0.707,0.000,0.000,0.707]",[],[],[],[]
16,NormalGameNote(Clone)/NoteCube/NoteCircleGlow,"[0.000,1.000,-0.253]","[0.000,0.000,0.000]","[0.000,0.000,0.000,1.000]","[0.000,1.000,-0.253]","[0.500,0.500,0.000]",[],[]
16,NormalGameNote(Clone)/NoteCube/NoteArrowGlow,"[0.000,1.104,-0.253]","[0.000,0.000,0.000]","[0.000,0.000,0.000,1.000]","[0.000,1.104,-0.253]","[0.560,0.280,0.000]",[],[]
16,NormalGameNote(Clone)/NoteCube/NoteArrow,"[0.000,1.108,-0.254]","[0.000,0.000,0.000]","[0.000,0.000,0.000,1.000]","[0.000,1.105,-0.254]","[0.300,0.090,0.010]",[],[]
16,NormalGameNote(Clone)/NoteCube/SmallCuttable,"[0.000,1.000,0.000]","[0.000,0.000,0.000]","[0.000,0.000,0.000,1.000]",[],[],"[0.000,1.000,0.000]","[0.000,0.000,0.000]"
16,NormalGameNote(Clone)/NoteCube/BigCuttable,"[0.000,1.000,0.000]","[0.000,0.000,0.000]","[0.000,0.000,0.000,1.000]",[],[],"[0.000,1.000,0.000]","[0.000,0.000,0.000]"
16,NormalGameNote(Clone)/NoteCube,"[0.000,1.000,0.000]","[0.000,0.000,0.000]","[0.000,0.000,0.000,1.000]","[0.000,1.000,0.000]","[0.495,0.495,0.495]",[],[]
16,NormalGameNote(Clone),"[0.000,1.000,0.000]","[90.000,0.000,0.000]","[0.707,0.000,0.000,0.707]",[],[],[],[]
16,NormalGameNote(Clone)/NoteCube/NoteCircleGlow,"[0.000,1.000,-0.253]","[0.000,0.000,0.000]","[0.000,0.000,0.000,1.000]","[0.000,1.000,-0.253]","[0.500,0.500,0.000]",[],[]
16,NormalGameNote(Clone)/NoteCube/NoteArrowGlow,"[0.000,1.104,-0.253]","[0.000,0.000,0.000]","[0.000,0.000,0.000,1.000]","[0.000,1.104,-0.253]","[0.560,0.280,0.000]",[],[]
16,NormalGameNote(Clone)/NoteCube/NoteArrow,"[0.000,1.108,-0.254]","[0.000,0.000,0.000]","[0.000,0.000,0.000,1.000]","[0.000,1.105,-0.254]","[0.300,0.090,0.010]",[],[]
16,NormalGameNote(Clone)/NoteCube/SmallCuttable,"[0.000,1.000,0.000]","[0.000,0.000,0.000]","[0.000,0.000,0.000,1.000]",[],[],"[0.000,1.000,0.000]","[0.000,0.000,0.000]"
16,NormalGameNote(Clone)/NoteCube/BigCuttable,"[0.000,1.000,0.000]","[0.000,0.000,0.000]","[0.000,0.000,0.000,1.000]",[],[],"[0.000,1.000,0.000]","[0.000,0.000,0.000]"
16,NormalGameNote(Clone)/NoteCube,"[0.000,1.000,0.000]","[0.000,0.000,0.000]","[0.000,0.000,0.000,1.000]","[0.000,1.000,0.000]","[0.495,0.495,0.495]",[],[]
16,NormalGameNote(Clone),"[0.000,1.000,0.000]","[90.000,0.000,0.000]","[0.707,0.000,0.000,0.707]",[],[],[],[]
16,NormalGameNote(Clone)/NoteCube/NoteCircleGlow,"[0.000,1.000,-0.253]","[0.000,0.000,0.000]","[0.000,0.000,0.000,1.000]","[0.000,1.000,-0.253]","[0.500,0.500,0.000]",[],[]
16,NormalGameNote(Clone)/NoteCube/NoteArrowGlow,"[0.000,1.104,-0.253]","[0.000,0.000,0.000]","[0.000,0.000,0.000,1.000]","[0.000,1.104,-0.253]","[0.560,0.280,0.000]",[],[]
16,NormalGameNote(Clone)/NoteCube/NoteArrow,"[0.000,1.108,-0.254]","[0.000,0.000,0.000]","[0.000,0.000,0.000,1.000]","[0.000,1.105,-0.254]","[0.300,0.090,0.010]",[],[]
16,NormalGameNote(Clone)/NoteCube/SmallCuttable,"[0.000,1.000,0.000]","[0.000,0.000,0.000]","[0.000,0.000,0.000,1.000]",[],[],"[0.000,1.000,0.000]","[0.000,0.000,0.000]"
16,NormalGameNote(Clone)/NoteCube/BigCuttable,"[0.000,1.000,0.000]","[0.000,0.000,0.000]","[0.000,0.000,0.000,1.000]",[],[],"[0.000,1.000,0.000]","[0.000,0.000,0.000]"
16,NormalGameNote(Clone)/NoteCube,"[0.000,1.000,0.000]","[0.000,0.000,0.000]","[0.000,0.000,0.000,1.000]","[0.000,1.000,0.000]","[0.495,0.495,0.495]",[],[]
16,NormalGameNote(Clone),"[0.000,1.000,0.000]","[90.000,0.000,0.000]","[0.707,0.000,0.000,0.707]",[],[],[],[]
16,NormalGameNote(Clone)/NoteCube/NoteCircleGlow,"[0.000,1.000,-0.253]","[0.000,0.000,0.000]","[0.000,0.000,0.000,1.000]","[0.000,1.000,-0.253]","[0.500,0.500,0.000]",[],[]
16,NormalGameNote(Clone)/NoteCube/NoteArrowGlow,"[0.000,1.104,-0.253]","[0.000,0.000,0.000]","[0.000,0.000,0.000,1.000]","[0.000,1.104,-0.253]","[0.560,0.280,0.000]",[],[]
16,NormalGameNote(Clone)/NoteCube/NoteArrow,"[0.000,1.108,-0.254]","[0.000,0.000,0.000]","[0.000,0.000,0.000,1.000]","[0.000,1.105,-0.254]","[0.300,0.090,0.010]",[],[]
16,NormalGameNote(Clone)/NoteCube/SmallCuttable,"[0.000,1.000,0.000]","[0.000,0.000,0.000]","[0.000,0.000,0.000,1.000]",[],[],"[0.000,1.000,0.000]","[0.000,0.000,0.000]"
16,NormalGameNote(Clone)/NoteCube/BigCuttable,"[0.000,1.000,0.000]","[0.000,0.000,0.000]","[0.000,0.000,0.000,1.000]",[],[],"[0.000,1.000,0.000]","[0.000,0.000,0.000]"
16,NormalGameNote(Clone)/NoteCube,"[0.000,1.000,0.000]","[0.000,0.000,0.000]","[0.000,0.000,0.000,1.000]","[0.000,1.000,0.000]","[0.495,0.495,0.495]",[],[]
16,NormalGameNote(Clone),"[0.000,1.000,0.000]","[90.000,0.000,0.000]","[0.707,0.000,0.000,0.707]",[],[],[],[]
16,NormalGameNote(Clone)/NoteCube/NoteCircleGlow,"[0.000,1.000,-0.253]","[0.000,0.000,0.000]","[0.000,0.000,0.000,1.000]","[0.000,1.000,-0.253]","[0.500,0.500,0.000]",[],[]
16,NormalGameNote(Clone)/NoteCube/NoteArrowGlow,"[0.000,1.104,-0.253]","[0.000,0.000,0.000]","[0.000,0.000,0.000,1.000]","[0.000,1.104,-0.253]","[0.560,0.280,0.000]",[],[]
16,NormalGameNote(Clone)/NoteCube/NoteArrow,"[0.000,1.108,-0.254]","[0.000,0.000,0.000]","[0.000,0.000,0.000,1.000]","[0.000,1.105,-0.254]","[0.300,0.090,0.010]",[],[]
16,NormalGameNote(Clone)/NoteCube/SmallCuttable,"[0.000,1.000,0.000]","[0.000,0.000,0.000]","[0.000,0.000,0.000,1.000]",[],[],"[0.000,1.000,0.000]","[0.000,0.000,0.000]"
16,NormalGameNote(Clone)/NoteCube/BigCuttable,"[0.000,1.000,0.000]","[0.000,0.000,0.000]","[0.000,0.000,0.000,1.000]",[],[],"[0.000,1.000,0.000]","[0.000,0.000,0.000]"
16,NormalGameNote(Clone)/NoteCube,"[0.000,1.000,0.000]","[0.000,0.000,0.000]","[0.000,0.000,0.000,1.000]","[0.000,1.000,0.000]","[0.495,0.495,0.495]",[],[]
16,NormalGameNote(Clone),"[0.000,1.000,0.000]","[90.000,0.000,0.000]","[0.707,0.000,0.000,0.707]",[],[],[],[]
16,NormalGameNote(Clone)/NoteCube/NoteCircleGlow,"[0.000,1.000,-0.253]","[0.000,0.000,0.000]","[0.000,0.000,0.000,1.000]","[0.000,1.000,-0.253]","[0.500,0.500,0.000]",[],[]
16,NormalGameNote(Clone)/NoteCube/NoteArrowGlow,"[0.000,1.104,-0.253]","[0.000,0.000,0.000]","[0.000,0.000,0.000,1.000]","[0.000,1.104,-0.253]","[0.560,0.280,0.000]",[],[]
16,NormalGameNote(Clone)/NoteCube/NoteArrow,"[0.000,1.108,-0.254]","[0.000,0.000,0.000]","[0.000,0.000,0.000,1.000]","[0.000,1.105,-0.254]","[0.300,0.090,0.010]",[],[]
16,NormalGameNote(Clone)/NoteCube/SmallCuttable,"[0.000,1.000,0.000]","[0.000,0.000,0.000]","[0.000,0.000,0.000,1.000]",[],[],"[0.000,1.000,0.000]","[0.000,0.000,0.000]"
16,NormalGameNote(Clone)/NoteCube/BigCuttable,"[0.000,1.000,0.000]","[0.000,0.000,0.000]","[0.000,0.000,0.000,1.000]",[],[],"[0.000,1.000,0.000]","[0.000,0.000,0.000]"
16,NormalGameNote(Clone)/NoteCube,"[0.000,1.000,0.000]","[0.000,0.000,0.000]","[0.000,0.000,0.000,1.000]","[0.000,1.000,0.000]","[0.495,0.495,0.495]",[],[]
16,NormalGameNote(Clone),"[0.000,1.000,0.000]","[90.000,0.000,0.000]","[0.707,0.000,0.000,0.707]",[],[],[],[]
16,NormalGameNote(Clone)/NoteCube/NoteCircleGlow,"[0.000,1.000,-0.253]","[0.000,0.000,0.000]","[0.000,0.000,0.000,1.000]","[0.000,1.000,-0.253]","[0.500,0.500,0.000]",[],[]
16,NormalGameNote(Clone)/NoteCube/NoteArrowGlow,"[0.000,1.104,-0.253]","[0.000,0.000,0.000]","[0.000,0.000,0.000,1.000]","[0.000,1.104,-0.253]","[0.560,0.280,0.000]",[],[]
16,NormalGameNote(Clone)/NoteCube/NoteArrow,"[0.000,1.108,-0.254]","[0.000,0.000,0.000]","[0.000,0.000,0.000,1.000]","[0.000,1.105,-0.254]","[0.300,0.090,0.010]",[],[]
16,NormalGameNote(Clone)/NoteCube/SmallCuttable,"[0.000,1.000,0.000]","[0.000,0.000,0.000]","[0.000,0.000,0.000,1.000]",[],[],"[0.000,1.000,0.000]","[0.000,0.000,0.000]"
16,NormalGameNote(Clone)/NoteCube/BigCuttable,"[0.000,1.000,0.000]","[0.000,0.000,0.000]","[0.000,0.000,0.000,1.000]",[],[],"[0.000,1.000,0.000]","[0.000,0.000,0.000]"
16,NormalGameNote(Clone)/NoteCube,"[0.000,1.000,0.000]","[0.000,0.000,0.000]","[0.000,0.000,0.000,1.000]","[0.000,1.000,0.000]","[0.495,0.495,0.495]",[],[]
16,NormalGameNote(Clone),"[0.000,1.000,0.000]","[90.000,0.000,0.000]","[0.707,0.000,0.000,0.707]",[],[],[],[]
16,NormalGameNote(Clone)/NoteCube/NoteCircleGlow,"[0.000,1.000,-0.253]","[0.000,0.000,0.000]","[0.000,0.000,0.000,1.000]","[0.000,1.000,-0.253]","[0.500,0.500,0.000]",[],[]
16,NormalGameNote(Clone)/NoteCube/NoteArrowGlow,"[0.000,1.104,-0.253]","[0.000,0.000,0.000]","[0.000,0.000,0.000,1.000]","[0.000,1.104,-0.253]","[0.560,0.280,0.000]",[],[]
16,NormalGameNote(Clone)/NoteCube/NoteArrow,"[0.000,1.108,-0.254]","[0.000,0.000,0.000]","[0.000,0.000,0.000,1.000]","[0.000,1.105,-0.254]","[0.300,0.090,0.010]",[],[]
16,NormalGameNote(Clone)/NoteCube/SmallCuttable,"[0.000,1.000,0.000]","[0.000,0.000,0.000]","[0.000,0.000,0.000,1.000]",[],[],"[0.000,1.000,0.000]","[0.000,0.000,0.000]"
16,NormalGameNote(Clone)/NoteCube/BigCuttable,"[0.000,1.000,0.000]","[0.000,0.000,0.000]","[0.000,0.000,0.000,1.000]",[],[],"[0.000,1.000,0.000]","[0.000,0.000,0.000]"
16,NormalGameNote(Clone)/NoteCube,"[0.000,1.000,0.000]","[0.000,0.000,0.000]","[0.000,0.000,0.000,1.000]","[0.000,1.000,0.000]","[0.495,0.495,0.495]",[],[]
16,NormalGameNote(Clone),"[0.000,1.000,0.000]","[90.000,0.000,0.000]","[0.707,0.000,0.000,0.707]",[],[],[],[]
16,NormalGameNote(Clone)/NoteCube/NoteCircleGlow,"[0.000,1.000,-0.253]","[0.000,0.000,0.000]","[0.000,0.000,0.000,1.000]","[0.000,1.000,-0.253]","[0.500,0.500,0.000]",[],[]
16,NormalGameNote(Clone)/NoteCube/NoteArrowGlow,"[0.000,1.104,-0.253]","[0.000,0.000,0.000]","[0.000,0.000,0.000,1.000]","[0.000,1.104,-0.253]","[0.560,0.280,0.000]",[],[]
16,NormalGameNote(Clone)/NoteCube/NoteArrow,"[0.000,1.108,-0.254]","[0.000,0.000,0.000]","[0.000,0.000,0.000,1.000]","[0.000,1.105,-0.254]","[0.300,0.090,0.010]",[],[]
16,NormalGameNote(Clone)/NoteCube/SmallCuttable,"[0.000,1.000,0.000]","[0.000,0.000,0.000]","[0.000,0.000,0.000,1.000]",[],[],"[0.000,1.000,0.000]","[0.000,0.000,0.000]"
16,NormalGameNote(Clone)/NoteCube/BigCuttable,"[0.000,1.000,0.000]","[0.000,0.000,0.000]","[0.000,0.000,0.000,1.000]",[],[],"[0.000,1.000,0.000]","[0.000,0.000,0.000]"
16,NormalGameNote(Clone)/NoteCube,"[0.000,1.000,0.000]","[0.000,0.000,0.000]","[0.000,0.000,0.000,1.000]","[0.000,1.000,0.000]","[0.495,0.495,0.495]",[],[]
16,NormalGameNote(Clone),"[0.000,1.000,0.000]","[90.000,0.000,0.000]","[0.707,0.000,0.000,0.707]",[],[],[],[]
16,NormalGameNote(Clone)/NoteCube/NoteCircleGlow,"[0.000,1.000,-0.253]","[0.000,0.000,0.000]","[0.000,0.000,0.000,1.000]","[0.000,1.000,-0.253]","[0.500,0.500,0.000]",[],[]
16,NormalGameNote(Clone)/NoteCube/NoteArrowGlow,"[0.000,1.104,-0.253]","[0.000,0.000,0.000]","[0.000,0.000,0.000,1.000]","[0.000,1.104,-0.253]","[0.560,0.280,0.000]",[],[]
16,NormalGameNote(Clone)/NoteCube/NoteArrow,"[0.000,1.108,-0.254]","[0.000,0.000,0.000]","[0.000,0.000,0.000,1.000]","[0.000,1.105,-0.254]","[0.300,0.090,0.010]",[],[]
16,NormalGameNote(Clone)/NoteCube/SmallCuttable,"[0.000,1.000,0.000]","[0.000,0.000,0.000]","[0.000,0.000,0.000,1.000]",[],[],"[0.000,1.000,0.000]","[0.000,0.000,0.000]"
16,NormalGameNote(Clone)/NoteCube/BigCuttable,"[0.000,1.000,0.000]","[0.000,0.000,0.000]","[0.000,0.000,0.000,1.000]",[],[],"[0.000,1.000,0.000]","[0.000,0.000,0.000]"
16,NormalGameNote(Clone)/NoteCube,"[0.000,1.000,0.000]","[0.000,0.000,0.000]","[0.000,0.000,0.000,1.000]","[0.000,1.000,0.000]","[0.495,0.495,0.495]",[],[]
16,NormalGameNote(Clone),"[0.000,1.000,0.000]","[90.000,0.000,0.000]","[0.707,0.000,0.000,0.707]",[],[],[],[]
16,NormalGameNote(Clone)/NoteCube/NoteCircleGlow,"[0.000,1.000,-0.253]","[0.000,0.000,0.000]","[0.000,0.000,0.000,1.000]","[0.000,1.000,-0.253]","[0.500,0.500,0.000]",[],[]
16,NormalGameNote(Clone)/NoteCube/NoteArrowGlow,"[0.000,1.104,-0.253]","[0.000,0.000,0.000]","[0.000,0.000,0.000,1.000]","[0.000,1.104,-0.253]","[0.560,0.280,0.000]",[],[]
16,NormalGameNote(Clone)/NoteCube/NoteArrow,"[0.000,1.108,-0.254]","[0.000,0.000,0.000]","[0.000,0.000,0.000,1.000]","[0.000,1.105,-0.254]","[0.300,0.090,0.010]",[],[]
16,NormalGameNote(Clone)/NoteCube/SmallCuttable,"[0.000,1.000,0.000]","[0.000,0.000,0.000]","[0.000,0.000,0.000,1.000]",[],[],"[0.000,1.000,0.000]","[0.000,0.000,0.000]"
16,NormalGameNote(Clone)/NoteCube/BigCuttable,"[0.000,1.000,0.000]","[0.000,0.000,0.000]","[0.000,0.000,0.000,1.000]",[],[],"[0.000,1.000,0.000]","[0.000,0.000,0.000]"
16,NormalGameNote(Clone)/NoteCube,"[0.000,1.000,0.000]","[0.000,0.000,0.000]","[0.000,0.000,0.000,1.000]","[0.000,1.000,0.000]","[0.495,0.495,0.495]",[],[]
16,NormalGameNote(Clone),"[0.000,1.000,0.000]","[90.000,0.000,0.000]","[0.707,0.000,0.000,0.707]",[],[],[],[]
16,NormalGameNote(Clone)/NoteCube/NoteCircleGlow,"[0.000,1.000,-0.253]","[0.000,0.000,0.000]","[0.000,0.000,0.000,1.000]","[0.000,1.000,-0.253]","[0.500,0.500,0.000]",[],[]
16,NormalGameNote(Clone)/NoteCube/NoteArrowGlow,"[0.000,1.104,-0.253]","[0.000,0.000,0.000]","[0.000,0.000,0.000,1.000]","[0.000,1.104,-0.253]","[0.560,0.280,0.000]",[],[]
16,NormalGameNote(Clone)/NoteCube/NoteArrow,"[0.000,1.108,-0.254]","[0.000,0.000,0.000]","[0.000,0.000,0.000,1.000]","[0.000,1.105,-0.254]","[0.300,0.090,0.010]",[],[]
16,NormalGameNote(Clone)/NoteCube/SmallCuttable,"[0.000,1.000,0.000]","[0.000,0.000,0.000]","[0.000,0.000,0.000,1.000]",[],[],"[0.000,1.000,0.000]","[0.000,0.000,0.000]"
16,NormalGameNote(Clone)/NoteCube/BigCuttable,"[0.000,1.000,0.000]","[0.000,0.000,0.000]","[0.000,0.000,0.000,1.000]",[],[],"[0.000,1.000,0.000]","[0.000,0.000,0.000]"
16,NormalGameNote(Clone)/NoteCube,"[0.000,1.000,0.000]","[0.000,0.000,0.000]","[0.000,0.000,0.000,1.000]","[0.000,1.000,0.000]","[0.495,0.495,0.495]",[],[]
16,NormalGameNote(Clone),"[0.000,1.000,0.000]","[90.000,0.000,0.000]","[0.707,0.000,0.000,0.707]",[],[],[],[]
16,NormalGameNote(Clone)/NoteCube/NoteCircleGlow,"[0.000,1.000,-0.253]","[0.000,0.000,0.000]","[0.000,0.000,0.000,1.000]","[0.000,1.000,-0.253]","[0.500,0.500,0.000]",[],[]
16,NormalGameNote(Clone)/NoteCube/NoteArrowGlow,"[0.000,1.104,-0.253]","[0.000,0.000,0.000]","[0.000,0.000,0.000,1.000]","[0.000,1.104,-0.253]","[0.560,0.280,0.000]",[],[]
16,NormalGameNote(Clone)/NoteCube/NoteArrow,"[0.000,1.108,-0.254]","[0.000,0.000,0.000]","[0.000,0.000,0.000,1.000]","[0.000,1.105,-0.254]","[0.300,0.090,0.010]",[],[]
16,NormalGameNote(Clone)/NoteCube/SmallCuttable,"[0.000,1.000,0.000]","[0.000,0.000,0.000]","[0.000,0.000,0.000,1.000]",[],[],"[0.000,1.000,0.000]","[0.000,0.000,0.000]"
16,NormalGameNote(Clone)/NoteCube/BigCuttable,"[0.000,1.000,0.000]","[0.000,0.000,0.000]","[0.000,0.000,0.000,1.000]",[],[],"[0.000,1.000,0.000]","[0.000,0.000,0.000]"
16,NormalGameNote(Clone)/NoteCube,"[0.000,1.000,0.000]","[0.000,0.000,0.000]","[0.000,0.000,0.000,1.000]","[0.000,1.000,0.000]","[0.495,0.495,0.495]",[],[]
16,NormalGameNote(Clone),"[0.000,1.000,0.000]","[90.000,0.000,0.000]","[0.707,0.000,0.000,0.707]",[],[],[],[]
16,NormalGameNote(Clone)/NoteCube/NoteCircleGlow,"[0.000,1.000,-0.253]","[0.000,0.000,0.000]","[0.000,0.000,0.000,1.000]","[0.000,1.000,-0.253]","[0.500,0.500,0.000]",[],[]
16,NormalGameNote(Clone)/NoteCube/NoteArrowGlow,"[0.000,1.104,-0.253]","[0.000,0.000,0.000]","[0.000,0.000,0.000,1.000]","[0.000,1.104,-0.253]","[0.560,0.280,0.000]",[],[]
16,NormalGameNote(Clone)/NoteCube/NoteArrow,"[0.000,1.108,-0.254]","[0.000,0.000,0.000]","[0.000,0.000,0.000,1.000]","[0.000,1.105,-0.254]","[0.300,0.090,0.010]",[],[]
16,NormalGameNote(Clone)/NoteCube/SmallCuttable,"[0.000,1.000,0.000]","[0.000,0.000,0.000]","[0.000,0.000,0.000,1.000]",[],[],"[0.000,1.000,0.000]","[0.000,0.000,0.000]"
16,NormalGameNote(Clone)/NoteCube/BigCuttable,"[0.000,1.000,0.000]","[0.000,0.000,0.000]","[0.000,0.000,0.000,1.000]",[],[],"[0.000,1.000,0.000]","[0.000,0.000,0.000]"
16,NormalGameNote(Clone)/NoteCube,"[0.000,1.000,0.000]","[0.000,0.000,0.000]","[0.000,0.000,0.000,1.000]","[0.000,1.000,0.000]","[0.495,0.495,0.495]",[],[]
16,NormalGameNote(Clone),"[0.000,1.000,0.000]","[90.000,0.000,0.000]","[0.707,0.000,0.000,0.707]",[],[],[],[]
16,NormalGameNote(Clone)/NoteCube/NoteCircleGlow,"[0.000,1.000,-0.253]","[0.000,0.000,0.000]","[0.000,0.000,0.000,1.000]","[0.000,1.000,-0.253]","[0.500,0.500,0.000]",[],[]
16,NormalGameNote(Clone)/NoteCube/NoteArrowGlow,"[0.000,1.104,-0.253]","[0.000,0.000,0.000]","[0.000,0.000,0.000,1.000]","[0.000,1.104,-0.253]","[0.560,0.280,0.000]",[],[]
16,NormalGameNote(Clone)/NoteCube/NoteArrow,"[0.000,1.108,-0.254]","[0.000,0.000,0.000]","[0.000,0.000,0.000,1.000]","[0.000,1.105,-0.254]","[0.300,0.090,0.010]",[],[]
16,NormalGameNote(Clone)/NoteCube/SmallCuttable,"[0.000,1.000,0.000]","[0.000,0.000,0.000]","[0.000,0.000,0.000,1.000]",[],[],"[0.000,1.000,0.000]","[0.000,0.000,0.000]"
16,NormalGameNote(Clone)/NoteCube/BigCuttable,"[0.000,1.000,0.000]","[0.000,0.000,0.000]","[0.000,0.000,0.000,1.000]",[],[],"[0.000,1.000,0.000]","[0.000,0.000,0.000]"
16,NormalGameNote(Clone)/NoteCube,"[0.000,1.000,0.000]","[0.000,0.000,0.000]","[0.000,0.000,0.000,1.000]","[0.000,1.000,0.000]","[0.495,0.495,0.495]",[],[]
16,NormalGameNote(Clone),"[0.000,1.000,0.000]","[90.000,0.000,0.000]","[0.707,0.000,0.000,0.707]",[],[],[],[]
16,ShortSlider(Clone)/Slider_MeshRenderer,"[0.000,0.000,0.000]","[0.000,0.000,0.000]","[0.000,0.000,0.000,1.000]","[0.000,0.000,0.000]","[0.000,0.000,0.000]",[],[]
16,ShortSlider(Clone)/MeshController,"[0.000,0.000,0.000]","[0.000,0.000,0.000]","[0.000,0.000,0.000,1.000]",[],[],[],[]
16,ShortSlider(Clone),"[0.000,0.000,0.000]","[0.000,0.000,0.000]","[0.000,0.000,0.000,1.000]",[],[],[],[]
16,Obstacle(Clone)/HideWrapper/ObstacleFrame,"[0.000,0.500,0.500]","[0.000,0.000,0.000]","[0.000,0.000,0.000,1.000]","[0.000,0.500,0.500]","[1.000,1.000,1.000]",[],[]
16,Obstacle(Clone)/HideWrapper/ObstacleFakeGlow,"[0.000,0.500,0.500]","[0.000,0.000,0.000]","[0.000,0.000,0.000,1.000]","[0.000,0.500,0.500]","[1.515,1.515,1.515]",[],[]
16,Obstacle(Clone)/HideWrapper,"[0.000,0.000,0.000]","[0.000,0.000,0.000]","[0.000,0.000,0.000,1.000]",[],[],[],[]
16,Obstacle(Clone)/ObstacleCore/DepthWrite,"[0.000,0.500,0.500]","[0.000,0.000,0.000]","[0.000,0.000,0.000,1.000]","[0.000,0.500,0.500]","[0.990,0.990,0.990]",[],[]
16,Obstacle(Clone)/ObstacleCore/Collider,"[0.000,0.500,0.500]","[0.000,0.000,0.000]","[0.000,0.000,0.000,1.000]",[],[],"[0.000,0.500,0.500]","[0.000,0.000,0.000]"
16,Obstacle(Clone)/ObstacleCore,"[0.000,0.500,0.500]","[0.000,0.000,0.000]","[0.000,0.000,0.000,1.000]","[0.000,0.500,0.500]","[0.990,0.990,0.990]",[],[]
16,Obstacle(Clone),"[0.000,0.000,0.000]","[0.000,0.000,0.000]","[0.000,0.000,0.000,1.000]",[],[],[],[]
16,Obstacle(Clone)/HideWrapper/ObstacleFrame,"[0.000,0.500,0.500]","[0.000,0.000,0.000]","[0.000,0.000,0.000,1.000]","[0.000,0.500,0.500]","[1.000,1.000,1.000]",[],[]
16,Obstacle(Clone)/HideWrapper/ObstacleFakeGlow,"[0.000,0.500,0.500]","[0.000,0.000,0.000]","[0.000,0.000,0.000,1.000]","[0.000,0.500,0.500]","[1.515,1.515,1.515]",[],[]
16,Obstacle(Clone)/HideWrapper,"[0.000,0.000,0.000]","[0.000,0.000,0.000]","[0.000,0.000,0.000,1.000]",[],[],[],[]
16,Obstacle(Clone)/ObstacleCore/DepthWrite,"[0.000,0.500,0.500]","[0.000,0.000,0.000]","[0.000,0.000,0.000,1.000]","[0.000,0.500,0.500]","[0.990,0.990,0.990]",[],[]
16,Obstacle(Clone)/ObstacleCore/Collider,"[0.000,0.500,0.500]","[0.000,0.000,0.000]","[0.000,0.000,0.000,1.000]",[],[],"[0.000,0.500,0.500]","[0.000,0.000,0.000]"
16,Obstacle(Clone)/ObstacleCore,"[0.000,0.500,0.500]","[0.000,0.000,0.000]","[0.000,0.000,0.000,1.000]","[0.000,0.500,0.500]","[0.990,0.990,0.990]",[],[]
16,Obstacle(Clone),"[0.000,0.000,0.000]","[0.000,0.000,0.000]","[0.000,0.000,0.000,1.000]",[],[],[],[]
16,Obstacle(Clone)/HideWrapper/ObstacleFrame,"[0.000,0.500,0.500]","[0.000,0.000,0.000]","[0.000,0.000,0.000,1.000]","[0.000,0.500,0.500]","[1.000,1.000,1.000]",[],[]
16,Obstacle(Clone)/HideWrapper/ObstacleFakeGlow,"[0.000,0.500,0.500]","[0.000,0.000,0.000]","[0.000,0.000,0.000,1.000]","[0.000,0.500,0.500]","[1.515,1.515,1.515]",[],[]
16,Obstacle(Clone)/HideWrapper,"[0.000,0.000,0.000]","[0.000,0.000,0.000]","[0.000,0.000,0.000,1.000]",[],[],[],[]
16,Obstacle(Clone)/ObstacleCore/DepthWrite,"[0.000,0.500,0.500]","[0.000,0.000,0.000]","[0.000,0.000,0.000,1.000]","[0.000,0.500,0.500]","[0.990,0.990,0.990]",[],[]
16,Obstacle(Clone)/ObstacleCore/Collider,"[0.000,0.500,0.500]","[0.000,0.000,0.000]","[0.000,0.000,0.000,1.000]",[],[],"[0.000,0.500,0.500]","[0.000,0.000,0.000]"
16,Obstacle(Clone)/ObstacleCore,"[0.000,0.500,0.500]","[0.000,0.000,0.000]","[0.000,0.000,0.000,1.000]","[0.000,0.500,0.500]","[0.990,0.990,0.990]",[],[]
16,Obstacle(Clone),"[0.000,0.000,0.000]","[0.000,0.000,0.000]","[0.000,0.000,0.000,1.000]",[],[],[],[]
16,Obstacle(Clone)/HideWrapper/ObstacleFrame,"[0.000,0.500,0.500]","[0.000,0.000,0.000]","[0.000,0.000,0.000,1.000]","[0.000,0.500,0.500]","[1.000,1.000,1.000]",[],[]
16,Obstacle(Clone)/HideWrapper/ObstacleFakeGlow,"[0.000,0.500,0.500]","[0.000,0.000,0.000]","[0.000,0.000,0.000,1.000]","[0.000,0.500,0.500]","[1.515,1.515,1.515]",[],[]
16,Obstacle(Clone)/HideWrapper,"[0.000,0.000,0.000]","[0.000,0.000,0.000]","[0.000,0.000,0.000,1.000]",[],[],[],[]
16,Obstacle(Clone)/ObstacleCore/DepthWrite,"[0.000,0.500,0.500]","[0.000,0.000,0.000]","[0.000,0.000,0.000,1.000]","[0.000,0.500,0.500]","[0.990,0.990,0.990]",[],[]
16,Obstacle(Clone)/ObstacleCore/Collider,"[0.000,0.500,0.500]","[0.000,0.000,0.000]","[0.000,0.000,0.000,1.000]",[],[],"[0.000,0.500,0.500]","[0.000,0.000,0.000]"
16,Obstacle(Clone)/ObstacleCore,"[0.000,0.500,0.500]","[0.000,0.000,0.000]","[0.000,0.000,0.000,1.000]","[0.000,0.500,0.500]","[0.990,0.990,0.990]",[],[]
16,Obstacle(Clone),"[0.000,0.000,0.000]","[0.000,0.000,0.000]","[0.000,0.000,0.000,1.000]",[],[],[],[]
16,Obstacle(Clone)/HideWrapper/ObstacleFrame,"[0.000,0.500,0.500]","[0.000,0.000,0.000]","[0.000,0.000,0.000,1.000]","[0.000,0.500,0.500]","[1.000,1.000,1.000]",[],[]
16,Obstacle(Clone)/HideWrapper/ObstacleFakeGlow,"[0.000,0.500,0.500]","[0.000,0.000,0.000]","[0.000,0.000,0.000,1.000]","[0.000,0.500,0.500]","[1.515,1.515,1.515]",[],[]
16,Obstacle(Clone)/HideWrapper,"[0.000,0.000,0.000]","[0.000,0.000,0.000]","[0.000,0.000,0.000,1.000]",[],[],[],[]
16,Obstacle(Clone)/ObstacleCore/DepthWrite,"[0.000,0.500,0.500]","[0.000,0.000,0.000]","[0.000,0.000,0.000,1.000]","[0.000,0.500,0.500]","[0.990,0.990,0.990]",[],[]
16,Obstacle(Clone)/ObstacleCore/Collider,"[0.000,0.500,0.500]","[0.000,0.000,0.000]","[0.000,0.000,0.000,1.000]",[],[],"[0.000,0.500,0.500]","[0.000,0.000,0.000]"
16,Obstacle(Clone)/ObstacleCore,"[0.000,0.500,0.500]","[0.000,0.000,0.000]","[0.000,0.000,0.000,1.000]","[0.000,0.500,0.500]","[0.990,0.990,0.990]",[],[]
16,Obstacle(Clone),"[0.000,0.000,0.000]","[0.000,0.000,0.000]","[0.000,0.000,0.000,1.000]",[],[],[],[]
16,Obstacle(Clone)/HideWrapper/ObstacleFrame,"[0.000,0.500,0.500]","[0.000,0.000,0.000]","[0.000,0.000,0.000,1.000]","[0.000,0.500,0.500]","[1.000,1.000,1.000]",[],[]
16,Obstacle(Clone)/HideWrapper/ObstacleFakeGlow,"[0.000,0.500,0.500]","[0.000,0.000,0.000]","[0.000,0.000,0.000,1.000]","[0.000,0.500,0.500]","[1.515,1.515,1.515]",[],[]
16,Obstacle(Clone)/HideWrapper,"[0.000,0.000,0.000]","[0.000,0.000,0.000]","[0.000,0.000,0.000,1.000]",[],[],[],[]
16,Obstacle(Clone)/ObstacleCore/DepthWrite,"[0.000,0.500,0.500]","[0.000,0.000,0.000]","[0.000,0.000,0.000,1.000]","[0.000,0.500,0.500]","[0.990,0.990,0.990]",[],[]
16,Obstacle(Clone)/ObstacleCore/Collider,"[0.000,0.500,0.500]","[0.000,0.000,0.000]","[0.000,0.000,0.000,1.000]",[],[],"[0.000,0.500,0.500]","[0.000,0.000,0.000]"
16,Obstacle(Clone)/ObstacleCore,"[0.000,0.500,0.500]","[0.000,0.000,0.000]","[0.000,0.000,0.000,1.000]","[0.000,0.500,0.500]","[0.990,0.990,0.990]",[],[]
16,Obstacle(Clone),"[0.000,0.000,0.000]","[0.000,0.000,0.000]","[0.000,0.000,0.000,1.000]",[],[],[],[]
16,Obstacle(Clone)/HideWrapper/ObstacleFrame,"[0.000,0.500,0.500]","[0.000,0.000,0.000]","[0.000,0.000,0.000,1.000]","[0.000,0.500,0.500]","[1.000,1.000,1.000]",[],[]
16,Obstacle(Clone)/HideWrapper/ObstacleFakeGlow,"[0.000,0.500,0.500]","[0.000,0.000,0.000]","[0.000,0.000,0.000,1.000]","[0.000,0.500,0.500]","[1.515,1.515,1.515]",[],[]
16,Obstacle(Clone)/HideWrapper,"[0.000,0.000,0.000]","[0.000,0.000,0.000]","[0.000,0.000,0.000,1.000]",[],[],[],[]
16,Obstacle(Clone)/ObstacleCore/DepthWrite,"[0.000,0.500,0.500]","[0.000,0.000,0.000]","[0.000,0.000,0.000,1.000]","[0.000,0.500,0.500]","[0.990,0.990,0.990]",[],[]
16,Obstacle(Clone)/ObstacleCore/Collider,"[0.000,0.500,0.500]","[0.000,0.000,0.000]","[0.000,0.000,0.000,1.000]",[],[],"[0.000,0.500,0.500]","[0.000,0.000,0.000]"
16,Obstacle(Clone)/ObstacleCore,"[0.000,0.500,0.500]","[0.000,0.000,0.000]","[0.000,0.000,0.000,1.000]","[0.000,0.500,0.500]","[0.990,0.990,0.990]",[],[]
16,Obstacle(Clone),"[0.000,0.000,0.000]","[0.000,0.000,0.000]","[0.000,0.000,0.000,1.000]",[],[],[],[]
16,Obstacle(Clone)/HideWrapper/ObstacleFrame,"[0.000,0.500,0.500]","[0.000,0.000,0.000]","[0.000,0.000,0.000,1.000]","[0.000,0.500,0.500]","[1.000,1.000,1.000]",[],[]
16,Obstacle(Clone)/HideWrapper/ObstacleFakeGlow,"[0.000,0.500,0.500]","[0.000,0.000,0.000]","[0.000,0.000,0.000,1.000]","[0.000,0.500,0.500]","[1.515,1.515,1.515]",[],[]
16,Obstacle(Clone)/HideWrapper,"[0.000,0.000,0.000]","[0.000,0.000,0.000]","[0.000,0.000,0.000,1.000]",[],[],[],[]
16,Obstacle(Clone)/ObstacleCore/DepthWrite,"[0.000,0.500,0.500]","[0.000,0.000,0.000]","[0.000,0.000,0.000,1.000]","[0.000,0.500,0.500]","[0.990,0.990,0.990]",[],[]
16,Obstacle(Clone)/ObstacleCore/Collider,"[0.000,0.500,0.500]","[0.000,0.000,0.000]","[0.000,0.000,0.000,1.000]",[],[],"[0.000,0.500,0.500]","[0.000,0.000,0.000]"
16,Obstacle(Clone)/ObstacleCore,"[0.000,0.500,0.500]","[0.000,0.000,0.000]","[0.000,0.000,0.000,1.000]","[0.000,0.500,0.500]","[0.990,0.990,0.990]",[],[]
16,Obstacle(Clone),"[0.000,0.000,0.000]","[0.000,0.000,0.000]","[0.000,0.000,0.000,1.000]",[],[],[],[]
16,Obstacle(Clone)/HideWrapper/ObstacleFrame,"[0.000,0.500,0.500]","[0.000,0.000,0.000]","[0.000,0.000,0.000,1.000]","[0.000,0.500,0.500]","[1.000,1.000,1.000]",[],[]
16,Obstacle(Clone)/HideWrapper/ObstacleFakeGlow,"[0.000,0.500,0.500]","[0.000,0.000,0.000]","[0.000,0.000,0.000,1.000]","[0.000,0.500,0.500]","[1.515,1.515,1.515]",[],[]
16,Obstacle(Clone)/HideWrapper,"[0.000,0.000,0.000]","[0.000,0.000,0.000]","[0.000,0.000,0.000,1.000]",[],[],[],[]
16,Obstacle(Clone)/ObstacleCore/DepthWrite,"[0.000,0.500,0.500]","[0.000,0.000,0.000]","[0.000,0.000,0.000,1.000]","[0.000,0.500,0.500]","[0.990,0.990,0.990]",[],[]
16,Obstacle(Clone)/ObstacleCore/Collider,"[0.000,0.500,0.500]","[0.000,0.000,0.000]","[0.000,0.000,0.000,1.000]",[],[],"[0.000,0.500,0.500]","[0.000,0.000,0.000]"
16,Obstacle(Clone)/ObstacleCore,"[0.000,0.500,0.500]","[0.000,0.000,0.000]","[0.000,0.000,0.000,1.000]","[0.000,0.500,0.500]","[0.990,0.990,0.990]",[],[]
16,Obstacle(Clone),"[0.000,0.000,0.000]","[0.000,0.000,0.000]","[0.000,0.000,0.000,1.000]",[],[],[],[]
16,Obstacle(Clone)/HideWrapper/ObstacleFrame,"[0.000,0.500,0.500]","[0.000,0.000,0.000]","[0.000,0.000,0.000,1.000]","[0.000,0.500,0.500]","[1.000,1.000,1.000]",[],[]
16,Obstacle(Clone)/HideWrapper/ObstacleFakeGlow,"[0.000,0.500,0.500]","[0.000,0.000,0.000]","[0.000,0.000,0.000,1.000]","[0.000,0.500,0.500]","[1.515,1.515,1.515]",[],[]
16,Obstacle(Clone)/HideWrapper,"[0.000,0.000,0.000]","[0.000,0.000,0.000]","[0.000,0.000,0.000,1.000]",[],[],[],[]
16,Obstacle(Clone)/ObstacleCore/DepthWrite,"[0.000,0.500,0.500]","[0.000,0.000,0.000]","[0.000,0.000,0.000,1.000]","[0.000,0.500,0.500]","[0.990,0.990,0.990]",[],[]
16,Obstacle(Clone)/ObstacleCore/Collider,"[0.000,0.500,0.500]","[0.000,0.000,0.000]","[0.000,0.000,0.000,1.000]",[],[],"[0.000,0.500,0.500]","[0.000,0.000,0.000]"
16,Obstacle(Clone)/ObstacleCore,"[0.000,0.500,0.500]","[0.000,0.000,0.000]","[0.000,0.000,0.000,1.000]","[0.000,0.500,0.500]","[0.990,0.990,0.990]",[],[]
16,Obstacle(Clone),"[0.000,0.000,0.000]","[0.000,0.000,0.000]","[0.000,0.000,0.000,1.000]",[],[],[],[]
16,Obstacle(Clone)/HideWrapper/ObstacleFrame,"[0.000,0.500,0.500]","[0.000,0.000,0.000]","[0.000,0.000,0.000,1.000]","[0.000,0.500,0.500]","[1.000,1.000,1.000]",[],[]
16,Obstacle(Clone)/HideWrapper/ObstacleFakeGlow,"[0.000,0.500,0.500]","[0.000,0.000,0.000]","[0.000,0.000,0.000,1.000]","[0.000,0.500,0.500]","[1.515,1.515,1.515]",[],[]
16,Obstacle(Clone)/HideWrapper,"[0.000,0.000,0.000]","[0.000,0.000,0.000]","[0.000,0.000,0.000,1.000]",[],[],[],[]
16,Obstacle(Clone)/ObstacleCore/DepthWrite,"[0.000,0.500,0.500]","[0.000,0.000,0.000]","[0.000,0.000,0.000,1.000]","[0.000,0.500,0.500]","[0.990,0.990,0.990]",[],[]
16,Obstacle(Clone)/ObstacleCore/Collider,"[0.000,0.500,0.500]","[0.000,0.000,0.000]","[0.000,0.000,0.000,1.000]",[],[],"[0.000,0.500,0.500]","[0.000,0.000,0.000]"
16,Obstacle(Clone)/ObstacleCore,"[0.000,0.500,0.500]","[0.000,0.000,0.000]","[0.000,0.000,0.000,1.000]","[0.000,0.500,0.500]","[0.990,0.990,0.990]",[],[]
16,Obstacle(Clone),"[0.000,0.000,0.000]","[0.000,0.000,0.000]","[0.000,0.000,0.000,1.000]",[],[],[],[]
16,Obstacle(Clone)/HideWrapper/ObstacleFrame,"[0.000,0.500,0.500]","[0.000,0.000,0.000]","[0.000,0.000,0.000,1.000]","[0.000,0.500,0.500]","[1.000,1.000,1.000]",[],[]
16,Obstacle(Clone)/HideWrapper/ObstacleFakeGlow,"[0.000,0.500,0.500]","[0.000,0.000,0.000]","[0.000,0.000,0.000,1.000]","[0.000,0.500,0.500]","[1.515,1.515,1.515]",[],[]
16,Obstacle(Clone)/HideWrapper,"[0.000,0.000,0.000]","[0.000,0.000,0.000]","[0.000,0.000,0.000,1.000]",[],[],[],[]
16,Obstacle(Clone)/ObstacleCore/DepthWrite,"[0.000,0.500,0.500]","[0.000,0.000,0.000]","[0.000,0.000,0.000,1.000]","[0.000,0.500,0.500]","[0.990,0.990,0.990]",[],[]
16,Obstacle(Clone)/ObstacleCore/Collider,"[0.000,0.500,0.500]","[0.000,0.000,0.000]","[0.000,0.000,0.000,1.000]",[],[],"[0.000,0.500,0.500]","[0.000,0.000,0.000]"
16,Obstacle(Clone)/ObstacleCore,"[0.000,0.500,0.500]","[0.000,0.000,0.000]","[0.000,0.000,0.000,1.000]","[0.000,0.500,0.500]","[0.990,0.990,0.990]",[],[]
16,Obstacle(Clone),"[0.000,0.000,0.000]","[0.000,0.000,0.000]","[0.000,0.000,0.000,1.000]",[],[],[],[]
16,Obstacle(Clone)/HideWrapper/ObstacleFrame,"[0.000,0.500,0.500]","[0.000,0.000,0.000]","[0.000,0.000,0.000,1.000]","[0.000,0.500,0.500]","[1.000,1.000,1.000]",[],[]
16,Obstacle(Clone)/HideWrapper/ObstacleFakeGlow,"[0.000,0.500,0.500]","[0.000,0.000,0.000]","[0.000,0.000,0.000,1.000]","[0.000,0.500,0.500]","[1.515,1.515,1.515]",[],[]
16,Obstacle(Clone)/HideWrapper,"[0.000,0.000,0.000]","[0.000,0.000,0.000]","[0.000,0.000,0.000,1.000]",[],[],[],[]
16,Obstacle(Clone)/ObstacleCore/DepthWrite,"[0.000,0.500,0.500]","[0.000,0.000,0.000]","[0.000,0.000,0.000,1.000]","[0.000,0.500,0.500]","[0.990,0.990,0.990]",[],[]
16,Obstacle(Clone)/ObstacleCore/Collider,"[0.000,0.500,0.500]","[0.000,0.000,0.000]","[0.000,0.000,0.000,1.000]",[],[],"[0.000,0.500,0.500]","[0.000,0.000,0.000]"
16,Obstacle(Clone)/ObstacleCore,"[0.000,0.500,0.500]","[0.000,0.000,0.000]","[0.000,0.000,0.000,1.000]","[0.000,0.500,0.500]","[0.990,0.990,0.990]",[],[]
16,Obstacle(Clone),"[0.000,0.000,0.000]","[0.000,0.000,0.000]","[0.000,0.000,0.000,1.000]",[],[],[],[]
16,Obstacle(Clone)/HideWrapper/ObstacleFrame,"[0.000,0.500,0.500]","[0.000,0.000,0.000]","[0.000,0.000,0.000,1.000]","[0.000,0.500,0.500]","[1.000,1.000,1.000]",[],[]
16,Obstacle(Clone)/HideWrapper/ObstacleFakeGlow,"[0.000,0.500,0.500]","[0.000,0.000,0.000]","[0.000,0.000,0.000,1.000]","[0.000,0.500,0.500]","[1.515,1.515,1.515]",[],[]
16,Obstacle(Clone)/HideWrapper,"[0.000,0.000,0.000]","[0.000,0.000,0.000]","[0.000,0.000,0.000,1.000]",[],[],[],[]
16,Obstacle(Clone)/ObstacleCore/DepthWrite,"[0.000,0.500,0.500]","[0.000,0.000,0.000]","[0.000,0.000,0.000,1.000]","[0.000,0.500,0.500]","[0.990,0.990,0.990]",[],[]
16,Obstacle(Clone)/ObstacleCore/Collider,"[0.000,0.500,0.500]","[0.000,0.000,0.000]","[0.000,0.000,0.000,1.000]",[],[],"[0.000,0.500,0.500]","[0.000,0.000,0.000]"
16,Obstacle(Clone)/ObstacleCore,"[0.000,0.500,0.500]","[0.000,0.000,0.000]","[0.000,0.000,0.000,1.000]","[0.000,0.500,0.500]","[0.990,0.990,0.990]",[],[]
16,Obstacle(Clone),"[0.000,0.000,0.000]","[0.000,0.000,0.000]","[0.000,0.000,0.000,1.000]",[],[],[],[]
16,Obstacle(Clone)/HideWrapper/ObstacleFrame,"[0.000,0.500,0.500]","[0.000,0.000,0.000]","[0.000,0.000,0.000,1.000]","[0.000,0.500,0.500]","[1.000,1.000,1.000]",[],[]
16,Obstacle(Clone)/HideWrapper/ObstacleFakeGlow,"[0.000,0.500,0.500]","[0.000,0.000,0.000]","[0.000,0.000,0.000,1.000]","[0.000,0.500,0.500]","[1.515,1.515,1.515]",[],[]
16,Obstacle(Clone)/HideWrapper,"[0.000,0.000,0.000]","[0.000,0.000,0.000]","[0.000,0.000,0.000,1.000]",[],[],[],[]
16,Obstacle(Clone)/ObstacleCore/DepthWrite,"[0.000,0.500,0.500]","[0.000,0.000,0.000]","[0.000,0.000,0.000,1.000]","[0.000,0.500,0.500]","[0.990,0.990,0.990]",[],[]
16,Obstacle(Clone)/ObstacleCore/Collider,"[0.000,0.500,0.500]","[0.000,0.000,0.000]","[0.000,0.000,0.000,1.000]",[],[],"[0.000,0.500,0.500]","[0.000,0.000,0.000]"
16,Obstacle(Clone)/ObstacleCore,"[0.000,0.500,0.500]","[0.000,0.000,0.000]","[0.000,0.000,0.000,1.000]","[0.000,0.500,0.500]","[0.990,0.990,0.990]",[],[]
16,Obstacle(Clone),"[0.000,0.000,0.000]","[0.000,0.000,0.000]","[0.000,0.000,0.000,1.000]",[],[],[],[]
16,Obstacle(Clone)/HideWrapper/ObstacleFrame,"[0.000,0.500,0.500]","[0.000,0.000,0.000]","[0.000,0.000,0.000,1.000]","[0.000,0.500,0.500]","[1.000,1.000,1.000]",[],[]
16,Obstacle(Clone)/HideWrapper/ObstacleFakeGlow,"[0.000,0.500,0.500]","[0.000,0.000,0.000]","[0.000,0.000,0.000,1.000]","[0.000,0.500,0.500]","[1.515,1.515,1.515]",[],[]
16,Obstacle(Clone)/HideWrapper,"[0.000,0.000,0.000]","[0.000,0.000,0.000]","[0.000,0.000,0.000,1.000]",[],[],[],[]
16,Obstacle(Clone)/ObstacleCore/DepthWrite,"[0.000,0.500,0.500]","[0.000,0.000,0.000]","[0.000,0.000,0.000,1.000]","[0.000,0.500,0.500]","[0.990,0.990,0.990]",[],[]
16,Obstacle(Clone)/ObstacleCore/Collider,"[0.000,0.500,0.500]","[0.000,0.000,0.000]","[0.000,0.000,0.000,1.000]",[],[],"[0.000,0.500,0.500]","[0.000,0.000,0.000]"
16,Obstacle(Clone)/ObstacleCore,"[0.000,0.500,0.500]","[0.000,0.000,0.000]","[0.000,0.000,0.000,1.000]","[0.000,0.500,0.500]","[0.990,0.990,0.990]",[],[]
16,Obstacle(Clone),"[0.000,0.000,0.000]","[0.000,0.000,0.000]","[0.000,0.000,0.000,1.000]",[],[],[],[]
16,Obstacle(Clone)/HideWrapper/ObstacleFrame,"[0.000,0.500,0.500]","[0.000,0.000,0.000]","[0.000,0.000,0.000,1.000]","[0.000,0.500,0.500]","[1.000,1.000,1.000]",[],[]
16,Obstacle(Clone)/HideWrapper/ObstacleFakeGlow,"[0.000,0.500,0.500]","[0.000,0.000,0.000]","[0.000,0.000,0.000,1.000]","[0.000,0.500,0.500]","[1.515,1.515,1.515]",[],[]
16,Obstacle(Clone)/HideWrapper,"[0.000,0.000,0.000]","[0.000,0.000,0.000]","[0.000,0.000,0.000,1.000]",[],[],[],[]
16,Obstacle(Clone)/ObstacleCore/DepthWrite,"[0.000,0.500,0.500]","[0.000,0.000,0.000]","[0.000,0.000,0.000,1.000]","[0.000,0.500,0.500]","[0.990,0.990,0.990]",[],[]
16,Obstacle(Clone)/ObstacleCore/Collider,"[0.000,0.500,0.500]","[0.000,0.000,0.000]","[0.000,0.000,0.000,1.000]",[],[],"[0.000,0.500,0.500]","[0.000,0.000,0.000]"
16,Obstacle(Clone)/ObstacleCore,"[0.000,0.500,0.500]","[0.000,0.000,0.000]","[0.000,0.000,0.000,1.000]","[0.000,0.500,0.500]","[0.990,0.990,0.990]",[],[]
16,Obstacle(Clone),"[0.000,0.000,0.000]","[0.000,0.000,0.000]","[0.000,0.000,0.000,1.000]",[],[],[],[]
16,Obstacle(Clone)/HideWrapper/ObstacleFrame,"[0.000,0.500,0.500]","[0.000,0.000,0.000]","[0.000,0.000,0.000,1.000]","[0.000,0.500,0.500]","[1.000,1.000,1.000]",[],[]
16,Obstacle(Clone)/HideWrapper/ObstacleFakeGlow,"[0.000,0.500,0.500]","[0.000,0.000,0.000]","[0.000,0.000,0.000,1.000]","[0.000,0.500,0.500]","[1.515,1.515,1.515]",[],[]
16,Obstacle(Clone)/HideWrapper,"[0.000,0.000,0.000]","[0.000,0.000,0.000]","[0.000,0.000,0.000,1.000]",[],[],[],[]
16,Obstacle(Clone)/ObstacleCore/DepthWrite,"[0.000,0.500,0.500]","[0.000,0.000,0.000]","[0.000,0.000,0.000,1.000]","[0.000,0.500,0.500]","[0.990,0.990,0.990]",[],[]
16,Obstacle(Clone)/ObstacleCore/Collider,"[0.000,0.500,0.500]","[0.000,0.000,0.000]","[0.000,0.000,0.000,1.000]",[],[],"[0.000,0.500,0.500]","[0.000,0.000,0.000]"
16,Obstacle(Clone)/ObstacleCore,"[0.000,0.500,0.500]","[0.000,0.000,0.000]","[0.000,0.000,0.000,1.000]","[0.000,0.500,0.500]","[0.990,0.990,0.990]",[],[]
16,Obstacle(Clone),"[0.000,0.000,0.000]","[0.000,0.000,0.000]","[0.000,0.000,0.000,1.000]",[],[],[],[]
16,Obstacle(Clone)/HideWrapper/ObstacleFrame,"[0.000,0.500,0.500]","[0.000,0.000,0.000]","[0.000,0.000,0.000,1.000]","[0.000,0.500,0.500]","[1.000,1.000,1.000]",[],[]
16,Obstacle(Clone)/HideWrapper/ObstacleFakeGlow,"[0.000,0.500,0.500]","[0.000,0.000,0.000]","[0.000,0.000,0.000,1.000]","[0.000,0.500,0.500]","[1.515,1.515,1.515]",[],[]
16,Obstacle(Clone)/HideWrapper,"[0.000,0.000,0.000]","[0.000,0.000,0.000]","[0.000,0.000,0.000,1.000]",[],[],[],[]
16,Obstacle(Clone)/ObstacleCore/DepthWrite,"[0.000,0.500,0.500]","[0.000,0.000,0.000]","[0.000,0.000,0.000,1.000]","[0.000,0.500,0.500]","[0.990,0.990,0.990]",[],[]
16,Obstacle(Clone)/ObstacleCore/Collider,"[0.000,0.500,0.500]","[0.000,0.000,0.000]","[0.000,0.000,0.000,1.000]",[],[],"[0.000,0.500,0.500]","[0.000,0.000,0.000]"
16,Obstacle(Clone)/ObstacleCore,"[0.000,0.500,0.500]","[0.000,0.000,0.000]","[0.000,0.000,0.000,1.000]","[0.000,0.500,0.500]","[0.990,0.990,0.990]",[],[]
16,Obstacle(Clone),"[0.000,0.000,0.000]","[0.000,0.000,0.000]","[0.000,0.000,0.000,1.000]",[],[],[],[]
16,Obstacle(Clone)/HideWrapper/ObstacleFrame,"[0.000,0.500,0.500]","[0.000,0.000,0.000]","[0.000,0.000,0.000,1.000]","[0.000,0.500,0.500]","[1.000,1.000,1.000]",[],[]
16,Obstacle(Clone)/HideWrapper/ObstacleFakeGlow,"[0.000,0.500,0.500]","[0.000,0.000,0.000]","[0.000,0.000,0.000,1.000]","[0.000,0.500,0.500]","[1.515,1.515,1.515]",[],[]
16,Obstacle(Clone)/HideWrapper,"[0.000,0.000,0.000]","[0.000,0.000,0.000]","[0.000,0.000,0.000,1.000]",[],[],[],[]
16,Obstacle(Clone)/ObstacleCore/DepthWrite,"[0.000,0.500,0.500]","[0.000,0.000,0.000]","[0.000,0.000,0.000,1.000]","[0.000,0.500,0.500]","[0.990,0.990,0.990]",[],[]
16,Obstacle(Clone)/ObstacleCore/Collider,"[0.000,0.500,0.500]","[0.000,0.000,0.000]","[0.000,0.000,0.000,1.000]",[],[],"[0.000,0.500,0.500]","[0.000,0.000,0.000]"
16,Obstacle(Clone)/ObstacleCore,"[0.000,0.500,0.500]","[0.000,0.000,0.000]","[0.000,0.000,0.000,1.000]","[0.000,0.500,0.500]","[0.990,0.990,0.990]",[],[]
16,Obstacle(Clone),"[0.000,0.000,0.000]","[0.000,0.000,0.000]","[0.000,0.000,0.000,1.000]",[],[],[],[]
16,Obstacle(Clone)/HideWrapper/ObstacleFrame,"[0.000,0.500,0.500]","[0.000,0.000,0.000]","[0.000,0.000,0.000,1.000]","[0.000,0.500,0.500]","[1.000,1.000,1.000]",[],[]
16,Obstacle(Clone)/HideWrapper/ObstacleFakeGlow,"[0.000,0.500,0.500]","[0.000,0.000,0.000]","[0.000,0.000,0.000,1.000]","[0.000,0.500,0.500]","[1.515,1.515,1.515]",[],[]
16,Obstacle(Clone)/HideWrapper,"[0.000,0.000,0.000]","[0.000,0.000,0.000]","[0.000,0.000,0.000,1.000]",[],[],[],[]
16,Obstacle(Clone)/ObstacleCore/DepthWrite,"[0.000,0.500,0.500]","[0.000,0.000,0.000]","[0.000,0.000,0.000,1.000]","[0.000,0.500,0.500]","[0.990,0.990,0.990]",[],[]
16,Obstacle(Clone)/ObstacleCore/Collider,"[0.000,0.500,0.500]","[0.000,0.000,0.000]","[0.000,0.000,0.000,1.000]",[],[],"[0.000,0.500,0.500]","[0.000,0.000,0.000]"
16,Obstacle(Clone)/ObstacleCore,"[0.000,0.500,0.500]","[0.000,0.000,0.000]","[0.000,0.000,0.000,1.000]","[0.000,0.500,0.500]","[0.990,0.990,0.990]",[],[]
16,Obstacle(Clone),"[0.000,0.000,0.000]","[0.000,0.000,0.000]","[0.000,0.000,0.000,1.000]",[],[],[],[]
16,Obstacle(Clone)/HideWrapper/ObstacleFrame,"[0.000,0.500,0.500]","[0.000,0.000,0.000]","[0.000,0.000,0.000,1.000]","[0.000,0.500,0.500]","[1.000,1.000,1.000]",[],[]
16,Obstacle(Clone)/HideWrapper/ObstacleFakeGlow,"[0.000,0.500,0.500]","[0.000,0.000,0.000]","[0.000,0.000,0.000,1.000]","[0.000,0.500,0.500]","[1.515,1.515,1.515]",[],[]
16,Obstacle(Clone)/HideWrapper,"[0.000,0.000,0.000]","[0.000,0.000,0.000]","[0.000,0.000,0.000,1.000]",[],[],[],[]
16,Obstacle(Clone)/ObstacleCore/DepthWrite,"[0.000,0.500,0.500]","[0.000,0.000,0.000]","[0.000,0.000,0.000,1.000]","[0.000,0.500,0.500]","[0.990,0.990,0.990]",[],[]
16,Obstacle(Clone)/ObstacleCore/Collider,"[0.000,0.500,0.500]","[0.000,0.000,0.000]","[0.000,0.000,0.000,1.000]",[],[],"[0.000,0.500,0.500]","[0.000,0.000,0.000]"
16,Obstacle(Clone)/ObstacleCore,"[0.000,0.500,0.500]","[0.000,0.000,0.000]","[0.000,0.000,0.000,1.000]","[0.000,0.500,0.500]","[0.990,0.990,0.990]",[],[]
16,Obstacle(Clone),"[0.000,0.000,0.000]","[0.000,0.000,0.000]","[0.000,0.000,0.000,1.000]",[],[],[],[]
16,Obstacle(Clone)/HideWrapper/ObstacleFrame,"[0.000,0.500,0.500]","[0.000,0.000,0.000]","[0.000,0.000,0.000,1.000]","[0.000,0.500,0.500]","[1.000,1.000,1.000]",[],[]
16,Obstacle(Clone)/HideWrapper/ObstacleFakeGlow,"[0.000,0.500,0.500]","[0.000,0.000,0.000]","[0.000,0.000,0.000,1.000]","[0.000,0.500,0.500]","[1.515,1.515,1.515]",[],[]
16,Obstacle(Clone)/HideWrapper,"[0.000,0.000,0.000]","[0.000,0.000,0.000]","[0.000,0.000,0.000,1.000]",[],[],[],[]
16,Obstacle(Clone)/ObstacleCore/DepthWrite,"[0.000,0.500,0.500]","[0.000,0.000,0.000]","[0.000,0.000,0.000,1.000]","[0.000,0.500,0.500]","[0.990,0.990,0.990]",[],[]
16,Obstacle(Clone)/ObstacleCore/Collider,"[0.000,0.500,0.500]","[0.000,0.000,0.000]","[0.000,0.000,0.000,1.000]",[],[],"[0.000,0.500,0.500]","[0.000,0.000,0.000]"
16,Obstacle(Clone)/ObstacleCore,"[0.000,0.500,0.500]","[0.000,0.000,0.000]","[0.000,0.000,0.000,1.000]","[0.000,0.500,0.500]","[0.990,0.990,0.990]",[],[]
16,Obstacle(Clone),"[0.000,0.000,0.000]","[0.000,0.000,0.000]","[0.000,0.000,0.000,1.000]",[],[],[],[]
16,Obstacle(Clone)/HideWrapper/ObstacleFrame,"[0.000,0.500,0.500]","[0.000,0.000,0.000]","[0.000,0.000,0.000,1.000]","[0.000,0.500,0.500]","[1.000,1.000,1.000]",[],[]
16,Obstacle(Clone)/HideWrapper/ObstacleFakeGlow,"[0.000,0.500,0.500]","[0.000,0.000,0.000]","[0.000,0.000,0.000,1.000]","[0.000,0.500,0.500]","[1.515,1.515,1.515]",[],[]
16,Obstacle(Clone)/HideWrapper,"[0.000,0.000,0.000]","[0.000,0.000,0.000]","[0.000,0.000,0.000,1.000]",[],[],[],[]
16,Obstacle(Clone)/ObstacleCore/DepthWrite,"[0.000,0.500,0.500]","[0.000,0.000,0.000]","[0.000,0.000,0.000,1.000]","[0.000,0.500,0.500]","[0.990,0.990,0.990]",[],[]
16,Obstacle(Clone)/ObstacleCore/Collider,"[0.000,0.500,0.500]","[0.000,0.000,0.000]","[0.000,0.000,0.000,1.000]",[],[],"[0.000,0.500,0.500]","[0.000,0.000,0.000]"
16,Obstacle(Clone)/ObstacleCore,"[0.000,0.500,0.500]","[0.000,0.000,0.000]","[0.000,0.000,0.000,1.000]","[0.000,0.500,0.500]","[0.990,0.990,0.990]",[],[]
16,Obstacle(Clone),"[0.000,0.000,0.000]","[0.000,0.000,0.000]","[0.000,0.000,0.000,1.000]",[],[],[],[]
16,Obstacle(Clone)/HideWrapper/ObstacleFrame,"[0.000,0.500,0.500]","[0.000,0.000,0.000]","[0.000,0.000,0.000,1.000]","[0.000,0.500,0.500]","[1.000,1.000,1.000]",[],[]
16,Obstacle(Clone)/HideWrapper/ObstacleFakeGlow,"[0.000,0.500,0.500]","[0.000,0.000,0.000]","[0.000,0.000,0.000,1.000]","[0.000,0.500,0.500]","[1.515,1.515,1.515]",[],[]
16,Obstacle(Clone)/HideWrapper,"[0.000,0.000,0.000]","[0.000,0.000,0.000]","[0.000,0.000,0.000,1.000]",[],[],[],[]
16,Obstacle(Clone)/ObstacleCore/DepthWrite,"[0.000,0.500,0.500]","[0.000,0.000,0.000]","[0.000,0.000,0.000,1.000]","[0.000,0.500,0.500]","[0.990,0.990,0.990]",[],[]
16,Obstacle(Clone)/ObstacleCore/Collider,"[0.000,0.500,0.500]","[0.000,0.000,0.000]","[0.000,0.000,0.000,1.000]",[],[],"[0.000,0.500,0.500]","[0.000,0.000,0.000]"
16,Obstacle(Clone)/ObstacleCore,"[0.000,0.500,0.500]","[0.000,0.000,0.000]","[0.000,0.000,0.000,1.000]","[0.000,0.500,0.500]","[0.990,0.990,0.990]",[],[]
16,Obstacle(Clone),"[0.000,0.000,0.000]","[0.000,0.000,0.000]","[0.000,0.000,0.000,1.000]",[],[],[],[]
16,BombNote(Clone)/Mesh,"[0.000,0.463,0.000]","[0.000,0.000,0.000]","[0.000,0.000,0.000,1.000]","[0.009,0.476,0.000]","[0.565,0.542,0.475]","[0.000,0.463,0.000]","[0.000,0.000,0.000]"
16,BombNote(Clone),"[0.000,0.463,0.000]","[90.000,0.000,0.000]","[0.707,0.000,0.000,0.707]",[],[],[],[]
16,BombNote(Clone)/Mesh,"[0.000,0.463,0.000]","[0.000,0.000,0.000]","[0.000,0.000,0.000,1.000]","[0.009,0.476,0.000]","[0.565,0.542,0.475]","[0.000,0.463,0.000]","[0.000,0.000,0.000]"
16,BombNote(Clone),"[0.000,0.463,0.000]","[90.000,0.000,0.000]","[0.707,0.000,0.000,0.707]",[],[],[],[]
16,BombNote(Clone)/Mesh,"[0.000,0.463,0.000]","[0.000,0.000,0.000]","[0.000,0.000,0.000,1.000]","[0.009,0.476,0.000]","[0.565,0.542,0.475]","[0.000,0.463,0.000]","[0.000,0.000,0.000]"
16,BombNote(Clone),"[0.000,0.463,0.000]","[90.000,0.000,0.000]","[0.707,0.000,0.000,0.707]",[],[],[],[]
16,BombNote(Clone)/Mesh,"[0.000,0.463,0.000]","[0.000,0.000,0.000]","[0.000,0.000,0.000,1.000]","[0.009,0.476,0.000]","[0.565,0.542,0.475]","[0.000,0.463,0.000]","[0.000,0.000,0.000]"
16,BombNote(Clone),"[0.000,0.463,0.000]","[90.000,0.000,0.000]","[0.707,0.000,0.000,0.707]",[],[],[],[]
16,BombNote(Clone)/Mesh,"[0.000,0.463,0.000]","[0.000,0.000,0.000]","[0.000,0.000,0.000,1.000]","[0.009,0.476,0.000]","[0.565,0.542,0.475]","[0.000,0.463,0.000]","[0.000,0.000,0.000]"
16,BombNote(Clone),"[0.000,0.463,0.000]","[90.000,0.000,0.000]","[0.707,0.000,0.000,0.707]",[],[],[],[]
16,BombNote(Clone)/Mesh,"[0.000,0.463,0.000]","[0.000,0.000,0.000]","[0.000,0.000,0.000,1.000]","[0.009,0.476,0.000]","[0.565,0.542,0.475]","[0.000,0.463,0.000]","[0.000,0.000,0.000]"
16,BombNote(Clone),"[0.000,0.463,0.000]","[90.000,0.000,0.000]","[0.707,0.000,0.000,0.707]",[],[],[],[]
16,BombNote(Clone)/Mesh,"[0.000,0.463,0.000]","[0.000,0.000,0.000]","[0.000,0.000,0.000,1.000]","[0.009,0.476,0.000]","[0.565,0.542,0.475]","[0.000,0.463,0.000]","[0.000,0.000,0.000]"
16,BombNote(Clone),"[0.000,0.463,0.000]","[90.000,0.000,0.000]","[0.707,0.000,0.000,0.707]",[],[],[],[]
16,BombNote(Clone)/Mesh,"[0.000,0.463,0.000]","[0.000,0.000,0.000]","[0.000,0.000,0.000,1.000]","[0.009,0.476,0.000]","[0.565,0.542,0.475]","[0.000,0.463,0.000]","[0.000,0.000,0.000]"
16,BombNote(Clone),"[0.000,0.463,0.000]","[90.000,0.000,0.000]","[0.707,0.000,0.000,0.707]",[],[],[],[]
16,BombNote(Clone)/Mesh,"[0.000,0.463,0.000]","[0.000,0.000,0.000]","[0.000,0.000,0.000,1.000]","[0.009,0.476,0.000]","[0.565,0.542,0.475]","[0.000,0.463,0.000]","[0.000,0.000,0.000]"
16,BombNote(Clone),"[0.000,0.463,0.000]","[90.000,0.000,0.000]","[0.707,0.000,0.000,0.707]",[],[],[],[]
16,BombNote(Clone)/Mesh,"[0.000,0.463,0.000]","[0.000,0.000,0.000]","[0.000,0.000,0.000,1.000]","[0.009,0.476,0.000]","[0.565,0.542,0.475]","[0.000,0.463,0.000]","[0.000,0.000,0.000]"
16,BombNote(Clone),"[0.000,0.463,0.000]","[90.000,0.000,0.000]","[0.707,0.000,0.000,0.707]",[],[],[],[]
16,BombNote(Clone)/Mesh,"[0.000,0.463,0.000]","[0.000,0.000,0.000]","[0.000,0.000,0.000,1.000]","[0.009,0.476,0.000]","[0.565,0.542,0.475]","[0.000,0.463,0.000]","[0.000,0.000,0.000]"
16,BombNote(Clone),"[0.000,0.463,0.000]","[90.000,0.000,0.000]","[0.707,0.000,0.000,0.707]",[],[],[],[]
16,BombNote(Clone)/Mesh,"[0.000,0.463,0.000]","[0.000,0.000,0.000]","[0.000,0.000,0.000,1.000]","[0.009,0.476,0.000]","[0.565,0.542,0.475]","[0.000,0.463,0.000]","[0.000,0.000,0.000]"
16,BombNote(Clone),"[0.000,0.463,0.000]","[90.000,0.000,0.000]","[0.707,0.000,0.000,0.707]",[],[],[],[]
16,BombNote(Clone)/Mesh,"[0.000,0.463,0.000]","[0.000,0.000,0.000]","[0.000,0.000,0.000,1.000]","[0.009,0.476,0.000]","[0.565,0.542,0.475]","[0.000,0.463,0.000]","[0.000,0.000,0.000]"
16,BombNote(Clone),"[0.000,0.463,0.000]","[90.000,0.000,0.000]","[0.707,0.000,0.000,0.707]",[],[],[],[]
16,BombNote(Clone)/Mesh,"[0.000,0.463,0.000]","[0.000,0.000,0.000]","[0.000,0.000,0.000,1.000]","[0.009,0.476,0.000]","[0.565,0.542,0.475]","[0.000,0.463,0.000]","[0.000,0.000,0.000]"
16,BombNote(Clone),"[0.000,0.463,0.000]","[90.000,0.000,0.000]","[0.707,0.000,0.000,0.707]",[],[],[],[]
16,BombNote(Clone)/Mesh,"[0.000,0.463,0.000]","[0.000,0.000,0.000]","[0.000,0.000,0.000,1.000]","[0.009,0.476,0.000]","[0.565,0.542,0.475]","[0.000,0.463,0.000]","[0.000,0.000,0.000]"
16,BombNote(Clone),"[0.000,0.463,0.000]","[90.000,0.000,0.000]","[0.707,0.000,0.000,0.707]",[],[],[],[]
16,BombNote(Clone)/Mesh,"[0.000,0.463,0.000]","[0.000,0.000,0.000]","[0.000,0.000,0.000,1.000]","[0.009,0.476,0.000]","[0.565,0.542,0.475]","[0.000,0.463,0.000]","[0.000,0.000,0.000]"
16,BombNote(Clone),"[0.000,0.463,0.000]","[90.000,0.000,0.000]","[0.707,0.000,0.000,0.707]",[],[],[],[]
16,BombNote(Clone)/Mesh,"[0.000,0.463,0.000]","[0.000,0.000,0.000]","[0.000,0.000,0.000,1.000]","[0.009,0.476,0.000]","[0.565,0.542,0.475]","[0.000,0.463,0.000]","[0.000,0.000,0.000]"
16,BombNote(Clone),"[0.000,0.463,0.000]","[90.000,0.000,0.000]","[0.707,0.000,0.000,0.707]",[],[],[],[]
16,BombNote(Clone)/Mesh,"[0.000,0.463,0.000]","[0.000,0.000,0.000]","[0.000,0.000,0.000,1.000]","[0.009,0.476,0.000]","[0.565,0.542,0.475]","[0.000,0.463,0.000]","[0.000,0.000,0.000]"
16,BombNote(Clone),"[0.000,0.463,0.000]","[90.000,0.000,0.000]","[0.707,0.000,0.000,0.707]",[],[],[],[]
16,BombNote(Clone)/Mesh,"[0.000,0.463,0.000]","[0.000,0.000,0.000]","[0.000,0.000,0.000,1.000]","[0.009,0.476,0.000]","[0.565,0.542,0.475]","[0.000,0.463,0.000]","[0.000,0.000,0.000]"
16,BombNote(Clone),"[0.000,0.463,0.000]","[90.000,0.000,0.000]","[0.707,0.000,0.000,0.707]",[],[],[],[]
16,BombNote(Clone)/Mesh,"[0.000,0.463,0.000]","[0.000,0.000,0.000]","[0.000,0.000,0.000,1.000]","[0.009,0.476,0.000]","[0.565,0.542,0.475]","[0.000,0.463,0.000]","[0.000,0.000,0.000]"
16,BombNote(Clone),"[0.000,0.463,0.000]","[90.000,0.000,0.000]","[0.707,0.000,0.000,0.707]",[],[],[],[]
16,BombNote(Clone)/Mesh,"[0.000,0.463,0.000]","[0.000,0.000,0.000]","[0.000,0.000,0.000,1.000]","[0.009,0.476,0.000]","[0.565,0.542,0.475]","[0.000,0.463,0.000]","[0.000,0.000,0.000]"
16,BombNote(Clone),"[0.000,0.463,0.000]","[90.000,0.000,0.000]","[0.707,0.000,0.000,0.707]",[],[],[],[]
16,BombNote(Clone)/Mesh,"[0.000,0.463,0.000]","[0.000,0.000,0.000]","[0.000,0.000,0.000,1.000]","[0.009,0.476,0.000]","[0.565,0.542,0.475]","[0.000,0.463,0.000]","[0.000,0.000,0.000]"
16,BombNote(Clone),"[0.000,0.463,0.000]","[90.000,0.000,0.000]","[0.707,0.000,0.000,0.707]",[],[],[],[]
16,BombNote(Clone)/Mesh,"[0.000,0.463,0.000]","[0.000,0.000,0.000]","[0.000,0.000,0.000,1.000]","[0.009,0.476,0.000]","[0.565,0.542,0.475]","[0.000,0.463,0.000]","[0.000,0.000,0.000]"
16,BombNote(Clone),"[0.000,0.463,0.000]","[90.000,0.000,0.000]","[0.707,0.000,0.000,0.707]",[],[],[],[]
16,BombNote(Clone)/Mesh,"[0.000,0.463,0.000]","[0.000,0.000,0.000]","[0.000,0.000,0.000,1.000]","[0.009,0.476,0.000]","[0.565,0.542,0.475]","[0.000,0.463,0.000]","[0.000,0.000,0.000]"
16,BombNote(Clone),"[0.000,0.463,0.000]","[90.000,0.000,0.000]","[0.707,0.000,0.000,0.707]",[],[],[],[]
16,BombNote(Clone)/Mesh,"[0.000,0.463,0.000]","[0.000,0.000,0.000]","[0.000,0.000,0.000,1.000]","[0.009,0.476,0.000]","[0.565,0.542,0.475]","[0.000,0.463,0.000]","[0.000,0.000,0.000]"
16,BombNote(Clone),"[0.000,0.463,0.000]","[90.000,0.000,0.000]","[0.707,0.000,0.000,0.707]",[],[],[],[]
16,BombNote(Clone)/Mesh,"[0.000,0.463,0.000]","[0.000,0.000,0.000]","[0.000,0.000,0.000,1.000]","[0.009,0.476,0.000]","[0.565,0.542,0.475]","[0.000,0.463,0.000]","[0.000,0.000,0.000]"
16,BombNote(Clone),"[0.000,0.463,0.000]","[90.000,0.000,0.000]","[0.707,0.000,0.000,0.707]",[],[],[],[]
16,BombNote(Clone)/Mesh,"[0.000,0.463,0.000]","[0.000,0.000,0.000]","[0.000,0.000,0.000,1.000]","[0.009,0.476,0.000]","[0.565,0.542,0.475]","[0.000,0.463,0.000]","[0.000,0.000,0.000]"
16,BombNote(Clone),"[0.000,0.463,0.000]","[90.000,0.000,0.000]","[0.707,0.000,0.000,0.707]",[],[],[],[]
16,BombNote(Clone)/Mesh,"[0.000,0.463,0.000]","[0.000,0.000,0.000]","[0.000,0.000,0.000,1.000]","[0.009,0.476,0.000]","[0.565,0.542,0.475]","[0.000,0.463,0.000]","[0.000,0.000,0.000]"
16,BombNote(Clone),"[0.000,0.463,0.000]","[90.000,0.000,0.000]","[0.707,0.000,0.000,0.707]",[],[],[],[]
16,BombNote(Clone)/Mesh,"[0.000,0.463,0.000]","[0.000,0.000,0.000]","[0.000,0.000,0.000,1.000]","[0.009,0.476,0.000]","[0.565,0.542,0.475]","[0.000,0.463,0.000]","[0.000,0.000,0.000]"
16,BombNote(Clone),"[0.000,0.463,0.000]","[90.000,0.000,0.000]","[0.707,0.000,0.000,0.707]",[],[],[],[]
16,BombNote(Clone)/Mesh,"[0.000,0.463,0.000]","[0.000,0.000,0.000]","[0.000,0.000,0.000,1.000]","[0.009,0.476,0.000]","[0.565,0.542,0.475]","[0.000,0.463,0.000]","[0.000,0.000,0.000]"
16,BombNote(Clone),"[0.000,0.463,0.000]","[90.000,0.000,0.000]","[0.707,0.000,0.000,0.707]",[],[],[],[]
16,BombNote(Clone)/Mesh,"[0.000,0.463,0.000]","[0.000,0.000,0.000]","[0.000,0.000,0.000,1.000]","[0.009,0.476,0.000]","[0.565,0.542,0.475]","[0.000,0.463,0.000]","[0.000,0.000,0.000]"
16,BombNote(Clone),"[0.000,0.463,0.000]","[90.000,0.000,0.000]","[0.707,0.000,0.000,0.707]",[],[],[],[]
16,BombNote(Clone)/Mesh,"[0.000,0.463,0.000]","[0.000,0.000,0.000]","[0.000,0.000,0.000,1.000]","[0.009,0.476,0.000]","[0.565,0.542,0.475]","[0.000,0.463,0.000]","[0.000,0.000,0.000]"
16,BombNote(Clone),"[0.000,0.463,0.000]","[90.000,0.000,0.000]","[0.707,0.000,0.000,0.707]",[],[],[],[]
16,BombNote(Clone)/Mesh,"[0.000,0.463,0.000]","[0.000,0.000,0.000]","[0.000,0.000,0.000,1.000]","[0.009,0.476,0.000]","[0.565,0.542,0.475]","[0.000,0.463,0.000]","[0.000,0.000,0.000]"
16,BombNote(Clone),"[0.000,0.463,0.000]","[90.000,0.000,0.000]","[0.707,0.000,0.000,0.707]",[],[],[],[]
16,BombNote(Clone)/Mesh,"[0.000,0.463,0.000]","[0.000,0.000,0.000]","[0.000,0.000,0.000,1.000]","[0.009,0.476,0.000]","[0.565,0.542,0.475]","[0.000,0.463,0.000]","[0.000,0.000,0.000]"
16,BombNote(Clone),"[0.000,0.463,0.000]","[90.000,0.000,0.000]","[0.707,0.000,0.000,0.707]",[],[],[],[]
16,BombNote(Clone)/Mesh,"[0.000,0.463,0.000]","[0.000,0.000,0.000]","[0.000,0.000,0.000,1.000]","[0.009,0.476,0.000]","[0.565,0.542,0.475]","[0.000,0.463,0.000]","[0.000,0.000,0.000]"
16,BombNote(Clone),"[0.000,0.463,0.000]","[90.000,0.000,0.000]","[0.707,0.000,0.000,0.707]",[],[],[],[]
16,PlayerHeightDetector(Clone),"[0.000,0.000,0.000]","[0.000,0.000,0.000]","[0.000,0.000,0.000,1.000]",[],[],[],[]
16,GameCore/DisableGCWhileEnabled,"[0.000,0.000,0.000]","[0.000,0.000,0.000]","[0.000,0.000,0.000,1.000]",[],[],[],[]
16,GameCore/BloomFogParamsAnimator,"[0.000,0.000,0.000]","[0.000,0.000,0.000]","[0.000,0.000,0.000,1.000]",[],[],[],[]
16,GameCore/SceneSetup,"[0.000,0.000,0.000]","[0.000,0.000,0.000]","[0.000,0.000,0.000,1.000]",[],[],[],[]
16,GameCore/====== RENDERING ======,"[0.000,0.000,0.000]","[0.000,0.000,0.000]","[0.000,0.000,0.000,1.000]",[],[],[],[]
16,GameCore,"[0.000,0.000,0.000]","[0.000,0.000,0.000]","[0.000,0.000,0.000,1.000]",[],[],[],[]
16,GameCore/SceneContext,"[0.000,0.000,0.000]","[0.000,0.000,0.000]","[0.000,0.000,0.000,1.000]",[],[],[],[]
16,GameCore/====== FADE IN / OUT ======,"[0.000,0.000,0.000]","[0.000,0.000,0.000]","[0.000,0.000,0.000,1.000]",[],[],[],[]
16,GameCore/BloomSkyboxQuad,"[0.000,0.000,0.000]","[0.000,0.000,0.000]","[0.000,0.000,0.000,1.000]","[0.000,0.000,0.000]","[100000000.000,100000000.000,100000000.000]",[],[]
16,GameCore/FadeInOnSceneTransitionFinished,"[0.000,0.000,0.000]","[0.000,0.000,0.000]","[0.000,0.000,0.000,1.000]",[],[],[],[]
16,GameCore/BasicUIAudioManager,"[0.000,0.000,0.000]","[0.000,0.000,0.000]","[0.000,0.000,0.000,1.000]",[],[],[],[]
16,GameCore/FadeOutOnSceneTransition,"[0.000,0.000,0.000]","[0.000,0.000,0.000]","[0.000,0.000,0.000,1.000]",[],[],[],[]
16,GameCore/BlueNoiseHelper,"[-1.715,0.000,0.000]","[0.000,0.000,0.000]","[0.000,0.000,0.000,1.000]",[],[],[],[]
16,GameCore/SceneCameraBloomPrePass,"[0.000,0.000,0.000]","[0.000,0.000,0.000]","[0.000,0.000,0.000,1.000]",[],[],[],[]
16,GameCore/GrabPassTexture1,"[0.000,0.000,0.000]","[0.000,0.000,0.000]","[0.000,0.000,0.000,1.000]","[0.000,0.000,0.000]","[9999999.000,9999999.000,9999999.000]",[],[]
16,GameCore/VRRenderingParamsSetup,"[0.000,0.000,0.000]","[0.000,0.000,0.000]","[0.000,0.000,0.000,1.000]",[],[],[],[]
16,GameCore/EnvironmentColorManager,"[0.000,0.000,0.000]","[0.000,0.000,0.000]","[0.000,0.000,0.000,1.000]",[],[],[],[]
