ObjectName (Name of the Object),ObjectCategory (Potential Object Type),StartFrame (Frame where the object first appears),EndFrame (Frame where the object last appears),"StartPosition [x,y,z] at first valid position","EndPosition [x,y,z] at last valid position","PathLength (Sum of all displacements, added stepwise with abs value)",NetDisplacement (Vector value of end position - start position),AvgSpeed (Mean step speed over valid steps),VisibilityRatio (Percentage of frames where the object is visible),"SizeChange (Change in perceived size of the object, can be due to camera movement)",RelativeSize (Compared to other objects in the game),"MotionPhases (Symbolic phase sequence, e.g. STILL_LOW;ASCEND_MID)",PhaseTimeline (Motion phases with approximate relative durations),PathTrace (Downsampled key positions along the trajectory),MaxSpeedEvent (Notable peak speed moment),LargestVerticalChangeEvent (Notable vertical excursion),DistBand (Categorical range of total distance covered: none/short/medium/long),SpeedBand (Categorical range of average movement speed: none/slow/medium/fast),VertBand (Categorical range of vertical displacement: none/flat/moderate/large),"PathSummary (Short, deterministic natural-language description from core stats)",SemanticRole (Heuristic high-level role: Player/Enemy/Projectile/etc.),InteractionSummary (Close-approach / touch events with other objects),"NarrativeSummary (Compact narrative description using motion, phases & interactions)"
R22_Helicopter_V2/Rotors_Group/Main Rotor - Mast/R22_Mechanical_RBlade_Geo,Empty,1,17,"[0.933,3.162,-0.299]","[4.583,2.289,-4.745]",29.287305922110473,5.818208057469241,1.8304566201319046,1.0,grow,huge,STILL_MID;DESCEND_MID;HORIZ_MID;ASCEND_HIGH;DESCEND_HIGH;HORIZ_MID,STILL_MID:0.06;DESCEND_MID:0.06;HORIZ_MID:0.38;ASCEND_MID:0.12;ASCEND_HIGH:0.06;DESCEND_HIGH:0.12;DESCEND_MID:0.12;HORIZ_MID:0.06,"f1:[0.933,3.162,-0.299];f2:[0.933,3.158,-0.299];f3:[0.933,2.289,-0.299];f5:[0.791,2.289,-0.420];f6:[0.924,2.289,-0.250];f8:[0.875,2.289,-0.402];f9:[0.868,2.289,-0.187];f11:[1.570,8.505,-1.519];f12:[2.599,14.704,-3.152];f14:[2.732,10.879,-4.236];f15:[3.853,8.365,-3.994];f17:[4.583,2.289,-4.745]",Peak speed ~6.493 between frames 11-12.,Vertical span from 2.230 (f16) to 14.704 (f12).,long,slow,flat,Overall: moves slowly over a long distance with almost no vertical change. Phases: stays mostly still in a mid-height region; moves downward in a mid-height region; moves across the scene in a mid-height region; moves upward in a high region.,DynamicObject,moves close to R22_Helicopter_V2/Camera LookAt Target; moves close to R22_Helicopter_V2/Collider Group/Mast_COL; touches R22_Helicopter_V2/Rotors_Group/Main Rotor - Mast.,"As a DynamicObject, this object moves broadly across the scene with almost no vertical change. Its motion phases over time: STILL_MID:0.06;DESCEND_MID:0.06;HORIZ_MID:0.38;ASCEND_MID:0.12;ASCEND_HIGH:0.06;DESCEND_HIGH:0.12;DESCEND_MID:0.12;HORIZ_MID:0.06. Key positions along its path: f1:[0.933,3.162,-0.299];f2:[0.933,3.158,-0.299];f3:[0.933,2.289,-0.299];f5:[0.791,2.289,-0.420];f6:[0.924,2.289,-0.250];f8:[0.875,2.289,-0.402];f9:[0.868,2.289,-0.187];f11:[1.570,8.505,-1.519];f12:[2.599,14.704,-3.152];f14:[2.732,10.879,-4.236];f15:[3.853,8.365,-3.994];f17:[4.583,2.289,-4.745]. It moves close to R22_Helicopter_V2/Camera LookAt Target; moves close to R22_Helicopter_V2/Collider Group/Mast_COL; touches R22_Helicopter_V2/Rotors_Group/Main Rotor - Mast. Notable moments: Peak speed ~6.493 between frames 11-12. Vertical span from 2.230 (f16) to 14.704 (f12)."
R22_Helicopter_V2/Graphics_Group/R22_Mechanical_Group/R22_Mechanical_Motor_Geo,Mesh,1,17,"[0.803,0.882,0.244]","[4.988,0.009,-4.904]",28.95209445315612,6.691655848891214,2.895209445315612,1.0,grow,huge,STILL_LOW;DESCEND_LOW;ASCEND_LOW;DESCEND_HIGH;HORIZ_MID;DESCEND_LOW,STILL_LOW:0.06;DESCEND_LOW:0.06;STILL_LOW:0.38;ASCEND_LOW:0.06;ASCEND_MID:0.12;DESCEND_HIGH:0.06;DESCEND_MID:0.06;HORIZ_MID:0.06;DESCEND_MID:0.06;DESCEND_LOW:0.06,"f1:[0.803,0.882,0.244];f2:[0.803,0.878,0.244];f3:[0.803,0.009,0.244];f5:[0.803,0.009,0.244];f6:[0.803,0.009,0.244];f8:[0.803,0.009,0.244];f9:[0.803,0.009,0.244];f11:[1.962,6.241,-1.000];f12:[3.557,12.657,-3.665];f14:[2.451,8.581,-3.925];f15:[4.758,6.824,-5.485];f17:[4.988,0.009,-4.904]",Peak speed ~7.128 between frames 11-12.,Vertical span from 0.009 (f3) to 12.657 (f12).,medium,medium,moderate,Overall: moves at a moderate speed over a medium distance with moderate vertical variation. Phases: stays mostly still in a low region; moves downward in a low region; moves upward in a low region; moves downward in a high region.,DynamicObject,touches R22_Helicopter_V2; touches R22_Helicopter_V2/Audio Group; moves close to R22_Helicopter_V2/COG.,"As a DynamicObject, this object moves steadily over a medium distance with some vertical variation. Its motion phases over time: STILL_LOW:0.06;DESCEND_LOW:0.06;STILL_LOW:0.38;ASCEND_LOW:0.06;ASCEND_MID:0.12;DESCEND_HIGH:0.06;DESCEND_MID:0.06;HORIZ_MID:0.06;DESCEND_MID:0.06;DESCEND_LOW:0.06. Key positions along its path: f1:[0.803,0.882,0.244];f2:[0.803,0.878,0.244];f3:[0.803,0.009,0.244];f5:[0.803,0.009,0.244];f6:[0.803,0.009,0.244];f8:[0.803,0.009,0.244];f9:[0.803,0.009,0.244];f11:[1.962,6.241,-1.000];f12:[3.557,12.657,-3.665];f14:[2.451,8.581,-3.925];f15:[4.758,6.824,-5.485];f17:[4.988,0.009,-4.904]. It touches R22_Helicopter_V2; touches R22_Helicopter_V2/Audio Group; moves close to R22_Helicopter_V2/COG. Notable moments: Peak speed ~7.128 between frames 11-12. Vertical span from 0.009 (f3) to 12.657 (f12)."
R22_Helicopter_V2/Graphics_Group/R22_Cockpit_Gruop/R22_Cockpit_Chairs_Geo,Mesh,1,17,"[0.803,1.187,0.336]","[5.068,0.314,-4.95]",28.748224092882353,6.84793034427191,2.8748224092882353,1.0,grow,huge,STILL_MID;DESCEND_LOW;ASCEND_LOW;DESCEND_HIGH;HORIZ_MID;DESCEND_LOW,STILL_MID:0.06;DESCEND_LOW:0.06;STILL_LOW:0.38;ASCEND_LOW:0.06;ASCEND_MID:0.12;DESCEND_HIGH:0.06;DESCEND_MID:0.06;HORIZ_MID:0.06;DESCEND_MID:0.06;DESCEND_LOW:0.06,"f1:[0.803,1.187,0.336];f2:[0.803,1.183,0.336];f3:[0.803,0.314,0.336];f5:[0.803,0.314,0.336];f6:[0.803,0.314,0.336];f8:[0.803,0.314,0.336];f9:[0.803,0.314,0.336];f11:[2.079,6.533,-1.051];f12:[3.561,12.974,-3.648];f14:[2.622,8.828,-4.028];f15:[4.756,7.109,-5.345];f17:[5.068,0.314,-4.950]",Peak speed ~7.101 between frames 11-12.,Vertical span from 0.314 (f3) to 12.974 (f12).,medium,medium,moderate,Overall: moves at a moderate speed over a medium distance with moderate vertical variation. Phases: stays mostly still in a mid-height region; moves downward in a low region; moves upward in a low region; moves downward in a high region.,DynamicObject,moves close to R22_Helicopter_V2; moves close to R22_Helicopter_V2/Audio Group; moves close to R22_Helicopter_V2/COG.,"As a DynamicObject, this object moves steadily over a medium distance with some vertical variation. Its motion phases over time: STILL_MID:0.06;DESCEND_LOW:0.06;STILL_LOW:0.38;ASCEND_LOW:0.06;ASCEND_MID:0.12;DESCEND_HIGH:0.06;DESCEND_MID:0.06;HORIZ_MID:0.06;DESCEND_MID:0.06;DESCEND_LOW:0.06. Key positions along its path: f1:[0.803,1.187,0.336];f2:[0.803,1.183,0.336];f3:[0.803,0.314,0.336];f5:[0.803,0.314,0.336];f6:[0.803,0.314,0.336];f8:[0.803,0.314,0.336];f9:[0.803,0.314,0.336];f11:[2.079,6.533,-1.051];f12:[3.561,12.974,-3.648];f14:[2.622,8.828,-4.028];f15:[4.756,7.109,-5.345];f17:[5.068,0.314,-4.950]. It moves close to R22_Helicopter_V2; moves close to R22_Helicopter_V2/Audio Group; moves close to R22_Helicopter_V2/COG. Notable moments: Peak speed ~7.101 between frames 11-12. Vertical span from 0.314 (f3) to 12.974 (f12)."
R22_Helicopter_V2/Graphics_Group/R22_Body_Gruop/R22_Body_Windshield_Geo,Mesh,1,17,"[0.81,0.89,0.0]","[4.774,0.017,-4.788]",28.627907297632042,6.276971323815332,2.8627907297632045,1.0,grow,huge,STILL_LOW;DESCEND_LOW;ASCEND_LOW;DESCEND_HIGH;HORIZ_MID;DESCEND_LOW,STILL_LOW:0.06;DESCEND_LOW:0.06;STILL_LOW:0.38;ASCEND_LOW:0.06;ASCEND_MID:0.12;DESCEND_HIGH:0.06;DESCEND_MID:0.06;HORIZ_MID:0.06;DESCEND_MID:0.06;DESCEND_LOW:0.06,"f1:[0.810,0.890,0.000];f2:[0.810,0.886,0.000];f3:[0.810,0.017,0.000];f5:[0.810,0.017,0.000];f6:[0.810,0.017,0.000];f8:[0.810,0.017,0.000];f9:[0.810,0.017,0.000];f11:[1.720,6.267,-1.011];f12:[3.335,12.592,-3.590];f14:[2.256,8.680,-3.817];f15:[4.554,6.714,-5.408];f17:[4.774,0.017,-4.788]",Peak speed ~7.019 between frames 11-12.,Vertical span from 0.017 (f3) to 12.592 (f12).,short,medium,flat,Overall: moves at a moderate speed over a short distance with almost no vertical change. Phases: stays mostly still in a low region; moves downward in a low region; moves upward in a low region; moves downward in a high region.,DynamicObject,moves close to HeliPad_001; touches R22_Helicopter_V2; touches R22_Helicopter_V2/Audio Group.,"As a DynamicObject, this object shifts short across the scene with almost no vertical change. Its motion phases over time: STILL_LOW:0.06;DESCEND_LOW:0.06;STILL_LOW:0.38;ASCEND_LOW:0.06;ASCEND_MID:0.12;DESCEND_HIGH:0.06;DESCEND_MID:0.06;HORIZ_MID:0.06;DESCEND_MID:0.06;DESCEND_LOW:0.06. Key positions along its path: f1:[0.810,0.890,0.000];f2:[0.810,0.886,0.000];f3:[0.810,0.017,0.000];f5:[0.810,0.017,0.000];f6:[0.810,0.017,0.000];f8:[0.810,0.017,0.000];f9:[0.810,0.017,0.000];f11:[1.720,6.267,-1.011];f12:[3.335,12.592,-3.590];f14:[2.256,8.680,-3.817];f15:[4.554,6.714,-5.408];f17:[4.774,0.017,-4.788]. It moves close to HeliPad_001; touches R22_Helicopter_V2; touches R22_Helicopter_V2/Audio Group. Notable moments: Peak speed ~7.019 between frames 11-12. Vertical span from 0.017 (f3) to 12.592 (f12)."
R22_Helicopter_V2/Graphics_Group/R22_Body_Gruop/R22_Body_Geo,Mesh,1,17,"[0.81,0.89,0.0]","[4.774,0.017,-4.788]",28.627907297632042,6.276971323815332,2.8627907297632045,1.0,grow,huge,STILL_LOW;DESCEND_LOW;ASCEND_LOW;DESCEND_HIGH;HORIZ_MID;DESCEND_LOW,STILL_LOW:0.06;DESCEND_LOW:0.06;STILL_LOW:0.38;ASCEND_LOW:0.06;ASCEND_MID:0.12;DESCEND_HIGH:0.06;DESCEND_MID:0.06;HORIZ_MID:0.06;DESCEND_MID:0.06;DESCEND_LOW:0.06,"f1:[0.810,0.890,0.000];f2:[0.810,0.886,0.000];f3:[0.810,0.017,0.000];f5:[0.810,0.017,0.000];f6:[0.810,0.017,0.000];f8:[0.810,0.017,0.000];f9:[0.810,0.017,0.000];f11:[1.720,6.267,-1.011];f12:[3.335,12.592,-3.590];f14:[2.256,8.680,-3.817];f15:[4.554,6.714,-5.408];f17:[4.774,0.017,-4.788]",Peak speed ~7.019 between frames 11-12.,Vertical span from 0.017 (f3) to 12.592 (f12).,short,medium,flat,Overall: moves at a moderate speed over a short distance with almost no vertical change. Phases: stays mostly still in a low region; moves downward in a low region; moves upward in a low region; moves downward in a high region.,DynamicObject,moves close to HeliPad_001; touches R22_Helicopter_V2; touches R22_Helicopter_V2/Audio Group.,"As a DynamicObject, this object shifts short across the scene with almost no vertical change. Its motion phases over time: STILL_LOW:0.06;DESCEND_LOW:0.06;STILL_LOW:0.38;ASCEND_LOW:0.06;ASCEND_MID:0.12;DESCEND_HIGH:0.06;DESCEND_MID:0.06;HORIZ_MID:0.06;DESCEND_MID:0.06;DESCEND_LOW:0.06. Key positions along its path: f1:[0.810,0.890,0.000];f2:[0.810,0.886,0.000];f3:[0.810,0.017,0.000];f5:[0.810,0.017,0.000];f6:[0.810,0.017,0.000];f8:[0.810,0.017,0.000];f9:[0.810,0.017,0.000];f11:[1.720,6.267,-1.011];f12:[3.335,12.592,-3.590];f14:[2.256,8.680,-3.817];f15:[4.554,6.714,-5.408];f17:[4.774,0.017,-4.788]. It moves close to HeliPad_001; touches R22_Helicopter_V2; touches R22_Helicopter_V2/Audio Group. Notable moments: Peak speed ~7.019 between frames 11-12. Vertical span from 0.017 (f3) to 12.592 (f12)."
R22_Helicopter_V2/Graphics_Group/R22_Body_Gruop/R22_Body_LDoor_Geo,Mesh,1,17,"[0.18,1.812,0.306]","[5.354,0.939,-4.395]",28.361845495450986,7.0449844570446,2.8361845495450986,1.0,grow,huge,STILL_MID;DESCEND_MID;STILL_MID;ASCEND_MID;DESCEND_HIGH;HORIZ_MID,STILL_MID:0.06;DESCEND_MID:0.06;STILL_MID:0.38;ASCEND_MID:0.19;DESCEND_HIGH:0.06;DESCEND_MID:0.19;HORIZ_MID:0.06,"f1:[0.180,1.812,0.306];f2:[0.180,1.808,0.306];f3:[0.180,0.939,0.306];f5:[0.180,0.939,0.306];f6:[0.180,0.939,0.306];f8:[0.180,0.939,0.306];f9:[0.180,0.939,0.306];f11:[2.101,7.256,-0.544];f12:[3.598,13.528,-2.961];f14:[3.121,9.419,-3.601];f15:[4.901,7.357,-4.509];f17:[5.354,0.939,-4.395]",Peak speed ~6.886 between frames 11-12.,Vertical span from 0.939 (f3) to 13.528 (f12).,short,slow,moderate,Overall: moves slowly over a short distance with moderate vertical variation. Phases: stays mostly still in a mid-height region; moves downward in a mid-height region; stays mostly still in a mid-height region; moves upward in a mid-height region.,Interactable,moves close to R22_Helicopter_V2/COG; moves close to R22_Helicopter_V2/Camera LookAt Target; moves close to R22_Helicopter_V2/Collider Group/Fuselage_COL.,"As a Interactable, this object shifts short across the scene with some vertical variation. Its motion phases over time: STILL_MID:0.06;DESCEND_MID:0.06;STILL_MID:0.38;ASCEND_MID:0.19;DESCEND_HIGH:0.06;DESCEND_MID:0.19;HORIZ_MID:0.06. Key positions along its path: f1:[0.180,1.812,0.306];f2:[0.180,1.808,0.306];f3:[0.180,0.939,0.306];f5:[0.180,0.939,0.306];f6:[0.180,0.939,0.306];f8:[0.180,0.939,0.306];f9:[0.180,0.939,0.306];f11:[2.101,7.256,-0.544];f12:[3.598,13.528,-2.961];f14:[3.121,9.419,-3.601];f15:[4.901,7.357,-4.509];f17:[5.354,0.939,-4.395]. It moves close to R22_Helicopter_V2/COG; moves close to R22_Helicopter_V2/Camera LookAt Target; moves close to R22_Helicopter_V2/Collider Group/Fuselage_COL. Notable moments: Peak speed ~6.886 between frames 11-12. Vertical span from 0.939 (f3) to 13.528 (f12)."
R22_Helicopter_V2/Graphics_Group/R22_Body_Gruop/R22_Body_RDoor_Geo,Mesh,1,17,"[1.413,1.796,0.312]","[4.743,0.923,-5.466]",28.305739296569264,6.725794599896729,2.830573929656927,1.0,grow,huge,STILL_MID;DESCEND_MID;ASCEND_MID;DESCEND_HIGH;HORIZ_MID;HORIZ_MID,STILL_MID:0.06;DESCEND_MID:0.06;STILL_MID:0.38;ASCEND_MID:0.19;DESCEND_HIGH:0.06;DESCEND_MID:0.06;HORIZ_MID:0.06;DESCEND_MID:0.06;HORIZ_MID:0.06,"f1:[1.413,1.796,0.312];f2:[1.413,1.792,0.312];f3:[1.413,0.923,0.312];f5:[1.413,0.923,0.312];f6:[1.413,0.923,0.312];f8:[1.413,0.923,0.312];f9:[1.413,0.923,0.312];f11:[2.102,7.029,-1.756];f12:[3.161,13.581,-4.112];f14:[2.486,9.402,-4.658];f15:[4.261,7.806,-5.463];f17:[4.743,0.923,-5.466]",Peak speed ~7.043 between frames 11-12.,Vertical span from 0.923 (f3) to 13.581 (f12).,short,slow,moderate,Overall: moves slowly over a short distance with moderate vertical variation. Phases: stays mostly still in a mid-height region; moves downward in a mid-height region; moves upward in a mid-height region; moves downward in a high region.,Interactable,moves close to R22_Helicopter_V2/COG; moves close to R22_Helicopter_V2/Camera LookAt Target; moves close to R22_Helicopter_V2/Collider Group/Fuselage_COL.,"As a Interactable, this object shifts short across the scene with some vertical variation. Its motion phases over time: STILL_MID:0.06;DESCEND_MID:0.06;STILL_MID:0.38;ASCEND_MID:0.19;DESCEND_HIGH:0.06;DESCEND_MID:0.06;HORIZ_MID:0.06;DESCEND_MID:0.06;HORIZ_MID:0.06. Key positions along its path: f1:[1.413,1.796,0.312];f2:[1.413,1.792,0.312];f3:[1.413,0.923,0.312];f5:[1.413,0.923,0.312];f6:[1.413,0.923,0.312];f8:[1.413,0.923,0.312];f9:[1.413,0.923,0.312];f11:[2.102,7.029,-1.756];f12:[3.161,13.581,-4.112];f14:[2.486,9.402,-4.658];f15:[4.261,7.806,-5.463];f17:[4.743,0.923,-5.466]. It moves close to R22_Helicopter_V2/COG; moves close to R22_Helicopter_V2/Camera LookAt Target; moves close to R22_Helicopter_V2/Collider Group/Fuselage_COL. Notable moments: Peak speed ~7.043 between frames 11-12. Vertical span from 0.923 (f3) to 13.581 (f12)."
R22_Helicopter_V2/Rotors_Group/Main Rotor - Mast/R22_Mechanical_LBlade_Geo,Empty,1,17,"[0.684,3.162,-0.294]","[4.451,2.289,-4.533]",28.255880995655488,5.737729428964039,1.765992562228468,1.0,grow,huge,STILL_MID;DESCEND_MID;HORIZ_MID;ASCEND_HIGH;DESCEND_HIGH;HORIZ_MID,STILL_MID:0.06;DESCEND_MID:0.06;HORIZ_MID:0.38;ASCEND_MID:0.12;ASCEND_HIGH:0.06;DESCEND_HIGH:0.12;DESCEND_MID:0.12;HORIZ_MID:0.06,"f1:[0.684,3.162,-0.294];f2:[0.684,3.158,-0.294];f3:[0.684,2.289,-0.294];f5:[0.827,2.289,-0.173];f6:[0.693,2.289,-0.343];f8:[0.743,2.289,-0.190];f9:[0.750,2.289,-0.407];f11:[1.648,8.539,-1.285];f12:[2.362,14.634,-3.119];f14:[2.778,10.914,-3.994];f15:[3.624,8.363,-4.094];f17:[4.451,2.289,-4.533]",Peak speed ~6.405 between frames 11-12.,Vertical span from 2.289 (f3) to 14.634 (f12).,short,slow,flat,Overall: moves slowly over a short distance with almost no vertical change. Phases: stays mostly still in a mid-height region; moves downward in a mid-height region; moves across the scene in a mid-height region; moves upward in a high region.,DynamicObject,moves close to R22_Helicopter_V2/Camera LookAt Target; moves close to R22_Helicopter_V2/Collider Group/Mast_COL; touches R22_Helicopter_V2/Rotors_Group/Main Rotor - Mast.,"As a DynamicObject, this object shifts short across the scene with almost no vertical change. Its motion phases over time: STILL_MID:0.06;DESCEND_MID:0.06;HORIZ_MID:0.38;ASCEND_MID:0.12;ASCEND_HIGH:0.06;DESCEND_HIGH:0.12;DESCEND_MID:0.12;HORIZ_MID:0.06. Key positions along its path: f1:[0.684,3.162,-0.294];f2:[0.684,3.158,-0.294];f3:[0.684,2.289,-0.294];f5:[0.827,2.289,-0.173];f6:[0.693,2.289,-0.343];f8:[0.743,2.289,-0.190];f9:[0.750,2.289,-0.407];f11:[1.648,8.539,-1.285];f12:[2.362,14.634,-3.119];f14:[2.778,10.914,-3.994];f15:[3.624,8.363,-4.094];f17:[4.451,2.289,-4.533]. It moves close to R22_Helicopter_V2/Camera LookAt Target; moves close to R22_Helicopter_V2/Collider Group/Mast_COL; touches R22_Helicopter_V2/Rotors_Group/Main Rotor - Mast. Notable moments: Peak speed ~6.405 between frames 11-12. Vertical span from 2.289 (f3) to 14.634 (f12)."
R22_Helicopter_V2/Collider Group/Fuselage_COL,Empty,1,17,"[0.81,1.675,0.0]","[4.774,0.802,-4.788]",27.928351960280946,6.276971323815332,2.792835196028095,1.0,grow,huge,STILL_MID;DESCEND_MID;ASCEND_MID;DESCEND_HIGH;HORIZ_MID;HORIZ_LOW,STILL_MID:0.06;DESCEND_MID:0.06;STILL_LOW:0.38;ASCEND_MID:0.19;DESCEND_HIGH:0.06;DESCEND_MID:0.06;HORIZ_MID:0.06;DESCEND_MID:0.06;HORIZ_LOW:0.06,"f1:[0.810,1.675,0.000];f2:[0.810,1.671,0.000];f3:[0.810,0.802,0.000];f5:[0.810,0.802,0.000];f6:[0.810,0.802,0.000];f8:[0.810,0.802,0.000];f9:[0.810,0.802,0.000];f11:[1.784,7.038,-1.145];f12:[3.131,13.340,-3.467];f14:[2.510,9.407,-3.969];f15:[4.356,7.334,-4.970];f17:[4.774,0.802,-4.788]",Peak speed ~6.850 between frames 11-12.,Vertical span from 0.802 (f3) to 13.340 (f12).,short,slow,flat,Overall: moves slowly over a short distance with almost no vertical change. Phases: stays mostly still in a mid-height region; moves downward in a mid-height region; moves upward in a mid-height region; moves downward in a high region.,DynamicObject,moves close to R22_Helicopter_V2; moves close to R22_Helicopter_V2/Audio Group; touches R22_Helicopter_V2/COG.,"As a DynamicObject, this object shifts short across the scene with almost no vertical change. Its motion phases over time: STILL_MID:0.06;DESCEND_MID:0.06;STILL_LOW:0.38;ASCEND_MID:0.19;DESCEND_HIGH:0.06;DESCEND_MID:0.06;HORIZ_MID:0.06;DESCEND_MID:0.06;HORIZ_LOW:0.06. Key positions along its path: f1:[0.810,1.675,0.000];f2:[0.810,1.671,0.000];f3:[0.810,0.802,0.000];f5:[0.810,0.802,0.000];f6:[0.810,0.802,0.000];f8:[0.810,0.802,0.000];f9:[0.810,0.802,0.000];f11:[1.784,7.038,-1.145];f12:[3.131,13.340,-3.467];f14:[2.510,9.407,-3.969];f15:[4.356,7.334,-4.970];f17:[4.774,0.802,-4.788]. It moves close to R22_Helicopter_V2; moves close to R22_Helicopter_V2/Audio Group; touches R22_Helicopter_V2/COG. Notable moments: Peak speed ~6.850 between frames 11-12. Vertical span from 0.802 (f3) to 13.340 (f12)."
R22_Helicopter_V2/Collider Group/Mast_COL,Empty,1,17,"[0.81,2.62,-0.29]","[4.523,1.747,-4.644]",27.359018751710956,5.788420682707849,2.7359018751710957,1.0,stable,huge,STILL_MID;DESCEND_MID;STILL_MID;ASCEND_HIGH;DESCEND_HIGH;HORIZ_MID,STILL_MID:0.06;DESCEND_MID:0.06;STILL_MID:0.38;ASCEND_MID:0.12;ASCEND_HIGH:0.06;DESCEND_HIGH:0.12;DESCEND_MID:0.12;HORIZ_MID:0.06,"f1:[0.810,2.620,-0.290];f2:[0.810,2.616,-0.290];f3:[0.810,1.747,-0.290];f5:[0.810,1.747,-0.290];f6:[0.810,1.747,-0.290];f8:[0.810,1.747,-0.290];f9:[0.810,1.747,-0.290];f11:[1.571,7.990,-1.310];f12:[2.627,14.155,-3.224];f14:[2.585,10.392,-4.014];f15:[3.881,7.940,-4.349];f17:[4.523,1.747,-4.644]",Peak speed ~6.541 between frames 11-12.,Vertical span from 1.747 (f3) to 14.155 (f12).,short,slow,flat,Overall: moves slowly over a short distance with almost no vertical change. Phases: stays mostly still in a mid-height region; moves downward in a mid-height region; stays mostly still in a mid-height region; moves upward in a high region.,DynamicObject,moves close to R22_Helicopter_V2/COG; moves close to R22_Helicopter_V2/Camera LookAt Target; moves close to R22_Helicopter_V2/Collider Group/Fuselage_COL.,"As a DynamicObject, this object shifts short across the scene with almost no vertical change. Its motion phases over time: STILL_MID:0.06;DESCEND_MID:0.06;STILL_MID:0.38;ASCEND_MID:0.12;ASCEND_HIGH:0.06;DESCEND_HIGH:0.12;DESCEND_MID:0.12;HORIZ_MID:0.06. Key positions along its path: f1:[0.810,2.620,-0.290];f2:[0.810,2.616,-0.290];f3:[0.810,1.747,-0.290];f5:[0.810,1.747,-0.290];f6:[0.810,1.747,-0.290];f8:[0.810,1.747,-0.290];f9:[0.810,1.747,-0.290];f11:[1.571,7.990,-1.310];f12:[2.627,14.155,-3.224];f14:[2.585,10.392,-4.014];f15:[3.881,7.940,-4.349];f17:[4.523,1.747,-4.644]. It moves close to R22_Helicopter_V2/COG; moves close to R22_Helicopter_V2/Camera LookAt Target; moves close to R22_Helicopter_V2/Collider Group/Fuselage_COL. Notable moments: Peak speed ~6.541 between frames 11-12. Vertical span from 1.747 (f3) to 14.155 (f12)."
R22_Helicopter_V2/Collider Group/Tail_COL,Empty,1,17,"[0.81,2.004,-1.535]","[3.444,1.131,-4.022]",27.2870298119207,3.7262922590693286,2.72870298119207,1.0,grow,huge,STILL_MID;DESCEND_MID;STILL_MID;ASCEND_MID;DESCEND_HIGH;HORIZ_MID,STILL_MID:0.06;DESCEND_MID:0.06;STILL_MID:0.38;HORIZ_MID:0.06;ASCEND_MID:0.12;DESCEND_HIGH:0.12;DESCEND_MID:0.12;HORIZ_MID:0.06,"f1:[0.810,2.004,-1.535];f2:[0.810,2.000,-1.535];f3:[0.810,1.131,-1.535];f5:[0.810,1.131,-1.535];f6:[0.810,1.131,-1.535];f8:[0.810,1.131,-1.535];f9:[0.810,1.131,-1.535];f11:[0.280,7.485,-1.219];f12:[1.672,13.197,-2.907];f14:[1.396,10.291,-3.302];f15:[3.026,6.847,-4.293];f17:[3.444,1.131,-4.022]",Peak speed ~6.117 between frames 11-12.,Vertical span from 0.780 (f16) to 13.197 (f12).,short,slow,flat,Overall: moves slowly over a short distance with almost no vertical change. Phases: stays mostly still in a mid-height region; moves downward in a mid-height region; stays mostly still in a mid-height region; moves upward in a mid-height region.,DynamicObject,moves close to R22_Helicopter_V2/Graphics_Group/R22_Body_Gruop; moves close to R22_Helicopter_V2/Graphics_Group/R22_Mechanical_Group; moves close to R22_Helicopter_V2/Rotors_Group/Back Rotor - Mast.,"As a DynamicObject, this object shifts short across the scene with almost no vertical change. Its motion phases over time: STILL_MID:0.06;DESCEND_MID:0.06;STILL_MID:0.38;HORIZ_MID:0.06;ASCEND_MID:0.12;DESCEND_HIGH:0.12;DESCEND_MID:0.12;HORIZ_MID:0.06. Key positions along its path: f1:[0.810,2.004,-1.535];f2:[0.810,2.000,-1.535];f3:[0.810,1.131,-1.535];f5:[0.810,1.131,-1.535];f6:[0.810,1.131,-1.535];f8:[0.810,1.131,-1.535];f9:[0.810,1.131,-1.535];f11:[0.280,7.485,-1.219];f12:[1.672,13.197,-2.907];f14:[1.396,10.291,-3.302];f15:[3.026,6.847,-4.293];f17:[3.444,1.131,-4.022]. It moves close to R22_Helicopter_V2/Graphics_Group/R22_Body_Gruop; moves close to R22_Helicopter_V2/Graphics_Group/R22_Mechanical_Group; moves close to R22_Helicopter_V2/Rotors_Group/Back Rotor - Mast. Notable moments: Peak speed ~6.117 between frames 11-12. Vertical span from 0.780 (f16) to 13.197 (f12)."
R22_Helicopter_V2/Rotors_Group/Main Rotor - Mast/R22_Mechanical_Mast_Geo,Mesh,1,17,"[0.809,3.024,-0.297]","[4.517,2.151,-4.639]",27.379852232863676,5.776188795390954,2.7379852232863677,1.0,grow,large,STILL_MID;DESCEND_MID;STILL_MID;ASCEND_HIGH;DESCEND_HIGH;HORIZ_MID,STILL_MID:0.06;DESCEND_MID:0.06;STILL_MID:0.38;ASCEND_MID:0.12;ASCEND_HIGH:0.06;DESCEND_HIGH:0.12;DESCEND_MID:0.12;HORIZ_MID:0.06,"f1:[0.809,3.024,-0.297];f2:[0.809,3.021,-0.297];f3:[0.809,2.151,-0.297];f5:[0.809,2.151,-0.297];f6:[0.809,2.151,-0.297];f8:[0.809,2.151,-0.297];f9:[0.809,2.151,-0.297];f11:[1.598,8.387,-1.379];f12:[2.516,14.538,-3.157];f14:[2.710,10.769,-4.089];f15:[3.774,8.256,-4.121];f17:[4.517,2.151,-4.639]",Peak speed ~6.468 between frames 11-12.,Vertical span from 2.132 (f16) to 14.538 (f12).,short,slow,flat,Overall: moves slowly over a short distance with almost no vertical change. Phases: stays mostly still in a mid-height region; moves downward in a mid-height region; stays mostly still in a mid-height region; moves upward in a high region.,DynamicObject,moves close to R22_Helicopter_V2/Camera LookAt Target; moves close to R22_Helicopter_V2/Collider Group/Mast_COL; touches R22_Helicopter_V2/Rotors_Group/Main Rotor - Mast.,"As a DynamicObject, this object shifts short across the scene with almost no vertical change. Its motion phases over time: STILL_MID:0.06;DESCEND_MID:0.06;STILL_MID:0.38;ASCEND_MID:0.12;ASCEND_HIGH:0.06;DESCEND_HIGH:0.12;DESCEND_MID:0.12;HORIZ_MID:0.06. Key positions along its path: f1:[0.809,3.024,-0.297];f2:[0.809,3.021,-0.297];f3:[0.809,2.151,-0.297];f5:[0.809,2.151,-0.297];f6:[0.809,2.151,-0.297];f8:[0.809,2.151,-0.297];f9:[0.809,2.151,-0.297];f11:[1.598,8.387,-1.379];f12:[2.516,14.538,-3.157];f14:[2.710,10.769,-4.089];f15:[3.774,8.256,-4.121];f17:[4.517,2.151,-4.639]. It moves close to R22_Helicopter_V2/Camera LookAt Target; moves close to R22_Helicopter_V2/Collider Group/Mast_COL; touches R22_Helicopter_V2/Rotors_Group/Main Rotor - Mast. Notable moments: Peak speed ~6.468 between frames 11-12. Vertical span from 2.132 (f16) to 14.538 (f12)."
R22_Helicopter_V2/Rotors_Group/Back Rotor - Mast/Tail Rotor - Blur quad,Mesh,1,17,"[0.537,2.062,-2.237]","[2.972,1.189,-3.435]",27.616502049810936,2.8507118409267536,2.761650204981094,0.47058823529411764,stable,huge,STILL_MID;DESCEND_MID;HORIZ_MID;ASCEND_MID;HORIZ_HIGH;ASCEND_MID,STILL_MID:0.06;DESCEND_MID:0.06;STILL_MID:0.38;HORIZ_MID:0.06;ASCEND_MID:0.12;DESCEND_HIGH:0.06;HORIZ_HIGH:0.06;DESCEND_MID:0.12;ASCEND_MID:0.06,"f1:[0.537,2.062,-2.237];f2:[0.537,2.058,-2.237];f3:[0.537,1.189,-2.237];f5:[0.537,1.189,-2.237];f6:[0.537,1.189,-2.237];f8:[0.537,1.189,-2.237];f9:[0.537,1.189,-2.237];f11:[-0.414,7.645,-0.968];f12:[1.127,13.028,-2.411];f14:[0.998,10.609,-2.745];f15:[2.585,6.449,-3.826];f17:[2.972,1.189,-3.435]",Peak speed ~5.838 between frames 15-16.,Vertical span from 0.623 (f16) to 13.028 (f12).,short,slow,flat,Overall: moves slowly over a short distance with almost no vertical change. Phases: stays mostly still in a mid-height region; moves downward in a mid-height region; moves across the scene in a mid-height region; moves upward in a mid-height region.,DynamicObject,moves close to R22_Helicopter_V2/Collider Group/Tail_COL; touches R22_Helicopter_V2/Rotors_Group/Back Rotor - Mast; touches R22_Helicopter_V2/Rotors_Group/Back Rotor - Mast/R22_Mechanical_LTailBlade_Geo.,"As a DynamicObject, this object shifts short across the scene with almost no vertical change. Its motion phases over time: STILL_MID:0.06;DESCEND_MID:0.06;STILL_MID:0.38;HORIZ_MID:0.06;ASCEND_MID:0.12;DESCEND_HIGH:0.06;HORIZ_HIGH:0.06;DESCEND_MID:0.12;ASCEND_MID:0.06. Key positions along its path: f1:[0.537,2.062,-2.237];f2:[0.537,2.058,-2.237];f3:[0.537,1.189,-2.237];f5:[0.537,1.189,-2.237];f6:[0.537,1.189,-2.237];f8:[0.537,1.189,-2.237];f9:[0.537,1.189,-2.237];f11:[-0.414,7.645,-0.968];f12:[1.127,13.028,-2.411];f14:[0.998,10.609,-2.745];f15:[2.585,6.449,-3.826];f17:[2.972,1.189,-3.435]. It moves close to R22_Helicopter_V2/Collider Group/Tail_COL; touches R22_Helicopter_V2/Rotors_Group/Back Rotor - Mast; touches R22_Helicopter_V2/Rotors_Group/Back Rotor - Mast/R22_Mechanical_LTailBlade_Geo. Notable moments: Peak speed ~5.838 between frames 15-16. Vertical span from 0.623 (f16) to 13.028 (f12)."
R22_Helicopter_V2/Rotors_Group/Back Rotor - Mast/Tail Rotor - Double-side blur quad,Mesh,1,17,"[0.537,2.062,-2.237]","[2.972,1.189,-3.435]",27.616502049810936,2.8507118409267536,2.761650204981094,0.47058823529411764,stable,huge,STILL_MID;DESCEND_MID;HORIZ_MID;ASCEND_MID;HORIZ_HIGH;ASCEND_MID,STILL_MID:0.06;DESCEND_MID:0.06;STILL_MID:0.38;HORIZ_MID:0.06;ASCEND_MID:0.12;DESCEND_HIGH:0.06;HORIZ_HIGH:0.06;DESCEND_MID:0.12;ASCEND_MID:0.06,"f1:[0.537,2.062,-2.237];f2:[0.537,2.058,-2.237];f3:[0.537,1.189,-2.237];f5:[0.537,1.189,-2.237];f6:[0.537,1.189,-2.237];f8:[0.537,1.189,-2.237];f9:[0.537,1.189,-2.237];f11:[-0.414,7.645,-0.968];f12:[1.127,13.028,-2.411];f14:[0.998,10.609,-2.745];f15:[2.585,6.449,-3.826];f17:[2.972,1.189,-3.435]",Peak speed ~5.838 between frames 15-16.,Vertical span from 0.623 (f16) to 13.028 (f12).,short,slow,flat,Overall: moves slowly over a short distance with almost no vertical change. Phases: stays mostly still in a mid-height region; moves downward in a mid-height region; moves across the scene in a mid-height region; moves upward in a mid-height region.,DynamicObject,moves close to R22_Helicopter_V2/Collider Group/Tail_COL; touches R22_Helicopter_V2/Rotors_Group/Back Rotor - Mast; touches R22_Helicopter_V2/Rotors_Group/Back Rotor - Mast/R22_Mechanical_LTailBlade_Geo.,"As a DynamicObject, this object shifts short across the scene with almost no vertical change. Its motion phases over time: STILL_MID:0.06;DESCEND_MID:0.06;STILL_MID:0.38;HORIZ_MID:0.06;ASCEND_MID:0.12;DESCEND_HIGH:0.06;HORIZ_HIGH:0.06;DESCEND_MID:0.12;ASCEND_MID:0.06. Key positions along its path: f1:[0.537,2.062,-2.237];f2:[0.537,2.058,-2.237];f3:[0.537,1.189,-2.237];f5:[0.537,1.189,-2.237];f6:[0.537,1.189,-2.237];f8:[0.537,1.189,-2.237];f9:[0.537,1.189,-2.237];f11:[-0.414,7.645,-0.968];f12:[1.127,13.028,-2.411];f14:[0.998,10.609,-2.745];f15:[2.585,6.449,-3.826];f17:[2.972,1.189,-3.435]. It moves close to R22_Helicopter_V2/Collider Group/Tail_COL; touches R22_Helicopter_V2/Rotors_Group/Back Rotor - Mast; touches R22_Helicopter_V2/Rotors_Group/Back Rotor - Mast/R22_Mechanical_LTailBlade_Geo. Notable moments: Peak speed ~5.838 between frames 15-16. Vertical span from 0.623 (f16) to 13.028 (f12)."
R22_Helicopter_V2/Rotors_Group/Main Rotor - Mast/Main Rotor -  Blur Quad,Mesh,1,17,"[0.809,3.153,-0.297]","[4.517,2.28,-4.639]",27.408090566668267,5.776188795390954,2.740809056666827,0.4117647058823529,grow,huge,STILL_MID;DESCEND_MID;STILL_MID;ASCEND_HIGH;DESCEND_HIGH;HORIZ_MID,STILL_MID:0.06;DESCEND_MID:0.06;STILL_MID:0.38;ASCEND_MID:0.12;ASCEND_HIGH:0.06;DESCEND_HIGH:0.12;DESCEND_MID:0.12;HORIZ_MID:0.06,"f1:[0.809,3.153,-0.297];f2:[0.809,3.150,-0.297];f3:[0.809,2.280,-0.297];f5:[0.809,2.280,-0.297];f6:[0.809,2.280,-0.297];f8:[0.809,2.280,-0.297];f9:[0.809,2.280,-0.297];f11:[1.608,8.514,-1.401];f12:[2.483,14.661,-3.137];f14:[2.752,10.889,-4.114];f15:[3.741,8.358,-4.049];f17:[4.517,2.280,-4.639]",Peak speed ~6.447 between frames 11-12.,Vertical span from 2.255 (f16) to 14.661 (f12).,short,slow,flat,Overall: moves slowly over a short distance with almost no vertical change. Phases: stays mostly still in a mid-height region; moves downward in a mid-height region; stays mostly still in a mid-height region; moves upward in a high region.,DynamicObject,moves close to R22_Helicopter_V2/Camera LookAt Target; moves close to R22_Helicopter_V2/Collider Group/Mast_COL; touches R22_Helicopter_V2/Rotors_Group/Main Rotor - Mast.,"As a DynamicObject, this object shifts short across the scene with almost no vertical change. Its motion phases over time: STILL_MID:0.06;DESCEND_MID:0.06;STILL_MID:0.38;ASCEND_MID:0.12;ASCEND_HIGH:0.06;DESCEND_HIGH:0.12;DESCEND_MID:0.12;HORIZ_MID:0.06. Key positions along its path: f1:[0.809,3.153,-0.297];f2:[0.809,3.150,-0.297];f3:[0.809,2.280,-0.297];f5:[0.809,2.280,-0.297];f6:[0.809,2.280,-0.297];f8:[0.809,2.280,-0.297];f9:[0.809,2.280,-0.297];f11:[1.608,8.514,-1.401];f12:[2.483,14.661,-3.137];f14:[2.752,10.889,-4.114];f15:[3.741,8.358,-4.049];f17:[4.517,2.280,-4.639]. It moves close to R22_Helicopter_V2/Camera LookAt Target; moves close to R22_Helicopter_V2/Collider Group/Mast_COL; touches R22_Helicopter_V2/Rotors_Group/Main Rotor - Mast. Notable moments: Peak speed ~6.447 between frames 11-12. Vertical span from 2.255 (f16) to 14.661 (f12)."
R22_Helicopter_V2/Rotors_Group/Main Rotor - Mast/Main Rotor -  Double-side blur quad,Mesh,1,17,"[0.809,3.153,-0.297]","[4.517,2.28,-4.639]",27.408090566668267,5.776188795390954,2.740809056666827,0.4117647058823529,grow,huge,STILL_MID;DESCEND_MID;STILL_MID;ASCEND_HIGH;DESCEND_HIGH;HORIZ_MID,STILL_MID:0.06;DESCEND_MID:0.06;STILL_MID:0.38;ASCEND_MID:0.12;ASCEND_HIGH:0.06;DESCEND_HIGH:0.12;DESCEND_MID:0.12;HORIZ_MID:0.06,"f1:[0.809,3.153,-0.297];f2:[0.809,3.150,-0.297];f3:[0.809,2.280,-0.297];f5:[0.809,2.280,-0.297];f6:[0.809,2.280,-0.297];f8:[0.809,2.280,-0.297];f9:[0.809,2.280,-0.297];f11:[1.608,8.514,-1.401];f12:[2.483,14.661,-3.137];f14:[2.752,10.889,-4.114];f15:[3.741,8.358,-4.049];f17:[4.517,2.280,-4.639]",Peak speed ~6.447 between frames 11-12.,Vertical span from 2.255 (f16) to 14.661 (f12).,short,slow,flat,Overall: moves slowly over a short distance with almost no vertical change. Phases: stays mostly still in a mid-height region; moves downward in a mid-height region; stays mostly still in a mid-height region; moves upward in a high region.,DynamicObject,moves close to R22_Helicopter_V2/Camera LookAt Target; moves close to R22_Helicopter_V2/Collider Group/Mast_COL; touches R22_Helicopter_V2/Rotors_Group/Main Rotor - Mast.,"As a DynamicObject, this object shifts short across the scene with almost no vertical change. Its motion phases over time: STILL_MID:0.06;DESCEND_MID:0.06;STILL_MID:0.38;ASCEND_MID:0.12;ASCEND_HIGH:0.06;DESCEND_HIGH:0.12;DESCEND_MID:0.12;HORIZ_MID:0.06. Key positions along its path: f1:[0.809,3.153,-0.297];f2:[0.809,3.150,-0.297];f3:[0.809,2.280,-0.297];f5:[0.809,2.280,-0.297];f6:[0.809,2.280,-0.297];f8:[0.809,2.280,-0.297];f9:[0.809,2.280,-0.297];f11:[1.608,8.514,-1.401];f12:[2.483,14.661,-3.137];f14:[2.752,10.889,-4.114];f15:[3.741,8.358,-4.049];f17:[4.517,2.280,-4.639]. It moves close to R22_Helicopter_V2/Camera LookAt Target; moves close to R22_Helicopter_V2/Collider Group/Mast_COL; touches R22_Helicopter_V2/Rotors_Group/Main Rotor - Mast. Notable moments: Peak speed ~6.447 between frames 11-12. Vertical span from 2.255 (f16) to 14.661 (f12)."
R22_Helicopter_V2/Graphics_Group/R22_Body_Gruop/R22_Body_LDoor_Geo/R22_Body_LDoorGlass_Geo,Mesh,1,17,"[0.81,0.89,0.0]","[4.774,0.017,-4.788]",28.627907297632042,6.276971323815332,2.8627907297632045,1.0,grow,medium,STILL_LOW;DESCEND_LOW;ASCEND_LOW;DESCEND_HIGH;HORIZ_MID;DESCEND_LOW,STILL_LOW:0.06;DESCEND_LOW:0.06;STILL_LOW:0.38;ASCEND_LOW:0.06;ASCEND_MID:0.12;DESCEND_HIGH:0.06;DESCEND_MID:0.06;HORIZ_MID:0.06;DESCEND_MID:0.06;DESCEND_LOW:0.06,"f1:[0.810,0.890,0.000];f2:[0.810,0.886,0.000];f3:[0.810,0.017,0.000];f5:[0.810,0.017,0.000];f6:[0.810,0.017,0.000];f8:[0.810,0.017,0.000];f9:[0.810,0.017,0.000];f11:[1.720,6.267,-1.011];f12:[3.335,12.592,-3.590];f14:[2.256,8.680,-3.817];f15:[4.554,6.714,-5.408];f17:[4.774,0.017,-4.788]",Peak speed ~7.019 between frames 11-12.,Vertical span from 0.017 (f3) to 12.592 (f12).,short,medium,flat,Overall: moves at a moderate speed over a short distance with almost no vertical change. Phases: stays mostly still in a low region; moves downward in a low region; moves upward in a low region; moves downward in a high region.,Interactable,moves close to HeliPad_001; touches R22_Helicopter_V2; touches R22_Helicopter_V2/Audio Group.,"As a Interactable, this object shifts short across the scene with almost no vertical change. Its motion phases over time: STILL_LOW:0.06;DESCEND_LOW:0.06;STILL_LOW:0.38;ASCEND_LOW:0.06;ASCEND_MID:0.12;DESCEND_HIGH:0.06;DESCEND_MID:0.06;HORIZ_MID:0.06;DESCEND_MID:0.06;DESCEND_LOW:0.06. Key positions along its path: f1:[0.810,0.890,0.000];f2:[0.810,0.886,0.000];f3:[0.810,0.017,0.000];f5:[0.810,0.017,0.000];f6:[0.810,0.017,0.000];f8:[0.810,0.017,0.000];f9:[0.810,0.017,0.000];f11:[1.720,6.267,-1.011];f12:[3.335,12.592,-3.590];f14:[2.256,8.680,-3.817];f15:[4.554,6.714,-5.408];f17:[4.774,0.017,-4.788]. It moves close to HeliPad_001; touches R22_Helicopter_V2; touches R22_Helicopter_V2/Audio Group. Notable moments: Peak speed ~7.019 between frames 11-12. Vertical span from 0.017 (f3) to 12.592 (f12)."
R22_Helicopter_V2/Graphics_Group/R22_Body_Gruop/R22_Body_RDoor_Geo/R22_Body_RDoorGlass_Geo,Mesh,1,17,"[0.81,0.89,0.0]","[4.774,0.017,-4.788]",28.627907297632042,6.276971323815332,2.8627907297632045,1.0,grow,medium,STILL_LOW;DESCEND_LOW;ASCEND_LOW;DESCEND_HIGH;HORIZ_MID;DESCEND_LOW,STILL_LOW:0.06;DESCEND_LOW:0.06;STILL_LOW:0.38;ASCEND_LOW:0.06;ASCEND_MID:0.12;DESCEND_HIGH:0.06;DESCEND_MID:0.06;HORIZ_MID:0.06;DESCEND_MID:0.06;DESCEND_LOW:0.06,"f1:[0.810,0.890,0.000];f2:[0.810,0.886,0.000];f3:[0.810,0.017,0.000];f5:[0.810,0.017,0.000];f6:[0.810,0.017,0.000];f8:[0.810,0.017,0.000];f9:[0.810,0.017,0.000];f11:[1.720,6.267,-1.011];f12:[3.335,12.592,-3.590];f14:[2.256,8.680,-3.817];f15:[4.554,6.714,-5.408];f17:[4.774,0.017,-4.788]",Peak speed ~7.019 between frames 11-12.,Vertical span from 0.017 (f3) to 12.592 (f12).,short,medium,flat,Overall: moves at a moderate speed over a short distance with almost no vertical change. Phases: stays mostly still in a low region; moves downward in a low region; moves upward in a low region; moves downward in a high region.,Interactable,moves close to HeliPad_001; touches R22_Helicopter_V2; touches R22_Helicopter_V2/Audio Group.,"As a Interactable, this object shifts short across the scene with almost no vertical change. Its motion phases over time: STILL_LOW:0.06;DESCEND_LOW:0.06;STILL_LOW:0.38;ASCEND_LOW:0.06;ASCEND_MID:0.12;DESCEND_HIGH:0.06;DESCEND_MID:0.06;HORIZ_MID:0.06;DESCEND_MID:0.06;DESCEND_LOW:0.06. Key positions along its path: f1:[0.810,0.890,0.000];f2:[0.810,0.886,0.000];f3:[0.810,0.017,0.000];f5:[0.810,0.017,0.000];f6:[0.810,0.017,0.000];f8:[0.810,0.017,0.000];f9:[0.810,0.017,0.000];f11:[1.720,6.267,-1.011];f12:[3.335,12.592,-3.590];f14:[2.256,8.680,-3.817];f15:[4.554,6.714,-5.408];f17:[4.774,0.017,-4.788]. It moves close to HeliPad_001; touches R22_Helicopter_V2; touches R22_Helicopter_V2/Audio Group. Notable moments: Peak speed ~7.019 between frames 11-12. Vertical span from 0.017 (f3) to 12.592 (f12)."
R22_Helicopter_V2/Graphics_Group/R22_Body_Gruop/R22_Body_LDoor_Geo/R22_Cockpit_LDoor_Geo,Mesh,1,17,"[0.268,1.616,0.107]","[5.138,0.743,-4.372]",28.222374835693678,6.673864697459787,2.822237483569368,1.0,grow,medium,STILL_MID;DESCEND_MID;STILL_LOW;ASCEND_MID;DESCEND_HIGH;HORIZ_LOW,STILL_MID:0.06;DESCEND_MID:0.06;STILL_LOW:0.38;ASCEND_MID:0.19;DESCEND_HIGH:0.06;DESCEND_MID:0.19;HORIZ_LOW:0.06,"f1:[0.268,1.616,0.107];f2:[0.268,1.613,0.107];f3:[0.268,0.743,0.107];f5:[0.268,0.743,0.107];f6:[0.268,0.743,0.107];f8:[0.268,0.743,0.107];f9:[0.268,0.743,0.107];f11:[1.887,7.065,-0.600];f12:[3.439,13.287,-3.007];f14:[2.855,9.313,-3.543];f15:[4.743,7.138,-4.622];f17:[5.138,0.743,-4.372]",Peak speed ~6.849 between frames 11-12.,Vertical span from 0.743 (f3) to 13.287 (f12).,short,slow,flat,Overall: moves slowly over a short distance with almost no vertical change. Phases: stays mostly still in a mid-height region; moves downward in a mid-height region; stays mostly still in a low region; moves upward in a mid-height region.,Interactable,moves close to R22_Helicopter_V2; moves close to R22_Helicopter_V2/Audio Group; moves close to R22_Helicopter_V2/COG.,"As a Interactable, this object shifts short across the scene with almost no vertical change. Its motion phases over time: STILL_MID:0.06;DESCEND_MID:0.06;STILL_LOW:0.38;ASCEND_MID:0.19;DESCEND_HIGH:0.06;DESCEND_MID:0.19;HORIZ_LOW:0.06. Key positions along its path: f1:[0.268,1.616,0.107];f2:[0.268,1.613,0.107];f3:[0.268,0.743,0.107];f5:[0.268,0.743,0.107];f6:[0.268,0.743,0.107];f8:[0.268,0.743,0.107];f9:[0.268,0.743,0.107];f11:[1.887,7.065,-0.600];f12:[3.439,13.287,-3.007];f14:[2.855,9.313,-3.543];f15:[4.743,7.138,-4.622];f17:[5.138,0.743,-4.372]. It moves close to R22_Helicopter_V2; moves close to R22_Helicopter_V2/Audio Group; moves close to R22_Helicopter_V2/COG. Notable moments: Peak speed ~6.849 between frames 11-12. Vertical span from 0.743 (f3) to 13.287 (f12)."
R22_Helicopter_V2/Graphics_Group/R22_Body_Gruop/R22_Body_RDoor_Geo/R22_Cockpit_RDoor_Geo,Mesh,1,17,"[1.339,1.617,0.107]","[4.603,0.744,-5.3]",28.14744811143228,6.37585084518137,2.8147448111432287,1.0,grow,medium,STILL_MID;DESCEND_MID;ASCEND_MID;DESCEND_HIGH;HORIZ_MID;HORIZ_LOW,STILL_MID:0.06;DESCEND_MID:0.06;STILL_LOW:0.38;ASCEND_MID:0.19;DESCEND_HIGH:0.06;DESCEND_MID:0.06;HORIZ_MID:0.06;DESCEND_MID:0.06;HORIZ_LOW:0.06,"f1:[1.339,1.617,0.107];f2:[1.339,1.613,0.107];f3:[1.339,0.744,0.107];f5:[1.339,0.744,0.107];f6:[1.339,0.744,0.107];f8:[1.339,0.744,0.107];f9:[1.339,0.744,0.107];f11:[1.885,6.882,-1.655];f12:[3.051,13.345,-4.004];f14:[2.304,9.313,-4.462];f15:[4.180,7.537,-5.441];f17:[4.603,0.744,-5.300]",Peak speed ~6.975 between frames 11-12.,Vertical span from 0.744 (f3) to 13.345 (f12).,short,slow,moderate,Overall: moves slowly over a short distance with moderate vertical variation. Phases: stays mostly still in a mid-height region; moves downward in a mid-height region; moves upward in a mid-height region; moves downward in a high region.,Interactable,moves close to R22_Helicopter_V2; moves close to R22_Helicopter_V2/Audio Group; moves close to R22_Helicopter_V2/COG.,"As a Interactable, this object shifts short across the scene with some vertical variation. Its motion phases over time: STILL_MID:0.06;DESCEND_MID:0.06;STILL_LOW:0.38;ASCEND_MID:0.19;DESCEND_HIGH:0.06;DESCEND_MID:0.06;HORIZ_MID:0.06;DESCEND_MID:0.06;HORIZ_LOW:0.06. Key positions along its path: f1:[1.339,1.617,0.107];f2:[1.339,1.613,0.107];f3:[1.339,0.744,0.107];f5:[1.339,0.744,0.107];f6:[1.339,0.744,0.107];f8:[1.339,0.744,0.107];f9:[1.339,0.744,0.107];f11:[1.885,6.882,-1.655];f12:[3.051,13.345,-4.004];f14:[2.304,9.313,-4.462];f15:[4.180,7.537,-5.441];f17:[4.603,0.744,-5.300]. It moves close to R22_Helicopter_V2; moves close to R22_Helicopter_V2/Audio Group; moves close to R22_Helicopter_V2/COG. Notable moments: Peak speed ~6.975 between frames 11-12. Vertical span from 0.744 (f3) to 13.345 (f12)."
R22_Helicopter_V2/Graphics_Group/R22_Cockpit_Gruop/R22_Cockpit_PannelButtons_Geo,Mesh,1,17,"[0.806,1.586,0.643]","[5.333,0.713,-5.106]",28.85157303123433,7.369318760916778,2.885157303123433,1.0,grow,small,STILL_MID;DESCEND_MID;ASCEND_MID;DESCEND_HIGH;HORIZ_MID;HORIZ_LOW,STILL_MID:0.06;DESCEND_MID:0.06;STILL_LOW:0.38;ASCEND_MID:0.19;DESCEND_HIGH:0.06;DESCEND_MID:0.06;HORIZ_MID:0.06;DESCEND_MID:0.06;HORIZ_LOW:0.06,"f1:[0.806,1.586,0.643];f2:[0.806,1.582,0.643];f3:[0.806,0.713,0.643];f5:[0.806,0.713,0.643];f6:[0.806,0.713,0.643];f8:[0.806,0.713,0.643];f9:[0.806,0.713,0.643];f11:[2.417,6.900,-1.118];f12:[3.732,13.447,-3.690];f14:[2.994,9.083,-4.254];f15:[4.903,7.576,-5.222];f17:[5.333,0.713,-5.106]",Peak speed ~7.156 between frames 11-12.,Vertical span from 0.713 (f3) to 13.447 (f12).,medium,medium,moderate,Overall: moves at a moderate speed over a medium distance with moderate vertical variation. Phases: stays mostly still in a mid-height region; moves downward in a mid-height region; moves upward in a mid-height region; moves downward in a high region.,DynamicObject,moves close to R22_Helicopter_V2; moves close to R22_Helicopter_V2/Audio Group; moves close to R22_Helicopter_V2/COG.,"As a DynamicObject, this object moves steadily over a medium distance with some vertical variation. Its motion phases over time: STILL_MID:0.06;DESCEND_MID:0.06;STILL_LOW:0.38;ASCEND_MID:0.19;DESCEND_HIGH:0.06;DESCEND_MID:0.06;HORIZ_MID:0.06;DESCEND_MID:0.06;HORIZ_LOW:0.06. Key positions along its path: f1:[0.806,1.586,0.643];f2:[0.806,1.582,0.643];f3:[0.806,0.713,0.643];f5:[0.806,0.713,0.643];f6:[0.806,0.713,0.643];f8:[0.806,0.713,0.643];f9:[0.806,0.713,0.643];f11:[2.417,6.900,-1.118];f12:[3.732,13.447,-3.690];f14:[2.994,9.083,-4.254];f15:[4.903,7.576,-5.222];f17:[5.333,0.713,-5.106]. It moves close to R22_Helicopter_V2; moves close to R22_Helicopter_V2/Audio Group; moves close to R22_Helicopter_V2/COG. Notable moments: Peak speed ~7.156 between frames 11-12. Vertical span from 0.713 (f3) to 13.447 (f12)."
R22_Helicopter_V2/Collider Group/L_Skid_COL,Empty,1,17,"[0.068,0.923,0.0]","[5.144,0.05,-4.145]",28.79879874370455,6.611272948532681,2.879879874370455,1.0,grow,small,STILL_MID;DESCEND_LOW;ASCEND_LOW;DESCEND_HIGH;HORIZ_MID;HORIZ_LOW,STILL_MID:0.06;DESCEND_LOW:0.06;STILL_LOW:0.38;ASCEND_LOW:0.06;ASCEND_MID:0.12;DESCEND_HIGH:0.06;DESCEND_MID:0.06;HORIZ_MID:0.06;DESCEND_MID:0.06;HORIZ_LOW:0.06,"f1:[0.068,0.923,0.000];f2:[0.068,0.919,0.000];f3:[0.068,0.050,0.000];f5:[0.068,0.050,0.000];f6:[0.068,0.050,0.000];f8:[0.068,0.050,0.000];f9:[0.068,0.050,0.000];f11:[1.724,6.427,-0.286];f12:[3.595,12.583,-2.894];f14:[2.648,8.711,-3.187];f15:[4.936,6.464,-4.821];f17:[5.144,0.050,-4.145]",Peak speed ~6.943 between frames 11-12.,Vertical span from 0.050 (f3) to 12.583 (f12).,medium,medium,flat,Overall: moves at a moderate speed over a medium distance with almost no vertical change. Phases: stays mostly still in a mid-height region; moves downward in a low region; moves upward in a low region; moves downward in a high region.,DynamicObject,moves close to R22_Helicopter_V2; moves close to R22_Helicopter_V2/Audio Group; moves close to R22_Helicopter_V2/Collider Group.,"As a DynamicObject, this object moves steadily over a medium distance with almost no vertical change. Its motion phases over time: STILL_MID:0.06;DESCEND_LOW:0.06;STILL_LOW:0.38;ASCEND_LOW:0.06;ASCEND_MID:0.12;DESCEND_HIGH:0.06;DESCEND_MID:0.06;HORIZ_MID:0.06;DESCEND_MID:0.06;HORIZ_LOW:0.06. Key positions along its path: f1:[0.068,0.923,0.000];f2:[0.068,0.919,0.000];f3:[0.068,0.050,0.000];f5:[0.068,0.050,0.000];f6:[0.068,0.050,0.000];f8:[0.068,0.050,0.000];f9:[0.068,0.050,0.000];f11:[1.724,6.427,-0.286];f12:[3.595,12.583,-2.894];f14:[2.648,8.711,-3.187];f15:[4.936,6.464,-4.821];f17:[5.144,0.050,-4.145]. It moves close to R22_Helicopter_V2; moves close to R22_Helicopter_V2/Audio Group; moves close to R22_Helicopter_V2/Collider Group. Notable moments: Peak speed ~6.943 between frames 11-12. Vertical span from 0.050 (f3) to 12.583 (f12)."
R22_Helicopter_V2/Collider Group/R_Skid_COL,Empty,1,17,"[1.541,0.923,0.0]","[4.409,0.05,-5.422]",28.765650645485426,6.1956143359637865,2.8765650645485428,1.0,grow,small,STILL_MID;DESCEND_LOW;ASCEND_LOW;DESCEND_HIGH;HORIZ_MID;STILL_LOW,STILL_MID:0.06;DESCEND_LOW:0.06;STILL_LOW:0.38;ASCEND_LOW:0.06;ASCEND_MID:0.12;DESCEND_HIGH:0.06;DESCEND_MID:0.06;HORIZ_MID:0.06;DESCEND_MID:0.06;STILL_LOW:0.06,"f1:[1.541,0.923,0.000];f2:[1.541,0.919,0.000];f3:[1.541,0.050,0.000];f5:[1.541,0.050,0.000];f6:[1.541,0.050,0.000];f8:[1.541,0.050,0.000];f9:[1.541,0.050,0.000];f11:[1.721,6.175,-1.737];f12:[3.061,12.663,-4.265];f14:[1.891,8.711,-4.450];f15:[4.162,7.012,-5.948];f17:[4.409,0.050,-5.422]",Peak speed ~7.091 between frames 11-12.,Vertical span from 0.050 (f3) to 12.663 (f12).,medium,medium,moderate,Overall: moves at a moderate speed over a medium distance with moderate vertical variation. Phases: stays mostly still in a mid-height region; moves downward in a low region; moves upward in a low region; moves downward in a high region.,DynamicObject,moves close to HeliPad_001; moves close to R22_Helicopter_V2; moves close to R22_Helicopter_V2/Audio Group.,"As a DynamicObject, this object moves steadily over a medium distance with some vertical variation. Its motion phases over time: STILL_MID:0.06;DESCEND_LOW:0.06;STILL_LOW:0.38;ASCEND_LOW:0.06;ASCEND_MID:0.12;DESCEND_HIGH:0.06;DESCEND_MID:0.06;HORIZ_MID:0.06;DESCEND_MID:0.06;STILL_LOW:0.06. Key positions along its path: f1:[1.541,0.923,0.000];f2:[1.541,0.919,0.000];f3:[1.541,0.050,0.000];f5:[1.541,0.050,0.000];f6:[1.541,0.050,0.000];f8:[1.541,0.050,0.000];f9:[1.541,0.050,0.000];f11:[1.721,6.175,-1.737];f12:[3.061,12.663,-4.265];f14:[1.891,8.711,-4.450];f15:[4.162,7.012,-5.948];f17:[4.409,0.050,-5.422]. It moves close to HeliPad_001; moves close to R22_Helicopter_V2; moves close to R22_Helicopter_V2/Audio Group. Notable moments: Peak speed ~7.091 between frames 11-12. Vertical span from 0.050 (f3) to 12.663 (f12)."
R22_Helicopter_V2/Graphics_Group/R22_Cockpit_Gruop/R22_Cockpit_Handle01_Geo,Mesh,1,17,"[0.803,1.763,0.382]","[5.108,0.89,-4.973]",28.33024410054527,6.926122941444224,2.8330244100545268,1.0,grow,small,STILL_MID;DESCEND_MID;ASCEND_MID;DESCEND_HIGH;HORIZ_MID;HORIZ_MID,STILL_MID:0.06;DESCEND_MID:0.06;STILL_LOW:0.38;ASCEND_MID:0.19;DESCEND_HIGH:0.06;DESCEND_MID:0.06;HORIZ_MID:0.06;DESCEND_MID:0.06;HORIZ_MID:0.06,"f1:[0.803,1.763,0.382];f2:[0.803,1.759,0.382];f3:[0.803,0.890,0.382];f5:[0.803,0.890,0.382];f6:[0.803,0.890,0.382];f8:[0.803,0.890,0.382];f9:[0.803,0.890,0.382];f11:[2.171,7.095,-1.149];f12:[3.453,13.537,-3.574];f14:[2.845,9.345,-4.162];f15:[4.647,7.587,-5.038];f17:[5.108,0.890,-4.973]",Peak speed ~7.002 between frames 11-12.,Vertical span from 0.890 (f3) to 13.537 (f12).,short,slow,moderate,Overall: moves slowly over a short distance with moderate vertical variation. Phases: stays mostly still in a mid-height region; moves downward in a mid-height region; moves upward in a mid-height region; moves downward in a high region.,DynamicObject,moves close to R22_Helicopter_V2; moves close to R22_Helicopter_V2/Audio Group; moves close to R22_Helicopter_V2/COG.,"As a DynamicObject, this object shifts short across the scene with some vertical variation. Its motion phases over time: STILL_MID:0.06;DESCEND_MID:0.06;STILL_LOW:0.38;ASCEND_MID:0.19;DESCEND_HIGH:0.06;DESCEND_MID:0.06;HORIZ_MID:0.06;DESCEND_MID:0.06;HORIZ_MID:0.06. Key positions along its path: f1:[0.803,1.763,0.382];f2:[0.803,1.759,0.382];f3:[0.803,0.890,0.382];f5:[0.803,0.890,0.382];f6:[0.803,0.890,0.382];f8:[0.803,0.890,0.382];f9:[0.803,0.890,0.382];f11:[2.171,7.095,-1.149];f12:[3.453,13.537,-3.574];f14:[2.845,9.345,-4.162];f15:[4.647,7.587,-5.038];f17:[5.108,0.890,-4.973]. It moves close to R22_Helicopter_V2; moves close to R22_Helicopter_V2/Audio Group; moves close to R22_Helicopter_V2/COG. Notable moments: Peak speed ~7.002 between frames 11-12. Vertical span from 0.890 (f3) to 13.537 (f12)."
R22_Helicopter_V2/Graphics_Group/R22_Cockpit_Gruop/R22_Cockpit_LLever02_Geo,Mesh,1,17,"[0.529,1.218,0.659]","[5.486,0.345,-4.874]",29.23893895527155,7.479844049176426,2.923893895527155,1.0,grow,tiny,STILL_MID;DESCEND_LOW;ASCEND_LOW;DESCEND_HIGH;HORIZ_MID;DESCEND_LOW,STILL_MID:0.06;DESCEND_LOW:0.06;STILL_LOW:0.38;ASCEND_LOW:0.06;ASCEND_MID:0.12;DESCEND_HIGH:0.06;DESCEND_MID:0.06;HORIZ_MID:0.06;DESCEND_MID:0.06;DESCEND_LOW:0.06,"f1:[0.529,1.218,0.659];f2:[0.529,1.214,0.659];f3:[0.529,0.345,0.659];f5:[0.529,0.345,0.659];f6:[0.529,0.345,0.659];f8:[0.529,0.345,0.659];f9:[0.529,0.345,0.659];f11:[2.404,6.585,-0.782];f12:[3.942,13.086,-3.495];f14:[3.031,8.736,-3.953];f15:[5.155,7.190,-5.221];f17:[5.486,0.345,-4.874]",Peak speed ~7.210 between frames 11-12.,Vertical span from 0.345 (f3) to 13.086 (f12).,long,fast,moderate,Overall: moves quickly over a long distance with moderate vertical variation. Phases: stays mostly still in a mid-height region; moves downward in a low region; moves upward in a low region; moves downward in a high region.,Interactable,moves close to R22_Helicopter_V2; moves close to R22_Helicopter_V2/Audio Group; moves close to R22_Helicopter_V2/COG.,"As a Interactable, this object travels quickly over a long distance with some vertical variation. Its motion phases over time: STILL_MID:0.06;DESCEND_LOW:0.06;STILL_LOW:0.38;ASCEND_LOW:0.06;ASCEND_MID:0.12;DESCEND_HIGH:0.06;DESCEND_MID:0.06;HORIZ_MID:0.06;DESCEND_MID:0.06;DESCEND_LOW:0.06. Key positions along its path: f1:[0.529,1.218,0.659];f2:[0.529,1.214,0.659];f3:[0.529,0.345,0.659];f5:[0.529,0.345,0.659];f6:[0.529,0.345,0.659];f8:[0.529,0.345,0.659];f9:[0.529,0.345,0.659];f11:[2.404,6.585,-0.782];f12:[3.942,13.086,-3.495];f14:[3.031,8.736,-3.953];f15:[5.155,7.190,-5.221];f17:[5.486,0.345,-4.874]. It moves close to R22_Helicopter_V2; moves close to R22_Helicopter_V2/Audio Group; moves close to R22_Helicopter_V2/COG. Notable moments: Peak speed ~7.210 between frames 11-12. Vertical span from 0.345 (f3) to 13.086 (f12)."
R22_Helicopter_V2/Graphics_Group/R22_Cockpit_Gruop/R22_Cockpit_LLever01_Geo,Mesh,1,17,"[0.647,1.218,0.659]","[5.426,0.345,-4.977]",29.22530587603636,7.440797403504546,2.9225305876036356,1.0,grow,tiny,STILL_MID;DESCEND_LOW;ASCEND_LOW;DESCEND_HIGH;HORIZ_MID;DESCEND_LOW,STILL_MID:0.06;DESCEND_LOW:0.06;STILL_LOW:0.38;ASCEND_LOW:0.06;ASCEND_MID:0.12;DESCEND_HIGH:0.06;DESCEND_MID:0.06;HORIZ_MID:0.06;DESCEND_MID:0.06;DESCEND_LOW:0.06,"f1:[0.647,1.218,0.659];f2:[0.647,1.214,0.659];f3:[0.647,0.345,0.659];f5:[0.647,0.345,0.659];f6:[0.647,0.345,0.659];f8:[0.647,0.345,0.659];f9:[0.647,0.345,0.659];f11:[2.404,6.564,-0.899];f12:[3.899,13.092,-3.606];f14:[2.969,8.735,-4.055];f15:[5.092,7.233,-5.312];f17:[5.426,0.345,-4.977]",Peak speed ~7.223 between frames 11-12.,Vertical span from 0.345 (f3) to 13.092 (f12).,medium,medium,moderate,Overall: moves at a moderate speed over a medium distance with moderate vertical variation. Phases: stays mostly still in a mid-height region; moves downward in a low region; moves upward in a low region; moves downward in a high region.,Interactable,moves close to R22_Helicopter_V2; moves close to R22_Helicopter_V2/Audio Group; moves close to R22_Helicopter_V2/COG.,"As a Interactable, this object moves steadily over a medium distance with some vertical variation. Its motion phases over time: STILL_MID:0.06;DESCEND_LOW:0.06;STILL_LOW:0.38;ASCEND_LOW:0.06;ASCEND_MID:0.12;DESCEND_HIGH:0.06;DESCEND_MID:0.06;HORIZ_MID:0.06;DESCEND_MID:0.06;DESCEND_LOW:0.06. Key positions along its path: f1:[0.647,1.218,0.659];f2:[0.647,1.214,0.659];f3:[0.647,0.345,0.659];f5:[0.647,0.345,0.659];f6:[0.647,0.345,0.659];f8:[0.647,0.345,0.659];f9:[0.647,0.345,0.659];f11:[2.404,6.564,-0.899];f12:[3.899,13.092,-3.606];f14:[2.969,8.735,-4.055];f15:[5.092,7.233,-5.312];f17:[5.426,0.345,-4.977]. It moves close to R22_Helicopter_V2; moves close to R22_Helicopter_V2/Audio Group; moves close to R22_Helicopter_V2/COG. Notable moments: Peak speed ~7.223 between frames 11-12. Vertical span from 0.345 (f3) to 13.092 (f12)."
R22_Helicopter_V2/Graphics_Group/R22_Cockpit_Gruop/R22_Cockpit_RLever02_Geo,Mesh,1,17,"[1.077,1.218,0.658]","[5.211,0.345,-5.349]",29.249164307167575,7.344122411833834,2.9249164307167574,1.0,grow,tiny,STILL_MID;DESCEND_LOW;ASCEND_LOW;DESCEND_HIGH;HORIZ_MID;DESCEND_LOW,STILL_MID:0.06;DESCEND_LOW:0.06;STILL_LOW:0.38;ASCEND_LOW:0.06;ASCEND_MID:0.12;DESCEND_HIGH:0.06;DESCEND_MID:0.06;HORIZ_MID:0.06;DESCEND_MID:0.06;DESCEND_LOW:0.06,"f1:[1.077,1.218,0.658];f2:[1.077,1.214,0.658];f3:[1.077,0.345,0.658];f5:[1.077,0.345,0.658];f6:[1.077,0.345,0.658];f8:[1.077,0.345,0.658];f9:[1.077,0.345,0.658];f11:[2.402,6.491,-1.323];f12:[3.742,13.115,-4.005];f14:[2.748,8.736,-4.423];f15:[4.866,7.393,-5.641];f17:[5.211,0.345,-5.349]",Peak speed ~7.271 between frames 11-12.,Vertical span from 0.345 (f3) to 13.115 (f12).,long,fast,large,Overall: moves quickly over a long distance with large vertical variation. Phases: stays mostly still in a mid-height region; moves downward in a low region; moves upward in a low region; moves downward in a high region.,Interactable,moves close to R22_Helicopter_V2; moves close to R22_Helicopter_V2/Audio Group; moves close to R22_Helicopter_V2/COG.,"As a Interactable, this object travels quickly over a long distance with strong changes in height. Its motion phases over time: STILL_MID:0.06;DESCEND_LOW:0.06;STILL_LOW:0.38;ASCEND_LOW:0.06;ASCEND_MID:0.12;DESCEND_HIGH:0.06;DESCEND_MID:0.06;HORIZ_MID:0.06;DESCEND_MID:0.06;DESCEND_LOW:0.06. Key positions along its path: f1:[1.077,1.218,0.658];f2:[1.077,1.214,0.658];f3:[1.077,0.345,0.658];f5:[1.077,0.345,0.658];f6:[1.077,0.345,0.658];f8:[1.077,0.345,0.658];f9:[1.077,0.345,0.658];f11:[2.402,6.491,-1.323];f12:[3.742,13.115,-4.005];f14:[2.748,8.736,-4.423];f15:[4.866,7.393,-5.641];f17:[5.211,0.345,-5.349]. It moves close to R22_Helicopter_V2; moves close to R22_Helicopter_V2/Audio Group; moves close to R22_Helicopter_V2/COG. Notable moments: Peak speed ~7.271 between frames 11-12. Vertical span from 0.345 (f3) to 13.115 (f12)."
R22_Helicopter_V2/Graphics_Group/R22_Cockpit_Gruop/R22_Cockpit_RLever01_Geo,Mesh,1,17,"[0.958,1.217,0.66]","[5.271,0.344,-5.246]",29.233825858488814,7.365116020810535,2.9233825858488816,1.0,grow,tiny,STILL_MID;DESCEND_LOW;ASCEND_LOW;DESCEND_HIGH;HORIZ_MID;DESCEND_LOW,STILL_MID:0.06;DESCEND_LOW:0.06;STILL_LOW:0.38;ASCEND_LOW:0.06;ASCEND_MID:0.12;DESCEND_HIGH:0.06;DESCEND_MID:0.06;HORIZ_MID:0.06;DESCEND_MID:0.06;DESCEND_LOW:0.06,"f1:[0.958,1.217,0.660];f2:[0.958,1.213,0.660];f3:[0.958,0.344,0.660];f5:[0.958,0.344,0.660];f6:[0.958,0.344,0.660];f8:[0.958,0.344,0.660];f9:[0.958,0.344,0.660];f11:[2.403,6.510,-1.205];f12:[3.787,13.108,-3.895];f14:[2.809,8.734,-4.321];f15:[4.929,7.349,-5.551];f17:[5.271,0.344,-5.246]",Peak speed ~7.258 between frames 11-12.,Vertical span from 0.344 (f3) to 13.108 (f12).,medium,fast,large,Overall: moves quickly over a medium distance with large vertical variation. Phases: stays mostly still in a mid-height region; moves downward in a low region; moves upward in a low region; moves downward in a high region.,Interactable,moves close to R22_Helicopter_V2; moves close to R22_Helicopter_V2/Audio Group; moves close to R22_Helicopter_V2/COG.,"As a Interactable, this object moves quickly over a medium distance with strong changes in height. Its motion phases over time: STILL_MID:0.06;DESCEND_LOW:0.06;STILL_LOW:0.38;ASCEND_LOW:0.06;ASCEND_MID:0.12;DESCEND_HIGH:0.06;DESCEND_MID:0.06;HORIZ_MID:0.06;DESCEND_MID:0.06;DESCEND_LOW:0.06. Key positions along its path: f1:[0.958,1.217,0.660];f2:[0.958,1.213,0.660];f3:[0.958,0.344,0.660];f5:[0.958,0.344,0.660];f6:[0.958,0.344,0.660];f8:[0.958,0.344,0.660];f9:[0.958,0.344,0.660];f11:[2.403,6.510,-1.205];f12:[3.787,13.108,-3.895];f14:[2.809,8.734,-4.321];f15:[4.929,7.349,-5.551];f17:[5.271,0.344,-5.246]. It moves close to R22_Helicopter_V2; moves close to R22_Helicopter_V2/Audio Group; moves close to R22_Helicopter_V2/COG. Notable moments: Peak speed ~7.258 between frames 11-12. Vertical span from 0.344 (f3) to 13.108 (f12)."
R22_Helicopter_V2/Graphics_Group/R22_Cockpit_Gruop/R22_Cockpit_Needle03_Geo,Mesh,1,17,"[0.708,1.596,0.769]","[5.491,0.723,-5.084]",29.05256036942245,7.608996451569681,2.9052560369422453,1.0,grow,tiny,STILL_MID;DESCEND_MID;ASCEND_MID;DESCEND_HIGH;HORIZ_MID;HORIZ_MID,STILL_MID:0.06;DESCEND_MID:0.06;STILL_LOW:0.38;ASCEND_MID:0.19;DESCEND_HIGH:0.06;DESCEND_MID:0.06;HORIZ_MID:0.06;DESCEND_MID:0.06;HORIZ_MID:0.06,"f1:[0.708,1.596,0.769];f2:[0.708,1.592,0.769];f3:[0.708,0.723,0.769];f5:[0.708,0.723,0.769];f6:[0.708,0.723,0.769];f8:[0.708,0.723,0.769];f9:[0.708,0.723,0.769];f11:[2.544,6.917,-1.022];f12:[3.877,13.489,-3.639];f14:[3.148,9.045,-4.232];f15:[5.054,7.609,-5.182];f17:[5.491,0.723,-5.084]",Peak speed ~7.198 between frames 11-12.,Vertical span from 0.723 (f3) to 13.489 (f12).,medium,medium,large,Overall: moves at a moderate speed over a medium distance with large vertical variation. Phases: stays mostly still in a mid-height region; moves downward in a mid-height region; moves upward in a mid-height region; moves downward in a high region.,DynamicObject,moves close to R22_Helicopter_V2/COG; moves close to R22_Helicopter_V2/Collider Group/Fuselage_COL; moves close to R22_Helicopter_V2/Graphics_Group/R22_Body_Gruop/R22_Body_LDoor_Geo.,"As a DynamicObject, this object moves steadily over a medium distance with strong changes in height. Its motion phases over time: STILL_MID:0.06;DESCEND_MID:0.06;STILL_LOW:0.38;ASCEND_MID:0.19;DESCEND_HIGH:0.06;DESCEND_MID:0.06;HORIZ_MID:0.06;DESCEND_MID:0.06;HORIZ_MID:0.06. Key positions along its path: f1:[0.708,1.596,0.769];f2:[0.708,1.592,0.769];f3:[0.708,0.723,0.769];f5:[0.708,0.723,0.769];f6:[0.708,0.723,0.769];f8:[0.708,0.723,0.769];f9:[0.708,0.723,0.769];f11:[2.544,6.917,-1.022];f12:[3.877,13.489,-3.639];f14:[3.148,9.045,-4.232];f15:[5.054,7.609,-5.182];f17:[5.491,0.723,-5.084]. It moves close to R22_Helicopter_V2/COG; moves close to R22_Helicopter_V2/Collider Group/Fuselage_COL; moves close to R22_Helicopter_V2/Graphics_Group/R22_Body_Gruop/R22_Body_LDoor_Geo. Notable moments: Peak speed ~7.198 between frames 11-12. Vertical span from 0.723 (f3) to 13.489 (f12)."
R22_Helicopter_V2/Graphics_Group/R22_Cockpit_Gruop/R22_Cockpit_Needle04_Geo,Mesh,1,17,"[0.746,1.524,0.722]","[5.431,0.651,-5.093]",29.03379147828262,7.5183494864232,2.903379147828262,1.0,grow,tiny,STILL_MID;DESCEND_MID;ASCEND_MID;DESCEND_HIGH;HORIZ_MID;HORIZ_LOW,STILL_MID:0.06;DESCEND_MID:0.06;STILL_LOW:0.38;ASCEND_MID:0.19;DESCEND_HIGH:0.06;DESCEND_MID:0.06;HORIZ_MID:0.06;DESCEND_MID:0.06;HORIZ_LOW:0.06,"f1:[0.746,1.524,0.722];f2:[0.746,1.520,0.722];f3:[0.746,0.651,0.722];f5:[0.746,0.651,0.722];f6:[0.746,0.651,0.722];f8:[0.746,0.651,0.722];f9:[0.746,0.651,0.722];f11:[2.491,6.843,-1.048];f12:[3.840,13.408,-3.670];f14:[3.067,8.996,-4.228];f15:[5.014,7.543,-5.237];f17:[5.431,0.651,-5.093]",Peak speed ~7.197 between frames 11-12.,Vertical span from 0.651 (f3) to 13.408 (f12).,medium,medium,moderate,Overall: moves at a moderate speed over a medium distance with moderate vertical variation. Phases: stays mostly still in a mid-height region; moves downward in a mid-height region; moves upward in a mid-height region; moves downward in a high region.,DynamicObject,moves close to R22_Helicopter_V2; moves close to R22_Helicopter_V2/Audio Group; moves close to R22_Helicopter_V2/COG.,"As a DynamicObject, this object moves steadily over a medium distance with some vertical variation. Its motion phases over time: STILL_MID:0.06;DESCEND_MID:0.06;STILL_LOW:0.38;ASCEND_MID:0.19;DESCEND_HIGH:0.06;DESCEND_MID:0.06;HORIZ_MID:0.06;DESCEND_MID:0.06;HORIZ_LOW:0.06. Key positions along its path: f1:[0.746,1.524,0.722];f2:[0.746,1.520,0.722];f3:[0.746,0.651,0.722];f5:[0.746,0.651,0.722];f6:[0.746,0.651,0.722];f8:[0.746,0.651,0.722];f9:[0.746,0.651,0.722];f11:[2.491,6.843,-1.048];f12:[3.840,13.408,-3.670];f14:[3.067,8.996,-4.228];f15:[5.014,7.543,-5.237];f17:[5.431,0.651,-5.093]. It moves close to R22_Helicopter_V2; moves close to R22_Helicopter_V2/Audio Group; moves close to R22_Helicopter_V2/COG. Notable moments: Peak speed ~7.197 between frames 11-12. Vertical span from 0.651 (f3) to 13.408 (f12)."
R22_Helicopter_V2/Graphics_Group/R22_Cockpit_Gruop/R22_Cockpit_Needle01_Geo,Mesh,1,17,"[0.661,1.689,0.782]","[5.526,0.816,-5.049]",29.00126312300805,7.644011708520599,2.9001263123008054,1.0,grow,tiny,STILL_MID;DESCEND_MID;ASCEND_MID;DESCEND_HIGH;HORIZ_MID;HORIZ_MID,STILL_MID:0.06;DESCEND_MID:0.06;STILL_LOW:0.38;ASCEND_MID:0.19;DESCEND_HIGH:0.06;DESCEND_MID:0.06;HORIZ_MID:0.06;DESCEND_MID:0.06;HORIZ_MID:0.06,"f1:[0.661,1.689,0.782];f2:[0.661,1.685,0.782];f3:[0.661,0.816,0.782];f5:[0.661,0.816,0.782];f6:[0.661,0.816,0.782];f8:[0.661,0.816,0.782];f9:[0.661,0.816,0.782];f11:[2.564,7.014,-0.991];f12:[3.882,13.578,-3.585];f14:[3.212,9.126,-4.216];f15:[5.066,7.670,-5.099];f17:[5.526,0.816,-5.049]",Peak speed ~7.180 between frames 11-12.,Vertical span from 0.816 (f3) to 13.578 (f12).,medium,medium,moderate,Overall: moves at a moderate speed over a medium distance with moderate vertical variation. Phases: stays mostly still in a mid-height region; moves downward in a mid-height region; moves upward in a mid-height region; moves downward in a high region.,DynamicObject,moves close to R22_Helicopter_V2/COG; moves close to R22_Helicopter_V2/Collider Group/Fuselage_COL; moves close to R22_Helicopter_V2/Graphics_Group/R22_Body_Gruop/R22_Body_LDoor_Geo.,"As a DynamicObject, this object moves steadily over a medium distance with some vertical variation. Its motion phases over time: STILL_MID:0.06;DESCEND_MID:0.06;STILL_LOW:0.38;ASCEND_MID:0.19;DESCEND_HIGH:0.06;DESCEND_MID:0.06;HORIZ_MID:0.06;DESCEND_MID:0.06;HORIZ_MID:0.06. Key positions along its path: f1:[0.661,1.689,0.782];f2:[0.661,1.685,0.782];f3:[0.661,0.816,0.782];f5:[0.661,0.816,0.782];f6:[0.661,0.816,0.782];f8:[0.661,0.816,0.782];f9:[0.661,0.816,0.782];f11:[2.564,7.014,-0.991];f12:[3.882,13.578,-3.585];f14:[3.212,9.126,-4.216];f15:[5.066,7.670,-5.099];f17:[5.526,0.816,-5.049]. It moves close to R22_Helicopter_V2/COG; moves close to R22_Helicopter_V2/Collider Group/Fuselage_COL; moves close to R22_Helicopter_V2/Graphics_Group/R22_Body_Gruop/R22_Body_LDoor_Geo. Notable moments: Peak speed ~7.180 between frames 11-12. Vertical span from 0.816 (f3) to 13.578 (f12)."
R22_Helicopter_V2/Graphics_Group/R22_Cockpit_Gruop/R22_Cockpit_Needle02_Geo,Mesh,1,17,"[0.948,1.689,0.782]","[5.382,0.816,-5.298]",29.003108685009682,7.575545194901816,2.9003108685009678,1.0,grow,tiny,STILL_MID;DESCEND_MID;ASCEND_MID;DESCEND_HIGH;HORIZ_MID;HORIZ_MID,STILL_MID:0.06;DESCEND_MID:0.06;STILL_LOW:0.38;ASCEND_MID:0.19;DESCEND_HIGH:0.06;DESCEND_MID:0.06;HORIZ_MID:0.06;DESCEND_MID:0.06;HORIZ_MID:0.06,"f1:[0.948,1.689,0.782];f2:[0.948,1.685,0.782];f3:[0.948,0.816,0.782];f5:[0.948,0.816,0.782];f6:[0.948,0.816,0.782];f8:[0.948,0.816,0.782];f9:[0.948,0.816,0.782];f11:[2.564,6.965,-1.274];f12:[3.778,13.594,-3.852];f14:[3.064,9.126,-4.462];f15:[4.915,7.777,-5.318];f17:[5.382,0.816,-5.298]",Peak speed ~7.216 between frames 11-12.,Vertical span from 0.816 (f3) to 13.594 (f12).,medium,medium,large,Overall: moves at a moderate speed over a medium distance with large vertical variation. Phases: stays mostly still in a mid-height region; moves downward in a mid-height region; moves upward in a mid-height region; moves downward in a high region.,DynamicObject,moves close to R22_Helicopter_V2/COG; moves close to R22_Helicopter_V2/Collider Group/Fuselage_COL; moves close to R22_Helicopter_V2/Graphics_Group/R22_Body_Gruop/R22_Body_LDoor_Geo.,"As a DynamicObject, this object moves steadily over a medium distance with strong changes in height. Its motion phases over time: STILL_MID:0.06;DESCEND_MID:0.06;STILL_LOW:0.38;ASCEND_MID:0.19;DESCEND_HIGH:0.06;DESCEND_MID:0.06;HORIZ_MID:0.06;DESCEND_MID:0.06;HORIZ_MID:0.06. Key positions along its path: f1:[0.948,1.689,0.782];f2:[0.948,1.685,0.782];f3:[0.948,0.816,0.782];f5:[0.948,0.816,0.782];f6:[0.948,0.816,0.782];f8:[0.948,0.816,0.782];f9:[0.948,0.816,0.782];f11:[2.564,6.965,-1.274];f12:[3.778,13.594,-3.852];f14:[3.064,9.126,-4.462];f15:[4.915,7.777,-5.318];f17:[5.382,0.816,-5.298]. It moves close to R22_Helicopter_V2/COG; moves close to R22_Helicopter_V2/Collider Group/Fuselage_COL; moves close to R22_Helicopter_V2/Graphics_Group/R22_Body_Gruop/R22_Body_LDoor_Geo. Notable moments: Peak speed ~7.216 between frames 11-12. Vertical span from 0.816 (f3) to 13.594 (f12)."
R22_Helicopter_V2/Graphics_Group/R22_Cockpit_Gruop/R22_Cockpit_Needle05_Geo,Mesh,1,17,"[0.746,1.518,0.655]","[5.373,0.645,-5.06]",28.928405415133852,7.404895880429381,2.892840541513385,1.0,grow,tiny,STILL_MID;DESCEND_MID;ASCEND_MID;DESCEND_HIGH;HORIZ_MID;HORIZ_LOW,STILL_MID:0.06;DESCEND_MID:0.06;STILL_LOW:0.38;ASCEND_MID:0.19;DESCEND_HIGH:0.06;DESCEND_MID:0.06;HORIZ_MID:0.06;DESCEND_MID:0.06;HORIZ_LOW:0.06,"f1:[0.746,1.518,0.655];f2:[0.746,1.514,0.655];f3:[0.746,0.645,0.655];f5:[0.746,0.645,0.655];f6:[0.746,0.645,0.655];f8:[0.746,0.645,0.655];f9:[0.746,0.645,0.655];f11:[2.423,6.842,-1.048];f12:[3.781,13.382,-3.649];f14:[3.012,9.015,-4.195];f15:[4.961,7.505,-5.219];f17:[5.373,0.645,-5.060]",Peak speed ~7.168 between frames 11-12.,Vertical span from 0.645 (f3) to 13.382 (f12).,medium,medium,moderate,Overall: moves at a moderate speed over a medium distance with moderate vertical variation. Phases: stays mostly still in a mid-height region; moves downward in a mid-height region; moves upward in a mid-height region; moves downward in a high region.,DynamicObject,moves close to R22_Helicopter_V2; moves close to R22_Helicopter_V2/Audio Group; moves close to R22_Helicopter_V2/COG.,"As a DynamicObject, this object moves steadily over a medium distance with some vertical variation. Its motion phases over time: STILL_MID:0.06;DESCEND_MID:0.06;STILL_LOW:0.38;ASCEND_MID:0.19;DESCEND_HIGH:0.06;DESCEND_MID:0.06;HORIZ_MID:0.06;DESCEND_MID:0.06;HORIZ_LOW:0.06. Key positions along its path: f1:[0.746,1.518,0.655];f2:[0.746,1.514,0.655];f3:[0.746,0.645,0.655];f5:[0.746,0.645,0.655];f6:[0.746,0.645,0.655];f8:[0.746,0.645,0.655];f9:[0.746,0.645,0.655];f11:[2.423,6.842,-1.048];f12:[3.781,13.382,-3.649];f14:[3.012,9.015,-4.195];f15:[4.961,7.505,-5.219];f17:[5.373,0.645,-5.060]. It moves close to R22_Helicopter_V2; moves close to R22_Helicopter_V2/Audio Group; moves close to R22_Helicopter_V2/COG. Notable moments: Peak speed ~7.168 between frames 11-12. Vertical span from 0.645 (f3) to 13.382 (f12)."
R22_Helicopter_V2/Graphics_Group/R22_Cockpit_Gruop/R22_Cockpit_Hanlde02_Geo,Mesh,1,17,"[0.803,1.35,0.39]","[5.115,0.477,-4.977]",28.669454175571282,6.939752301055132,2.8669454175571283,1.0,grow,tiny,STILL_MID;DESCEND_MID;ASCEND_LOW;DESCEND_HIGH;HORIZ_MID;HORIZ_LOW,STILL_MID:0.06;DESCEND_MID:0.06;STILL_LOW:0.38;ASCEND_LOW:0.06;ASCEND_MID:0.12;DESCEND_HIGH:0.06;DESCEND_MID:0.06;HORIZ_MID:0.06;DESCEND_MID:0.06;HORIZ_LOW:0.06,"f1:[0.803,1.350,0.390];f2:[0.803,1.346,0.390];f3:[0.803,0.477,0.390];f5:[0.803,0.477,0.390];f6:[0.803,0.477,0.390];f8:[0.803,0.477,0.390];f9:[0.803,0.477,0.390];f11:[2.146,6.689,-1.078];f12:[3.567,13.146,-3.640];f14:[2.718,8.959,-4.085];f15:[4.758,7.264,-5.271];f17:[5.115,0.477,-4.977]",Peak speed ~7.091 between frames 11-12.,Vertical span from 0.477 (f3) to 13.146 (f12).,medium,medium,moderate,Overall: moves at a moderate speed over a medium distance with moderate vertical variation. Phases: stays mostly still in a mid-height region; moves downward in a mid-height region; moves upward in a low region; moves downward in a high region.,DynamicObject,moves close to R22_Helicopter_V2; moves close to R22_Helicopter_V2/Audio Group; moves close to R22_Helicopter_V2/COG.,"As a DynamicObject, this object moves steadily over a medium distance with some vertical variation. Its motion phases over time: STILL_MID:0.06;DESCEND_MID:0.06;STILL_LOW:0.38;ASCEND_LOW:0.06;ASCEND_MID:0.12;DESCEND_HIGH:0.06;DESCEND_MID:0.06;HORIZ_MID:0.06;DESCEND_MID:0.06;HORIZ_LOW:0.06. Key positions along its path: f1:[0.803,1.350,0.390];f2:[0.803,1.346,0.390];f3:[0.803,0.477,0.390];f5:[0.803,0.477,0.390];f6:[0.803,0.477,0.390];f8:[0.803,0.477,0.390];f9:[0.803,0.477,0.390];f11:[2.146,6.689,-1.078];f12:[3.567,13.146,-3.640];f14:[2.718,8.959,-4.085];f15:[4.758,7.264,-5.271];f17:[5.115,0.477,-4.977]. It moves close to R22_Helicopter_V2; moves close to R22_Helicopter_V2/Audio Group; moves close to R22_Helicopter_V2/COG. Notable moments: Peak speed ~7.091 between frames 11-12. Vertical span from 0.477 (f3) to 13.146 (f12)."
R22_Helicopter_V2/Rotors_Group/Back Rotor - Mast/R22_Mechanical_RTailBlade_Geo,Mesh,1,17,"[0.542,2.084,-2.236]","[2.952,1.2,-3.43]",27.881507942299834,2.831111442525709,1.7425942463937396,1.0,grow,tiny,STILL_MID;DESCEND_MID;STILL_MID;ASCEND_MID;DESCEND_HIGH;ASCEND_MID,STILL_MID:0.06;DESCEND_MID:0.06;STILL_MID:0.38;HORIZ_MID:0.06;ASCEND_MID:0.12;DESCEND_HIGH:0.12;DESCEND_MID:0.12;ASCEND_MID:0.06,"f1:[0.542,2.084,-2.236];f2:[0.542,2.081,-2.236];f3:[0.542,1.211,-2.236];f5:[0.542,1.175,-2.219];f6:[0.542,1.189,-2.214];f8:[0.542,1.168,-2.229];f9:[0.542,1.170,-2.249];f11:[-0.436,7.641,-0.973];f12:[1.139,13.046,-2.421];f14:[1.014,10.612,-2.761];f15:[2.600,6.451,-3.843];f17:[2.952,1.200,-3.430]",Peak speed ~5.861 between frames 15-16.,Vertical span from 0.603 (f16) to 13.046 (f12).,short,slow,flat,Overall: moves slowly over a short distance with almost no vertical change. Phases: stays mostly still in a mid-height region; moves downward in a mid-height region; stays mostly still in a mid-height region; moves upward in a mid-height region.,DynamicObject,moves close to R22_Helicopter_V2/Collider Group/Tail_COL; touches R22_Helicopter_V2/Rotors_Group/Back Rotor - Mast; touches R22_Helicopter_V2/Rotors_Group/Back Rotor - Mast/R22_Mechanical_LTailBlade_Geo.,"As a DynamicObject, this object shifts short across the scene with almost no vertical change. Its motion phases over time: STILL_MID:0.06;DESCEND_MID:0.06;STILL_MID:0.38;HORIZ_MID:0.06;ASCEND_MID:0.12;DESCEND_HIGH:0.12;DESCEND_MID:0.12;ASCEND_MID:0.06. Key positions along its path: f1:[0.542,2.084,-2.236];f2:[0.542,2.081,-2.236];f3:[0.542,1.211,-2.236];f5:[0.542,1.175,-2.219];f6:[0.542,1.189,-2.214];f8:[0.542,1.168,-2.229];f9:[0.542,1.170,-2.249];f11:[-0.436,7.641,-0.973];f12:[1.139,13.046,-2.421];f14:[1.014,10.612,-2.761];f15:[2.600,6.451,-3.843];f17:[2.952,1.200,-3.430]. It moves close to R22_Helicopter_V2/Collider Group/Tail_COL; touches R22_Helicopter_V2/Rotors_Group/Back Rotor - Mast; touches R22_Helicopter_V2/Rotors_Group/Back Rotor - Mast/R22_Mechanical_LTailBlade_Geo. Notable moments: Peak speed ~5.861 between frames 15-16. Vertical span from 0.603 (f16) to 13.046 (f12)."
R22_Helicopter_V2/Rotors_Group/Back Rotor - Mast/R22_Mechanical_LTailBlade_Geo,Mesh,1,17,"[0.542,2.033,-2.236]","[2.992,1.176,-3.453]",27.678119667014588,2.8667120539042634,1.7298824791884118,1.0,grow,tiny,STILL_MID;STILL_MID;STILL_MID;ASCEND_MID;HORIZ_HIGH;ASCEND_MID,STILL_MID:0.06;DESCEND_MID:0.06;STILL_MID:0.25;ASCEND_MID:0.06;STILL_MID:0.06;HORIZ_MID:0.06;ASCEND_MID:0.12;DESCEND_HIGH:0.06;HORIZ_HIGH:0.06;DESCEND_MID:0.12;ASCEND_MID:0.06,"f1:[0.542,2.033,-2.236];f2:[0.542,2.029,-2.236];f3:[0.542,1.160,-2.236];f5:[0.542,1.206,-2.261];f6:[0.542,1.188,-2.266];f8:[0.542,1.216,-2.249];f9:[0.542,1.215,-2.222];f11:[-0.385,7.650,-0.975];f12:[1.109,13.005,-2.412];f14:[0.970,10.603,-2.735];f15:[2.557,6.449,-3.814];f17:[2.992,1.176,-3.453]",Peak speed ~5.810 between frames 15-16.,Vertical span from 0.649 (f16) to 13.005 (f12).,short,slow,flat,Overall: moves slowly over a short distance with almost no vertical change. Phases: stays mostly still in a mid-height region; moves upward in a mid-height region; moves across the scene in a high region; moves upward in a mid-height region.,DynamicObject,moves close to R22_Helicopter_V2/Collider Group/Tail_COL; touches R22_Helicopter_V2/Rotors_Group/Back Rotor - Mast; touches R22_Helicopter_V2/Rotors_Group/Back Rotor - Mast/R22_Mechanical_RTailBlade_Geo.,"As a DynamicObject, this object shifts short across the scene with almost no vertical change. Its motion phases over time: STILL_MID:0.06;DESCEND_MID:0.06;STILL_MID:0.25;ASCEND_MID:0.06;STILL_MID:0.06;HORIZ_MID:0.06;ASCEND_MID:0.12;DESCEND_HIGH:0.06;HORIZ_HIGH:0.06;DESCEND_MID:0.12;ASCEND_MID:0.06. Key positions along its path: f1:[0.542,2.033,-2.236];f2:[0.542,2.029,-2.236];f3:[0.542,1.160,-2.236];f5:[0.542,1.206,-2.261];f6:[0.542,1.188,-2.266];f8:[0.542,1.216,-2.249];f9:[0.542,1.215,-2.222];f11:[-0.385,7.650,-0.975];f12:[1.109,13.005,-2.412];f14:[0.970,10.603,-2.735];f15:[2.557,6.449,-3.814];f17:[2.992,1.176,-3.453]. It moves close to R22_Helicopter_V2/Collider Group/Tail_COL; touches R22_Helicopter_V2/Rotors_Group/Back Rotor - Mast; touches R22_Helicopter_V2/Rotors_Group/Back Rotor - Mast/R22_Mechanical_RTailBlade_Geo. Notable moments: Peak speed ~5.810 between frames 15-16. Vertical span from 0.649 (f16) to 13.005 (f12)."
R22_Helicopter_V2/Rotors_Group/Back Rotor - Mast/R22_Mechanical_TailMast_Geo,Mesh,1,17,"[0.743,2.062,-2.237]","[2.869,1.189,-3.614]",27.580255486973797,2.6792039862615913,2.75802554869738,1.0,grow,tiny,STILL_MID;DESCEND_MID;STILL_MID;ASCEND_MID;DESCEND_HIGH;ASCEND_MID,STILL_MID:0.06;DESCEND_MID:0.06;STILL_MID:0.38;HORIZ_MID:0.06;ASCEND_MID:0.12;DESCEND_HIGH:0.12;DESCEND_MID:0.12;ASCEND_MID:0.06,"f1:[0.743,2.062,-2.237];f2:[0.743,2.058,-2.237];f3:[0.743,1.189,-2.237];f5:[0.743,1.189,-2.237];f6:[0.743,1.189,-2.237];f8:[0.743,1.189,-2.237];f9:[0.743,1.189,-2.237];f11:[-0.414,7.610,-1.171];f12:[1.053,13.039,-2.603];f14:[0.892,10.609,-2.921];f15:[2.476,6.526,-3.984];f17:[2.869,1.189,-3.614]",Peak speed ~5.916 between frames 15-16.,Vertical span from 0.620 (f16) to 13.039 (f12).,short,slow,flat,Overall: moves slowly over a short distance with almost no vertical change. Phases: stays mostly still in a mid-height region; moves downward in a mid-height region; stays mostly still in a mid-height region; moves upward in a mid-height region.,DynamicObject,moves close to R22_Helicopter_V2/Collider Group/Tail_COL; touches R22_Helicopter_V2/Rotors_Group/Back Rotor - Mast; touches R22_Helicopter_V2/Rotors_Group/Back Rotor - Mast/R22_Mechanical_LTailBlade_Geo.,"As a DynamicObject, this object shifts short across the scene with almost no vertical change. Its motion phases over time: STILL_MID:0.06;DESCEND_MID:0.06;STILL_MID:0.38;HORIZ_MID:0.06;ASCEND_MID:0.12;DESCEND_HIGH:0.12;DESCEND_MID:0.12;ASCEND_MID:0.06. Key positions along its path: f1:[0.743,2.062,-2.237];f2:[0.743,2.058,-2.237];f3:[0.743,1.189,-2.237];f5:[0.743,1.189,-2.237];f6:[0.743,1.189,-2.237];f8:[0.743,1.189,-2.237];f9:[0.743,1.189,-2.237];f11:[-0.414,7.610,-1.171];f12:[1.053,13.039,-2.603];f14:[0.892,10.609,-2.921];f15:[2.476,6.526,-3.984];f17:[2.869,1.189,-3.614]. It moves close to R22_Helicopter_V2/Collider Group/Tail_COL; touches R22_Helicopter_V2/Rotors_Group/Back Rotor - Mast; touches R22_Helicopter_V2/Rotors_Group/Back Rotor - Mast/R22_Mechanical_LTailBlade_Geo. Notable moments: Peak speed ~5.916 between frames 15-16. Vertical span from 0.620 (f16) to 13.039 (f12)."
Main Camera,Camera,1,17,"[-9.661,14.895,-15.276]","[-2.182,5.053,-0.833]",49.504232234269864,19.01054060251838,4.500384748569989,0.0,unknown,unknown,STILL_HIGH;HORIZ_MID;HORIZ_MID;ASCEND_HIGH;DESCEND_HIGH;DESCEND_MID,STILL_HIGH:0.06;HORIZ_MID:0.06;STILL_MID:0.38;HORIZ_MID:0.12;ASCEND_HIGH:0.06;HORIZ_HIGH:0.06;DESCEND_HIGH:0.06;HORIZ_HIGH:0.06;DESCEND_MID:0.12,"f1:[-9.661,14.895,-15.276];f2:[-9.577,14.824,-15.218];f3:[0.718,5.144,-8.064];f5:[0.810,5.017,-8.000];f6:[0.810,5.017,-8.000];f8:[0.810,5.017,-8.000];f9:[0.810,5.017,-8.000];f11:[-6.385,9.018,-2.260];f12:[-4.763,16.454,-0.755];f14:[-4.915,13.849,0.427];f15:[-3.156,12.747,-1.450];f17:[-2.182,5.053,-0.833]",Peak speed ~15.839 between frames 2-3.,Vertical span from 5.017 (f4) to 16.454 (f12).,long,fast,flat,Overall: moves quickly over a long distance with almost no vertical change. Phases: stays mostly still in a high region; moves across the scene in a mid-height region; moves upward in a high region; moves downward in a high region.,Camera,,"As a Camera, this object travels quickly over a long distance with almost no vertical change. Its motion phases over time: STILL_HIGH:0.06;HORIZ_MID:0.06;STILL_MID:0.38;HORIZ_MID:0.12;ASCEND_HIGH:0.06;HORIZ_HIGH:0.06;DESCEND_HIGH:0.06;HORIZ_HIGH:0.06;DESCEND_MID:0.12. Key positions along its path: f1:[-9.661,14.895,-15.276];f2:[-9.577,14.824,-15.218];f3:[0.718,5.144,-8.064];f5:[0.810,5.017,-8.000];f6:[0.810,5.017,-8.000];f8:[0.810,5.017,-8.000];f9:[0.810,5.017,-8.000];f11:[-6.385,9.018,-2.260];f12:[-4.763,16.454,-0.755];f14:[-4.915,13.849,0.427];f15:[-3.156,12.747,-1.450];f17:[-2.182,5.053,-0.833]. Notable moments: Peak speed ~15.839 between frames 2-3. Vertical span from 5.017 (f4) to 16.454 (f12)."
R22_Helicopter_V2/Audio Group,Empty,1,17,"[0.81,0.89,0.0]","[4.774,0.017,-4.788]",28.627907297632042,6.276971323815332,2.8627907297632045,0.0,unknown,unknown,STILL_LOW;DESCEND_LOW;ASCEND_LOW;DESCEND_HIGH;HORIZ_MID;DESCEND_LOW,STILL_LOW:0.06;DESCEND_LOW:0.06;STILL_LOW:0.38;ASCEND_LOW:0.06;ASCEND_MID:0.12;DESCEND_HIGH:0.06;DESCEND_MID:0.06;HORIZ_MID:0.06;DESCEND_MID:0.06;DESCEND_LOW:0.06,"f1:[0.810,0.890,0.000];f2:[0.810,0.886,0.000];f3:[0.810,0.017,0.000];f5:[0.810,0.017,0.000];f6:[0.810,0.017,0.000];f8:[0.810,0.017,0.000];f9:[0.810,0.017,0.000];f11:[1.720,6.267,-1.011];f12:[3.335,12.592,-3.590];f14:[2.256,8.680,-3.817];f15:[4.554,6.714,-5.408];f17:[4.774,0.017,-4.788]",Peak speed ~7.019 between frames 11-12.,Vertical span from 0.017 (f3) to 12.592 (f12).,short,medium,flat,Overall: moves at a moderate speed over a short distance with almost no vertical change. Phases: stays mostly still in a low region; moves downward in a low region; moves upward in a low region; moves downward in a high region.,Unknown,moves close to HeliPad_001; touches R22_Helicopter_V2; moves close to R22_Helicopter_V2/COG.,"It shifts short across the scene with almost no vertical change. Its motion phases over time: STILL_LOW:0.06;DESCEND_LOW:0.06;STILL_LOW:0.38;ASCEND_LOW:0.06;ASCEND_MID:0.12;DESCEND_HIGH:0.06;DESCEND_MID:0.06;HORIZ_MID:0.06;DESCEND_MID:0.06;DESCEND_LOW:0.06. Key positions along its path: f1:[0.810,0.890,0.000];f2:[0.810,0.886,0.000];f3:[0.810,0.017,0.000];f5:[0.810,0.017,0.000];f6:[0.810,0.017,0.000];f8:[0.810,0.017,0.000];f9:[0.810,0.017,0.000];f11:[1.720,6.267,-1.011];f12:[3.335,12.592,-3.590];f14:[2.256,8.680,-3.817];f15:[4.554,6.714,-5.408];f17:[4.774,0.017,-4.788]. It moves close to HeliPad_001; touches R22_Helicopter_V2; moves close to R22_Helicopter_V2/COG. Notable moments: Peak speed ~7.019 between frames 11-12. Vertical span from 0.017 (f3) to 12.592 (f12)."
R22_Helicopter_V2,PhysicsBody,1,17,"[0.81,0.89,0.0]","[4.774,0.017,-4.788]",28.627907297632042,6.276971323815332,2.8627907297632045,0.0,unknown,unknown,STILL_LOW;DESCEND_LOW;ASCEND_LOW;DESCEND_HIGH;HORIZ_MID;DESCEND_LOW,STILL_LOW:0.06;DESCEND_LOW:0.06;STILL_LOW:0.38;ASCEND_LOW:0.06;ASCEND_MID:0.12;DESCEND_HIGH:0.06;DESCEND_MID:0.06;HORIZ_MID:0.06;DESCEND_MID:0.06;DESCEND_LOW:0.06,"f1:[0.810,0.890,0.000];f2:[0.810,0.886,0.000];f3:[0.810,0.017,0.000];f5:[0.810,0.017,0.000];f6:[0.810,0.017,0.000];f8:[0.810,0.017,0.000];f9:[0.810,0.017,0.000];f11:[1.720,6.267,-1.011];f12:[3.335,12.592,-3.590];f14:[2.256,8.680,-3.817];f15:[4.554,6.714,-5.408];f17:[4.774,0.017,-4.788]",Peak speed ~7.019 between frames 11-12.,Vertical span from 0.017 (f3) to 12.592 (f12).,short,medium,flat,Overall: moves at a moderate speed over a short distance with almost no vertical change. Phases: stays mostly still in a low region; moves downward in a low region; moves upward in a low region; moves downward in a high region.,Unknown,moves close to HeliPad_001; touches R22_Helicopter_V2/Audio Group; moves close to R22_Helicopter_V2/COG.,"It shifts short across the scene with almost no vertical change. Its motion phases over time: STILL_LOW:0.06;DESCEND_LOW:0.06;STILL_LOW:0.38;ASCEND_LOW:0.06;ASCEND_MID:0.12;DESCEND_HIGH:0.06;DESCEND_MID:0.06;HORIZ_MID:0.06;DESCEND_MID:0.06;DESCEND_LOW:0.06. Key positions along its path: f1:[0.810,0.890,0.000];f2:[0.810,0.886,0.000];f3:[0.810,0.017,0.000];f5:[0.810,0.017,0.000];f6:[0.810,0.017,0.000];f8:[0.810,0.017,0.000];f9:[0.810,0.017,0.000];f11:[1.720,6.267,-1.011];f12:[3.335,12.592,-3.590];f14:[2.256,8.680,-3.817];f15:[4.554,6.714,-5.408];f17:[4.774,0.017,-4.788]. It moves close to HeliPad_001; touches R22_Helicopter_V2/Audio Group; moves close to R22_Helicopter_V2/COG. Notable moments: Peak speed ~7.019 between frames 11-12. Vertical span from 0.017 (f3) to 12.592 (f12)."
R22_Helicopter_V2/Rotors_Group,Empty,1,17,"[0.81,0.89,0.0]","[4.774,0.017,-4.788]",28.627907297632042,6.276971323815332,2.8627907297632045,0.0,unknown,unknown,STILL_LOW;DESCEND_LOW;ASCEND_LOW;DESCEND_HIGH;HORIZ_MID;DESCEND_LOW,STILL_LOW:0.06;DESCEND_LOW:0.06;STILL_LOW:0.38;ASCEND_LOW:0.06;ASCEND_MID:0.12;DESCEND_HIGH:0.06;DESCEND_MID:0.06;HORIZ_MID:0.06;DESCEND_MID:0.06;DESCEND_LOW:0.06,"f1:[0.810,0.890,0.000];f2:[0.810,0.886,0.000];f3:[0.810,0.017,0.000];f5:[0.810,0.017,0.000];f6:[0.810,0.017,0.000];f8:[0.810,0.017,0.000];f9:[0.810,0.017,0.000];f11:[1.720,6.267,-1.011];f12:[3.335,12.592,-3.590];f14:[2.256,8.680,-3.817];f15:[4.554,6.714,-5.408];f17:[4.774,0.017,-4.788]",Peak speed ~7.019 between frames 11-12.,Vertical span from 0.017 (f3) to 12.592 (f12).,short,medium,flat,Overall: moves at a moderate speed over a short distance with almost no vertical change. Phases: stays mostly still in a low region; moves downward in a low region; moves upward in a low region; moves downward in a high region.,Unknown,moves close to HeliPad_001; touches R22_Helicopter_V2; touches R22_Helicopter_V2/Audio Group.,"It shifts short across the scene with almost no vertical change. Its motion phases over time: STILL_LOW:0.06;DESCEND_LOW:0.06;STILL_LOW:0.38;ASCEND_LOW:0.06;ASCEND_MID:0.12;DESCEND_HIGH:0.06;DESCEND_MID:0.06;HORIZ_MID:0.06;DESCEND_MID:0.06;DESCEND_LOW:0.06. Key positions along its path: f1:[0.810,0.890,0.000];f2:[0.810,0.886,0.000];f3:[0.810,0.017,0.000];f5:[0.810,0.017,0.000];f6:[0.810,0.017,0.000];f8:[0.810,0.017,0.000];f9:[0.810,0.017,0.000];f11:[1.720,6.267,-1.011];f12:[3.335,12.592,-3.590];f14:[2.256,8.680,-3.817];f15:[4.554,6.714,-5.408];f17:[4.774,0.017,-4.788]. It moves close to HeliPad_001; touches R22_Helicopter_V2; touches R22_Helicopter_V2/Audio Group. Notable moments: Peak speed ~7.019 between frames 11-12. Vertical span from 0.017 (f3) to 12.592 (f12)."
R22_Helicopter_V2/Graphics_Group/R_22_Blendshapes,Empty,1,17,"[0.81,0.89,0.0]","[4.774,0.017,-4.788]",28.627907297632042,6.276971323815332,2.8627907297632045,0.0,unknown,unknown,STILL_LOW;DESCEND_LOW;ASCEND_LOW;DESCEND_HIGH;HORIZ_MID;DESCEND_LOW,STILL_LOW:0.06;DESCEND_LOW:0.06;STILL_LOW:0.38;ASCEND_LOW:0.06;ASCEND_MID:0.12;DESCEND_HIGH:0.06;DESCEND_MID:0.06;HORIZ_MID:0.06;DESCEND_MID:0.06;DESCEND_LOW:0.06,"f1:[0.810,0.890,0.000];f2:[0.810,0.886,0.000];f3:[0.810,0.017,0.000];f5:[0.810,0.017,0.000];f6:[0.810,0.017,0.000];f8:[0.810,0.017,0.000];f9:[0.810,0.017,0.000];f11:[1.720,6.267,-1.011];f12:[3.335,12.592,-3.590];f14:[2.256,8.680,-3.817];f15:[4.554,6.714,-5.408];f17:[4.774,0.017,-4.788]",Peak speed ~7.019 between frames 11-12.,Vertical span from 0.017 (f3) to 12.592 (f12).,short,medium,flat,Overall: moves at a moderate speed over a short distance with almost no vertical change. Phases: stays mostly still in a low region; moves downward in a low region; moves upward in a low region; moves downward in a high region.,Unknown,moves close to HeliPad_001; touches R22_Helicopter_V2; touches R22_Helicopter_V2/Audio Group.,"It shifts short across the scene with almost no vertical change. Its motion phases over time: STILL_LOW:0.06;DESCEND_LOW:0.06;STILL_LOW:0.38;ASCEND_LOW:0.06;ASCEND_MID:0.12;DESCEND_HIGH:0.06;DESCEND_MID:0.06;HORIZ_MID:0.06;DESCEND_MID:0.06;DESCEND_LOW:0.06. Key positions along its path: f1:[0.810,0.890,0.000];f2:[0.810,0.886,0.000];f3:[0.810,0.017,0.000];f5:[0.810,0.017,0.000];f6:[0.810,0.017,0.000];f8:[0.810,0.017,0.000];f9:[0.810,0.017,0.000];f11:[1.720,6.267,-1.011];f12:[3.335,12.592,-3.590];f14:[2.256,8.680,-3.817];f15:[4.554,6.714,-5.408];f17:[4.774,0.017,-4.788]. It moves close to HeliPad_001; touches R22_Helicopter_V2; touches R22_Helicopter_V2/Audio Group. Notable moments: Peak speed ~7.019 between frames 11-12. Vertical span from 0.017 (f3) to 12.592 (f12)."
R22_Helicopter_V2/Collider Group,Empty,1,17,"[0.81,0.89,0.0]","[4.774,0.017,-4.788]",28.627907297632042,6.276971323815332,2.8627907297632045,0.0,unknown,unknown,STILL_LOW;DESCEND_LOW;ASCEND_LOW;DESCEND_HIGH;HORIZ_MID;DESCEND_LOW,STILL_LOW:0.06;DESCEND_LOW:0.06;STILL_LOW:0.38;ASCEND_LOW:0.06;ASCEND_MID:0.12;DESCEND_HIGH:0.06;DESCEND_MID:0.06;HORIZ_MID:0.06;DESCEND_MID:0.06;DESCEND_LOW:0.06,"f1:[0.810,0.890,0.000];f2:[0.810,0.886,0.000];f3:[0.810,0.017,0.000];f5:[0.810,0.017,0.000];f6:[0.810,0.017,0.000];f8:[0.810,0.017,0.000];f9:[0.810,0.017,0.000];f11:[1.720,6.267,-1.011];f12:[3.335,12.592,-3.590];f14:[2.256,8.680,-3.817];f15:[4.554,6.714,-5.408];f17:[4.774,0.017,-4.788]",Peak speed ~7.019 between frames 11-12.,Vertical span from 0.017 (f3) to 12.592 (f12).,short,medium,flat,Overall: moves at a moderate speed over a short distance with almost no vertical change. Phases: stays mostly still in a low region; moves downward in a low region; moves upward in a low region; moves downward in a high region.,Unknown,moves close to HeliPad_001; touches R22_Helicopter_V2; touches R22_Helicopter_V2/Audio Group.,"It shifts short across the scene with almost no vertical change. Its motion phases over time: STILL_LOW:0.06;DESCEND_LOW:0.06;STILL_LOW:0.38;ASCEND_LOW:0.06;ASCEND_MID:0.12;DESCEND_HIGH:0.06;DESCEND_MID:0.06;HORIZ_MID:0.06;DESCEND_MID:0.06;DESCEND_LOW:0.06. Key positions along its path: f1:[0.810,0.890,0.000];f2:[0.810,0.886,0.000];f3:[0.810,0.017,0.000];f5:[0.810,0.017,0.000];f6:[0.810,0.017,0.000];f8:[0.810,0.017,0.000];f9:[0.810,0.017,0.000];f11:[1.720,6.267,-1.011];f12:[3.335,12.592,-3.590];f14:[2.256,8.680,-3.817];f15:[4.554,6.714,-5.408];f17:[4.774,0.017,-4.788]. It moves close to HeliPad_001; touches R22_Helicopter_V2; touches R22_Helicopter_V2/Audio Group. Notable moments: Peak speed ~7.019 between frames 11-12. Vertical span from 0.017 (f3) to 12.592 (f12)."
R22_Helicopter_V2/Graphics_Group,Empty,1,17,"[0.81,0.89,0.0]","[4.774,0.017,-4.788]",28.627907297632042,6.276971323815332,2.8627907297632045,0.0,unknown,unknown,STILL_LOW;DESCEND_LOW;ASCEND_LOW;DESCEND_HIGH;HORIZ_MID;DESCEND_LOW,STILL_LOW:0.06;DESCEND_LOW:0.06;STILL_LOW:0.38;ASCEND_LOW:0.06;ASCEND_MID:0.12;DESCEND_HIGH:0.06;DESCEND_MID:0.06;HORIZ_MID:0.06;DESCEND_MID:0.06;DESCEND_LOW:0.06,"f1:[0.810,0.890,0.000];f2:[0.810,0.886,0.000];f3:[0.810,0.017,0.000];f5:[0.810,0.017,0.000];f6:[0.810,0.017,0.000];f8:[0.810,0.017,0.000];f9:[0.810,0.017,0.000];f11:[1.720,6.267,-1.011];f12:[3.335,12.592,-3.590];f14:[2.256,8.680,-3.817];f15:[4.554,6.714,-5.408];f17:[4.774,0.017,-4.788]",Peak speed ~7.019 between frames 11-12.,Vertical span from 0.017 (f3) to 12.592 (f12).,short,medium,flat,Overall: moves at a moderate speed over a short distance with almost no vertical change. Phases: stays mostly still in a low region; moves downward in a low region; moves upward in a low region; moves downward in a high region.,Unknown,moves close to HeliPad_001; touches R22_Helicopter_V2; touches R22_Helicopter_V2/Audio Group.,"It shifts short across the scene with almost no vertical change. Its motion phases over time: STILL_LOW:0.06;DESCEND_LOW:0.06;STILL_LOW:0.38;ASCEND_LOW:0.06;ASCEND_MID:0.12;DESCEND_HIGH:0.06;DESCEND_MID:0.06;HORIZ_MID:0.06;DESCEND_MID:0.06;DESCEND_LOW:0.06. Key positions along its path: f1:[0.810,0.890,0.000];f2:[0.810,0.886,0.000];f3:[0.810,0.017,0.000];f5:[0.810,0.017,0.000];f6:[0.810,0.017,0.000];f8:[0.810,0.017,0.000];f9:[0.810,0.017,0.000];f11:[1.720,6.267,-1.011];f12:[3.335,12.592,-3.590];f14:[2.256,8.680,-3.817];f15:[4.554,6.714,-5.408];f17:[4.774,0.017,-4.788]. It moves close to HeliPad_001; touches R22_Helicopter_V2; touches R22_Helicopter_V2/Audio Group. Notable moments: Peak speed ~7.019 between frames 11-12. Vertical span from 0.017 (f3) to 12.592 (f12)."
R22_Helicopter_V2/Engines,Empty,1,17,"[0.81,0.89,0.0]","[4.774,0.017,-4.788]",28.627907297632042,6.276971323815332,2.8627907297632045,0.0,unknown,unknown,STILL_LOW;DESCEND_LOW;ASCEND_LOW;DESCEND_HIGH;HORIZ_MID;DESCEND_LOW,STILL_LOW:0.06;DESCEND_LOW:0.06;STILL_LOW:0.38;ASCEND_LOW:0.06;ASCEND_MID:0.12;DESCEND_HIGH:0.06;DESCEND_MID:0.06;HORIZ_MID:0.06;DESCEND_MID:0.06;DESCEND_LOW:0.06,"f1:[0.810,0.890,0.000];f2:[0.810,0.886,0.000];f3:[0.810,0.017,0.000];f5:[0.810,0.017,0.000];f6:[0.810,0.017,0.000];f8:[0.810,0.017,0.000];f9:[0.810,0.017,0.000];f11:[1.720,6.267,-1.011];f12:[3.335,12.592,-3.590];f14:[2.256,8.680,-3.817];f15:[4.554,6.714,-5.408];f17:[4.774,0.017,-4.788]",Peak speed ~7.019 between frames 11-12.,Vertical span from 0.017 (f3) to 12.592 (f12).,short,medium,flat,Overall: moves at a moderate speed over a short distance with almost no vertical change. Phases: stays mostly still in a low region; moves downward in a low region; moves upward in a low region; moves downward in a high region.,Unknown,moves close to HeliPad_001; touches R22_Helicopter_V2; touches R22_Helicopter_V2/Audio Group.,"It shifts short across the scene with almost no vertical change. Its motion phases over time: STILL_LOW:0.06;DESCEND_LOW:0.06;STILL_LOW:0.38;ASCEND_LOW:0.06;ASCEND_MID:0.12;DESCEND_HIGH:0.06;DESCEND_MID:0.06;HORIZ_MID:0.06;DESCEND_MID:0.06;DESCEND_LOW:0.06. Key positions along its path: f1:[0.810,0.890,0.000];f2:[0.810,0.886,0.000];f3:[0.810,0.017,0.000];f5:[0.810,0.017,0.000];f6:[0.810,0.017,0.000];f8:[0.810,0.017,0.000];f9:[0.810,0.017,0.000];f11:[1.720,6.267,-1.011];f12:[3.335,12.592,-3.590];f14:[2.256,8.680,-3.817];f15:[4.554,6.714,-5.408];f17:[4.774,0.017,-4.788]. It moves close to HeliPad_001; touches R22_Helicopter_V2; touches R22_Helicopter_V2/Audio Group. Notable moments: Peak speed ~7.019 between frames 11-12. Vertical span from 0.017 (f3) to 12.592 (f12)."
R22_Helicopter_V2/Engines/Main Engine,Empty,1,17,"[0.81,0.89,0.0]","[4.774,0.017,-4.788]",28.627907297632042,6.276971323815332,2.8627907297632045,0.0,unknown,unknown,STILL_LOW;DESCEND_LOW;ASCEND_LOW;DESCEND_HIGH;HORIZ_MID;DESCEND_LOW,STILL_LOW:0.06;DESCEND_LOW:0.06;STILL_LOW:0.38;ASCEND_LOW:0.06;ASCEND_MID:0.12;DESCEND_HIGH:0.06;DESCEND_MID:0.06;HORIZ_MID:0.06;DESCEND_MID:0.06;DESCEND_LOW:0.06,"f1:[0.810,0.890,0.000];f2:[0.810,0.886,0.000];f3:[0.810,0.017,0.000];f5:[0.810,0.017,0.000];f6:[0.810,0.017,0.000];f8:[0.810,0.017,0.000];f9:[0.810,0.017,0.000];f11:[1.720,6.267,-1.011];f12:[3.335,12.592,-3.590];f14:[2.256,8.680,-3.817];f15:[4.554,6.714,-5.408];f17:[4.774,0.017,-4.788]",Peak speed ~7.019 between frames 11-12.,Vertical span from 0.017 (f3) to 12.592 (f12).,short,medium,flat,Overall: moves at a moderate speed over a short distance with almost no vertical change. Phases: stays mostly still in a low region; moves downward in a low region; moves upward in a low region; moves downward in a high region.,Unknown,moves close to HeliPad_001; touches R22_Helicopter_V2; touches R22_Helicopter_V2/Audio Group.,"It shifts short across the scene with almost no vertical change. Its motion phases over time: STILL_LOW:0.06;DESCEND_LOW:0.06;STILL_LOW:0.38;ASCEND_LOW:0.06;ASCEND_MID:0.12;DESCEND_HIGH:0.06;DESCEND_MID:0.06;HORIZ_MID:0.06;DESCEND_MID:0.06;DESCEND_LOW:0.06. Key positions along its path: f1:[0.810,0.890,0.000];f2:[0.810,0.886,0.000];f3:[0.810,0.017,0.000];f5:[0.810,0.017,0.000];f6:[0.810,0.017,0.000];f8:[0.810,0.017,0.000];f9:[0.810,0.017,0.000];f11:[1.720,6.267,-1.011];f12:[3.335,12.592,-3.590];f14:[2.256,8.680,-3.817];f15:[4.554,6.714,-5.408];f17:[4.774,0.017,-4.788]. It moves close to HeliPad_001; touches R22_Helicopter_V2; touches R22_Helicopter_V2/Audio Group. Notable moments: Peak speed ~7.019 between frames 11-12. Vertical span from 0.017 (f3) to 12.592 (f12)."
R22_Helicopter_V2/Graphics_Group/R22_Cockpit_Gruop,Empty,1,17,"[0.803,1.634,0.336]","[5.068,0.761,-4.95]",28.358877762443694,6.84793034427191,2.8358877762443697,0.0,unknown,unknown,STILL_MID;DESCEND_MID;ASCEND_MID;DESCEND_HIGH;HORIZ_MID;HORIZ_LOW,STILL_MID:0.06;DESCEND_MID:0.06;STILL_LOW:0.38;ASCEND_MID:0.19;DESCEND_HIGH:0.06;DESCEND_MID:0.06;HORIZ_MID:0.06;DESCEND_MID:0.06;HORIZ_LOW:0.06,"f1:[0.803,1.634,0.336];f2:[0.803,1.631,0.336];f3:[0.803,0.761,0.336];f5:[0.803,0.761,0.336];f6:[0.803,0.761,0.336];f8:[0.803,0.761,0.336];f9:[0.803,0.761,0.336];f11:[2.115,6.973,-1.128];f12:[3.445,13.401,-3.579];f14:[2.767,9.243,-4.115];f15:[4.642,7.463,-5.095];f17:[5.068,0.761,-4.950]",Peak speed ~7.007 between frames 11-12.,Vertical span from 0.761 (f3) to 13.401 (f12).,short,slow,moderate,Overall: moves slowly over a short distance with moderate vertical variation. Phases: stays mostly still in a mid-height region; moves downward in a mid-height region; moves upward in a mid-height region; moves downward in a high region.,Unknown,moves close to R22_Helicopter_V2; moves close to R22_Helicopter_V2/Audio Group; moves close to R22_Helicopter_V2/COG.,"It shifts short across the scene with some vertical variation. Its motion phases over time: STILL_MID:0.06;DESCEND_MID:0.06;STILL_LOW:0.38;ASCEND_MID:0.19;DESCEND_HIGH:0.06;DESCEND_MID:0.06;HORIZ_MID:0.06;DESCEND_MID:0.06;HORIZ_LOW:0.06. Key positions along its path: f1:[0.803,1.634,0.336];f2:[0.803,1.631,0.336];f3:[0.803,0.761,0.336];f5:[0.803,0.761,0.336];f6:[0.803,0.761,0.336];f8:[0.803,0.761,0.336];f9:[0.803,0.761,0.336];f11:[2.115,6.973,-1.128];f12:[3.445,13.401,-3.579];f14:[2.767,9.243,-4.115];f15:[4.642,7.463,-5.095];f17:[5.068,0.761,-4.950]. It moves close to R22_Helicopter_V2; moves close to R22_Helicopter_V2/Audio Group; moves close to R22_Helicopter_V2/COG. Notable moments: Peak speed ~7.007 between frames 11-12. Vertical span from 0.761 (f3) to 13.401 (f12)."
R22_Helicopter_V2/COG,Empty,1,17,"[0.81,1.668,-0.185]","[4.614,0.795,-4.696]",27.760687096588047,5.965036965518319,2.776068709658804,0.0,unknown,unknown,STILL_MID;DESCEND_MID;STILL_LOW;ASCEND_MID;DESCEND_HIGH;HORIZ_LOW,STILL_MID:0.06;DESCEND_MID:0.06;STILL_LOW:0.38;ASCEND_MID:0.19;DESCEND_HIGH:0.06;DESCEND_MID:0.19;HORIZ_LOW:0.06,"f1:[0.810,1.668,-0.185];f2:[0.810,1.664,-0.185];f3:[0.810,0.795,-0.185];f5:[0.810,0.795,-0.185];f6:[0.810,0.795,-0.185];f8:[0.810,0.795,-0.185];f9:[0.810,0.795,-0.185];f11:[1.599,7.046,-1.146];f12:[2.967,13.278,-3.407];f14:[2.360,9.471,-3.879];f15:[4.207,7.239,-4.914];f17:[4.614,0.795,-4.696]",Peak speed ~6.769 between frames 11-12.,Vertical span from 0.795 (f3) to 13.278 (f12).,short,slow,flat,Overall: moves slowly over a short distance with almost no vertical change. Phases: stays mostly still in a mid-height region; moves downward in a mid-height region; stays mostly still in a low region; moves upward in a mid-height region.,Unknown,moves close to R22_Helicopter_V2; moves close to R22_Helicopter_V2/Audio Group; moves close to R22_Helicopter_V2/Camera LookAt Target.,"It shifts short across the scene with almost no vertical change. Its motion phases over time: STILL_MID:0.06;DESCEND_MID:0.06;STILL_LOW:0.38;ASCEND_MID:0.19;DESCEND_HIGH:0.06;DESCEND_MID:0.19;HORIZ_LOW:0.06. Key positions along its path: f1:[0.810,1.668,-0.185];f2:[0.810,1.664,-0.185];f3:[0.810,0.795,-0.185];f5:[0.810,0.795,-0.185];f6:[0.810,0.795,-0.185];f8:[0.810,0.795,-0.185];f9:[0.810,0.795,-0.185];f11:[1.599,7.046,-1.146];f12:[2.967,13.278,-3.407];f14:[2.360,9.471,-3.879];f15:[4.207,7.239,-4.914];f17:[4.614,0.795,-4.696]. It moves close to R22_Helicopter_V2; moves close to R22_Helicopter_V2/Audio Group; moves close to R22_Helicopter_V2/Camera LookAt Target. Notable moments: Peak speed ~6.769 between frames 11-12. Vertical span from 0.795 (f3) to 13.278 (f12)."
R22_Helicopter_V2/Camera LookAt Target,Empty,1,17,"[0.81,2.47,0.0]","[4.774,1.597,-4.788]",27.59357769754774,6.276971323815332,2.759357769754774,0.0,unknown,unknown,STILL_MID;DESCEND_MID;STILL_MID;ASCEND_HIGH;DESCEND_HIGH;HORIZ_MID,STILL_MID:0.06;DESCEND_MID:0.06;STILL_MID:0.38;ASCEND_MID:0.12;ASCEND_HIGH:0.06;DESCEND_HIGH:0.12;DESCEND_MID:0.12;HORIZ_MID:0.06,"f1:[0.810,2.470,0.000];f2:[0.810,2.466,0.000];f3:[0.810,1.597,0.000];f5:[0.810,1.597,0.000];f6:[0.810,1.597,0.000];f8:[0.810,1.597,0.000];f9:[0.810,1.597,0.000];f11:[1.848,7.819,-1.281];f12:[2.925,14.098,-3.343];f14:[2.767,10.144,-4.123];f15:[4.154,7.962,-4.526];f17:[4.774,1.597,-4.788]",Peak speed ~6.696 between frames 11-12.,Vertical span from 1.597 (f3) to 14.098 (f12).,short,slow,flat,Overall: moves slowly over a short distance with almost no vertical change. Phases: stays mostly still in a mid-height region; moves downward in a mid-height region; stays mostly still in a mid-height region; moves upward in a high region.,Camera,moves close to R22_Helicopter_V2/COG; moves close to R22_Helicopter_V2/Collider Group/Fuselage_COL; moves close to R22_Helicopter_V2/Collider Group/Mast_COL.,"As a Camera, this object shifts short across the scene with almost no vertical change. Its motion phases over time: STILL_MID:0.06;DESCEND_MID:0.06;STILL_MID:0.38;ASCEND_MID:0.12;ASCEND_HIGH:0.06;DESCEND_HIGH:0.12;DESCEND_MID:0.12;HORIZ_MID:0.06. Key positions along its path: f1:[0.810,2.470,0.000];f2:[0.810,2.466,0.000];f3:[0.810,1.597,0.000];f5:[0.810,1.597,0.000];f6:[0.810,1.597,0.000];f8:[0.810,1.597,0.000];f9:[0.810,1.597,0.000];f11:[1.848,7.819,-1.281];f12:[2.925,14.098,-3.343];f14:[2.767,10.144,-4.123];f15:[4.154,7.962,-4.526];f17:[4.774,1.597,-4.788]. It moves close to R22_Helicopter_V2/COG; moves close to R22_Helicopter_V2/Collider Group/Fuselage_COL; moves close to R22_Helicopter_V2/Collider Group/Mast_COL. Notable moments: Peak speed ~6.696 between frames 11-12. Vertical span from 1.597 (f3) to 14.098 (f12)."
R22_Helicopter_V2/Rotors_Group/Main Rotor - Mast,Empty,1,17,"[0.809,3.024,-0.297]","[4.517,2.151,-4.639]",27.379852232863676,5.776188795390954,2.7379852232863677,0.0,unknown,unknown,STILL_MID;DESCEND_MID;STILL_MID;ASCEND_HIGH;DESCEND_HIGH;HORIZ_MID,STILL_MID:0.06;DESCEND_MID:0.06;STILL_MID:0.38;ASCEND_MID:0.12;ASCEND_HIGH:0.06;DESCEND_HIGH:0.12;DESCEND_MID:0.12;HORIZ_MID:0.06,"f1:[0.809,3.024,-0.297];f2:[0.809,3.021,-0.297];f3:[0.809,2.151,-0.297];f5:[0.809,2.151,-0.297];f6:[0.809,2.151,-0.297];f8:[0.809,2.151,-0.297];f9:[0.809,2.151,-0.297];f11:[1.598,8.387,-1.379];f12:[2.516,14.538,-3.157];f14:[2.710,10.769,-4.089];f15:[3.774,8.256,-4.121];f17:[4.517,2.151,-4.639]",Peak speed ~6.468 between frames 11-12.,Vertical span from 2.132 (f16) to 14.538 (f12).,short,slow,flat,Overall: moves slowly over a short distance with almost no vertical change. Phases: stays mostly still in a mid-height region; moves downward in a mid-height region; stays mostly still in a mid-height region; moves upward in a high region.,Unknown,moves close to R22_Helicopter_V2/Camera LookAt Target; moves close to R22_Helicopter_V2/Collider Group/Mast_COL; touches R22_Helicopter_V2/Rotors_Group/Main Rotor - Mast/Main Rotor -  Blur Quad.,"It shifts short across the scene with almost no vertical change. Its motion phases over time: STILL_MID:0.06;DESCEND_MID:0.06;STILL_MID:0.38;ASCEND_MID:0.12;ASCEND_HIGH:0.06;DESCEND_HIGH:0.12;DESCEND_MID:0.12;HORIZ_MID:0.06. Key positions along its path: f1:[0.809,3.024,-0.297];f2:[0.809,3.021,-0.297];f3:[0.809,2.151,-0.297];f5:[0.809,2.151,-0.297];f6:[0.809,2.151,-0.297];f8:[0.809,2.151,-0.297];f9:[0.809,2.151,-0.297];f11:[1.598,8.387,-1.379];f12:[2.516,14.538,-3.157];f14:[2.710,10.769,-4.089];f15:[3.774,8.256,-4.121];f17:[4.517,2.151,-4.639]. It moves close to R22_Helicopter_V2/Camera LookAt Target; moves close to R22_Helicopter_V2/Collider Group/Mast_COL; touches R22_Helicopter_V2/Rotors_Group/Main Rotor - Mast/Main Rotor -  Blur Quad. Notable moments: Peak speed ~6.468 between frames 11-12. Vertical span from 2.132 (f16) to 14.538 (f12)."
R22_Helicopter_V2/Graphics_Group/R22_Mechanical_Group,Empty,1,17,"[0.81,2.075,-0.618]","[4.238,1.202,-4.48]",27.302256923044038,5.2372088940579795,2.7302256923044035,0.0,unknown,unknown,STILL_MID;DESCEND_MID;STILL_MID;ASCEND_MID;DESCEND_HIGH;HORIZ_MID,STILL_MID:0.06;DESCEND_MID:0.06;STILL_MID:0.38;ASCEND_MID:0.19;DESCEND_HIGH:0.12;DESCEND_MID:0.12;HORIZ_MID:0.06,"f1:[0.810,2.075,-0.618];f2:[0.810,2.072,-0.618];f3:[0.810,1.202,-0.618];f5:[0.810,1.202,-0.618];f6:[0.810,1.202,-0.618];f8:[0.810,1.202,-0.618];f9:[0.810,1.202,-0.618];f11:[1.200,7.481,-1.221];f12:[2.474,13.538,-3.200];f14:[2.148,10.011,-3.752];f15:[3.752,7.350,-4.548];f17:[4.238,1.202,-4.480]",Peak speed ~6.498 between frames 11-12.,Vertical span from 1.131 (f16) to 13.538 (f12).,short,slow,flat,Overall: moves slowly over a short distance with almost no vertical change. Phases: stays mostly still in a mid-height region; moves downward in a mid-height region; stays mostly still in a mid-height region; moves upward in a mid-height region.,Unknown,moves close to R22_Helicopter_V2/COG; moves close to R22_Helicopter_V2/Camera LookAt Target; moves close to R22_Helicopter_V2/Collider Group/Fuselage_COL.,"It shifts short across the scene with almost no vertical change. Its motion phases over time: STILL_MID:0.06;DESCEND_MID:0.06;STILL_MID:0.38;ASCEND_MID:0.19;DESCEND_HIGH:0.12;DESCEND_MID:0.12;HORIZ_MID:0.06. Key positions along its path: f1:[0.810,2.075,-0.618];f2:[0.810,2.072,-0.618];f3:[0.810,1.202,-0.618];f5:[0.810,1.202,-0.618];f6:[0.810,1.202,-0.618];f8:[0.810,1.202,-0.618];f9:[0.810,1.202,-0.618];f11:[1.200,7.481,-1.221];f12:[2.474,13.538,-3.200];f14:[2.148,10.011,-3.752];f15:[3.752,7.350,-4.548];f17:[4.238,1.202,-4.480]. It moves close to R22_Helicopter_V2/COG; moves close to R22_Helicopter_V2/Camera LookAt Target; moves close to R22_Helicopter_V2/Collider Group/Fuselage_COL. Notable moments: Peak speed ~6.498 between frames 11-12. Vertical span from 1.131 (f16) to 13.538 (f12)."
R22_Helicopter_V2/Graphics_Group/R22_Body_Gruop,Empty,1,17,"[0.803,1.976,-0.693]","[4.177,1.103,-4.437]",27.31295514696885,5.115030889447296,2.7312955146968854,0.0,unknown,unknown,STILL_MID;DESCEND_MID;STILL_MID;ASCEND_MID;DESCEND_HIGH;HORIZ_MID,STILL_MID:0.06;DESCEND_MID:0.06;STILL_MID:0.38;ASCEND_MID:0.19;DESCEND_HIGH:0.06;DESCEND_MID:0.19;HORIZ_MID:0.06,"f1:[0.803,1.976,-0.693];f2:[0.803,1.972,-0.693];f3:[0.803,1.103,-0.693];f5:[0.803,1.103,-0.693];f6:[0.803,1.103,-0.693];f8:[0.803,1.103,-0.693];f9:[0.803,1.103,-0.693];f11:[1.117,7.390,-1.198];f12:[2.435,13.420,-3.184];f14:[2.060,9.947,-3.692];f15:[3.720,7.232,-4.574];f17:[4.177,1.103,-4.437]",Peak speed ~6.484 between frames 11-12.,Vertical span from 1.012 (f16) to 13.420 (f12).,short,slow,flat,Overall: moves slowly over a short distance with almost no vertical change. Phases: stays mostly still in a mid-height region; moves downward in a mid-height region; stays mostly still in a mid-height region; moves upward in a mid-height region.,Unknown,moves close to R22_Helicopter_V2/COG; moves close to R22_Helicopter_V2/Camera LookAt Target; moves close to R22_Helicopter_V2/Collider Group/Fuselage_COL.,"It shifts short across the scene with almost no vertical change. Its motion phases over time: STILL_MID:0.06;DESCEND_MID:0.06;STILL_MID:0.38;ASCEND_MID:0.19;DESCEND_HIGH:0.06;DESCEND_MID:0.19;HORIZ_MID:0.06. Key positions along its path: f1:[0.803,1.976,-0.693];f2:[0.803,1.972,-0.693];f3:[0.803,1.103,-0.693];f5:[0.803,1.103,-0.693];f6:[0.803,1.103,-0.693];f8:[0.803,1.103,-0.693];f9:[0.803,1.103,-0.693];f11:[1.117,7.390,-1.198];f12:[2.435,13.420,-3.184];f14:[2.060,9.947,-3.692];f15:[3.720,7.232,-4.574];f17:[4.177,1.103,-4.437]. It moves close to R22_Helicopter_V2/COG; moves close to R22_Helicopter_V2/Camera LookAt Target; moves close to R22_Helicopter_V2/Collider Group/Fuselage_COL. Notable moments: Peak speed ~6.484 between frames 11-12. Vertical span from 1.012 (f16) to 13.420 (f12)."
R22_Helicopter_V2/Rotors_Group/Back Rotor - Mast,Empty,1,17,"[0.743,2.062,-2.237]","[2.869,1.189,-3.614]",27.580255486973797,2.6792039862615913,2.75802554869738,0.0,unknown,unknown,STILL_MID;DESCEND_MID;STILL_MID;ASCEND_MID;DESCEND_HIGH;ASCEND_MID,STILL_MID:0.06;DESCEND_MID:0.06;STILL_MID:0.38;HORIZ_MID:0.06;ASCEND_MID:0.12;DESCEND_HIGH:0.12;DESCEND_MID:0.12;ASCEND_MID:0.06,"f1:[0.743,2.062,-2.237];f2:[0.743,2.058,-2.237];f3:[0.743,1.189,-2.237];f5:[0.743,1.189,-2.237];f6:[0.743,1.189,-2.237];f8:[0.743,1.189,-2.237];f9:[0.743,1.189,-2.237];f11:[-0.414,7.610,-1.171];f12:[1.053,13.039,-2.603];f14:[0.892,10.609,-2.921];f15:[2.476,6.526,-3.984];f17:[2.869,1.189,-3.614]",Peak speed ~5.916 between frames 15-16.,Vertical span from 0.620 (f16) to 13.039 (f12).,short,slow,flat,Overall: moves slowly over a short distance with almost no vertical change. Phases: stays mostly still in a mid-height region; moves downward in a mid-height region; stays mostly still in a mid-height region; moves upward in a mid-height region.,Unknown,moves close to R22_Helicopter_V2/Collider Group/Tail_COL; touches R22_Helicopter_V2/Rotors_Group/Back Rotor - Mast/R22_Mechanical_LTailBlade_Geo; touches R22_Helicopter_V2/Rotors_Group/Back Rotor - Mast/R22_Mechanical_RTailBlade_Geo.,"It shifts short across the scene with almost no vertical change. Its motion phases over time: STILL_MID:0.06;DESCEND_MID:0.06;STILL_MID:0.38;HORIZ_MID:0.06;ASCEND_MID:0.12;DESCEND_HIGH:0.12;DESCEND_MID:0.12;ASCEND_MID:0.06. Key positions along its path: f1:[0.743,2.062,-2.237];f2:[0.743,2.058,-2.237];f3:[0.743,1.189,-2.237];f5:[0.743,1.189,-2.237];f6:[0.743,1.189,-2.237];f8:[0.743,1.189,-2.237];f9:[0.743,1.189,-2.237];f11:[-0.414,7.610,-1.171];f12:[1.053,13.039,-2.603];f14:[0.892,10.609,-2.921];f15:[2.476,6.526,-3.984];f17:[2.869,1.189,-3.614]. It moves close to R22_Helicopter_V2/Collider Group/Tail_COL; touches R22_Helicopter_V2/Rotors_Group/Back Rotor - Mast/R22_Mechanical_LTailBlade_Geo; touches R22_Helicopter_V2/Rotors_Group/Back Rotor - Mast/R22_Mechanical_RTailBlade_Geo. Notable moments: Peak speed ~5.916 between frames 15-16. Vertical span from 0.620 (f16) to 13.039 (f12)."
HeliPad_001,Mesh,1,17,"[1.55,0.0,-0.67]","[1.55,0.0,-0.67]",0.0,0.0,0.0,1.0,stable,huge,STILL_LOW,STILL_LOW:1.00,"f1:[1.550,0.000,-0.670];f2:[1.550,0.000,-0.670];f3:[1.550,0.000,-0.670];f5:[1.550,0.000,-0.670];f6:[1.550,0.000,-0.670];f8:[1.550,0.000,-0.670];f9:[1.550,0.000,-0.670];f11:[1.550,0.000,-0.670];f12:[1.550,0.000,-0.670];f14:[1.550,0.000,-0.670];f15:[1.550,0.000,-0.670];f17:[1.550,0.000,-0.670]",,,none,none,none,Overall: stays mostly still. Phases: stays mostly still in a low region.,StaticObject,moves close to R22_Helicopter_V2; moves close to R22_Helicopter_V2/Audio Group; moves close to R22_Helicopter_V2/Collider Group.,"As a StaticObject, this object remains mostly in place. Its motion phases over time: STILL_LOW:1.00. Key positions along its path: f1:[1.550,0.000,-0.670];f2:[1.550,0.000,-0.670];f3:[1.550,0.000,-0.670];f5:[1.550,0.000,-0.670];f6:[1.550,0.000,-0.670];f8:[1.550,0.000,-0.670];f9:[1.550,0.000,-0.670];f11:[1.550,0.000,-0.670];f12:[1.550,0.000,-0.670];f14:[1.550,0.000,-0.670];f15:[1.550,0.000,-0.670];f17:[1.550,0.000,-0.670]. It moves close to R22_Helicopter_V2; moves close to R22_Helicopter_V2/Audio Group; moves close to R22_Helicopter_V2/Collider Group."
